ACCNUM,YEAR,DATE,TIME,HOUR,STREET1,STREET2,OFFSET,ROAD_CLASS,DISTRICT,WARDNUM,DIVISION,LOCCOORD,ACCLOC,TRAFFCTL,VISIBILITY,LIGHT,RDSFCOND,ACCLASS,IMPACTYPE,POLICE_DIVISION,HOOD_ID,NEIGHBOURHOOD,collision_lat,collision_long,red_light_lat,red_light_long,right_light_camera,LINEAR_NAME_FULL_1,LINEAR_NAME_FULL_2,ACTIVATION_DATE
3001182464,2013,00:00.0,1837,18,90 PARK LAWN RD,NULL,NULL,1,Etobicoke York,3,22,Mid-Block,Non Intersection,No Control,Clear,"Dark, artificial",Dry,Non-Fatal Injury,Pedestrian Collisions,D22,17,Mimico (17),-79.4836,43.6239,NULL,NULL,N,NULL,NULL,NULL
3001188681,2013,00:00.0,1919,19,STEELES AVE E,LESLIE ST,192 m East of,1,North York,17,33,Mid-Block,Non Intersection,No Control,Rain,"Dark, artificial",Slush,Non-Fatal Injury,Pedestrian Collisions,D33,48,Hillcrest Village (48),-79.37,43.8089,NULL,NULL,N,NULL,NULL,NULL
1380043,2013,00:00.0,2136,21,COLLEGE ST,DUFFERIN ST,NULL,1,Toronto and East York,9,NULL,Intersection,NULL,Traffic Signal,Clear,Dark,Dry,Non-Fatal Injury,Pedestrian Collisions,D14,83,Dufferin Grove (83),-79.4325,43.6525,NULL,NULL,N,NULL,NULL,NULL
1387956,2013,00:00.0,1800,18,LAWRENCE Ave E,GREENHOLM CRCL,NULL,1,Scarborough,24,43,Intersection,NULL,Traffic Signal,Clear,Daylight,Dry,Non-Fatal Injury,Pedestrian Collisions,D43,137,Woburn (137),-79.2229,43.7603,-79.2229,43.7603,Y,Lawrence Ave E,Greencrest Crct,2021-07-29
1380946,2013,00:00.0,710,7,SPADINA Ave,DUNDAS St W,NULL,1,Toronto and East York,10,NULL,Mid-Block,NULL,No Control,Clear,Daylight,Wet,Fatal,Cyclist Collisions,D52,78,Kensington-Chinatown (78),-79.3978,43.6525,NULL,NULL,N,NULL,NULL,NULL
1381541,2013,00:00.0,45,0,KENNEDY RD,EGLINTON AVE E,NULL,1,Scarborough,20,41,Mid-Block,NULL,No Control,Clear,Dark,Dry,Fatal,Pedestrian Collisions,D41,124,Kennedy Park (124),-79.2677,43.7317,NULL,NULL,N,NULL,NULL,NULL
1386897,2013,00:00.0,1937,19,DUPONT St,DOVERCOURT Rd,NULL,1,Toronto and East York,9,14,Intersection,NULL,Traffic Signal,Rain,"Dark, artificial",Wet,Non-Fatal Injury,Cyclist Collisions,D14,93,Dovercourt-Wallace Emerson-Junction (93),-79.4327,43.6696,NULL,NULL,N,NULL,NULL,NULL
1377544,2013,00:00.0,925,9,38 GERVAIS DR,NULL,NULL,2,North York,16,33,Mid-Block,NULL,No Control,Clear,Daylight,Dry,Non-Fatal Injury,SMV Other,D33,42,Banbury-Don Mills (42),-79.3369,43.724,NULL,NULL,N,NULL,NULL,NULL
3000108221,2013,00:00.0,20,0,BLACK CREEK DR,TRETHEWEY DR,NULL,1,Etobicoke York,5,12,Intersection,At Intersection,Traffic Signal,Clear,"Dark, artificial",Dry,Non-Fatal Injury,Pedestrian Collisions,D12,112,Beechborough-Greenbrook (112),-79.486,43.6945,NULL,NULL,N,NULL,NULL,NULL
3001098840,2013,00:00.0,1905,19,LAKE SHORE BLVD W,BATHURST ST,NULL,1,Toronto and East York,10,14,Intersection,Intersection Related,Traffic Signal,Clear,"Dark, artificial",Dry,Non-Fatal Injury,Turning Movement,D14,77,Waterfront Communities-The Island (77),-79.3996,43.6364,NULL,NULL,N,NULL,NULL,NULL
1379013,2013,00:00.0,1945,19,FINCH AVE W,WILMINGTON AVE,NULL,1,North York,6,32,Mid-Block,NULL,No Control,Clear,"Dark, artificial",Dry,Fatal,Pedestrian Collisions,D32,35,Westminster-Branson (35),-79.455,43.7714,NULL,NULL,N,NULL,NULL,NULL
1380363,2013,00:00.0,1055,10,MOUNT PLEASANT Rd,BALLIOL St,NULL,4,North York,15,53,Intersection,NULL,No Control,Clear,Daylight,Dry,Non-Fatal Injury,SMV Other,D53,99,Mount Pleasant East (99),-79.3863,43.6993,NULL,NULL,N,NULL,NULL,NULL
4002750756,2014,00:00.0,122,1,BLOOR ST E,PARLIAMENT ST,NULL,1,Toronto and East York,13,NULL,Intersection,At Intersection,Traffic Signal,Clear,Dark,Dry,Non-Fatal Injury,Cyclist Collisions,D51,71,Cabbagetown-South St.James Town (71),-79.3706,43.6719,NULL,NULL,N,NULL,NULL,NULL
900285,2006,00:00.0,1620,16,KENNEDY RD,PROGRESS AVE,NULL,1,Scarborough,21,41,Mid-Block,NULL,No Control,Clear,Daylight,Dry,Non-Fatal Injury,Sideswipe,D41,126,Dorset Park (126),-79.2824,43.7698,NULL,NULL,N,NULL,NULL,NULL
3001015663,2013,00:00.0,31,0,HOSKIN AVE,ST GEORGE ST,NULL,3,Toronto and East York,11,52,Intersection,Intersection Related,Traffic Signal,Rain,"Dark, artificial",Wet,Non-Fatal Injury,Cyclist Collisions,D52,79,University (79),-79.3984,43.664,NULL,NULL,N,NULL,NULL,NULL
4002174888,2014,00:00.0,814,8,FRED GARDINER EXPR,KIPLING AVENUE,500 m East of,NULL,Etobicoke York,3,22,Mid-Block,Non Intersection,No Control,Clear,Daylight,Dry,Non-Fatal Injury,Rear End,D22,17,Mimico (17),-79.5201,43.6188,NULL,NULL,N,NULL,NULL,NULL
4002804562,2014,00:00.0,459,4,ST CLAIR AVE W,SYMES RD,39 m East of,1,Etobicoke York,5,NULL,Mid-Block,Non Intersection,No Control,Clear,"Dark, artificial",Dry,Fatal,Pedestrian Collisions,D11,90,Junction Area (90),-79.4765,43.6705,NULL,NULL,N,NULL,NULL,NULL
4002856687,2014,00:00.0,1610,16,PELHAM AVE,UXBRIDGE AVE,NULL,4,Toronto and East York,9,11,Mid-Block,Non Intersection,No Control,Clear,Daylight,Dry,Non-Fatal Injury,Cyclist Collisions,D11,91,Weston-Pellam Park (91),-79.4567,43.6679,NULL,NULL,N,NULL,NULL,NULL
4002187226,2014,00:00.0,2205,22,LAKE SHORE BLVD W,KIPLING AVE,1 m North of,1,Etobicoke York,3,22,Intersection,At Intersection,Traffic Signal,Clear,"Dark, artificial",Dry,Non-Fatal Injury,Rear End,D22,18,New Toronto (18),-79.5169,43.5981,NULL,NULL,N,NULL,NULL,NULL
917567,2006,00:00.0,825,8,MEADOWVALE RD,ROTARY DR,NULL,3,Scarborough,25,42,Mid-Block,NULL,No Control,Clear,Daylight,Dry,Non-Fatal Injury,Pedestrian Collisions,D42,131,Rouge (131),-79.1703,43.8074,NULL,NULL,N,NULL,NULL,NULL
898778,2006,00:00.0,1139,11,WESTON RD,ROGERS RD,NULL,1,Etobicoke York,5,12,Mid-Block,NULL,No Control,Rain,Daylight,Wet,Non-Fatal Injury,Turning Movement,D12,111,Rockcliffe-Smythe (111),-79.4779,43.6825,NULL,NULL,N,NULL,NULL,NULL
896072,2006,00:00.0,1325,13,WALMER RD,HEATH ST W,NULL,2,Toronto and East York,12,13,Intersection,At Intersection,Stop Sign,Clear,Daylight,Dry,Non-Fatal Injury,Pedestrian Collisions,D13,101,Forest Hill South (101),-79.4131,43.6865,NULL,NULL,N,NULL,NULL,NULL
1387944,2013,00:00.0,1018,10,DAVENPORT RD,MOUNT ROYAL AVE,NULL,3,Toronto and East York,9,13,Intersection,At Intersection,No Control,Clear,Daylight,Dry,Non-Fatal Injury,Cyclist Collisions,D13,94,Wychwood (94),-79.4325,43.6744,NULL,NULL,N,NULL,NULL,NULL
906207,2006,00:00.0,734,7,KINGSTON RD,DUNDAS ST E,NULL,1,Toronto and East York,19,55,Intersection,NULL,Traffic Signal,Clear,Daylight,Dry,Fatal,Pedestrian Collisions,D55,63,The Beaches (63),-79.3111,43.6699,NULL,NULL,N,NULL,NULL,NULL
911757,2006,00:00.0,700,7,YONGE ST,DELISLE AVE,NULL,1,Toronto and East York,12,53,Intersection,At Intersection,Stop Sign,Rain,Daylight,Wet,Non-Fatal Injury,Turning Movement,D53,98,Rosedale-Moore Park (98),-79.3945,43.6891,NULL,NULL,N,NULL,NULL,NULL
905024,2006,00:00.0,1700,17,WILSON AVE,ELROSE AVE,NULL,1,Etobicoke York,7,31,Mid-Block,NULL,No Control,Rain,Daylight,Wet,Non-Fatal Injury,Pedestrian Collisions,D31,26,Downsview-Roding-CFB (26),-79.5239,43.7174,NULL,NULL,N,NULL,NULL,NULL
900242,2006,00:00.0,1744,17,ADELAIDE ST E,FREDERICK ST,NULL,1,Toronto and East York,13,51,Intersection,At Intersection,Traffic Signal,Clear,Daylight,Dry,Non-Fatal Injury,Rear End,D51,73,Moss Park (73),-79.3698,43.6518,NULL,NULL,N,NULL,NULL,NULL
900284,2006,00:00.0,1530,15,EGLINTON AVE W,MARTIN GROVE RD,NULL,1,Etobicoke York,NULL,NULL,Intersection,At Intersection,Traffic Signal,Clear,Daylight,Dry,Non-Fatal Injury,Rear End,D22,10,Princess-Rosethorn (10),-79.5631,43.6744,-79.5631,43.6744,Y,Eglinton Ave W,Martin Grove Rd,2017-07-10
911336,2006,00:00.0,1000,10,BIRCHMOUNT RD,MODERN RD,NULL,1,Scarborough,21,41,Intersection,NULL,Stop Sign,Clear,Daylight,Dry,Non-Fatal Injury,Cyclist Collisions,D41,126,Dorset Park (126),-79.2834,43.744,NULL,NULL,N,NULL,NULL,NULL
893184,2006,00:00.0,236,2,WOODBINE AVE,O CONNOR DR,NULL,1,Toronto and East York,19,54,Intersection,Intersection Related,No Control,Clear,Dark,Wet,Non-Fatal Injury,Approaching,D54,60,Woodbine-Lumsden (60),-79.3187,43.6995,NULL,NULL,N,NULL,NULL,NULL
1092885,2009,00:00.0,2141,21,MAIN Stre,DANFORTH Aven,NULL,1,Toronto and East York,19,NULL,NULL,NULL,NULL,Other,Dark,Other,Non-Fatal Injury,Other,D55,62,East End-Danforth (62),-79.3017,43.6881,NULL,NULL,N,NULL,NULL,NULL
884756,2006,00:00.0,754,7,DEAN PARK RD,BRAYMORE BLVD,NULL,2,Scarborough,25,42,Intersection,At Intersection,Stop Sign,Clear,Daylight,Wet,Fatal,Pedestrian Collisions,D42,131,Rouge (131),-79.1706,43.8034,NULL,NULL,N,NULL,NULL,NULL
4002857204,2014,00:00.0,1744,17,BURNHAMTHORPE RD,SHAVER AVE N,NULL,1,Etobicoke York,2,22,Intersection,Intersection Related,Stop Sign,Clear,Daylight,Dry,Non-Fatal Injury,Turning Movement,D22,14,Islington-City Centre West (14),-79.5516,43.6481,NULL,NULL,N,NULL,NULL,NULL
893071,2006,00:00.0,1508,15,EGLINTON AVE E,SUTHERLAND DR,NULL,1,North York,15,53,Intersection,At Intersection,Traffic Signal,Clear,Daylight,Dry,Non-Fatal Injury,Pedestrian Collisions,D53,56,Leaside-Bennington (56),-79.3671,43.713,NULL,NULL,N,NULL,NULL,NULL
912231,2006,00:00.0,1915,19,30 CARLTON ST,NULL,NULL,1,Toronto and East York,13,51,Mid-Block,NULL,No Control,Clear,Daylight,Dry,Non-Fatal Injury,Cyclist Collisions,D51,75,Church-Yonge Corridor (75),-79.3817,43.6613,NULL,NULL,N,NULL,NULL,NULL
917581,2006,00:00.0,2250,22,YONGE ST,ROSEHILL AVE,NULL,1,Toronto and East York,12,53,Intersection,At Intersection,Traffic Signal,Clear,Dark,Dry,Non-Fatal Injury,Pedestrian Collisions,D53,98,Rosedale-Moore Park (98),-79.3932,43.6862,NULL,NULL,N,NULL,NULL,NULL
917731,2006,00:00.0,1600,16,BRIMLEY RD,DORCOT AVE,NULL,1,Scarborough,21,NULL,Intersection,At Intersection,Traffic Signal,Other,Daylight,Other,Non-Fatal Injury,Pedestrian Collisions,D43,127,Bendale (127),-79.257,43.7589,NULL,NULL,N,NULL,NULL,NULL
918129,2006,00:00.0,1958,19,BATHURST ST,RICHMOND ST W,NULL,1,Toronto and East York,10,14,Intersection,At Intersection,Traffic Signal,Clear,Daylight,Dry,Non-Fatal Injury,Angle,D14,77,Waterfront Communities-The Island (77),-79.4037,43.6464,NULL,NULL,N,NULL,NULL,NULL
917601,2006,00:00.0,1006,10,YONGE ST,ATHABASKA AVE,NULL,1,North York,18,32,Intersection,At Intersection,Traffic Signal,Clear,Daylight,Dry,Non-Fatal Injury,Pedestrian Collisions,D32,50,Newtonbrook East (50),-79.4193,43.7954,NULL,NULL,N,NULL,NULL,NULL
947697,2006,00:00.0,209,2,DUFFERIN ST,GERRY FITZGERALD DR W,NULL,1,North York,6,32,Intersection,At Intersection,No Control,Clear,Dark,Dry,Non-Fatal Injury,SMV Other,D32,34,Bathurst Manor (34),-79.47,43.7838,NULL,NULL,N,NULL,NULL,NULL
888108,2006,00:00.0,845,8,840 KENNEDY RD,NULL,NULL,1,Scarborough,21,41,Mid-Block,NULL,No Control,Clear,Daylight,Dry,Non-Fatal Injury,Approaching,D41,125,Ionview (125),-79.2694,43.7359,NULL,NULL,N,NULL,NULL,NULL
882497,2006,00:00.0,1828,18,ISLINGTON AVE,GOLFDOWN DR,NULL,1,Etobicoke York,1,23,Intersection,At Intersection,Pedestrian Crossover,Clear,Dark,Dry,Fatal,Pedestrian Collisions,D23,5,Elms-Old Rexdale (5),-79.558,43.7214,NULL,NULL,N,NULL,NULL,NULL
890220,2006,00:00.0,430,4,ADELAIDE ST E,EASTERN DIVERSION AVE,NULL,1,Toronto and East York,13,51,Mid-Block,NULL,No Control,Clear,Dark,Loose Snow,Non-Fatal Injury,SMV Other,D51,73,Moss Park (73),-79.3551,43.6553,NULL,NULL,N,NULL,NULL,NULL
890506,2006,00:00.0,501,5,MARTIN GROVE RD,RACINE RD,NULL,1,Etobicoke York,1,23,Mid-Block,NULL,No Control,Clear,Dark,Dry,Fatal,Pedestrian Collisions,D23,1,West Humber-Clairville (1),-79.5825,43.7171,NULL,NULL,N,NULL,NULL,NULL
894953,2006,00:00.0,1710,17,DUNDAS ST E,PEMBROKE ST,NULL,1,Toronto and East York,13,51,Intersection,NULL,Pedestrian Crossover,Clear,Daylight,Dry,Non-Fatal Injury,Pedestrian Collisions,D51,73,Moss Park (73),-79.3723,43.6581,NULL,NULL,N,NULL,NULL,NULL
908674,2006,00:00.0,941,9,EGLINTON AVE E,REDPATH AVE,NULL,1,Toronto and East York,12,53,Intersection,At Intersection,Traffic Signal,Clear,Daylight,Dry,Non-Fatal Injury,Pedestrian Collisions,D53,104,Mount Pleasant West (104),-79.3927,43.7078,NULL,NULL,N,NULL,NULL,NULL
894195,2006,00:00.0,1110,11,COSBURN AVE,LOGAN AVE,NULL,3,Toronto and East York,14,54,Mid-Block,NULL,No Control,Clear,Daylight,Dry,Non-Fatal Injury,Cyclist Collisions,D54,57,Broadview North (57),-79.3527,43.6886,NULL,NULL,N,NULL,NULL,NULL
926819,2006,00:00.0,1709,17,GATEWAY BLVD,DON MILLS RD,NULL,2,North York,16,54,Mid-Block,NULL,No Control,Clear,Daylight,Dry,Non-Fatal Injury,Rear End,D54,44,Flemingdon Park (44),-79.3352,43.7146,NULL,NULL,N,NULL,NULL,NULL
915000,2006,00:00.0,133,1,BATHURST ST,RICHMOND ST W,NULL,1,Toronto and East York,10,14,Intersection,At Intersection,Traffic Signal,Clear,Dark,Dry,Non-Fatal Injury,Turning Movement,D14,77,Waterfront Communities-The Island (77),-79.4037,43.6464,NULL,NULL,N,NULL,NULL,NULL
911449,2006,00:00.0,2048,20,EGLINTON Aven W,OLD FOREST HILL Road,NULL,1,North York,NULL,NULL,Mid-Block,NULL,Traffic Signal,Clear,Dark,Dry,Non-Fatal Injury,Approaching,D13,101,Forest Hill South (101),-79.4237,43.7013,NULL,NULL,N,NULL,NULL,NULL
889323,2006,00:00.0,2130,21,ST CLAIR AVE W,SPADINA RD,NULL,1,Toronto and East York,12,NULL,Intersection,At Intersection,Traffic Signal,Rain,Dark,Wet,Non-Fatal Injury,Pedestrian Collisions,D13,96,Casa Loma (96),-79.4111,43.6846,-79.4111,43.6846,Y,St Clair Ave W,Spadina Rd,2017-07-14
897916,2006,00:00.0,1930,19,WARDEN AVE,COMSTOCK RD,NULL,1,Scarborough,20,41,Intersection,At Intersection,Traffic Signal,Clear,Daylight,Dry,Fatal,Angle,D41,120,Clairlea-Birchmount (120),-79.2849,43.7215,-79.2849,43.7215,Y,Warden Ave,Comstock Rd,2017-03-10
909380,2006,00:00.0,831,8,2275 MARKHAM RD,FINCH Aven E,NULL,1,Scarborough,23,42,Mid-Block,NULL,No Control,Clear,Daylight,Dry,Non-Fatal Injury,Approaching,D42,132,Malvern (132),-79.2428,43.8112,NULL,NULL,N,NULL,NULL,NULL
921910,2006,00:00.0,1255,12,RENFORTH DR,ERINGATE DR,NULL,3,Etobicoke York,2,22,Intersection,At Intersection,Traffic Signal,Rain,Daylight,Wet,Non-Fatal Injury,Rear End,D22,11,Eringate-Centennial-West Deane (11),-79.5832,43.6599,NULL,NULL,N,NULL,NULL,NULL
921668,2006,00:00.0,1550,15,QUEEN E ST E,SHERBOURNE ST,NULL,1,Toronto and East York,13,51,Intersection,At Intersection,Traffic Signal,Clear,Daylight,Dry,Non-Fatal Injury,Cyclist Collisions,D51,73,Moss Park (73),-79.3694,43.6545,NULL,NULL,N,NULL,NULL,NULL
933951,2006,00:00.0,225,2,SHERBOURNE ST,QUEEN ST E,NULL,1,Toronto and East York,13,51,Intersection,At Intersection,Traffic Signal,Clear,Dark,Dry,Non-Fatal Injury,Pedestrian Collisions,D51,73,Moss Park (73),-79.3694,43.6545,NULL,NULL,N,NULL,NULL,NULL
923585,2006,00:00.0,1104,11,55 SUNNYPOINT CRES,NULL,NULL,4,Scarborough,20,43,Mid-Block,NULL,No Control,Clear,Daylight,Dry,Non-Fatal Injury,SMV Other,D43,123,Cliffcrest (123),-79.2315,43.7145,NULL,NULL,N,NULL,NULL,NULL
918693,2006,00:00.0,640,6,RICHMOND ST E,PARLIAMENT ST,NULL,1,Toronto and East York,13,51,Intersection,At Intersection,Traffic Signal,Clear,Daylight,Dry,Non-Fatal Injury,Angle,D51,73,Moss Park (73),-79.3639,43.6545,NULL,NULL,N,NULL,NULL,NULL
920424,2006,00:00.0,1831,18,SHEPPARD AVE E,DORIS AVE,NULL,1,North York,18,32,Intersection,NULL,Traffic Signal,Clear,Daylight,Dry,Non-Fatal Injury,Pedestrian Collisions,D32,51,Willowdale East (51),-79.4082,43.762,NULL,NULL,N,NULL,NULL,NULL
920995,2006,00:00.0,330,3,333 KING ST W,NULL,NULL,1,Toronto and East York,10,52,Mid-Block,NULL,No Control,Clear,Dark,Dry,Non-Fatal Injury,SMV Unattended Vehicle,D52,77,Waterfront Communities-The Island (77),-79.3914,43.6462,NULL,NULL,N,NULL,NULL,NULL
937278,2006,00:00.0,225,2,GARDINER W S KINGSWAY RAMP,F G GARDINER XY Ramp W,NULL,NULL,Toronto and East York,4,11,Mid-Block,NULL,No Control,Clear,Dark,Dry,Non-Fatal Injury,SMV Other,D11,87,High Park-Swansea (87),-79.4719,43.6347,NULL,NULL,N,NULL,NULL,NULL
937379,2006,00:00.0,1315,13,TWYN RIVERS Driv,SHEPPARD Aven E,NULL,2,Scarborough,25,42,Mid-Block,NULL,No Control,Clear,Daylight,Dry,Non-Fatal Injury,SMV Other,D42,131,Rouge (131),-79.1564,43.8116,NULL,NULL,N,NULL,NULL,NULL
892999,2006,00:00.0,2350,23,KING EDWARD AVE,BURRELL AVE,NULL,4,Toronto and East York,19,54,Mid-Block,NULL,No Control,Rain,Dark,Wet,Non-Fatal Injury,Pedestrian Collisions,D54,60,Woodbine-Lumsden (60),-79.3113,43.6904,NULL,NULL,N,NULL,NULL,NULL
903432,2006,00:00.0,1610,16,96 NYMARK AVE,NULL,NULL,2,North York,17,33,Mid-Block,NULL,No Control,Clear,Daylight,Dry,Non-Fatal Injury,SMV Other,D33,47,Don Valley Village (47),-79.3584,43.7817,NULL,NULL,N,NULL,NULL,NULL
920271,2006,00:00.0,954,9,F G GARDINER XY W  W,GARDINER LAKESHORE W RAMP,NULL,NULL,Toronto and East York,NULL,14,Exit Ramp Westbound,NULL,No Control,Clear,Daylight,Dry,Non-Fatal Injury,SMV Other,D14,82,Niagara (82),-79.4277,43.6332,NULL,NULL,N,NULL,NULL,NULL
926125,2006,00:00.0,2114,21,LAWRENCE AVE W,BENTON RD,NULL,1,Etobicoke York,5,12,Intersection,At Intersection,Traffic Signal,Clear,Dark,Dry,Non-Fatal Injury,Sideswipe,D12,30,Brookhaven-Amesbury (30),-79.4718,43.7102,NULL,NULL,N,NULL,NULL,NULL
935843,2006,00:00.0,318,3,101 YORK MILLS RD,NULL,NULL,1,North York,15,32,Mid-Block,NULL,No Control,Clear,Dark,Dry,Non-Fatal Injury,SMV Unattended Vehicle,D32,41,Bridle Path-Sunnybrook-York Mills (41),-79.3982,43.745,NULL,NULL,N,NULL,NULL,NULL
948311,2007,00:00.0,1207,12,BATHURST St,WARWICK Ave,NULL,1,Toronto and East York,12,13,Intersection,NULL,Traffic Signal,Clear,Daylight,Dry,Non-Fatal Injury,Approaching,D13,101,Forest Hill South (101),-79.4231,43.6952,NULL,NULL,N,NULL,NULL,NULL
898340,2006,00:00.0,843,8,AVENUE RD,CORTLEIGH BLVD,NULL,1,North York,8,53,Intersection,At Intersection,No Control,Clear,Daylight,Dry,Fatal,Cyclist Collisions,D53,103,Lawrence Park South (103),-79.4117,43.713,NULL,NULL,N,NULL,NULL,NULL
902863,2006,00:00.0,800,8,BLOOR ST W,SYMINGTON AVE,NULL,1,Toronto and East York,9,11,Intersection,At Intersection,Traffic Signal,Rain,Daylight,Wet,Non-Fatal Injury,Cyclist Collisions,D11,83,Dufferin Grove (83),-79.4477,43.6572,NULL,NULL,N,NULL,NULL,NULL
900756,2006,00:00.0,1032,10,DUNDAS ST W,SHAW ST,NULL,1,Toronto and East York,NULL,14,Intersection,At Intersection,Traffic Signal,Clear,Daylight,Dry,Fatal,Pedestrian Collisions,D14,81,Trinity-Bellwoods (81),-79.4182,43.6498,NULL,NULL,N,NULL,NULL,NULL
904367,2006,00:00.0,36,0,KEELE ST,YORK BLVD,NULL,1,Etobicoke York,NULL,31,Intersection,At Intersection,Traffic Signal,Clear,Dark,Dry,Non-Fatal Injury,Rear End,D31,27,York University Heights (27),-79.4939,43.7752,NULL,NULL,N,NULL,NULL,NULL
922947,2006,00:00.0,19,0,DANFORTH AVE,GILLARD AVE,NULL,1,Toronto and East York,14,NULL,Intersection,At Intersection,No Control,Rain,Dark,Wet,Non-Fatal Injury,Pedestrian Collisions,D55,66,Danforth (66),-79.3282,43.6823,NULL,NULL,N,NULL,NULL,NULL
942296,2006,00:00.0,2300,23,QUEEN ST E,DALHOUSIE ST,NULL,1,Toronto and East York,13,51,Intersection,NULL,No Control,Clear,Daylight,Dry,Non-Fatal Injury,Cyclist Collisions,D51,75,Church-Yonge Corridor (75),-79.3751,43.6533,NULL,NULL,N,NULL,NULL,NULL
4002642659,2014,00:00.0,1932,19,SEWELLS RD,BRENYON WAY,NULL,3,Scarborough,25,42,Intersection,Intersection Related,Traffic Signal,Clear,Daylight,Dry,Non-Fatal Injury,Pedestrian Collisions,D42,132,Malvern (132),-79.2156,43.8077,NULL,NULL,N,NULL,NULL,NULL
4002656548,2014,00:00.0,2022,20,LAKE SHORE BLVD E,LOWER SHERBOURNE ST,NULL,1,Toronto and East York,10,51,Intersection,At Intersection,Traffic Signal,Clear,Dark,Dry,Non-Fatal Injury,Sideswipe,D51,77,Waterfront Communities-The Island (77),-79.3661,43.6464,NULL,NULL,N,NULL,NULL,NULL
939300,2006,00:00.0,1111,11,EGLINTON AVE W,ELMSTHORPE AVE,NULL,1,North York,NULL,53,Mid-Block,NULL,No Control,"Fog, Mist, Smoke, Dust",Daylight,Wet,Non-Fatal Injury,Pedestrian Collisions,D53,103,Lawrence Park South (103),-79.4106,43.7041,NULL,NULL,N,NULL,NULL,NULL
947135,2006,00:00.0,1300,13,THE EAST MALL,FORMULA CRT,NULL,3,Etobicoke York,2,22,Intersection,NULL,No Control,Clear,Daylight,Dry,Non-Fatal Injury,Pedestrian Collisions,D22,14,Islington-City Centre West (14),-79.557,43.6401,NULL,NULL,N,NULL,NULL,NULL
939675,2006,00:00.0,2116,21,ST CLAIR AVE W,ALBERTA AVE,NULL,1,Toronto and East York,9,13,Intersection,At Intersection,No Control,Clear,Dark,Dry,Non-Fatal Injury,Pedestrian Collisions,D13,94,Wychwood (94),-79.4335,43.68,NULL,NULL,N,NULL,NULL,NULL
4001752528,2014,00:00.0,1059,10,BATHURST  ST,HOTSPUR RD,NULL,1,North York,8,32,Intersection,At Intersection,No Control,Clear,Daylight,Dry,Non-Fatal Injury,Turning Movement,D32,39,Bedford Park-Nortown (39),-79.433,43.7331,NULL,NULL,N,NULL,NULL,NULL
4002612585,2014,00:00.0,253,2,F G GARDINER XY  E,ISLINGTON AVE,280 m East of,NULL,Etobicoke York,3,22,Mid-Block,Non Intersection,No Control,Clear,"Dark, artificial",Dry,Non-Fatal Injury,SMV Other,D22,17,Mimico (17),-79.5098,43.6209,NULL,NULL,N,NULL,NULL,NULL
4001840034,2014,00:00.0,1730,17,DUNDAS ST W,MABELLE AVE,NULL,1,Etobicoke York,3,22,Intersection,At Intersection,Traffic Signal,Clear,Daylight,Dry,Non-Fatal Injury,Pedestrian Collisions,D22,14,Islington-City Centre West (14),-79.5305,43.6467,NULL,NULL,N,NULL,NULL,NULL
4002043758,2014,00:00.0,954,9,EGLINTON AVE E,BRIMLEY RD,NULL,1,Scarborough,NULL,NULL,Intersection,Intersection Related,Traffic Signal,Clear,Daylight,Dry,Non-Fatal Injury,Angle,D41,138,Eglinton East (138),-79.248,43.7366,NULL,NULL,N,NULL,NULL,NULL
4002067851,2014,00:00.0,2330,23,KEELER BLVD,TWEEDROCK CRES,NULL,2,Scarborough,24,43,Intersection,At Intersection,No Control,Rain,Dark,Wet,Non-Fatal Injury,Pedestrian Collisions,D43,135,Morningside (135),-79.2069,43.7927,NULL,NULL,N,NULL,NULL,NULL
933173,2006,00:00.0,35,0,HIGHWAY 27  N,HUMBER COLLEGE BLVD,NULL,1,Etobicoke York,1,23,Intersection,At Intersection,Traffic Signal,Rain,Dark,Wet,Fatal,Pedestrian Collisions,D23,1,West Humber-Clairville (1),-79.6013,43.7304,NULL,NULL,N,NULL,NULL,NULL
942334,2006,00:00.0,1902,19,F G GARDINER XY  W,GARDINER X W 427 X N RAMP,NULL,NULL,Etobicoke York,3,22,Mid-Block,NULL,No Control,Clear,Dark,Dry,Non-Fatal Injury,Sideswipe,D22,20,Alderwood (20),-79.5336,43.6164,NULL,NULL,N,NULL,NULL,NULL
4003167923,2014,00:00.0,1727,17,220 WOOLNER AVE,NULL,65 m East of,2,Etobicoke York,5,12,Mid-Block,At/Near Private Drive,No Control,Clear,Dusk,Dry,Non-Fatal Injury,Pedestrian Collisions,D12,111,Rockcliffe-Smythe (111),-79.4925,43.6717,NULL,NULL,N,NULL,NULL,NULL
4003174449,2014,00:00.0,1736,17,123 SPADINA AVE,NULL,NULL,1,Toronto and East York,10,NULL,Intersection,Intersection Related,No Control,Clear,Daylight,Dry,Non-Fatal Injury,Sideswipe,D52,77,Waterfront Communities-The Island (77),-79.3957,43.6472,NULL,NULL,N,NULL,NULL,NULL
4001694942,2014,00:00.0,1755,17,QUEEN ST E,SHERBOURNE ST,NULL,1,Toronto and East York,13,51,Intersection,Intersection Related,Traffic Signal,Clear,Daylight,Dry,Non-Fatal Injury,Pedestrian Collisions,D51,73,Moss Park (73),-79.3694,43.6545,NULL,NULL,N,NULL,NULL,NULL