ACCNUM,YEAR,DATE,TIME,HOUR,STREET1,STREET2,OFFSET,ROAD_CLASS,DISTRICT,WARDNUM,DIVISION,LOCCOORD,ACCLOC,TRAFFCTL,VISIBILITY,LIGHT,RDSFCOND,ACCLASS,IMPACTYPE,POLICE_DIVISION,HOOD_ID,NEIGHBOURHOOD,collision_lat,collision_long,red_light_lat,red_light_long,right_light_camera,LINEAR_NAME_FULL_1,LINEAR_NAME_FULL_2,ACTIVATION_DATE
5001213317,2015,00:00.0,1001,10,BAYVIEW AVE,BAYVIEW MEWS LANE,NULL,1,North York,NULL,NULL,Intersection,Intersection Related,Traffic Signal,Clear,Daylight,Dry,Non-Fatal Injury,Turning Movement,D33,52,Bayview Village (52),-79.3886,43.7693,NULL,NULL,N,NULL,NULL,NULL
4001769884,2014,00:00.0,955,9,FRONT ST E,SCOTT ST,NULL,3,Toronto and East York,13,51,Intersection,Intersection Related,Stop Sign,Clear,Daylight,Dry,Non-Fatal Injury,Pedestrian Collisions,D51,77,Waterfront Communities-The Island (77),-79.3757,43.6474,NULL,NULL,N,NULL,NULL,NULL
4003563376,2014,00:00.0,1809,18,SHEPPARD AVE E,BRIDLEWOOD BLVD,37 m West of,1,Scarborough,22,42,Intersection,Non Intersection,No Control,Clear,"Dark, artificial",Dry,Fatal,Pedestrian Collisions,D42,118,Tam O'Shanter-Sullivan (118),-79.3154,43.777,NULL,NULL,N,NULL,NULL,NULL
961100,2007,00:00.0,2225,22,ALBION RD,ARCOT BLVD,NULL,1,Etobicoke York,1,23,Intersection,At Intersection,Traffic Controller,Clear,Dark,Dry,Non-Fatal Injury,Rear End,D23,5,Elms-Old Rexdale (5),-79.552,43.7267,NULL,NULL,N,NULL,NULL,NULL
5001353530,2015,00:00.0,1715,17,SHEPPARD AVE W,JOHN DRURY DR,NULL,1,North York,6,31,Intersection,At Intersection,Traffic Signal,Clear,Daylight,Dry,Non-Fatal Injury,Pedestrian Collisions,D31,26,Downsview-Roding-CFB (26),-79.4827,43.7482,NULL,NULL,N,NULL,NULL,NULL
923394,2006,00:00.0,1629,16,EGLINTON AVE E,LESLIE ST,NULL,1,North York,15,53,Mid-Block,At Intersection,No Control,Clear,Daylight,Dry,Fatal,Cyclist Collisions,D53,55,Thorncliffe Park (55),-79.3534,43.7159,NULL,NULL,N,NULL,NULL,NULL
143362651,2014,00:00.0,1800,18,ELLESMERE RD,MILITARY TRL,NULL,1,Scarborough,24,43,Intersection,At Intersection,Traffic Signal,Clear,"Dark, artificial",Dry,Fatal,Angle,D43,135,Morningside (135),-79.2171,43.7797,NULL,NULL,N,NULL,NULL,NULL
5000422593,2015,00:00.0,1515,15,1570 LAWRENCE AVE W,NULL,5 m East of,1,Etobicoke York,5,12,Mid-Block,Non Intersection,No Control,Clear,Daylight,Dry,Non-Fatal Injury,Other,D12,30,Brookhaven-Amesbury (30),-79.4876,43.7062,NULL,NULL,N,NULL,NULL,NULL
5001734070,2015,00:00.0,2250,22,STEELES AVE W,MARTIN GROVE RD,64 m East of,1,Etobicoke York,1,23,Mid-Block,Intersection Related,No Control,Clear,"Dark, artificial",Dry,Non-Fatal Injury,SMV Other,D23,2,Mount Olive-Silverstone-Jamestown (2),-79.6025,43.758,NULL,NULL,N,NULL,NULL,NULL
900120,2006,00:00.0,2136,21,MILLWICK DR,MILVAN DR,NULL,2,Etobicoke York,7,31,Mid-Block,NULL,No Control,Clear,Dark,Dry,Fatal,SMV Other,D31,21,Humber Summit (21),-79.5595,43.7581,NULL,NULL,N,NULL,NULL,NULL
1011703,2007,00:00.0,1455,14,WESTON RD,GUNNS RD,NULL,1,Etobicoke York,5,12,Intersection,NULL,Traffic Signal,Clear,Daylight,Dry,Non-Fatal Injury,SMV Other,D12,90,Junction Area (90),-79.4703,43.6759,NULL,NULL,N,NULL,NULL,NULL
957584,2006,00:00.0,2008,20,SENLAC RD,FINCH AVE W,NULL,1,North York,18,32,Intersection,NULL,Traffic Signal,Snow,Dark,Wet,Non-Fatal Injury,Pedestrian Collisions,D32,37,Willowdale West (37),-79.4302,43.7764,NULL,NULL,N,NULL,NULL,NULL
990803,2007,00:00.0,18,0,VICTORIA PARK AVE,HOLLAND AVE,NULL,1,Toronto and East York,NULL,NULL,Intersection,At Intersection,No Control,Clear,Dark,Dry,Fatal,Approaching,D54,120,Clairlea-Birchmount (120),-79.2989,43.7159,NULL,NULL,N,NULL,NULL,NULL
1014978,2007,00:00.0,1303,13,ARAGON AVE,BIRCHARD ST,NULL,4,Scarborough,22,42,Mid-Block,NULL,No Control,Clear,Daylight,Dry,Non-Fatal Injury,Approaching,D42,118,Tam O'Shanter-Sullivan (118),-79.3028,43.7756,NULL,NULL,N,NULL,NULL,NULL
1013702,2007,00:00.0,2158,21,DANFORTH AVE,CEDARVALE AVE,NULL,1,Toronto and East York,19,NULL,NULL,NULL,No Control,Clear,Dark,Dry,Non-Fatal Injury,Pedestrian Collisions,D55,62,East End-Danforth (62),-79.3106,43.6861,NULL,NULL,N,NULL,NULL,NULL
925837,2006,00:00.0,2158,21,BRIMLEY RD,WETHERBY DR,NULL,1,Scarborough,21,NULL,Intersection,At Intersection,No Control,Rain,Dark,Wet,Fatal,SMV Other,D43,138,Eglinton East (138),-79.2491,43.7387,NULL,NULL,N,NULL,NULL,NULL
991482,2007,00:00.0,2155,21,SPADINA RD,BERNARD AVE,NULL,3,Toronto and East York,11,NULL,Intersection,At Intersection,Traffic Signal,Clear,Dark,Dry,Fatal,Turning Movement,D53,95,Annex (95),-79.4059,43.6721,NULL,NULL,N,NULL,NULL,NULL
5000938109,2015,00:00.0,2135,21,DUNDAS ST W,ROYAL YORK RD,300 m East of,1,Etobicoke York,NULL,22,Intersection,Non Intersection,Traffic Signal,Clear,"Dark, artificial",Dry,Non-Fatal Injury,Pedestrian Collisions,D22,15,Kingsway South (15),-79.5133,43.6594,NULL,NULL,N,NULL,NULL,NULL
987941,2007,00:00.0,1015,10,EGLINTON AVE W,RAKELY CRT,NULL,1,Etobicoke York,2,22,Mid-Block,NULL,No Control,Clear,Daylight,Dry,Non-Fatal Injury,Sideswipe,D22,11,Eringate-Centennial-West Deane (11),-79.6036,43.651,NULL,NULL,N,NULL,NULL,NULL
985457,2007,00:00.0,1345,13,JOHN ST,WESTON RD,NULL,2,Etobicoke York,5,12,Mid-Block,NULL,No Control,Clear,Daylight,Dry,Non-Fatal Injury,Pedestrian Collisions,D12,113,Weston (113),-79.5174,43.7012,NULL,NULL,N,NULL,NULL,NULL
985490,2007,00:00.0,1134,11,ISLINGTON AVE,ROWNTREE MILL RD,NULL,1,Etobicoke York,7,31,Mid-Block,NULL,No Control,Clear,Daylight,Dry,Non-Fatal Injury,Pedestrian Collisions,D31,21,Humber Summit (21),-79.5685,43.7533,NULL,NULL,N,NULL,NULL,NULL
972841,2007,00:00.0,1910,19,ELLESMERE RD,BRIMLEY RD,NULL,1,Scarborough,21,NULL,Intersection,At Intersection,Traffic Signal,Clear,Daylight,Dry,Fatal,Turning Movement,D43,127,Bendale (127),-79.2612,43.77,NULL,NULL,N,NULL,NULL,NULL
981273,2007,00:00.0,2300,23,KIPLING AVE,WIDDICOMBE HILL BLVD,NULL,1,Etobicoke York,2,23,Intersection,NULL,Traffic Signal,Clear,Dark,Dry,Non-Fatal Injury,Rear End,D23,7,Willowridge-Martingrove-Richview (7),-79.5516,43.6789,NULL,NULL,N,NULL,NULL,NULL
1015331,2008,00:00.0,1730,17,BELGREEN AVE,TAMORA CRT,NULL,4,Scarborough,22,42,Intersection,At Intersection,Stop Sign,Clear,Dark,Wet,Non-Fatal Injury,Pedestrian Collisions,D42,118,Tam O'Shanter-Sullivan (118),-79.2904,43.7949,NULL,NULL,N,NULL,NULL,NULL
5000838309,2015,00:00.0,600,6,JANE ST,STEELES AVE W,NULL,1,Etobicoke York,7,31,Intersection,At Intersection,Traffic Signal,Clear,Daylight,Dry,Non-Fatal Injury,SMV Other,D31,27,York University Heights (27),-79.5216,43.7754,NULL,NULL,N,NULL,NULL,NULL
983751,2007,00:00.0,1100,11,TANGIERS RD,FINCH AVE W,NULL,1,North York,6,31,Intersection,At Intersection,Traffic Signal,Clear,Daylight,Dry,Non-Fatal Injury,Pedestrian Collisions,D31,27,York University Heights (27),-79.4882,43.764,NULL,NULL,N,NULL,NULL,NULL
4003003255,2014,00:00.0,1820,18,WILLIAM R ALLEN RD N,RANEE AVE,100 m North of,NULL,North York,8,32,Mid-Block,Non Intersection,No Control,Clear,Daylight,Dry,Non-Fatal Injury,SMV Other,D32,32,Englemount-Lawrence (32),-79.4471,43.7242,NULL,NULL,N,NULL,NULL,NULL
972321,2007,00:00.0,1245,12,TEDDINGTON PARK Ave,YONGE St,NULL,1,North York,NULL,32,Intersection,NULL,No Control,Clear,Daylight,Dry,Non-Fatal Injury,Pedestrian Collisions,D32,105,Lawrence Park North (105),-79.4041,43.7329,NULL,NULL,N,NULL,NULL,NULL
5000058185,2015,00:00.0,353,3,477 BROADVIEW AVE,NULL,NULL,3,Toronto and East York,14,55,Mid-Block,NULL,No Control,Clear,"Dark, artificial",Dry,Fatal,SMV Other,D55,68,North Riverdale (68),-79.3529,43.669,NULL,NULL,N,NULL,NULL,NULL
993583,2007,00:00.0,1041,10,10155 SHEPPARD AVE E,NULL,NULL,3,Scarborough,25,42,Mid-Block,NULL,No Control,Clear,Daylight,Dry,Non-Fatal Injury,Cyclist Collisions,D42,131,Rouge (131),-79.1596,43.8054,NULL,NULL,N,NULL,NULL,NULL
5000232686,2015,00:00.0,617,6,JONES AVE,HAZELWOOD AVE,NULL,3,Toronto and East York,14,55,Intersection,At Intersection,Pedestrian Crossover,Clear,"Dark, artificial",Wet,Non-Fatal Injury,Pedestrian Collisions,D55,69,Blake-Jones (69),-79.3398,43.679,NULL,NULL,N,NULL,NULL,NULL
973970,2007,00:00.0,1610,16,RUNNYMEDE Road,ST CLAIR Aven W,NULL,1,Etobicoke York,5,NULL,Mid-Block,NULL,No Control,Clear,Daylight,Dry,Non-Fatal Injury,Sideswipe,D11,90,Junction Area (90),-79.4834,43.6687,NULL,NULL,N,NULL,NULL,NULL
6001057996,2016,00:00.0,1737,17,CALEDONIA RD,CASTLEFIELD AVE,35 m North of,3,North York,8,13,Mid-Block,Non Intersection,No Control,Clear,Daylight,Dry,Non-Fatal Injury,Turning Movement,D13,108,Briar Hill-Belgravia (108),-79.4636,43.6988,NULL,NULL,N,NULL,NULL,NULL
142962876,2014,00:00.0,2059,20,KING ST W,CLOSE AVE,NULL,1,Toronto and East York,4,14,Intersection,NULL,Pedestrian Crossover,Clear,"Dark, artificial",Dry,Fatal,Pedestrian Collisions,D14,85,South Parkdale (85),-79.4347,43.6374,NULL,NULL,N,NULL,NULL,NULL
4002979452,2014,00:00.0,940,9,LOWER JARVIS ST,THE ESPLANADE,NULL,1,Toronto and East York,NULL,51,Intersection,At Intersection,Traffic Signal,Clear,Daylight,Dry,Non-Fatal Injury,Pedestrian Collisions,D51,77,Waterfront Communities-The Island (77),-79.3709,43.6482,-79.3709,43.6482,Y,Lower Jarvis St,The Esplanade,2009-08-06
6001326720,2016,00:00.0,1450,14,PARLIAMENT ST,SHUTER ST,NULL,3,Toronto and East York,13,51,Intersection,At Intersection,Traffic Signal,Clear,Daylight,Dry,Fatal,Pedestrian Collisions,D51,72,Regent Park (72),-79.3649,43.6569,NULL,NULL,N,NULL,NULL,NULL
6001333715,2016,00:00.0,1645,16,JANE ST,SHOREHAM DR,121 m North of,1,Etobicoke York,7,31,Mid-Block,Non Intersection,No Control,Clear,Daylight,Dry,Non-Fatal Injury,Cyclist Collisions,D31,24,Black Creek (24),-79.5205,43.7696,NULL,NULL,N,NULL,NULL,NULL
5000859369,2015,00:00.0,2255,22,YONGE ST,FRONT ST E,10 m North of,1,Toronto and East York,NULL,NULL,Intersection,At Intersection,Traffic Signal,Clear,"Dark, artificial",Dry,Non-Fatal Injury,Cyclist Collisions,D51,77,Waterfront Communities-The Island (77),-79.3769,43.6468,NULL,NULL,N,NULL,NULL,NULL
6001125472,2016,00:00.0,1745,17,DON MILLS RD,HELEN LU  RD,NULL,1,North York,17,33,Intersection,Intersection Related,Traffic Signal,Clear,Daylight,Dry,Non-Fatal Injury,Turning Movement,D33,53,Henry Farm (53),-79.3462,43.7723,NULL,NULL,N,NULL,NULL,NULL
5000275153,2015,00:00.0,644,6,KENNEDY RD,MCNICOLL AVE,NULL,1,Scarborough,22,42,Intersection,At Intersection,Traffic Signal,Clear,Dawn,Dry,Fatal,Pedestrian Collisions,D42,130,Milliken (130),-79.3019,43.8121,-79.3019,43.8121,Y,Kennedy Rd,McNicoll Ave,2017-09-28
6001289424,2016,00:00.0,1948,19,ROYAL YORK RD,STRATH HUMBER CRT,12.5 M S of,3,Etobicoke York,2,22,Intersection,At Intersection,No Control,Clear,Daylight,Dry,Fatal,Turning Movement,D22,9,Edenbridge-Humber Valley (9),-79.5175,43.6613,NULL,NULL,N,NULL,NULL,NULL
5000374256,2015,00:00.0,1639,16,FINCH AVE E,MARKHAM RD,NULL,1,Scarborough,23,42,Intersection,At Intersection,Traffic Signal,Clear,Daylight,Dry,Fatal,Pedestrian Collisions,D42,131,Rouge (131),-79.243,43.8129,-79.243,43.8129,Y,Finch Ave E,Markham Rd,2021-06-03
6001519318,2016,00:00.0,1356,13,ROYAL YORK RD,NEWCASTLE ST,NULL,3,Etobicoke York,3,22,Intersection,At Intersection,Traffic Signal,Clear,Daylight,Dry,Non-Fatal Injury,Pedestrian Collisions,D22,17,Mimico (17),-79.4988,43.6174,NULL,NULL,N,NULL,NULL,NULL
5000193520,2015,00:00.0,1130,11,ALBERTUS AVE,YONGE ST,3 m  of,1,North York,NULL,53,Mid-Block,Non Intersection,No Control,Clear,Daylight,Wet,Non-Fatal Injury,Pedestrian Collisions,D53,99,Mount Pleasant East (99),-79.4,43.7145,NULL,NULL,N,NULL,NULL,NULL
6001451280,2016,00:00.0,2325,23,THE WEST MALL,THE QUEENSWAY,NULL,1,Etobicoke York,3,22,Intersection,At Intersection,Traffic Signal,Clear,"Dark, artificial",Dry,Non-Fatal Injury,Cyclist Collisions,D22,14,Islington-City Centre West (14),-79.5626,43.6123,-79.5626,43.6123,Y,The Queensway,The West Mall,2008-11-20
4003063238,2014,00:00.0,2348,23,2835 ISLINGTON AVE,NULL,25 m South of,1,Etobicoke York,7,31,Mid-Block,At/Near Private Drive,No Control,Clear,"Dark, artificial",Wet,Non-Fatal Injury,SMV Other,D31,21,Humber Summit (21),-79.5679,43.7498,NULL,NULL,N,NULL,NULL,NULL
5001920978,2015,00:00.0,1640,16,MCNICOLL AVE,SHADY HOLLOW DR,5 m South of,3,Scarborough,23,42,Intersection,Intersection Related,No Control,Clear,Daylight,Dry,Non-Fatal Injury,Turning Movement,D42,130,Milliken (130),-79.2646,43.8194,NULL,NULL,N,NULL,NULL,NULL
6001143418,2016,00:00.0,1143,11,JANE ST,WILSON AVE,5 m South of,1,Etobicoke York,NULL,31,Intersection,Intersection Related,Traffic Signal,Clear,Daylight,Dry,Non-Fatal Injury,Cyclist Collisions,D31,26,Downsview-Roding-CFB (26),-79.5086,43.7209,-79.5086,43.7209,Y,Wilson Ave,Jane St,2017-03-09
5001918358,2015,00:00.0,340,3,WARDEN AVE,HUNTINGWOOD DR,94 m North of,1,Scarborough,22,42,Mid-Block,Non Intersection,No Control,Clear,"Dark, artificial",Dry,Non-Fatal Injury,SMV Other,D42,117,L'Amoreaux (117),-79.3112,43.7862,NULL,NULL,N,NULL,NULL,NULL
5002178129,2015,00:00.0,639,6,DUFFERIN ST,DAVENPORT RD,41 m South of,1,Toronto and East York,9,13,Mid-Block,Intersection Related,No Control,Clear,"Dark, artificial",Dry,Non-Fatal Injury,Cyclist Collisions,D13,93,Dovercourt-Wallace Emerson-Junction (93),-79.4407,43.6725,NULL,NULL,N,NULL,NULL,NULL
6001358700,2016,00:00.0,1745,17,FRONT ST E,YONGE ST,5 m North of,1,Toronto and East York,NULL,NULL,Intersection,Intersection Related,Traffic Signal,Clear,Daylight,Dry,Non-Fatal Injury,Rear End,D51,77,Waterfront Communities-The Island (77),-79.3769,43.6468,NULL,NULL,N,NULL,NULL,NULL
6000916730,2016,00:00.0,400,4,ALBION RD,MARTIN GROVE RD,10 m West of,1,Etobicoke York,1,23,Mid-Block,Non Intersection,No Control,Clear,"Dark, artificial",Dry,Non-Fatal Injury,Pedestrian Collisions,D23,1,West Humber-Clairville (1),-79.5959,43.7421,NULL,NULL,N,NULL,NULL,NULL
5001897298,2015,00:00.0,1530,15,BAYVIEW AVE,PARKHURST BLVD,NULL,1,North York,15,53,Intersection,At Intersection,Stop Sign,Clear,Daylight,Dry,Non-Fatal Injury,Angle,D53,56,Leaside-Bennington (56),-79.3763,43.7086,NULL,NULL,N,NULL,NULL,NULL
6001154162,2016,00:00.0,244,2,FINCH AVE W,SENTINEL RD,NULL,1,Etobicoke York,7,31,Intersection,At Intersection,Traffic Signal,Clear,"Dark, artificial",Dry,Non-Fatal Injury,Pedestrian Collisions,D31,27,York University Heights (27),-79.4999,43.7609,NULL,NULL,N,NULL,NULL,NULL
5001921835,2015,00:00.0,2020,20,LAWRENCE AVE E,DON MILLS RD,NULL,1,North York,16,33,Intersection,At Intersection,Traffic Signal,Clear,Dark,Dry,Non-Fatal Injury,Cyclist Collisions,D33,42,Banbury-Don Mills (42),-79.3434,43.7371,-79.3434,43.7371,Y,Lawrence Ave E,Don Mills Rd,2009-09-10
6000917745,2016,00:00.0,2150,21,LAWRENCE AVE E,MCCOWAN RD,NULL,1,Scarborough,NULL,43,Intersection,At Intersection,Traffic Signal,Clear,"Dark, artificial",Dry,Non-Fatal Injury,Turning Movement,D43,127,Bendale (127),-79.2453,43.7554,NULL,NULL,N,NULL,NULL,NULL
5002061502,2015,00:00.0,2107,21,THE QUEENSWAY,NORTH QUEEN ST,3 m North of,1,Etobicoke York,3,22,Intersection,At Intersection,Traffic Signal,Rain,Dark,Wet,Non-Fatal Injury,Pedestrian Collisions,D22,14,Islington-City Centre West (14),-79.5561,43.6142,-79.5561,43.6142,Y,The Queensway,North Queen St,2009-04-02
6001515823,2016,00:00.0,2215,22,LAKE SHORE BLVD W,BRITISH COLUMBIA RD,368 m East of,1,Toronto and East York,10,14,Mid-Block,Non Intersection,No Control,Clear,"Dark, artificial",Dry,Non-Fatal Injury,Sideswipe,D14,82,Niagara (82),-79.4255,43.6299,NULL,NULL,N,NULL,NULL,NULL
5001865596,2015,00:00.0,1320,13,JANE ST,WILSON AVE,NULL,1,Etobicoke York,NULL,31,Intersection,At Intersection,Traffic Signal,Clear,Daylight,Dry,Non-Fatal Injury,Turning Movement,D31,26,Downsview-Roding-CFB (26),-79.5086,43.7209,-79.5086,43.7209,Y,Wilson Ave,Jane St,2017-03-09
6001359904,2016,00:00.0,2112,21,BLUE JAYS WAY,NAVY WHARF CRT,NULL,3,Toronto and East York,10,52,Intersection,At Intersection,Stop Sign,Clear,"Dark, artificial",Dry,Non-Fatal Injury,Pedestrian Collisions,D52,77,Waterfront Communities-The Island (77),-79.3918,43.6415,NULL,NULL,N,NULL,NULL,NULL
5002027343,2015,00:00.0,934,9,EGLINTON AVE W,ELMSTHORPE AVE,NULL,1,North York,NULL,53,Intersection,At Intersection,No Control,Clear,Daylight,Dry,Fatal,Pedestrian Collisions,D53,103,Lawrence Park South (103),-79.4109,43.704,NULL,NULL,N,NULL,NULL,NULL
6000139902,2016,00:00.0,521,5,LAKE SHORE BLVD W,BRITISH COLUMBIA RD,245 m East of,1,Toronto and East York,10,14,Mid-Block,Non Intersection,No Control,Clear,"Dark, artificial",Dry,Non-Fatal Injury,SMV Other,D14,82,Niagara (82),-79.4267,43.6303,NULL,NULL,N,NULL,NULL,NULL
5001817289,2015,00:00.0,945,9,VAN HORNE AVE,TAVERLY RD,14 m East of,2,North York,17,33,Intersection,Intersection Related,Stop Sign,Clear,Daylight,Dry,Non-Fatal Injury,Pedestrian Collisions,D33,46,Pleasant View (46),-79.3315,43.7887,NULL,NULL,N,NULL,NULL,NULL
6000944060,2016,00:00.0,1756,17,LAWRENCE AVE W,LITTLE AVE,5 m West of,1,Etobicoke York,5,12,Intersection,At Intersection,Traffic Signal,Clear,Daylight,Dry,Non-Fatal Injury,Pedestrian Collisions,D12,113,Weston (113),-79.5198,43.6992,NULL,NULL,N,NULL,NULL,NULL
6000480825,2016,00:00.0,1654,16,LAKE SHORE BLVD W,BRITISH COLUMBIA RD,11 m South of Light Post 300,1,Toronto and East York,10,14,Mid-Block,Non Intersection,No Control,Clear,Daylight,Dry,Non-Fatal Injury,Approaching,D14,82,Niagara (82),-79.4255,43.6299,NULL,NULL,N,NULL,NULL,NULL
6000548529,2016,00:00.0,2146,21,MARKHAM RD,NASHDENE RD,NULL,1,Scarborough,23,42,Intersection,Intersection Related,Traffic Signal,Rain,Dark,Wet,Fatal,Pedestrian Collisions,D42,131,Rouge (131),-79.2461,43.8202,NULL,NULL,N,NULL,NULL,NULL
6000555439,2016,00:00.0,2206,22,THE QUEENSWAY,ROYAL YORK RD,NULL,1,Etobicoke York,3,22,Intersection,At Intersection,Traffic Signal,Clear,"Dark, artificial",Dry,Non-Fatal Injury,Turning Movement,D22,16,Stonegate-Queensway (16),-79.5026,43.6263,-79.5026,43.6263,Y,The Queensway,Royal York Rd,2017-06-05
997888,2007,00:00.0,1225,12,QUEENS QUAY W,ROBERTSON CRES,NULL,3,Toronto and East York,10,52,Intersection,At Intersection,Traffic Signal,Clear,Daylight,Dry,Non-Fatal Injury,Turning Movement,D52,77,Waterfront Communities-The Island (77),-79.3865,43.6388,NULL,NULL,N,NULL,NULL,NULL
6000023068,2016,00:00.0,640,6,STEELES AVE E,WAGGONERS WELL LN,60 m West of,1,North York,17,33,Mid-Block,Non Intersection,No Control,Clear,"Dark, artificial",Dry,Non-Fatal Injury,Pedestrian Collisions,D33,48,Hillcrest Village (48),-79.3667,43.8097,NULL,NULL,N,NULL,NULL,NULL
5002088367,2015,00:00.0,2,0,KING ST W,BRANT ST,10 m South of,1,Toronto and East York,10,14,Intersection,Non Intersection,Pedestrian Crossover,Clear,"Dark, artificial",Dry,Non-Fatal Injury,Pedestrian Collisions,D14,77,Waterfront Communities-The Island (77),-79.3976,43.6449,NULL,NULL,N,NULL,NULL,NULL
986004,2007,00:00.0,1015,10,KINGSTON RD,RYLANDER BLVD,NULL,1,Scarborough,25,42,Intersection,At Intersection,Traffic Signal,Clear,Daylight,Dry,Non-Fatal Injury,Cyclist Collisions,D42,133,Centennial Scarborough (133),-79.1491,43.797,NULL,NULL,N,NULL,NULL,NULL
6000576751,2016,00:00.0,1204,12,200 NORSEMAN ST,NULL,420 m West of,2,Etobicoke York,3,22,Mid-Block,Non Intersection,No Control,Clear,Daylight,Dry,Non-Fatal Injury,Turning Movement,D22,14,Islington-City Centre West (14),-79.5247,43.6328,NULL,NULL,N,NULL,NULL,NULL
6000595012,2016,00:00.0,902,9,ST CLEMENTS AVE,CALDOW RD,NULL,4,North York,8,53,Intersection,Intersection Related,Stop Sign,Clear,Daylight,Dry,Fatal,Angle,D53,102,Forest Hill North (102),-79.4209,43.7082,NULL,NULL,N,NULL,NULL,NULL
5001798933,2015,00:00.0,845,8,PELICAN GT,FINCH AVE W,5 m South of,1,Etobicoke York,7,31,Intersection,At Intersection,No Control,Clear,Daylight,Dry,Non-Fatal Injury,Pedestrian Collisions,D31,24,Black Creek (24),-79.5225,43.7563,NULL,NULL,N,NULL,NULL,NULL
976741,2007,00:00.0,1500,15,SHEPPARD AVE E,WASHBURN WAY,NULL,1,Scarborough,23,42,Intersection,At Intersection,Traffic Signal,Clear,Daylight,Dry,Non-Fatal Injury,Turning Movement,D42,132,Malvern (132),-79.2274,43.7961,NULL,NULL,N,NULL,NULL,NULL
990402,2007,00:00.0,1441,14,FINCH Aven E,LESLIE Stre,NULL,1,North York,17,33,Intersection,At Intersection,Traffic Signal,Clear,Daylight,Dry,Non-Fatal Injury,Cyclist Collisions,D33,48,Hillcrest Village (48),-79.368,43.79,-79.368,43.79,Y,Leslie St,Finch Ave E,2008-10-21
1003358,2007,00:00.0,1255,12,DUFFERIN ST,HOLMESDALE RD,NULL,1,Toronto and East York,NULL,13,Intersection,At Intersection,Traffic Signal,Clear,Daylight,Dry,Non-Fatal Injury,Pedestrian Collisions,D13,107,Oakwood Village (107),-79.4473,43.6886,NULL,NULL,N,NULL,NULL,NULL
6000633248,2016,00:00.0,831,8,BATHURST ST,KHEDIVE AVE,9 m East of,1,North York,8,32,Intersection,At Intersection,No Control,Clear,Daylight,Dry,Non-Fatal Injury,Approaching,D32,39,Bedford Park-Nortown (39),-79.4312,43.7257,NULL,NULL,N,NULL,NULL,NULL
6000688444,2016,00:00.0,1727,17,VICTORIA PARK AVE,PATRICK BLVD,NULL,1,North York,NULL,NULL,Intersection,Intersection Related,Traffic Signal,Clear,Daylight,Dry,Fatal,Pedestrian Collisions,D42,117,L'Amoreaux (117),-79.3241,43.7777,NULL,NULL,N,NULL,NULL,NULL
1002690,2007,00:00.0,635,6,MARKHAM RD,FINCH AVE E,NULL,1,Scarborough,23,42,Intersection,At Intersection,Traffic Signal,Rain,Dark,Wet,Non-Fatal Injury,Rear End,D42,132,Malvern (132),-79.243,43.8129,-79.243,43.8129,Y,Finch Ave E,Markham Rd,2021-06-03
981588,2007,00:00.0,1930,19,YONGE ST,PRINCESS AVE,NULL,1,North York,18,32,Mid-Block,NULL,No Control,Clear,Daylight,Dry,Non-Fatal Injury,Pedestrian Collisions,D32,51,Willowdale East (51),-79.4127,43.7688,NULL,NULL,N,NULL,NULL,NULL
6000101056,2016,00:00.0,1935,19,SHEPPARD AVE E,CHICHESTER PL,NULL,1,Scarborough,22,42,Intersection,At Intersection,No Control,Clear,"Dark, artificial",Dry,Fatal,Pedestrian Collisions,D42,118,Tam O'Shanter-Sullivan (118),-79.3203,43.7758,NULL,NULL,N,NULL,NULL,NULL
996892,2007,00:00.0,1448,14,ROYAL YORK RD,NEWCASTLE ST,NULL,3,Etobicoke York,3,22,Intersection,At Intersection,Traffic Signal,Clear,Daylight,Dry,Non-Fatal Injury,Pedestrian Collisions,D22,17,Mimico (17),-79.4988,43.6174,NULL,NULL,N,NULL,NULL,NULL
1000894,2007,00:00.0,2115,21,FLAVIAN CRES,RAMEAU DR,NULL,4,North York,17,33,Intersection,At Intersection,No Control,Rain,Dark,Wet,Non-Fatal Injury,Pedestrian Collisions,D33,48,Hillcrest Village (48),-79.3578,43.7939,NULL,NULL,N,NULL,NULL,NULL
977612,2007,00:00.0,1120,11,WESTON RD,LAWRENCE AVE W,NULL,1,Etobicoke York,5,12,Intersection,At Intersection,Traffic Signal,Clear,Daylight,Dry,Non-Fatal Injury,Cyclist Collisions,D12,113,Weston (113),-79.5161,43.7001,NULL,NULL,N,NULL,NULL,NULL
1002027,2007,00:00.0,2135,21,PHARMACY AVE,BOLSTER AVE,NULL,3,Scarborough,20,41,Mid-Block,At Intersection,Pedestrian Crossover,Rain,Dark,Wet,Non-Fatal Injury,Pedestrian Collisions,D41,120,Clairlea-Birchmount (120),-79.2894,43.7065,NULL,NULL,N,NULL,NULL,NULL
1007071,2007,00:00.0,1937,19,DAVENPORT RD,BELMONT ST,NULL,1,Toronto and East York,11,53,Intersection,At Intersection,Traffic Signal,Rain,Dark,Wet,Non-Fatal Injury,Pedestrian Collisions,D53,95,Annex (95),-79.3928,43.6747,NULL,NULL,N,NULL,NULL,NULL