ACCNUM,YEAR,DATE,TIME,HOUR,STREET1,STREET2,OFFSET,ROAD_CLASS,DISTRICT,WARDNUM,DIVISION,LOCCOORD,ACCLOC,TRAFFCTL,VISIBILITY,LIGHT,RDSFCOND,ACCLASS,IMPACTYPE,POLICE_DIVISION,HOOD_ID,NEIGHBOURHOOD,collision_lat,collision_long,red_light_lat,red_light_long,right_light_camera,LINEAR_NAME_FULL_1,LINEAR_NAME_FULL_2,ACTIVATION_DATE
1000380,2007,00:00.0,1005,10,JAMESON AVE,KING ST W,NULL,1,Toronto and East York,4,14,Intersection,At Intersection,Traffic Signal,Clear,Daylight,Dry,Non-Fatal Injury,Pedestrian Collisions,D14,85,South Parkdale (85),-79.4359,43.6371,NULL,NULL,N,NULL,NULL,NULL
1006380,2007,00:00.0,830,8,NORTH CARSON ST,LANOR AVE,NULL,4,Etobicoke York,3,22,Intersection,At Intersection,Stop Sign,Snow,Daylight,Ice,Non-Fatal Injury,Angle,D22,20,Alderwood (20),-79.5377,43.6105,NULL,NULL,N,NULL,NULL,NULL
987506,2007,00:00.0,1605,16,STEELES Aven E,MARKHAM Road,NULL,1,Scarborough,23,42,Intersection,At Intersection,Traffic Signal,Clear,Daylight,Dry,Non-Fatal Injury,Angle,D42,131,Rouge (131),-79.2511,43.8365,-79.2511,43.8365,Y,Steeles Ave E,Markham Rd,2021-06-30
974078,2007,00:00.0,840,8,ST CLAIR AVE E,PLAXTON DR,NULL,1,Toronto and East York,19,54,Intersection,At Intersection,Traffic Signal,Clear,Daylight,Dry,Non-Fatal Injury,Pedestrian Collisions,D54,54,O'Connor-Parkview (54),-79.3025,43.7076,NULL,NULL,N,NULL,NULL,NULL
1003332,2007,00:00.0,1945,19,MIDLAND AVE,NORBURY CRES,NULL,1,Scarborough,21,41,Intersection,NULL,No Control,Rain,Dark,Wet,Non-Fatal Injury,Pedestrian Collisions,D41,127,Bendale (127),-79.2666,43.756,NULL,NULL,N,NULL,NULL,NULL
1001877,2007,00:00.0,1050,10,BLOOR ST W,DURIE ST,NULL,1,Toronto and East York,4,11,Intersection,At Intersection,No Control,Clear,Daylight,Dry,Non-Fatal Injury,Pedestrian Collisions,D11,89,Runnymede-Bloor West Village (89),-79.4781,43.6507,NULL,NULL,N,NULL,NULL,NULL
974168,2007,00:00.0,945,9,KING ST W,GWYNNE AVE,NULL,1,Toronto and East York,4,14,Intersection,At Intersection,No Control,Clear,Daylight,Dry,Non-Fatal Injury,Pedestrian Collisions,D14,85,South Parkdale (85),-79.4288,43.6386,NULL,NULL,N,NULL,NULL,NULL
975488,2007,00:00.0,1549,15,LONDON GREEN CRT,DRIFTWOOD AVE,NULL,4,Etobicoke York,7,31,Mid-Block,NULL,No Control,Clear,Daylight,Dry,Non-Fatal Injury,Pedestrian Collisions,D31,25,Glenfield-Jane Heights (25),-79.5125,43.7522,NULL,NULL,N,NULL,NULL,NULL
6000048776,2016,00:00.0,420,4,80 PROGRESS AVE,NULL,40 m East of,3,Scarborough,21,41,Mid-Block,Non Intersection,No Control,Rain,"Dark, artificial",Wet,Non-Fatal Injury,SMV Other,D41,126,Dorset Park (126),-79.2773,43.7707,NULL,NULL,N,NULL,NULL,NULL
1016685,2008,00:00.0,1100,11,FOXLEY ST,FOXLEY PL W,NULL,4,Toronto and East York,10,14,Intersection,NULL,No Control,Clear,Daylight,Dry,Non-Fatal Injury,SMV Other,D14,81,Trinity-Bellwoods (81),-79.4208,43.6476,NULL,NULL,N,NULL,NULL,NULL
998487,2007,00:00.0,1750,17,ADELAIDE ST W,PORTLAND ST,NULL,1,Toronto and East York,10,14,Mid-Block,NULL,No Control,Clear,Daylight,Dry,Non-Fatal Injury,SMV Other,D14,77,Waterfront Communities-The Island (77),-79.3998,43.6458,NULL,NULL,N,NULL,NULL,NULL
1046603,2008,00:00.0,945,9,AVENUE Road,BLOOR Stre W,NULL,1,Toronto and East York,11,NULL,Intersection,At Intersection,Traffic Signal,Clear,Daylight,Dry,Non-Fatal Injury,Cyclist Collisions,D53,95,Annex (95),-79.394,43.6687,NULL,NULL,N,NULL,NULL,NULL
1047170,2008,00:00.0,2310,23,LAWRENCE AVE W,LAWRENCE W ALLEN X S RAMP,NULL,1,North York,8,NULL,Intersection,At Intersection,Traffic Signal,Clear,Dark,Dry,Non-Fatal Injury,Turning Movement,D13,31,Yorkdale-Glen Park (31),-79.4449,43.7159,NULL,NULL,N,NULL,NULL,NULL
1044781,2008,00:00.0,1355,13,FINCH AVE W,MILVAN DR,NULL,1,Etobicoke York,7,31,Intersection,At Intersection,Traffic Signal,Clear,Daylight,Dry,Non-Fatal Injury,Angle,D31,21,Humber Summit (21),-79.5522,43.7499,NULL,NULL,N,NULL,NULL,NULL
1069392,2008,00:00.0,1520,15,GRENVIEW BLVD S,MEADOWVALE DR,NULL,4,Etobicoke York,3,22,Intersection,NULL,No Control,Clear,Daylight,Dry,Non-Fatal Injury,Pedestrian Collisions,D22,16,Stonegate-Queensway (16),-79.5072,43.6464,NULL,NULL,N,NULL,NULL,NULL
1065571,2008,00:00.0,231,2,BLOOR ST W,WILLARD AVE,NULL,1,Toronto and East York,4,11,Intersection,At Intersection,No Control,Clear,Dark,Dry,Non-Fatal Injury,SMV Other,D11,89,Runnymede-Bloor West Village (89),-79.4817,43.6499,NULL,NULL,N,NULL,NULL,NULL
1044518,2008,00:00.0,215,2,DUNDAS ST W,RONCESVALLES AVE,NULL,3,Toronto and East York,4,11,Mid-Block,NULL,No Control,Clear,Dark,Dry,Non-Fatal Injury,Cyclist Collisions,D11,86,Roncesvalles (86),-79.4513,43.6536,NULL,NULL,N,NULL,NULL,NULL
1064702,2008,00:00.0,1150,11,LAWRENCE AVE E,MIDLAND AVE,NULL,1,Scarborough,21,41,Intersection,At Intersection,Traffic Signal,Other,Daylight,Dry,Non-Fatal Injury,Pedestrian Collisions,D41,127,Bendale (127),-79.265,43.7515,-79.265,43.7515,Y,Lawrence Ave E,Midland Ave,2021-09-30
1043011,2008,00:00.0,2321,23,DON MILLS RD,HIGHWAY 401 C Boul W,NULL,1,North York,17,33,Mid-Block,NULL,No Control,Rain,Dark,Wet,Non-Fatal Injury,Pedestrian Collisions,D33,53,Henry Farm (53),-79.3465,43.7691,NULL,NULL,N,NULL,NULL,NULL
1032314,2008,00:00.0,1800,18,160 MARKHAM RD,NULL,NULL,1,Scarborough,NULL,43,Mid-Block,NULL,No Control,Clear,Daylight,Dry,Non-Fatal Injury,Pedestrian Collisions,D43,139,Scarborough Village (139),-79.2181,43.7414,NULL,NULL,N,NULL,NULL,NULL
1057921,2008,00:00.0,2133,21,F G GARDINER XY Expr E,SPADINA AVE,NULL,NULL,Toronto and East York,10,14,Intersection,NULL,No Control,Clear,Dark,Dry,Non-Fatal Injury,SMV Other,D14,77,Waterfront Communities-The Island (77),-79.3984,43.6377,NULL,NULL,N,NULL,NULL,NULL
1067813,2008,00:00.0,1529,15,CARLTON ST,MUTUAL ST,NULL,1,Toronto and East York,13,51,Intersection,NULL,No Control,Clear,Daylight,Dry,Non-Fatal Injury,Pedestrian Collisions,D51,75,Church-Yonge Corridor (75),-79.3778,43.6621,NULL,NULL,N,NULL,NULL,NULL
1025421,2008,00:00.0,1415,14,79 BLOOR ST W,NULL,NULL,1,Toronto and East York,11,NULL,Mid-Block,NULL,No Control,Clear,Daylight,Dry,Non-Fatal Injury,Pedestrian Collisions,D52,76,Bay Street Corridor (76),-79.3899,43.6695,NULL,NULL,N,NULL,NULL,NULL
1019552,2008,00:00.0,1754,17,SHUTER ST,MUTUAL ST,NULL,3,Toronto and East York,13,51,Intersection,At Intersection,No Control,Clear,Dark,Wet,Non-Fatal Injury,Pedestrian Collisions,D51,75,Church-Yonge Corridor (75),-79.3745,43.6552,NULL,NULL,N,NULL,NULL,NULL
1049124,2008,00:00.0,305,3,STEELES AVE E,YONGE ST,NULL,1,North York,18,32,Intersection,At Intersection,Traffic Signal,Clear,Dark,Dry,Fatal,Pedestrian Collisions,D32,50,Newtonbrook East (50),-79.42,43.7979,-79.42,43.7979,Y,NULL,NULL,2017-08-11
1054012,2008,00:00.0,2329,23,BATHURST ST,NASSAU ST,NULL,1,Toronto and East York,11,14,Mid-Block,NULL,No Control,Rain,Dark,Wet,Non-Fatal Injury,Pedestrian Collisions,D14,78,Kensington-Chinatown (78),-79.4069,43.6547,NULL,NULL,N,NULL,NULL,NULL
1065143,2008,00:00.0,220,2,BATHURST ST,MELROSE AVE,NULL,1,North York,8,32,Intersection,NULL,No Control,Clear,Dark,Dry,Non-Fatal Injury,Pedestrian Collisions,D32,39,Bedford Park-Nortown (39),-79.4315,43.7273,NULL,NULL,N,NULL,NULL,NULL
1024408,2008,00:00.0,1900,19,WARDEN AVE,BOWATER DR,NULL,1,Scarborough,22,42,Intersection,NULL,No Control,Clear,Dark,Dry,Non-Fatal Injury,Pedestrian Collisions,D42,118,Tam O'Shanter-Sullivan (118),-79.3089,43.7809,NULL,NULL,N,NULL,NULL,NULL
1025489,2008,00:00.0,2129,21,BROADVIEW AVE,ALLEN AVE,NULL,3,Toronto and East York,14,55,Mid-Block,NULL,Pedestrian Crossover,Rain,Dark,Wet,Non-Fatal Injury,Pedestrian Collisions,D55,70,South Riverdale (70),-79.3518,43.6636,NULL,NULL,N,NULL,NULL,NULL
1023204,2008,00:00.0,343,3,STEELES AVE E,MARKHAM RD,NULL,1,Scarborough,23,42,Intersection,At Intersection,Traffic Signal,Clear,Dark,Dry,Non-Fatal Injury,Angle,D42,131,Rouge (131),-79.2511,43.8365,-79.2511,43.8365,Y,Steeles Ave E,Markham Rd,2021-06-30
1050426,2008,00:00.0,1407,14,COSBURN AVE,LOGAN AVE,NULL,3,Toronto and East York,14,54,Mid-Block,NULL,No Control,Clear,Daylight,Dry,Non-Fatal Injury,Pedestrian Collisions,D54,57,Broadview North (57),-79.3508,43.689,NULL,NULL,N,NULL,NULL,NULL
6001647391,2016,00:00.0,1047,10,SHEPPARD AV E,PALMDALE DR,NULL,1,Scarborough,22,42,Intersection,Intersection Related,No Control,Clear,Daylight,Dry,Non-Fatal Injury,Cyclist Collisions,D42,118,Tam O'Shanter-Sullivan (118),-79.3111,43.7779,NULL,NULL,N,NULL,NULL,NULL
1032373,2008,00:00.0,1200,12,CARLTON St,JARVIS St,NULL,1,Toronto and East York,13,51,Intersection,At Intersection,Traffic Signal,Clear,Daylight,Dry,Non-Fatal Injury,Pedestrian Collisions,D51,71,Cabbagetown-South St.James Town (71),-79.3766,43.6624,NULL,NULL,N,NULL,NULL,NULL
6000436156,2016,00:00.0,856,8,KING ST W,CLOSE AVE,18 m West of,1,Toronto and East York,4,14,Mid-Block,Non Intersection,No Control,Clear,Daylight,Dry,Non-Fatal Injury,Pedestrian Collisions,D14,85,South Parkdale (85),-79.4347,43.6374,NULL,NULL,N,NULL,NULL,NULL
6001648005,2016,00:00.0,1242,12,110 ST REGIS CRES,NULL,NULL,4,North York,6,31,Mid-Block,At/Near Private Drive,No Control,Clear,Daylight,Dry,Fatal,Pedestrian Collisions,D31,27,York University Heights (27),-79.4829,43.7547,NULL,NULL,N,NULL,NULL,NULL
7000600536,2017,00:00.0,1454,14,4 RIDGEMOUNT RD,CHAPMAN RD,2 m East of,4,Etobicoke York,2,23,Intersection,At/Near Private Drive,No Control,Clear,Daylight,Dry,Non-Fatal Injury,Pedestrian Collisions,D23,8,Humber Heights-Westmount (8),-79.5221,43.6889,NULL,NULL,N,NULL,NULL,NULL
1062512,2008,00:00.0,1450,14,ADELAIDE St E,POWER St,NULL,1,Toronto and East York,13,51,Mid-Block,NULL,No Control,Clear,Daylight,Dry,Non-Fatal Injury,Cyclist Collisions,D51,73,Moss Park (73),-79.3622,43.6543,NULL,NULL,N,NULL,NULL,NULL
7000676531,2017,00:00.0,2132,21,WILSON HEIGHTS BLVD,COCKSFIELD AVE,NULL,2,North York,6,32,Intersection,Intersection Related,No Control,Clear,"Dark, artificial",Dry,Non-Fatal Injury,Pedestrian Collisions,D32,34,Bathurst Manor (34),-79.4577,43.7528,NULL,NULL,N,NULL,NULL,NULL
7000609601,2017,00:00.0,2315,23,MARKHAM RD,PAINTED POST DR,10 m West of,1,Scarborough,24,43,Intersection,At Intersection,Traffic Signal,Rain,"Dark, artificial",Wet,Non-Fatal Injury,Pedestrian Collisions,D43,137,Woburn (137),-79.2283,43.7674,NULL,NULL,N,NULL,NULL,NULL
7000635280,2017,00:00.0,2229,22,ST CLAIR AVE W,GUNNS RD,90 m West of,1,Etobicoke York,5,NULL,Mid-Block,Non Intersection,No Control,Rain,Dark,Wet,Non-Fatal Injury,Pedestrian Collisions,D11,90,Junction Area (90),-79.4724,43.6714,NULL,NULL,N,NULL,NULL,NULL
7000214156,2017,00:00.0,1430,14,BAY ST,GROSVENOR ST,NULL,1,Toronto and East York,NULL,52,Intersection,At Intersection,Traffic Signal,Clear,Daylight,Dry,Non-Fatal Injury,Angle,D52,76,Bay Street Corridor (76),-79.3863,43.6623,NULL,NULL,N,NULL,NULL,NULL
7001556385,2017,00:00.0,1135,11,215 LONSDALE  RD,NULL,51 m West of,3,Toronto and East York,12,53,Mid-Block,Non Intersection,No Control,Clear,Daylight,Dry,Non-Fatal Injury,Sideswipe,D53,96,Casa Loma (96),-79.4036,43.6905,NULL,NULL,N,NULL,NULL,NULL
6001592206,2016,00:00.0,37,0,MELFORD DR,TAPSCOTT RD,80 m West of,2,Scarborough,23,42,Mid-Block,Non Intersection,No Control,Rain,"Dark, artificial",Wet,Non-Fatal Injury,SMV Unattended Vehicle,D42,132,Malvern (132),-79.2366,43.8107,NULL,NULL,N,NULL,NULL,NULL
6001612832,2016,00:00.0,230,2,JARVIS ST,GERRARD ST E,NULL,1,Toronto and East York,13,51,Intersection,At Intersection,Traffic Signal,Clear,Dark,Dry,Non-Fatal Injury,Turning Movement,D51,73,Moss Park (73),-79.3758,43.6603,NULL,NULL,N,NULL,NULL,NULL
7000570934,2017,00:00.0,208,2,MARGUERETTA ST,BLOOR  ST W,34 m South of,4,Toronto and East York,9,11,Mid-Block,Non Intersection,No Control,Clear,"Dark, artificial",Wet,Non-Fatal Injury,Pedestrian Collisions,D11,83,Dufferin Grove (83),-79.4402,43.6584,NULL,NULL,N,NULL,NULL,NULL
7000589620,2017,00:00.0,10,0,MCLEVIN AVE,TAPSCOTT RD,NULL,3,Scarborough,23,42,Intersection,At Intersection,Traffic Signal,Rain,"Dark, artificial",Wet,Non-Fatal Injury,Pedestrian Collisions,D42,132,Malvern (132),-79.2266,43.8051,NULL,NULL,N,NULL,NULL,NULL
6001802808,2016,00:00.0,1608,16,391 LAWSON RD,NULL,NULL,2,Scarborough,25,43,Mid-Block,At/Near Private Drive,No Control,Clear,Daylight,Dry,Non-Fatal Injury,Rear End,D43,133,Centennial Scarborough (133),-79.1457,43.7885,NULL,NULL,N,NULL,NULL,NULL
7001053469,2017,00:00.0,1719,17,SHEPPARD AVE E,DON MILLS RD,1 m West of,1,North York,17,33,Intersection,At Intersection,Traffic Controller,Clear,Daylight,Dry,Non-Fatal Injury,Rear End,D33,53,Henry Farm (53),-79.347,43.775,NULL,NULL,N,NULL,NULL,NULL
7001005616,2017,00:00.0,2330,23,ST CLAIR AVE W,CALEDONIA RD,NULL,1,Toronto and East York,9,13,Intersection,Intersection Related,Traffic Signal,Clear,"Dark, artificial",Dry,Non-Fatal Injury,Cyclist Collisions,D13,92,Corso Italia-Davenport (92),-79.4547,43.6752,NULL,NULL,N,NULL,NULL,NULL
7000998235,2017,00:00.0,1732,17,KIPLING  AVE,NAMCO  RD,NULL,1,Etobicoke York,1,23,Intersection,At Intersection,Stop Sign,Clear,Daylight,Dry,Non-Fatal Injury,Angle,D23,1,West Humber-Clairville (1),-79.565,43.7081,NULL,NULL,N,NULL,NULL,NULL
7001054440,2017,00:00.0,2001,20,DON VALLEY PARKWAY  N,EGLINTON AVE E,80 m North of,NULL,North York,16,33,Mid-Block,Non Intersection,No Control,Clear,Daylight,Dry,Non-Fatal Injury,Sideswipe,D33,42,Banbury-Don Mills (42),-79.3302,43.7252,NULL,NULL,N,NULL,NULL,NULL
7001069873,2017,00:00.0,21,0,LAKE SHORE BLVD E,CARLAW AVE,NULL,1,Toronto and East York,14,55,Intersection,At Intersection,Traffic Signal,Clear,"Dark, artificial",Dry,Non-Fatal Injury,Turning Movement,D55,70,South Riverdale (70),-79.3373,43.6548,NULL,NULL,N,NULL,NULL,NULL
7000955246,2017,00:00.0,1305,13,960 LAWRENCE AVE W,NULL,7 m South of,1,North York,8,NULL,Mid-Block,At/Near Private Drive,No Control,Clear,Daylight,Dry,Non-Fatal Injury,Turning Movement,D13,31,Yorkdale-Glen Park (31),-79.457,43.7135,NULL,NULL,N,NULL,NULL,NULL
7000311874,2017,00:00.0,1057,10,KIPLING AVE,GARDINER C W KIPLING  RAMP,NULL,1,Etobicoke York,3,22,Intersection,At Intersection,Traffic Signal,Clear,Daylight,Dry,Non-Fatal Injury,Turning Movement,D22,14,Islington-City Centre West (14),-79.5259,43.6191,NULL,NULL,N,NULL,NULL,NULL
7000451642,2017,00:00.0,1006,10,BRIMWOOD BLVD,WELLPARK BLVD,4 m East of,2,Scarborough,23,42,Intersection,At Intersection,Stop Sign,Clear,Daylight,Dry,Non-Fatal Injury,Cyclist Collisions,D42,129,Agincourt North (129),-79.2743,43.8127,NULL,NULL,N,NULL,NULL,NULL
7000485980,2017,00:00.0,1932,19,JARVIS ST,EARL PL,30 m South of,1,Toronto and East York,13,51,Mid-Block,Intersection Related,No Control,Rain,"Dark, artificial",Wet,Fatal,Pedestrian Collisions,D51,74,North St.James Town (74),-79.3788,43.6676,NULL,NULL,N,NULL,NULL,NULL
5001612624,2015,00:00.0,610,6,QUEEN ST E,HILTZ AVE,5 m West of,3,Toronto and East York,14,55,Intersection,Non Intersection,No Control,Clear,Dark,Dry,Fatal,Approaching,D55,70,South Riverdale (70),-79.3262,43.6641,NULL,NULL,N,NULL,NULL,NULL
4003369105,2014,00:00.0,1859,18,LAWRENCE AVE E,TOWER DR,40 m West of,1,Scarborough,21,41,Mid-Block,Non Intersection,No Control,Clear,"Dark, artificial",Dry,Non-Fatal Injury,Pedestrian Collisions,D41,119,Wexford/Maryvale (119),-79.299,43.7443,NULL,NULL,N,NULL,NULL,NULL
143474139,2014,00:00.0,1840,18,COXWELL AVE,COSBURN AVE,NULL,3,Toronto and East York,NULL,54,Intersection,At Intersection,Traffic Signal,Clear,"Dusk, artificial",Dry,Fatal,Pedestrian Collisions,D54,59,Danforth East York (59),-79.328,43.6941,NULL,NULL,N,NULL,NULL,NULL
5001740132,2015,00:00.0,2227,22,EGLINTON AVE W,MENIN RD,16 m West of,1,North York,NULL,13,Intersection,Intersection Related,No Control,Rain,"Dark, artificial",Wet,Non-Fatal Injury,Pedestrian Collisions,D13,106,Humewood-Cedarvale (106),-79.4318,43.6996,NULL,NULL,N,NULL,NULL,NULL
5001756961,2015,00:00.0,2217,22,YONGE ST,SHUTER ST,3 m North of,1,Toronto and East York,13,NULL,Intersection,At Intersection,Traffic Signal,Clear,"Dark, artificial",Dry,Non-Fatal Injury,Approaching,D51,75,Church-Yonge Corridor (75),-79.3799,43.654,NULL,NULL,N,NULL,NULL,NULL
5001760771,2015,00:00.0,1830,18,EGLINTON AVE W,MARTIN GROVE RD,NULL,1,Etobicoke York,NULL,NULL,Intersection,At Intersection,Traffic Signal,Clear,"Dark, artificial",Dry,Non-Fatal Injury,Turning Movement,D22,7,Willowridge-Martingrove-Richview (7),-79.5631,43.6744,-79.5631,43.6744,Y,Eglinton Ave W,Martin Grove Rd,2017-07-10
5001785499,2015,00:00.0,2009,20,BAYVIEW AVE,BAYVIEW MEWS LANE,10 m North of,1,North York,NULL,NULL,Intersection,Non Intersection,No Control,Clear,"Dark, artificial",Dry,Non-Fatal Injury,Approaching,D33,52,Bayview Village (52),-79.3886,43.7693,NULL,NULL,N,NULL,NULL,NULL
5000518760,2015,00:00.0,1645,16,6212 YONGE ST,NULL,NULL,1,North York,18,32,Mid-Block,At/Near Private Drive,No Control,Clear,Daylight,Dry,Fatal,Pedestrian Collisions,D32,50,Newtonbrook East (50),-79.4192,43.7946,NULL,NULL,N,NULL,NULL,NULL
5000931328,2015,00:00.0,2001,20,BRIMLEY RD,EGLINTON AVE E,NULL,1,Scarborough,NULL,NULL,Intersection,At Intersection,Traffic Signal,Clear,"Dawn, artificial",Dry,Non-Fatal Injury,Pedestrian Collisions,D41,138,Eglinton East (138),-79.248,43.7366,NULL,NULL,N,NULL,NULL,NULL
4003235849,2014,00:00.0,1015,10,BLOSSOMFIELD DR,DANE AVE,NULL,2,North York,8,32,Intersection,At Intersection,Stop Sign,Clear,"Dark, artificial",Dry,Non-Fatal Injury,Pedestrian Collisions,D32,31,Yorkdale-Glen Park (31),-79.4489,43.7174,NULL,NULL,N,NULL,NULL,NULL
5001444151,2015,00:00.0,730,7,DUNDAS ST W,AUKLAND RD,NULL,1,Etobicoke York,3,22,Intersection,At Intersection,Traffic Signal,Clear,Daylight,Dry,Non-Fatal Injury,Pedestrian Collisions,D22,14,Islington-City Centre West (14),-79.5379,43.6385,NULL,NULL,N,NULL,NULL,NULL
4003498466,2014,00:00.0,1910,19,ALBION RD,RIVERDALE DR,NULL,1,Etobicoke York,1,23,Intersection,Intersection Related,Traffic Signal,Rain,Dark,Wet,Non-Fatal Injury,Pedestrian Collisions,D23,3,Thistletown-Beaumond Heights (3),-79.5613,43.7353,NULL,NULL,N,NULL,NULL,NULL
4003516677,2014,00:00.0,1740,17,FINCH AVE E,NEILSON RD,NULL,3,Scarborough,NULL,42,Intersection,At Intersection,Traffic Signal,Clear,Dark,Dry,Fatal,Pedestrian Collisions,D42,132,Malvern (132),-79.2275,43.8162,NULL,NULL,N,NULL,NULL,NULL
4003399384,2014,00:00.0,1702,17,203 FAYWOOD BLVD,NULL,NULL,2,North York,6,32,Mid-Block,At/Near Private Drive,No Control,Rain,"Dark, artificial",Wet,Non-Fatal Injury,Cyclist Collisions,D32,33,Clanton Park (33),-79.4492,43.7471,NULL,NULL,N,NULL,NULL,NULL
143471771,2014,00:00.0,1320,13,SHEPPARD AVE E,404 N SHEPPARD W RAMP,NULL,1,North York,17,33,Intersection,NULL,Traffic Signal,Clear,Daylight,Wet,Fatal,Turning Movement,D33,46,Pleasant View (46),-79.3377,43.7758,NULL,NULL,N,NULL,NULL,NULL
5001538313,2015,00:00.0,1034,10,LAKE SHORE BLVD W,JAMESON AVE,1 m West of,1,Toronto and East York,4,14,Mid-Block,Non Intersection,No Control,Clear,Daylight,Dry,Fatal,SMV Other,D14,85,South Parkdale (85),-79.4351,43.6333,NULL,NULL,N,NULL,NULL,NULL
5001611464,2015,00:00.0,2210,22,NEILSON RD,FINCH AVE E,26 m South of,3,Scarborough,NULL,42,Intersection,Non Intersection,No Control,Clear,"Dark, artificial",Dry,Non-Fatal Injury,Pedestrian Collisions,D42,132,Malvern (132),-79.2275,43.8162,NULL,NULL,N,NULL,NULL,NULL
5001088565,2015,00:00.0,1539,15,1491 LAKE SHORE BLVD W,NULL,100 m West of,1,Toronto and East York,4,14,Mid-Block,Non Intersection,No Control,Rain,Daylight,Wet,Non-Fatal Injury,SMV Other,D14,85,South Parkdale (85),-79.444,43.6364,NULL,NULL,N,NULL,NULL,NULL
5001098276,2015,00:00.0,410,4,VICTORIA PARK AVE,YORK MILLS RD,NULL,1,North York,NULL,NULL,Intersection,Intersection Related,Traffic Signal,Clear,"Dark, artificial",Dry,Non-Fatal Injury,Pedestrian Collisions,D41,119,Wexford/Maryvale (119),-79.3175,43.763,NULL,NULL,N,NULL,NULL,NULL
4003382352,2014,00:00.0,2125,21,SHEPPARD AVE W,JOHN DRURY DR,NULL,1,North York,6,31,Intersection,At Intersection,Traffic Signal,Clear,"Dark, artificial",Loose Snow,Non-Fatal Injury,SMV Other,D31,26,Downsview-Roding-CFB (26),-79.4827,43.7482,NULL,NULL,N,NULL,NULL,NULL
944038,2006,00:00.0,850,8,MARKHAM RD,PAINTED POST DR,NULL,1,Scarborough,24,43,Intersection,At Intersection,Traffic Signal,Clear,Daylight,Dry,Fatal,Angle,D43,137,Woburn (137),-79.2283,43.7675,NULL,NULL,N,NULL,NULL,NULL
969441,2007,00:00.0,2103,21,295 JARVIS ST,NULL,NULL,1,Toronto and East York,13,51,Mid-Block,NULL,No Control,Clear,Dark,Dry,Non-Fatal Injury,Pedestrian Collisions,D51,73,Moss Park (73),-79.3751,43.6587,NULL,NULL,N,NULL,NULL,NULL
977784,2007,00:00.0,1145,11,LANSDOWNE AVE,WADE AVE,NULL,3,Toronto and East York,9,11,Intersection,At Intersection,Stop Sign,Rain,Daylight,Wet,Non-Fatal Injury,Pedestrian Collisions,D11,93,Dovercourt-Wallace Emerson-Junction (93),-79.4429,43.6592,NULL,NULL,N,NULL,NULL,NULL
963778,2007,00:00.0,2034,20,STEELES AVE W,MARKBROOK LANE,NULL,1,Etobicoke York,1,23,Mid-Block,NULL,No Control,Rain,Dark,Wet,Fatal,Approaching,D23,2,Mount Olive-Silverstone-Jamestown (2),-79.5834,43.7603,NULL,NULL,N,NULL,NULL,NULL
1092886,2009,00:00.0,2141,21,DANFORTH Aven,MAIN Stre,NULL,1,Toronto and East York,19,NULL,NULL,NULL,NULL,Other,Dark,Other,Non-Fatal Injury,Other,D55,62,East End-Danforth (62),-79.3017,43.6881,NULL,NULL,N,NULL,NULL,NULL
944001,2006,00:00.0,2259,22,ROSEDALE VALLEY RD,BAYVIEW AVE,NULL,3,Toronto and East York,NULL,51,Mid-Block,NULL,No Control,Rain,Dark,Wet,Non-Fatal Injury,SMV Other,D51,71,Cabbagetown-South St.James Town (71),-79.3654,43.6715,NULL,NULL,N,NULL,NULL,NULL
954852,2007,00:00.0,1405,14,16 HISCOCK BLVD,NULL,NULL,2,Scarborough,24,43,Mid-Block,NULL,No Control,Clear,Daylight,Dry,Non-Fatal Injury,Approaching,D43,137,Woburn (137),-79.222,43.7623,NULL,NULL,N,NULL,NULL,NULL
946237,2006,00:00.0,1355,13,WILSON AVE,ELROSE AVE,NULL,1,Etobicoke York,7,31,Mid-Block,NULL,No Control,Clear,Daylight,Dry,Non-Fatal Injury,Turning Movement,D31,26,Downsview-Roding-CFB (26),-79.524,43.7174,NULL,NULL,N,NULL,NULL,NULL
971237,2007,00:00.0,1905,19,EGLINTON AVE E,BRIMLEY RD,NULL,1,Scarborough,NULL,NULL,Intersection,NULL,Traffic Signal,Clear,Daylight,Dry,Non-Fatal Injury,Angle,D41,138,Eglinton East (138),-79.248,43.7366,NULL,NULL,N,NULL,NULL,NULL
944879,2007,00:00.0,1645,16,SENLAC RD,ELLERSLIE AVE,NULL,3,North York,18,32,Intersection,At Intersection,Stop Sign,Clear,Dusk,Wet,Non-Fatal Injury,Pedestrian Collisions,D32,37,Willowdale West (37),-79.4266,43.7686,NULL,NULL,N,NULL,NULL,NULL
964482,2007,00:00.0,958,9,ALBION RD,RIVERDALE DR,NULL,1,Etobicoke York,1,23,Intersection,At Intersection,Traffic Signal,Rain,Daylight,Wet,Non-Fatal Injury,Pedestrian Collisions,D23,3,Thistletown-Beaumond Heights (3),-79.5613,43.7353,NULL,NULL,N,NULL,NULL,NULL