ACCNUM,YEAR,DATE,TIME,HOUR,STREET1,STREET2,OFFSET,ROAD_CLASS,DISTRICT,WARDNUM,DIVISION,LOCCOORD,ACCLOC,TRAFFCTL,VISIBILITY,LIGHT,RDSFCOND,ACCLASS,IMPACTYPE,POLICE_DIVISION,HOOD_ID,NEIGHBOURHOOD,collision_lat,collision_long,red_light_lat,red_light_long,right_light_camera,LINEAR_NAME_FULL_1,LINEAR_NAME_FULL_2,ACTIVATION_DATE
4002906646,2014,00:00.0,643,6,WALSH AVE,WESTON N WALSH RAMP,NULL,1,Etobicoke York,7,31,Intersection,At Intersection,Traffic Signal,Clear,Daylight,Dry,Non-Fatal Injury,Turning Movement,D31,23,Pelmo Park-Humberlea (23),-79.5372,43.717,NULL,NULL,N,NULL,NULL,NULL
929165,2006,00:00.0,1,0,LAWRENCE AVE W,HICKORY TREE RD,NULL,1,Etobicoke York,5,12,Mid-Block,NULL,No Control,Clear,Dark,Dry,Non-Fatal Injury,Pedestrian Collisions,D12,113,Weston (113),-79.517,43.6999,NULL,NULL,N,NULL,NULL,NULL
5001446152,2015,00:00.0,1516,15,678 KENNEDY RD,NULL,4 m South of,1,Scarborough,20,41,Mid-Block,At/Near Private Drive,No Control,Clear,Daylight,Dry,Non-Fatal Injury,Turning Movement,D41,124,Kennedy Park (124),-79.2656,43.7268,NULL,NULL,N,NULL,NULL,NULL
928810,2006,00:00.0,315,3,ALBION RD,CLAIREPORT CRES,NULL,1,Etobicoke York,1,23,Mid-Block,NULL,No Control,Clear,Dark,Dry,Non-Fatal Injury,SMV Other,D23,1,West Humber-Clairville (1),-79.6341,43.7474,NULL,NULL,N,NULL,NULL,NULL
943180,2006,00:00.0,1300,13,MORTIMER Aven,BINSWOOD Aven,NULL,3,Toronto and East York,19,54,Intersection,At Intersection,Stop Sign,Rain,Daylight,Wet,Non-Fatal Injury,Pedestrian Collisions,D54,59,Danforth East York (59),-79.3227,43.6911,NULL,NULL,N,NULL,NULL,NULL
990014,2007,00:00.0,1005,10,OAKDALE RD,FINCH AVE W,NULL,1,Etobicoke York,7,31,Intersection,At Intersection,Traffic Signal,Clear,Daylight,Dry,Fatal,Pedestrian Collisions,D31,24,Black Creek (24),-79.5242,43.7559,NULL,NULL,N,NULL,NULL,NULL
941113,2006,00:00.0,2204,22,DUFFERIN St,CASTLEFIELD Ave,NULL,1,North York,8,13,Intersection,NULL,Traffic Signal,Clear,Daylight,Dry,Non-Fatal Injury,Pedestrian Collisions,D13,108,Briar Hill-Belgravia (108),-79.4517,43.7007,NULL,NULL,N,NULL,NULL,NULL
959865,2007,00:00.0,1912,19,DIXON RD,427 N DIXON RAMP N,NULL,1,Etobicoke York,1,23,Intersection,At Intersection,Traffic Signal,Clear,Dark,Dry,Non-Fatal Injury,Turning Movement,D23,1,West Humber-Clairville (1),-79.5993,43.6865,NULL,NULL,N,NULL,NULL,NULL
950837,2007,00:00.0,705,7,YORK MILLS RD,FENN AVE,NULL,1,North York,15,32,Intersection,NULL,Traffic Signal,Clear,Daylight,Dry,Non-Fatal Injury,Angle,D32,40,St.Andrew-Windfields (40),-79.3889,43.747,NULL,NULL,N,NULL,NULL,NULL
956145,2007,00:00.0,1855,18,RENFORTH Driv,HIGHWAY 401 X  E,NULL,1,Etobicoke York,NULL,23,NULL,NULL,No Control,Clear,Dark,Dry,Non-Fatal Injury,Cyclist Collisions,D23,11,Eringate-Centennial-West Deane (11),-79.5909,43.6683,NULL,NULL,N,NULL,NULL,NULL
1011408,2007,00:00.0,846,8,DANFORTH Aven,CHESTER Aven,NULL,1,Toronto and East York,14,NULL,Intersection,At Intersection,Traffic Signal,Clear,Daylight,Wet,Non-Fatal Injury,Approaching,D55,67,Playter Estates-Danforth (67),-79.3519,43.6775,NULL,NULL,N,NULL,NULL,NULL
1011018,2007,00:00.0,135,1,3003 DANFORTH AVE,NULL,NULL,1,Toronto and East York,19,NULL,NULL,NULL,Traffic Signal,Clear,Dark,Wet,Non-Fatal Injury,Pedestrian Collisions,D55,61,Taylor-Massey (61),-79.292,43.6903,NULL,NULL,N,NULL,NULL,NULL
971246,2007,00:00.0,1520,15,DANFORTH AVE,GILLARD AVE,NULL,1,Toronto and East York,14,NULL,Intersection,NULL,Traffic Signal,Clear,Daylight,Dry,Non-Fatal Injury,Rear End,D55,66,Danforth (66),-79.3282,43.6823,NULL,NULL,N,NULL,NULL,NULL
958900,2007,00:00.0,915,9,ST CLAIR Aven W,KEELE Stre,NULL,1,Etobicoke York,NULL,NULL,Mid-Block,NULL,No Control,Clear,Daylight,Dry,Non-Fatal Injury,SMV Other,D11,90,Junction Area (90),-79.4659,43.6728,NULL,NULL,N,NULL,NULL,NULL
952478,2007,00:00.0,2245,22,ISLINGTON Aven,REXDALE Boul,NULL,1,Etobicoke York,1,23,Intersection,At Intersection,Traffic Signal,Clear,Daylight,Dry,Non-Fatal Injury,Turning Movement,D23,1,West Humber-Clairville (1),-79.5549,43.7136,NULL,NULL,N,NULL,NULL,NULL
951370,2007,00:00.0,523,5,CALEDONIA RD,CASTLEFIELD AVE,NULL,3,North York,8,13,Intersection,At Intersection,Traffic Signal,Clear,Dark,Dry,Fatal,Angle,D13,108,Briar Hill-Belgravia (108),-79.4634,43.6984,NULL,NULL,N,NULL,NULL,NULL
989800,2007,00:00.0,1250,12,LIPTON AVE,PAPE AVE,NULL,4,Toronto and East York,14,54,Mid-Block,NULL,No Control,Clear,Daylight,Dry,Non-Fatal Injury,SMV Other,D54,66,Danforth (66),-79.3446,43.6797,NULL,NULL,N,NULL,NULL,NULL
985455,2007,00:00.0,1341,13,MADELAINE AVE,DANFORTH AVE,NULL,4,Scarborough,20,41,Mid-Block,NULL,No Control,Clear,Daylight,Dry,Non-Fatal Injury,Pedestrian Collisions,D41,121,Oakridge (121),-79.2845,43.6924,NULL,NULL,N,NULL,NULL,NULL
995372,2007,00:00.0,235,2,BROADVIEW AVE,VICTOR AVE,NULL,3,Toronto and East York,14,55,Mid-Block,NULL,No Control,Clear,Dark,Dry,Non-Fatal Injury,SMV Other,D55,68,North Riverdale (68),-79.3533,43.6673,NULL,NULL,N,NULL,NULL,NULL
980579,2007,00:00.0,954,9,YONGE ST,MERTON ST,NULL,1,Toronto and East York,12,53,Intersection,At Intersection,Traffic Signal,Clear,Daylight,Dry,Non-Fatal Injury,Pedestrian Collisions,D53,104,Mount Pleasant West (104),-79.3961,43.6961,NULL,NULL,N,NULL,NULL,NULL
975541,2007,00:00.0,1630,16,DUFFERIN ST,LAPPIN AVE,NULL,1,Toronto and East York,9,NULL,Mid-Block,NULL,No Control,Clear,Daylight,Dry,Non-Fatal Injury,Turning Movement,D11,93,Dovercourt-Wallace Emerson-Junction (93),-79.4387,43.6677,NULL,NULL,N,NULL,NULL,NULL
983259,2007,00:00.0,1030,10,DUNDAS ST W,SORAUREN AVE,NULL,3,Toronto and East York,4,11,Intersection,At Intersection,Traffic Signal,Rain,Daylight,Wet,Non-Fatal Injury,SMV Other,D11,86,Roncesvalles (86),-79.4452,43.6511,NULL,NULL,N,NULL,NULL,NULL
994814,2007,00:00.0,1825,18,QUEEN ST E,HASTINGS AVE,NULL,3,Toronto and East York,14,55,Mid-Block,NULL,No Control,Clear,Daylight,Dry,Non-Fatal Injury,Cyclist Collisions,D55,70,South Riverdale (70),-79.3285,43.6636,NULL,NULL,N,NULL,NULL,NULL
1008693,2007,00:00.0,1247,12,2155 ST CLAIR Aven W,NULL,NULL,1,Etobicoke York,5,NULL,Mid-Block,NULL,No Control,Clear,Daylight,Dry,Non-Fatal Injury,SMV Unattended Vehicle,D11,90,Junction Area (90),-79.4735,43.6711,NULL,NULL,N,NULL,NULL,NULL
994544,2007,00:00.0,1450,14,ALBION RD,FINCH AVE W,NULL,1,Etobicoke York,1,23,Mid-Block,NULL,Stop Sign,Clear,Daylight,Dry,Non-Fatal Injury,Turning Movement,D23,2,Mount Olive-Silverstone-Jamestown (2),-79.5869,43.7407,NULL,NULL,N,NULL,NULL,NULL
984072,2007,00:00.0,450,4,121 WELLESWORTH DR,NULL,NULL,2,Etobicoke York,2,22,Mid-Block,NULL,No Control,Clear,Dark,Dry,Non-Fatal Injury,SMV Other,D22,11,Eringate-Centennial-West Deane (11),-79.5821,43.6633,NULL,NULL,N,NULL,NULL,NULL
957092,2007,00:00.0,145,1,F G GARDINER XY  W,PARKSIDE DR,NULL,NULL,Toronto and East York,4,11,Mid-Block,NULL,No Control,Clear,Dark,Dry,Fatal,Rear End,D11,85,South Parkdale (85),-79.4575,43.6389,NULL,NULL,N,NULL,NULL,NULL
993532,2007,00:00.0,510,5,FINCH AVE E,LONGMORE ST,NULL,1,North York,18,32,Mid-Block,NULL,No Control,Clear,Dark,Dry,Non-Fatal Injury,SMV Other,D32,51,Willowdale East (51),-79.4027,43.7825,NULL,NULL,N,NULL,NULL,NULL
991252,2007,00:00.0,1204,12,ST CLAIR AVE W,CALEDONIA RD,NULL,1,Toronto and East York,9,13,Intersection,NULL,Traffic Signal,Clear,Daylight,Dry,Non-Fatal Injury,Rear End,D13,92,Corso Italia-Davenport (92),-79.4547,43.6753,NULL,NULL,N,NULL,NULL,NULL
999852,2007,00:00.0,650,6,YONGE ST,AVONDALE AVE,NULL,1,North York,18,32,Intersection,At Intersection,Traffic Signal,Rain,Dark,Wet,Non-Fatal Injury,Pedestrian Collisions,D32,51,Willowdale East (51),-79.41,43.7582,NULL,NULL,N,NULL,NULL,NULL
999758,2007,00:00.0,1020,10,STEELES Aven W,PETROLIA Road,NULL,1,North York,6,31,Intersection,At Intersection,Traffic Signal,Clear,Daylight,Dry,Non-Fatal Injury,Angle,D31,27,York University Heights (27),-79.49,43.7825,NULL,NULL,N,NULL,NULL,NULL
5000805635,2015,00:00.0,1730,17,GERRARD ST E,GREENWOOD AVE,4 m East of,3,Toronto and East York,14,55,Intersection,Non Intersection,Traffic Signal,Clear,Daylight,Dry,Non-Fatal Injury,Turning Movement,D55,65,Greenwood-Coxwell (65),-79.328,43.6709,NULL,NULL,N,NULL,NULL,NULL
5000811243,2015,00:00.0,1535,15,MORTIMER AVE,GLEBEMOUNT AVE,NULL,3,Toronto and East York,19,54,Intersection,At Intersection,Stop Sign,Clear,Daylight,Wet,Non-Fatal Injury,Angle,D54,59,Danforth East York (59),-79.3206,43.6914,NULL,NULL,N,NULL,NULL,NULL
5000325366,2015,00:00.0,1602,16,SANDHURST CRCL,EXCHEQUER PL,NULL,2,Scarborough,23,42,Intersection,Non Intersection,No Control,Clear,Daylight,Dry,Non-Fatal Injury,Approaching,D42,129,Agincourt North (129),-79.2625,43.8078,NULL,NULL,N,NULL,NULL,NULL
988601,2007,00:00.0,217,2,WARDEN AVE,WARDEN AV S 401 C E RAMP E,NULL,1,Scarborough,21,41,Intersection,At Intersection,Traffic Signal,Clear,Dark,Dry,Non-Fatal Injury,Turning Movement,D41,119,Wexford/Maryvale (119),-79.3035,43.7689,NULL,NULL,N,NULL,NULL,NULL
4003056806,2014,00:00.0,9,0,UNIVERSITY AVE,QUEEN ST W,NULL,1,Toronto and East York,10,52,Intersection,At Intersection,Traffic Signal,Rain,"Dark, artificial",Wet,Non-Fatal Injury,Pedestrian Collisions,D52,76,Bay Street Corridor (76),-79.3865,43.6507,NULL,NULL,N,NULL,NULL,NULL
991193,2007,00:00.0,1939,19,26 GLEN EVEREST RD,NULL,NULL,4,Scarborough,20,41,Mid-Block,NULL,No Control,Clear,Daylight,Dry,Non-Fatal Injury,SMV Other,D41,122,Birchcliffe-Cliffside (122),-79.2532,43.7003,NULL,NULL,N,NULL,NULL,NULL
987223,2007,00:00.0,830,8,COMBE AVE,ELDER ST,NULL,4,North York,6,32,Intersection,NULL,Stop Sign,Clear,Daylight,Dry,Non-Fatal Injury,Angle,D32,34,Bathurst Manor (34),-79.4532,43.7601,NULL,NULL,N,NULL,NULL,NULL
5000286208,2015,00:00.0,104,1,SHERBOURNE ST,DUNDAS ST E,50 m South of,3,Toronto and East York,13,51,Mid-Block,Intersection Related,No Control,Clear,"Dark, artificial",Wet,Fatal,Pedestrian Collisions,D51,73,Moss Park (73),-79.3707,43.6577,NULL,NULL,N,NULL,NULL,NULL
5000296206,2015,00:00.0,1610,16,BATHURST ST,RICHMOND ST W,NULL,1,Toronto and East York,10,14,Intersection,At Intersection,Traffic Signal,Clear,Daylight,Dry,Non-Fatal Injury,Pedestrian Collisions,D14,77,Waterfront Communities-The Island (77),-79.4037,43.6464,NULL,NULL,N,NULL,NULL,NULL
6001177381,2016,00:00.0,2005,20,EGLINTON AVE E,MARKHAM RD,13 m West of,1,Scarborough,NULL,43,Intersection,At Intersection,Traffic Signal,Clear,Daylight,Dry,Non-Fatal Injury,Pedestrian Collisions,D43,139,Scarborough Village (139),-79.2188,43.7431,NULL,NULL,N,NULL,NULL,NULL
6001183781,2016,00:00.0,1831,18,401 C W MCCOWAN N RAMP RD,MCCOWAN RD,NULL,1,Scarborough,23,42,Mid-Block,At Intersection,No Control,Clear,Daylight,Dry,Fatal,SMV Other,D42,128,Agincourt South-Malvern West (128),-79.2557,43.7835,NULL,NULL,N,NULL,NULL,NULL
5000406927,2015,00:00.0,645,6,452 MORTIMER AVE,NULL,NULL,3,Toronto and East York,14,54,Intersection,NULL,No Control,Clear,"Dawn, artificial",Wet,Fatal,Pedestrian Collisions,D54,59,Danforth East York (59),-79.3327,43.6892,NULL,NULL,N,NULL,NULL,NULL
6000951747,2016,00:00.0,1940,19,DUNDAS ST W,BROCK AVE,NULL,3,Toronto and East York,9,11,Intersection,At Intersection,Traffic Signal,Clear,Daylight,Dry,Non-Fatal Injury,Cyclist Collisions,D11,84,Little Portugal (84),-79.4355,43.6498,NULL,NULL,N,NULL,NULL,NULL
6000971668,2016,00:00.0,1822,18,LAKE SHORE BLVD W,DWIGHT AVE,NULL,1,Etobicoke York,3,22,Intersection,At Intersection,Stop Sign,Clear,Daylight,Dry,Non-Fatal Injury,Turning Movement,D22,18,New Toronto (18),-79.4979,43.6022,NULL,NULL,N,NULL,NULL,NULL
6001043780,2016,00:00.0,1644,16,FINCH AVE E,GARVIN  MEWS,143 m West of,1,North York,18,32,Mid-Block,Non Intersection,No Control,Clear,Daylight,Dry,Non-Fatal Injury,Pedestrian Collisions,D32,51,Willowdale East (51),-79.401,43.7829,NULL,NULL,N,NULL,NULL,NULL
4003092212,2014,00:00.0,1640,16,MARTIN GROVE RD,RATHBURN  RD,NULL,3,Etobicoke York,2,22,Intersection,At Intersection,Traffic Signal,Clear,Daylight,Dry,Non-Fatal Injury,Angle,D22,14,Islington-City Centre West (14),-79.5552,43.657,NULL,NULL,N,NULL,NULL,NULL
6001365949,2016,00:00.0,1858,18,DUFFERIN ST,WATERLOO AVE,NULL,4,North York,6,32,Intersection,At Intersection,Stop Sign,Clear,Daylight,Dry,Non-Fatal Injury,Turning Movement,D32,34,Bathurst Manor (34),-79.4637,43.7544,NULL,NULL,N,NULL,NULL,NULL
6001139376,2016,00:00.0,1908,19,99 HUMBER BLVD,NULL,NULL,2,Etobicoke York,5,12,Mid-Block,At Intersection,No Control,Clear,Daylight,Dry,Non-Fatal Injury,Cyclist Collisions,D12,111,Rockcliffe-Smythe (111),-79.4822,43.6798,NULL,NULL,N,NULL,NULL,NULL
6001139914,2016,00:00.0,2050,20,ALBION RD,SILVERSTONE DR,75 m East of,1,Etobicoke York,1,23,Mid-Block,Non Intersection,No Control,Clear,"Dusk, artificial",Dry,Non-Fatal Injury,SMV Other,D23,1,West Humber-Clairville (1),-79.599,43.7427,NULL,NULL,N,NULL,NULL,NULL
1009018,2007,00:00.0,58,0,DON VALLEY PARKWAY  S,LAWRENCE AVE E,NULL,NULL,North York,16,33,Mid-Block,NULL,No Control,Snow,Dark,Loose Snow,Non-Fatal Injury,SMV Other,D33,45,Parkwoods-Donalda (45),-79.3325,43.7436,NULL,NULL,N,NULL,NULL,NULL
5001919444,2015,00:00.0,1100,11,LAWRENCE AVE E,GREENHOLM CRCT,NULL,1,Scarborough,24,43,Intersection,At Intersection,Traffic Signal,Clear,Daylight,Dry,Non-Fatal Injury,Pedestrian Collisions,D43,137,Woburn (137),-79.2229,43.7603,-79.2229,43.7603,Y,Lawrence Ave E,Greencrest Crct,2021-07-29
6001284947,2016,00:00.0,630,6,LAWRENCE AVE W,WESTON RD,NULL,1,Etobicoke York,5,12,Intersection,At Intersection,Traffic Signal,Clear,"Dawn, artificial",Dry,Non-Fatal Injury,Turning Movement,D12,113,Weston (113),-79.5161,43.7,NULL,NULL,N,NULL,NULL,NULL
6000852828,2016,00:00.0,600,6,TWENTY FOURTH STREET,LAKESHORE BOULEVARD,46 m North of,4,Etobicoke York,3,22,Mid-Block,Non Intersection,No Control,Clear,Daylight,Dry,Non-Fatal Injury,Pedestrian Collisions,D22,18,New Toronto (18),-79.5226,43.5973,NULL,NULL,N,NULL,NULL,NULL
6000853484,2016,00:00.0,845,8,580 CHRISTIE ST,NULL,2 m East of,3,Toronto and East York,12,13,Mid-Block,At/Near Private Drive,No Control,Clear,Daylight,Dry,Non-Fatal Injury,Cyclist Collisions,D13,94,Wychwood (94),-79.4246,43.6791,NULL,NULL,N,NULL,NULL,NULL
6000894195,2016,00:00.0,1350,13,HIGHWAY 27  N,HUMBER COLLEGE BLVD,NULL,1,Etobicoke York,1,23,Mid-Block,Non Intersection,No Control,Clear,Daylight,Dry,Fatal,Rear End,D23,1,West Humber-Clairville (1),-79.6,43.7273,NULL,NULL,N,NULL,NULL,NULL
6001406724,2016,00:00.0,329,3,DANFORTH RD,THICKETWOOD DR      (431),NULL,1,Scarborough,21,43,Intersection,Intersection Related,Stop Sign,Clear,"Daylight, artificial",Wet,Non-Fatal Injury,Angle,D43,138,Eglinton East (138),-79.2446,43.7447,NULL,NULL,N,NULL,NULL,NULL
6000934627,2016,00:00.0,1250,12,BAY ST,HAGERMAN ST,NULL,1,Toronto and East York,NULL,52,Intersection,At Intersection,Traffic Signal,Clear,Daylight,Dry,Non-Fatal Injury,Turning Movement,D52,76,Bay Street Corridor (76),-79.3831,43.6542,NULL,NULL,N,NULL,NULL,NULL
6000754675,2016,00:00.0,555,5,MARKHAM RD,EGLINTON AVE E,1 m North of,1,Scarborough,NULL,43,Intersection,Intersection Related,No Control,Clear,Dawn,Dry,Non-Fatal Injury,Pedestrian Collisions,D43,139,Scarborough Village (139),-79.2188,43.7431,NULL,NULL,N,NULL,NULL,NULL
5001980850,2015,00:00.0,1710,17,MARKHAM RD,EGLINTON AVE E,55 m North of,1,Scarborough,24,43,Mid-Block,Non Intersection,No Control,Rain,"Dark, artificial",Wet,Fatal,Pedestrian Collisions,D43,139,Scarborough Village (139),-79.2191,43.7437,NULL,NULL,N,NULL,NULL,NULL
6000943293,2016,00:00.0,1600,16,EGLINTON AVE E,BAYVIEW AVE,NULL,1,North York,15,53,Intersection,At Intersection,Traffic Signal,Clear,Daylight,Dry,Non-Fatal Injury,Turning Movement,D53,56,Leaside-Bennington (56),-79.3771,43.7109,NULL,NULL,N,NULL,NULL,NULL
5002168343,2015,00:00.0,1452,14,4727 SHEPPARD AVE E,NULL,4 m East of,1,Scarborough,23,42,Mid-Block,At/Near Private Drive,No Control,Clear,Daylight,Dry,Non-Fatal Injury,Pedestrian Collisions,D42,128,Agincourt South-Malvern West (128),-79.2503,43.7914,NULL,NULL,N,NULL,NULL,NULL
5001983106,2015,00:00.0,502,5,KIPLING AVE,NORSEMAN ST,NULL,1,Etobicoke York,3,22,Intersection,At Intersection,Traffic Signal,Rain,"Dark, artificial",Wet,Non-Fatal Injury,Pedestrian Collisions,D22,14,Islington-City Centre West (14),-79.531,43.6314,NULL,NULL,N,NULL,NULL,NULL
5002035175,2015,00:00.0,830,8,RONCESVALLES AVE,GRENADIER RD,5 m North of,3,Toronto and East York,4,11,Intersection,Non Intersection,No Control,Clear,Daylight,Dry,Non-Fatal Injury,Cyclist Collisions,D11,86,Roncesvalles (86),-79.45,43.6489,NULL,NULL,N,NULL,NULL,NULL
5001964890,2015,00:00.0,615,6,BATHURST ST,FLEET ST,NULL,1,Toronto and East York,10,14,Intersection,At Intersection,Traffic Signal,Clear,"Dawn, artificial",Dry,Non-Fatal Injury,Turning Movement,D14,77,Waterfront Communities-The Island (77),-79.3996,43.6364,NULL,NULL,N,NULL,NULL,NULL
5002235651,2015,00:00.0,2339,23,DANFORTH AVE,GILLARD AVE,NULL,1,Toronto and East York,14,NULL,Intersection,At Intersection,No Control,Clear,"Dark, artificial",Dry,Fatal,Pedestrian Collisions,D55,65,Greenwood-Coxwell (65),-79.3282,43.6823,NULL,NULL,N,NULL,NULL,NULL
1238461,2011,00:00.0,2203,22,HOPTREE Ave,STAINES Rd,NULL,4,Scarborough,25,42,Mid-Block,NULL,No Control,Clear,Dark,Dry,Non-Fatal Injury,Other,D42,131,Rouge (131),-79.2202,43.8221,NULL,NULL,N,NULL,NULL,NULL
996573,2007,00:00.0,1857,18,DUPONT ST,DOVERCOURT RD,NULL,1,Toronto and East York,9,14,Intersection,At Intersection,Traffic Signal,Clear,Dusk,Dry,Non-Fatal Injury,Turning Movement,D14,93,Dovercourt-Wallace Emerson-Junction (93),-79.4327,43.6696,NULL,NULL,N,NULL,NULL,NULL
5002098323,2015,00:00.0,1905,19,STEELES AVE W,JANE ST,1 m East of,1,Etobicoke York,7,31,Intersection,At Intersection,Traffic Signal,Clear,"Dark, artificial",Dry,Non-Fatal Injury,Sideswipe,D31,27,York University Heights (27),-79.5217,43.7754,-79.5217,43.7754,Y,Steeles Ave W,Jane St,2021-03-05
991226,2007,00:00.0,1500,15,DON MILLS RD,ROCHEFORT DR E,NULL,1,North York,16,54,Mid-Block,NULL,No Control,Clear,Daylight,Dry,Non-Fatal Injury,Pedestrian Collisions,D54,44,Flemingdon Park (44),-79.3387,43.72,NULL,NULL,N,NULL,NULL,NULL
6000042274,2016,00:00.0,520,5,BROWN S LINE,LAKE SHORE BLVD W,30 m North of,1,Etobicoke York,3,22,Mid-Block,Non Intersection,No Control,Clear,"Dark, artificial",Wet,Fatal,SMV Other,D22,19,Long Branch (19),-79.5415,43.593,NULL,NULL,N,NULL,NULL,NULL
6000044562,2016,00:00.0,1330,13,BAYVIEW AVE,PARKHURST BLVD,6 m North of,1,North York,15,53,Intersection,Intersection Related,Pedestrian Crossover,Clear,Daylight,Wet,Non-Fatal Injury,Pedestrian Collisions,D53,56,Leaside-Bennington (56),-79.3763,43.7087,NULL,NULL,N,NULL,NULL,NULL
5001821227,2015,00:00.0,2130,21,BATHURST ST,NIAGARA ST,25 m South of,1,Toronto and East York,10,14,Intersection,At/Near Private Drive,Traffic Signal,Clear,"Dark, artificial",Dry,Non-Fatal Injury,Cyclist Collisions,D14,77,Waterfront Communities-The Island (77),-79.402,43.6421,NULL,NULL,N,NULL,NULL,NULL
6000094182,2016,00:00.0,1536,15,OSSINGTON AVE,DAVENPORT RD,41 m South of,3,Toronto and East York,NULL,13,Mid-Block,Non Intersection,No Control,Clear,Daylight,Dry,Non-Fatal Injury,Pedestrian Collisions,D13,94,Wychwood (94),-79.4308,43.6743,NULL,NULL,N,NULL,NULL,NULL
981582,2007,00:00.0,1139,11,BAYVIEW AVE,SCENIC MILLWAY,NULL,1,North York,15,NULL,Intersection,NULL,No Control,Clear,Daylight,Dry,Non-Fatal Injury,Cyclist Collisions,D33,40,St.Andrew-Windfields (40),-79.3846,43.7507,NULL,NULL,N,NULL,NULL,NULL
992609,2007,00:00.0,1757,17,DUNDAS ST W,CARLYLE ST,NULL,1,Toronto and East York,NULL,14,Intersection,NULL,No Control,Clear,Daylight,Dry,Non-Fatal Injury,Pedestrian Collisions,D14,78,Kensington-Chinatown (78),-79.4047,43.6521,NULL,NULL,N,NULL,NULL,NULL
993818,2007,00:00.0,1932,19,HIGHWAY 27  N,HUMBER COLLEGE BLVD,NULL,1,Etobicoke York,1,23,Mid-Block,NULL,No Control,Clear,Dark,Dry,Fatal,Pedestrian Collisions,D23,1,West Humber-Clairville (1),-79.6018,43.7315,NULL,NULL,N,NULL,NULL,NULL
972843,2007,00:00.0,2,0,BLOOR ST E,DRUMSNAB RD,NULL,1,Toronto and East York,11,NULL,Intersection,At Intersection,No Control,Clear,Dark,Dry,Fatal,SMV Other,D51,71,Cabbagetown-South St.James Town (71),-79.3674,43.6742,NULL,NULL,N,NULL,NULL,NULL
995772,2007,00:00.0,1130,11,LOGAN AVE,EASTERN AVE,NULL,1,Toronto and East York,14,55,Intersection,At Intersection,Traffic Signal,Clear,Daylight,Dry,Non-Fatal Injury,Pedestrian Collisions,D55,70,South Riverdale (70),-79.3413,43.6578,NULL,NULL,N,NULL,NULL,NULL
986987,2007,00:00.0,2143,21,QUEEN ST E,CRAVEN RD,NULL,3,Toronto and East York,14,55,Mid-Block,NULL,No Control,Clear,Dark,Dry,Non-Fatal Injury,Cyclist Collisions,D55,65,Greenwood-Coxwell (65),-79.3179,43.666,NULL,NULL,N,NULL,NULL,NULL
6000566615,2016,00:00.0,1930,19,FINCH AVE E,CHEROKEE BLVD,150 m East of,1,North York,17,33,Mid-Block,Non Intersection,No Control,Snow,Dark,Ice,Non-Fatal Injury,Approaching,D33,46,Pleasant View (46),-79.3354,43.7928,NULL,NULL,N,NULL,NULL,NULL
973856,2007,00:00.0,1029,10,3875 SHEPPARD AVE E,NULL,NULL,1,Scarborough,22,42,Mid-Block,NULL,No Control,Clear,Daylight,Dry,Non-Fatal Injury,SMV Other,D42,118,Tam O'Shanter-Sullivan (118),-79.2898,43.7828,NULL,NULL,N,NULL,NULL,NULL
977762,2007,00:00.0,1921,19,DANFORTH AVE,MONARCH PARK AVE,NULL,1,Toronto and East York,14,NULL,Intersection,NULL,Traffic Signal,Rain,Dark,Wet,Non-Fatal Injury,Pedestrian Collisions,D55,65,Greenwood-Coxwell (65),-79.3271,43.6825,NULL,NULL,N,NULL,NULL,NULL
987443,2007,00:00.0,1409,14,EGLINTON AVE W,MARTIN GROVE RD,NULL,1,Etobicoke York,NULL,NULL,Intersection,NULL,Traffic Signal,Clear,Daylight,Dry,Non-Fatal Injury,Turning Movement,D22,10,Princess-Rosethorn (10),-79.5631,43.6744,-79.5631,43.6744,Y,Eglinton Ave W,Martin Grove Rd,2017-07-10
6000019763,2016,00:00.0,1520,15,FENSIDE DR,VERSEND DR,NULL,2,North York,16,33,Intersection,At Intersection,Stop Sign,Clear,Daylight,Dry,Non-Fatal Injury,Angle,D33,45,Parkwoods-Donalda (45),-79.3287,43.7627,NULL,NULL,N,NULL,NULL,NULL
984340,2007,00:00.0,1301,13,JANE ST,SAN MARINOWAY,NULL,1,Etobicoke York,7,31,Intersection,At Intersection,No Control,Clear,Daylight,Dry,Non-Fatal Injury,Sideswipe,D31,25,Glenfield-Jane Heights (25),-79.5143,43.7441,NULL,NULL,N,NULL,NULL,NULL
1044246,2008,00:00.0,1500,15,PROGRESS AVE,401 C E PROGRESS AV RAMP E,NULL,3,Scarborough,21,43,Mid-Block,NULL,Traffic Signal,Clear,Daylight,Dry,Non-Fatal Injury,SMV Other,D43,127,Bendale (127),-79.2609,43.7777,NULL,NULL,N,NULL,NULL,NULL
1048237,2008,00:00.0,1805,18,WESTON Road,WALSH Aven,NULL,1,Etobicoke York,7,31,Intersection,At Intersection,Traffic Signal,Clear,Daylight,Dry,Non-Fatal Injury,Cyclist Collisions,D31,23,Pelmo Park-Humberlea (23),-79.5372,43.717,NULL,NULL,N,NULL,NULL,NULL
979564,2007,00:00.0,2155,21,BATHURST ST,BROWNS LANE W,NULL,1,Toronto and East York,10,14,Mid-Block,At Intersection,No Control,Clear,Dark,Dry,Non-Fatal Injury,Pedestrian Collisions,D14,77,Waterfront Communities-The Island (77),-79.4029,43.6447,NULL,NULL,N,NULL,NULL,NULL