ACCNUM,YEAR,DATE,TIME,HOUR,STREET1,STREET2,OFFSET,ROAD_CLASS,DISTRICT,WARDNUM,DIVISION,LOCCOORD,ACCLOC,TRAFFCTL,VISIBILITY,LIGHT,RDSFCOND,ACCLASS,IMPACTYPE,POLICE_DIVISION,HOOD_ID,NEIGHBOURHOOD,collision_lat,collision_long,red_light_lat,red_light_long,right_light_camera,LINEAR_NAME_FULL_1,LINEAR_NAME_FULL_2,ACTIVATION_DATE
1044477,2008,00:00.0,1150,11,DANFORTH AVE,LINNSMORE CRES,NULL,1,Toronto and East York,14,NULL,Intersection,NULL,Traffic Signal,Clear,Daylight,Dry,Non-Fatal Injury,Pedestrian Collisions,D55,66,Danforth (66),-79.3297,43.682,NULL,NULL,N,NULL,NULL,NULL
1053740,2008,00:00.0,2210,22,ANCONA ST,FINCH AVE W,NULL,1,North York,18,32,Intersection,At Intersection,Stop Sign,Clear,Dark,Dry,Non-Fatal Injury,Cyclist Collisions,D32,37,Willowdale West (37),-79.4387,43.7745,NULL,NULL,N,NULL,NULL,NULL
1033955,2008,00:00.0,1422,14,EGLINTON AVE W,PEVERIL HILL  N,NULL,1,North York,NULL,13,Mid-Block,NULL,No Control,Clear,Daylight,Dry,Non-Fatal Injury,Pedestrian Collisions,D13,102,Forest Hill North (102),-79.4263,43.7008,NULL,NULL,N,NULL,NULL,NULL
1035405,2008,00:00.0,1722,17,REXDALE Boul,QUEENS PLATE Driv,NULL,1,Etobicoke York,1,23,Intersection,At Intersection,No Control,Clear,Daylight,Dry,Fatal,Pedestrian Collisions,D23,1,West Humber-Clairville (1),-79.6034,43.7191,NULL,NULL,N,NULL,NULL,NULL
1061541,2008,00:00.0,412,4,DON VALLEY PARKWAY  S,BEECHWOOD DR,NULL,NULL,Toronto and East York,14,54,Mid-Block,NULL,No Control,Clear,Dark,Dry,Non-Fatal Injury,Approaching,D54,57,Broadview North (57),-79.3529,43.6968,NULL,NULL,N,NULL,NULL,NULL
1015580,2008,00:00.0,1957,19,DON VALLEY PARKWAY  N,PRINCE EDWARD VIADUCT Stre E,NULL,NULL,Toronto and East York,14,54,Mid-Block,NULL,No Control,Clear,Dark,Wet,Non-Fatal Injury,Sideswipe,D54,57,Broadview North (57),-79.3623,43.6818,NULL,NULL,N,NULL,NULL,NULL
1025897,2008,00:00.0,905,9,ONTARIO ST,RICHMOND ST E,NULL,4,Toronto and East York,13,51,Mid-Block,At Intersection,No Control,Clear,Daylight,Ice,Non-Fatal Injury,Pedestrian Collisions,D51,73,Moss Park (73),-79.3668,43.6542,NULL,NULL,N,NULL,NULL,NULL
1047968,2008,00:00.0,2155,21,STEELES AVE W,HIDDEN TRL,NULL,1,North York,6,32,Mid-Block,NULL,No Control,Clear,Dark,Dry,Fatal,Approaching,D32,35,Westminster-Branson (35),-79.4639,43.7884,NULL,NULL,N,NULL,NULL,NULL
1045692,2008,00:00.0,1733,17,YORK MILLS RD,FENN AVE,NULL,1,North York,15,32,Intersection,At Intersection,Traffic Signal,Clear,Daylight,Dry,Non-Fatal Injury,Pedestrian Collisions,D32,40,St.Andrew-Windfields (40),-79.3889,43.747,NULL,NULL,N,NULL,NULL,NULL
1009854,2007,00:00.0,258,2,267 DAVENPORT Rd,NULL,NULL,1,Toronto and East York,11,53,Mid-Block,NULL,No Control,Snow,Dark,Packed Snow,Non-Fatal Injury,Pedestrian Collisions,D53,95,Annex (95),-79.3981,43.6743,NULL,NULL,N,NULL,NULL,NULL
1065860,2008,00:00.0,641,6,BLOOR ST W,WINDERMERE AVE,NULL,1,Toronto and East York,4,11,Intersection,At Intersection,Traffic Signal,Clear,Dawn,Dry,Non-Fatal Injury,Pedestrian Collisions,D11,89,Runnymede-Bloor West Village (89),-79.4804,43.6502,NULL,NULL,N,NULL,NULL,NULL
1046409,2008,00:00.0,1838,18,F G GARDINER XY  W,LAKE SHORE BLVD E,NULL,1,Toronto and East York,14,55,Entrance Ramp Westbound,NULL,No Control,Clear,Daylight,Dry,Non-Fatal Injury,Sideswipe,D55,70,South Riverdale (70),-79.3414,43.6533,NULL,NULL,N,NULL,NULL,NULL
1065056,2008,00:00.0,915,9,STEELES AVE E,WILLOWDALE AVE,NULL,1,North York,18,32,Intersection,NULL,Traffic Signal,Clear,Daylight,Other,Non-Fatal Injury,Pedestrian Collisions,D32,50,Newtonbrook East (50),-79.4144,43.7992,NULL,NULL,N,NULL,NULL,NULL
973640,2007,00:00.0,1645,16,CHESTNUT ST,EDWARD ST,NULL,2,Toronto and East York,11,52,Intersection,At Intersection,No Control,Clear,Daylight,Dry,Non-Fatal Injury,Pedestrian Collisions,D52,76,Bay Street Corridor (76),-79.3863,43.6559,NULL,NULL,N,NULL,NULL,NULL
1026032,2008,00:00.0,1245,12,DIXON RD,MARTIN GROVE RD,NULL,1,Etobicoke York,NULL,23,Intersection,At Intersection,Traffic Signal,Clear,Daylight,Dry,Non-Fatal Injury,Angle,D23,1,West Humber-Clairville (1),-79.5707,43.6915,NULL,NULL,N,NULL,NULL,NULL
1042100,2008,00:00.0,2120,21,ALBION RD,MARTIN GROVE RD,NULL,1,Etobicoke York,1,23,Mid-Block,NULL,NULL,Other,Dusk,Other,Non-Fatal Injury,Other,D23,1,West Humber-Clairville (1),-79.5947,43.742,NULL,NULL,N,NULL,NULL,NULL
1061106,2008,00:00.0,2027,20,JARVIS ST,CARLTON ST,NULL,1,Toronto and East York,13,51,Mid-Block,NULL,No Control,Clear,Dark,Dry,Non-Fatal Injury,Turning Movement,D51,71,Cabbagetown-South St.James Town (71),-79.3775,43.6646,NULL,NULL,N,NULL,NULL,NULL
1058854,2008,00:00.0,1825,18,ALBION RD,BEATTIE AVE,NULL,1,Etobicoke York,1,23,Intersection,NULL,No Control,Clear,Daylight,Dry,Non-Fatal Injury,Rear End,D23,5,Elms-Old Rexdale (5),-79.5507,43.7253,NULL,NULL,N,NULL,NULL,NULL
1026199,2008,00:00.0,2040,20,HUMBER COLLEGE BLVD,HIGHWAY 27  S,NULL,1,Etobicoke York,1,23,Intersection,NULL,Traffic Signal,Snow,Dark,Wet,Non-Fatal Injury,Rear End,D23,1,West Humber-Clairville (1),-79.6015,43.7304,NULL,NULL,N,NULL,NULL,NULL
1054475,2008,00:00.0,542,5,RONCESVALLES AVE,HIGH PARK BLVD,NULL,3,Toronto and East York,4,11,Intersection,NULL,No Control,Clear,Daylight,Dry,Non-Fatal Injury,Pedestrian Collisions,D11,86,Roncesvalles (86),-79.449,43.6463,NULL,NULL,N,NULL,NULL,NULL
1347684,2013,00:00.0,208,2,QUEEN ST E,WAVERLEY RD,NULL,3,Toronto and East York,19,55,Intersection,NULL,No Control,Clear,"Dark, artificial",Wet,Non-Fatal Injury,Pedestrian Collisions,D55,63,The Beaches (63),-79.3008,43.6698,NULL,NULL,N,NULL,NULL,NULL
1341806,2013,00:00.0,858,8,JANE St,DALRYMPLE Dr,NULL,1,Etobicoke York,5,12,Intersection,At Intersection,Stop Sign,Clear,Daylight,Dry,Non-Fatal Injury,Turning Movement,D12,111,Rockcliffe-Smythe (111),-79.496,43.6772,NULL,NULL,N,NULL,NULL,NULL
1369816,2013,00:00.0,640,6,SPADINA RD,DUPONT ST,NULL,1,Toronto and East York,11,NULL,Intersection,At Intersection,Traffic Signal,Rain,Daylight,Wet,Non-Fatal Injury,Approaching,D53,95,Annex (95),-79.407,43.6748,NULL,NULL,N,NULL,NULL,NULL
1370737,2013,00:00.0,17,0,DUPONT ST,LANSDOWNE AVE,NULL,1,Toronto and East York,9,11,Intersection,NULL,Traffic Signal,Clear,"Dark, artificial",Dry,Non-Fatal Injury,Rear End,D11,93,Dovercourt-Wallace Emerson-Junction (93),-79.4464,43.6667,-79.4464,43.6667,Y,Lansdowne Ave,Dupont St,2008-03-26
1367518,2013,00:00.0,1519,15,KIPLING AVE,JUTLAND RD,NULL,1,Etobicoke York,3,22,Intersection,At Intersection,Stop Sign,Clear,Daylight,Dry,Fatal,Turning Movement,D22,14,Islington-City Centre West (14),-79.5287,43.6262,NULL,NULL,N,NULL,NULL,NULL
1351876,2013,00:00.0,1450,14,AVENUE RD,FAIRLAWN AVE,NULL,1,North York,8,32,Intersection,NULL,Traffic Signal,Clear,Daylight,Dry,Fatal,Pedestrian Collisions,D32,39,Bedford Park-Nortown (39),-79.4178,43.7278,NULL,NULL,N,NULL,NULL,NULL
1354707,2013,00:00.0,1450,14,YONGE ST,GERRARD ST E,NULL,1,Toronto and East York,NULL,NULL,Mid-Block,NULL,No Control,Clear,Daylight,Dry,Fatal,Pedestrian Collisions,D52,75,Church-Yonge Corridor (75),-79.3823,43.6596,NULL,NULL,N,NULL,NULL,NULL
1361719,2013,00:00.0,948,9,WOODBINE AVE,MORTIMER AVE,NULL,1,Toronto and East York,19,54,Intersection,NULL,No Control,Clear,Daylight,Dry,Non-Fatal Injury,Cyclist Collisions,D54,60,Woodbine-Lumsden (60),-79.3157,43.6926,NULL,NULL,N,NULL,NULL,NULL
1372923,2013,00:00.0,1300,13,BROWNS Line,WHALEY Dr,NULL,1,Etobicoke York,3,22,Intersection,NULL,No Control,Clear,Daylight,Dry,Non-Fatal Injury,Rear End,D22,20,Alderwood (20),-79.5473,43.6065,NULL,NULL,N,NULL,NULL,NULL
1373372,2013,00:00.0,1820,18,KEELE St,ROGERS Rd,NULL,1,Etobicoke York,5,12,Intersection,At Intersection,Traffic Signal,Clear,Daylight,Dry,Non-Fatal Injury,SMV Other,D12,110,Keelesdale-Eglinton West (110),-79.4715,43.6821,-79.4715,43.6821,Y,Rogers Rd,Keele St,2009-09-08
1348815,2013,00:00.0,1426,14,ROGERS Rd,KEELE St,NULL,1,Etobicoke York,5,12,Intersection,NULL,Traffic Signal,Clear,Daylight,Wet,Non-Fatal Injury,Pedestrian Collisions,D12,110,Keelesdale-Eglinton West (110),-79.4715,43.6821,-79.4715,43.6821,Y,Rogers Rd,Keele St,2009-09-08
1360225,2013,00:00.0,340,3,QUEEN ST W,SPADINA AVE,NULL,1,Toronto and East York,10,14,Intersection,NULL,No Control,Clear,"Dark, artificial",Dry,Non-Fatal Injury,Pedestrian Collisions,D14,77,Waterfront Communities-The Island (77),-79.3972,43.6485,NULL,NULL,N,NULL,NULL,NULL
1361161,2013,00:00.0,1923,19,KEELE ST,DONALD AVE,NULL,1,Etobicoke York,5,12,Intersection,At Intersection,Traffic Signal,Clear,Daylight,Dry,Non-Fatal Injury,Pedestrian Collisions,D12,110,Keelesdale-Eglinton West (110),-79.4727,43.6849,NULL,NULL,N,NULL,NULL,NULL
1371425,2013,00:00.0,840,8,KINGSTON RD,FALAISE RD E,NULL,1,Scarborough,24,43,Intersection,NULL,No Control,Clear,Daylight,Dry,Non-Fatal Injury,Pedestrian Collisions,D43,136,West Hill (136),-79.1887,43.7685,NULL,NULL,N,NULL,NULL,NULL
1379252,2012,00:00.0,315,3,MAITLAND ST,YONGE ST,NULL,2,Toronto and East York,13,51,Mid-Block,NULL,No Control,Clear,Dark,Dry,Non-Fatal Injury,Pedestrian Collisions,D51,75,Church-Yonge Corridor (75),-79.3786,43.665,NULL,NULL,N,NULL,NULL,NULL
1328809,2012,00:00.0,1745,17,BRIMLEY RD,SHEPPARD AVE E,NULL,1,Scarborough,23,42,Intersection,At Intersection,Traffic Signal,"Fog, Mist, Smoke, Dust","Dark, artificial",Wet,Non-Fatal Injury,Pedestrian Collisions,D42,128,Agincourt South-Malvern West (128),-79.2682,43.7875,NULL,NULL,N,NULL,NULL,NULL
1365311,2013,00:00.0,1959,19,WILSON HEIGHTS BLVD,WATERLOO AVE,NULL,2,North York,6,32,Intersection,At Intersection,Traffic Signal,Clear,Dusk,Dry,Non-Fatal Injury,Pedestrian Collisions,D32,34,Bathurst Manor (34),-79.4598,43.7553,NULL,NULL,N,NULL,NULL,NULL
1385964,2013,00:00.0,2025,20,WILSON AVE,NORTHGATE DR,NULL,1,North York,6,32,Intersection,NULL,Traffic Signal,Rain,"Dark, artificial",Wet,Non-Fatal Injury,Pedestrian Collisions,D32,26,Downsview-Roding-CFB (26),-79.468,43.7303,NULL,NULL,N,NULL,NULL,NULL
1337952,2013,00:00.0,1409,14,BLOOR ST W,OLD MILL TER,NULL,1,Etobicoke York,3,22,Intersection,At Intersection,Stop Sign,Snow,Daylight,Loose Snow,Non-Fatal Injury,Rear End,D22,15,Kingsway South (15),-79.4984,43.65,NULL,NULL,N,NULL,NULL,NULL
1373041,2013,00:00.0,1948,19,BIRCHMOUNT RD,SCARDEN AVE,NULL,1,Scarborough,22,42,Intersection,At Intersection,Traffic Signal,Rain,"Dusk, artificial",Wet,Non-Fatal Injury,Pedestrian Collisions,D42,118,Tam O'Shanter-Sullivan (118),-79.295,43.7741,NULL,NULL,N,NULL,NULL,NULL
1338584,2012,00:00.0,1510,15,ELLESMERE RD,MARKHAM RD,NULL,1,Scarborough,24,43,Mid-Block,At Intersection,No Control,Rain,Daylight,Wet,Non-Fatal Injury,Rear End,D43,137,Woburn (137),-79.2335,43.776,NULL,NULL,N,NULL,NULL,NULL
3000937530,2013,00:00.0,2304,23,F G GARDINER XY  W,PARKSIDE DR,NULL,NULL,Toronto and East York,4,11,Mid-Block,Non Intersection,No Control,Clear,"Dark, artificial",Dry,Non-Fatal Injury,Pedestrian Collisions,D11,85,South Parkdale (85),-79.4469,43.6379,NULL,NULL,N,NULL,NULL,NULL
1357155,2013,00:00.0,1800,18,JANE ST,FOXWELL ST,NULL,1,Etobicoke York,5,12,Intersection,At Intersection,Traffic Signal,Clear,Daylight,Dry,Non-Fatal Injury,Cyclist Collisions,D12,111,Rockcliffe-Smythe (111),-79.4936,43.6716,NULL,NULL,N,NULL,NULL,NULL
1339150,2012,00:00.0,1335,13,2800 STEELES AVE W,NULL,NULL,1,Etobicoke York,7,31,Mid-Block,NULL,No Control,"Fog, Mist, Smoke, Dust",Daylight,Dry,Non-Fatal Injury,Approaching,D31,24,Black Creek (24),-79.5291,43.7738,NULL,NULL,N,NULL,NULL,NULL
1376061,2013,00:00.0,1634,16,LAKE SHORE BLVD W,DWIGHT AVE,NULL,1,Etobicoke York,3,22,Intersection,NULL,No Control,Clear,Daylight,Dry,Fatal,Cyclist Collisions,D22,17,Mimico (17),-79.4979,43.6023,NULL,NULL,N,NULL,NULL,NULL
1388613,2013,00:00.0,902,9,SANDHURST CRCL,FINCH AVE E,NULL,1,Scarborough,23,42,Intersection,NULL,Traffic Signal,Clear,Daylight,Dry,Non-Fatal Injury,Pedestrian Collisions,D42,129,Agincourt North (129),-79.2627,43.8088,NULL,NULL,N,NULL,NULL,NULL
1384077,2013,00:00.0,1400,14,45 OVERLEA Blvd,NULL,NULL,1,North York,15,53,Mid-Block,NULL,No Control,Clear,Daylight,Dry,Non-Fatal Injury,SMV Other,D53,55,Thorncliffe Park (55),-79.349,43.7057,NULL,NULL,N,NULL,NULL,NULL
4002138456,2014,00:00.0,2011,20,MEADOWVALE RD,SHEPPARD AVE E,NULL,1,Scarborough,25,42,Intersection,At Intersection,Traffic Signal,Clear,Dark,Dry,Non-Fatal Injury,Turning Movement,D42,131,Rouge (131),-79.1708,43.8083,NULL,NULL,N,NULL,NULL,NULL
1338446,2012,00:00.0,1819,18,ISLINGTON AVE,DUNDAS ST W,NULL,1,Etobicoke York,2,22,Intersection,At Intersection,Traffic Signal,Rain,"Dark, artificial",Wet,Non-Fatal Injury,Pedestrian Collisions,D22,15,Kingsway South (15),-79.5263,43.6513,NULL,NULL,N,NULL,NULL,NULL
1331941,2012,00:00.0,1715,17,UNIVERSITY AVE,ELM ST,NULL,1,Toronto and East York,11,52,Intersection,At Intersection,Traffic Signal,Clear,"Dark, artificial",Dry,Non-Fatal Injury,Sideswipe,D52,76,Bay Street Corridor (76),-79.3889,43.6563,NULL,NULL,N,NULL,NULL,NULL
3000972719,2013,00:00.0,1945,19,545 THE WEST MALL,NULL,NULL,3,Etobicoke York,2,22,Mid-Block,Non Intersection,No Control,Clear,"Dark, artificial",Dry,Non-Fatal Injury,Pedestrian Collisions,D22,13,Etobicoke West Mall (13),-79.5697,43.6516,NULL,NULL,N,NULL,NULL,NULL
3001000463,2013,00:00.0,1327,13,MOUNT PLEASANT RD,TED ROGERS WAY,NULL,1,Toronto and East York,NULL,51,Intersection,Intersection Related,Traffic Signal,Clear,Daylight,Dry,Non-Fatal Injury,Rear End,D51,74,North St.James Town (74),-79.3798,43.6699,NULL,NULL,N,NULL,NULL,NULL
1388412,2013,00:00.0,920,9,THE DONWAY  W,LAWRENCE AVE E,NULL,3,North York,16,33,Mid-Block,NULL,No Control,Clear,Daylight,Dry,Non-Fatal Injury,SMV Other,D33,42,Banbury-Don Mills (42),-79.347,43.7384,NULL,NULL,N,NULL,NULL,NULL
1385276,2013,00:00.0,1625,16,18 LONGSPUR RD,NULL,NULL,2,Toronto and East York,19,54,Intersection,NULL,No Control,Clear,Daylight,Dry,Fatal,Pedestrian Collisions,D54,54,O'Connor-Parkview (54),-79.325,43.7058,NULL,NULL,N,NULL,NULL,NULL
1387900,2013,00:00.0,1305,13,BIRCHMOUNT Rd,BERTRAND Ave,NULL,1,Scarborough,21,41,Intersection,NULL,Traffic Signal,Clear,Daylight,Dry,Non-Fatal Injury,Turning Movement,D41,125,Ionview (125),-79.2798,43.7352,NULL,NULL,N,NULL,NULL,NULL
3001107258,2013,00:00.0,304,3,35 FOUNTAINHEAD RD,NULL,NULL,4,Etobicoke York,7,31,Mid-Block,Non Intersection,No Control,Clear,"Dark, artificial",Dry,Non-Fatal Injury,Pedestrian Collisions,D31,27,York University Heights (27),-79.5031,43.7621,NULL,NULL,N,NULL,NULL,NULL
1386819,2013,00:00.0,1125,11,DON MILLS Rd,O CONNOR Dr,NULL,1,Toronto and East York,14,54,Intersection,NULL,Traffic Signal,Clear,Daylight,Dry,Non-Fatal Injury,Rear End,D54,58,Old East York (58),-79.3396,43.6955,NULL,NULL,N,NULL,NULL,NULL
3001064601,2013,00:00.0,509,5,295 DAVENPORT RD,NULL,NULL,1,Toronto and East York,11,53,Intersection,Non Intersection,No Control,Clear,Dark,Dry,Non-Fatal Injury,SMV Other,D53,95,Annex (95),-79.3997,43.6743,NULL,NULL,N,NULL,NULL,NULL
4001521629,2014,00:00.0,1054,10,7 ISABELLA ST,NULL,NULL,2,Toronto and East York,13,51,Mid-Block,Non Intersection,No Control,Clear,Daylight,Wet,Non-Fatal Injury,Pedestrian Collisions,D51,75,Church-Yonge Corridor (75),-79.3853,43.6676,NULL,NULL,N,NULL,NULL,NULL
4001560471,2014,00:00.0,1836,18,GRENOBLE DR,GATEWAY BLVD,NULL,3,North York,16,54,Intersection,Intersection Related,Traffic Signal,Clear,"Dark, artificial",Dry,Non-Fatal Injury,Pedestrian Collisions,D54,44,Flemingdon Park (44),-79.3341,43.7149,NULL,NULL,N,NULL,NULL,NULL
141603063,2014,00:00.0,1646,16,YORK MILLS RD,UPJOHN RD,NULL,1,North York,16,33,Intersection,NULL,No Control,Clear,Daylight,Dry,Fatal,Turning Movement,D33,42,Banbury-Don Mills (42),-79.3508,43.7549,NULL,NULL,N,NULL,NULL,NULL
1387019,2013,00:00.0,837,8,FINCH AVE E,SANDHURST CRCL,NULL,1,Scarborough,23,42,Intersection,NULL,Traffic Signal,Clear,Daylight,Dry,Non-Fatal Injury,Pedestrian Collisions,D42,129,Agincourt North (129),-79.2627,43.8088,NULL,NULL,N,NULL,NULL,NULL
4001344082,2014,00:00.0,1929,19,WARDEN AVE,SHEPPARD AVE E,NULL,1,Scarborough,22,42,Intersection,Intersection Related,Traffic Signal,Clear,"Dark, artificial",Dry,Non-Fatal Injury,Turning Movement,D42,118,Tam O'Shanter-Sullivan (118),-79.3078,43.7787,NULL,NULL,N,NULL,NULL,NULL
4001626103,2014,00:00.0,1208,12,STEELES AVE W,DUFFERIN ST,NULL,1,North York,6,32,Intersection,At Intersection,Traffic Signal,Clear,Daylight,Wet,Non-Fatal Injury,Turning Movement,D32,34,Bathurst Manor (34),-79.47,43.7872,-79.47,43.7872,Y,Steeles Ave W,Dufferin St,2018-09-05
4000009508,2014,00:00.0,2159,21,KINGSTON RD,PICKERING ST,10 m East of,1,Toronto and East York,19,55,Intersection,At Intersection,No Control,Clear,"Dark, artificial",Dry,Non-Fatal Injury,Cyclist Collisions,D55,63,The Beaches (63),-79.2899,43.6802,NULL,NULL,N,NULL,NULL,NULL
4002723007,2014,00:00.0,2159,21,KINGSTON RD,PICKERING ST,NULL,1,Toronto and East York,19,55,Mid-Block,Non Intersection,No Control,Clear,"Dark, artificial",Dry,Non-Fatal Injury,Cyclist Collisions,D55,62,East End-Danforth (62),-79.2899,43.6802,NULL,NULL,N,NULL,NULL,NULL
1376445,2013,00:00.0,1621,16,EVANS AVE,ISLINGTON AVE,NULL,1,Etobicoke York,3,22,Intersection,At Intersection,Traffic Signal,Rain,Daylight,Wet,Non-Fatal Injury,Rear End,D22,17,Mimico (17),-79.5113,43.6183,-79.5113,43.6183,Y,Islington Ave,Evans Ave,2017-06-05
1387438,2013,00:00.0,1127,11,DIXON Rd,MARTIN GROVE Rd,NULL,1,Etobicoke York,1,23,Mid-Block,NULL,No Control,Clear,Daylight,Dry,Non-Fatal Injury,Sideswipe,D23,1,West Humber-Clairville (1),-79.5723,43.6912,NULL,NULL,N,NULL,NULL,NULL
1386536,2013,00:00.0,1922,19,4750 DUFFERIN ST,NULL,NULL,1,North York,6,32,Mid-Block,NULL,No Control,Clear,Dark,Dry,Non-Fatal Injury,Turning Movement,D32,34,Bathurst Manor (34),-79.4687,43.7762,NULL,NULL,N,NULL,NULL,NULL
1386411,2013,00:00.0,1452,14,LAWRENCE AVE E,SCARBOROUGH GOLF CLUB RD,NULL,1,Scarborough,24,43,Intersection,NULL,Traffic Signal,Clear,Daylight,Dry,Non-Fatal Injury,Pedestrian Collisions,D43,137,Woburn (137),-79.2158,43.7618,-79.2158,43.7618,Y,Lawrence Ave E,Scarborough Golf Club Rd,2021-05-14
4002396674,2014,00:00.0,2125,21,HOLLYWOOD AVE,WILLOWDALE AVE,NULL,3,North York,18,32,Intersection,At Intersection,No Control,Clear,"Dusk, artificial",Dry,Non-Fatal Injury,Pedestrian Collisions,D32,51,Willowdale East (51),-79.4013,43.7679,NULL,NULL,N,NULL,NULL,NULL
142211983,2014,00:00.0,1250,12,53 CRAIGMORE CRES,NULL,NULL,4,North York,18,32,Mid-Block,NULL,No Control,Clear,Daylight,Dry,Fatal,Pedestrian Collisions,D32,51,Willowdale East (51),-79.3974,43.7632,NULL,NULL,N,NULL,NULL,NULL
4002688656,2014,00:00.0,1614,16,WOODBINE AVE,HEYWORTH CRES,NULL,1,Toronto and East York,19,55,Intersection,Non Intersection,No Control,Clear,Daylight,Dry,Non-Fatal Injury,Turning Movement,D55,62,East End-Danforth (62),-79.3084,43.6753,NULL,NULL,N,NULL,NULL,NULL
4002166140,2014,00:00.0,2125,21,NEILSON RD.,ELLESMERE RD,NULL,3,Scarborough,24,43,Mid-Block,At/Near Private Drive,No Control,Clear,"Dark, artificial",Dry,Non-Fatal Injury,Pedestrian Collisions,D43,135,Morningside (135),-79.2053,43.7833,NULL,NULL,N,NULL,NULL,NULL
3001220302,2013,00:00.0,1645,16,JAMESON AVE,KING ST W,NULL,3,Toronto and East York,4,14,Mid-Block,Non Intersection,No Control,Clear,Daylight,Dry,Non-Fatal Injury,Pedestrian Collisions,D14,85,South Parkdale (85),-79.4357,43.6363,NULL,NULL,N,NULL,NULL,NULL
899369,2006,00:00.0,1640,16,BLOOR ST W,CHRISTIE ST,NULL,1,Toronto and East York,11,14,Mid-Block,NULL,No Control,Clear,Daylight,Dry,Non-Fatal Injury,Pedestrian Collisions,D14,95,Annex (95),-79.4176,43.6637,NULL,NULL,N,NULL,NULL,NULL
4002237751,2014,00:00.0,110,1,BATHURST ST,ARDMORE RD,NULL,1,Toronto and East York,12,13,Intersection,At Intersection,No Control,Clear,"Dark, artificial",Dry,Non-Fatal Injury,Rear End,D13,101,Forest Hill South (101),-79.4225,43.6937,NULL,NULL,N,NULL,NULL,NULL
4002253625,2014,00:00.0,1252,12,THIRTY FIFTH ST,DOMINION RD,NULL,4,Etobicoke York,3,22,Intersection,Intersection Related,Stop Sign,Clear,Daylight,Dry,Non-Fatal Injury,Angle,D22,19,Long Branch (19),-79.5347,43.592,NULL,NULL,N,NULL,NULL,NULL
3001085931,2013,00:00.0,1815,18,ST CLAIR AVE E,HERRON AVE,NULL,1,Scarborough,20,41,Intersection,Intersection Related,Traffic Signal,Clear,"Dark, artificial",Dry,Non-Fatal Injury,Pedestrian Collisions,D41,120,Clairlea-Birchmount (120),-79.286,43.7109,NULL,NULL,N,NULL,NULL,NULL
916560,2006,00:00.0,1140,11,LAUGHTON AVE,TALBOT ST,NULL,2,Toronto and East York,9,11,Intersection,At Intersection,Stop Sign,Clear,Daylight,Dry,Non-Fatal Injury,Turning Movement,D11,91,Weston-Pellam Park (91),-79.4572,43.6739,NULL,NULL,N,NULL,NULL,NULL
4002711350,2014,00:00.0,2320,23,LANSDOWNE AVE,DUPONT ST,NULL,1,Toronto and East York,9,11,Intersection,At Intersection,Traffic Signal,Clear,"Dark, artificial",Dry,Non-Fatal Injury,Turning Movement,D11,93,Dovercourt-Wallace Emerson-Junction (93),-79.4464,43.6667,-79.4464,43.6667,Y,Lansdowne Ave,Dupont St,2008-03-26
893964,2006,00:00.0,755,7,941 PROGRESS AVE,NULL,NULL,3,Scarborough,24,43,Mid-Block,NULL,Traffic Signal,Clear,Daylight,Dry,Non-Fatal Injury,Pedestrian Collisions,D43,137,Woburn (137),-79.2317,43.7838,NULL,NULL,N,NULL,NULL,NULL
895818,2006,00:00.0,1717,17,DON MILLS RD,GATEWAY BLVD,NULL,1,North York,16,54,Mid-Block,NULL,No Control,Clear,Daylight,Dry,Non-Fatal Injury,SMV Other,D54,44,Flemingdon Park (44),-79.3357,43.713,NULL,NULL,N,NULL,NULL,NULL
893539,2006,00:00.0,1350,13,ARDMORE RD,BATHURST ST,NULL,1,Toronto and East York,12,13,Intersection,At Intersection,Stop Sign,Clear,Daylight,Dry,Non-Fatal Injury,Pedestrian Collisions,D13,101,Forest Hill South (101),-79.4225,43.6937,NULL,NULL,N,NULL,NULL,NULL
917847,2006,00:00.0,1100,11,QUEENS PR S WELLESLEY RAMP E,WELLESLEY ST W,NULL,3,Toronto and East York,11,52,Intersection,NULL,Stop Sign,Clear,Daylight,Dry,Non-Fatal Injury,Cyclist Collisions,D52,76,Bay Street Corridor (76),-79.3926,43.6631,NULL,NULL,N,NULL,NULL,NULL
918124,2006,00:00.0,1310,13,BURNHAMTHORPE RD,OLD BURNHAMTHORPE RD,NULL,1,Etobicoke York,2,22,Mid-Block,At Intersection,No Control,Clear,Daylight,Dry,Non-Fatal Injury,Pedestrian Collisions,D22,11,Eringate-Centennial-West Deane (11),-79.5746,43.6428,NULL,NULL,N,NULL,NULL,NULL
919596,2006,00:00.0,1600,16,CHAPLIN CRES,EGLINTON AVE W,NULL,1,North York,NULL,53,Intersection,At Intersection,Traffic Signal,Clear,Daylight,Dry,Non-Fatal Injury,Turning Movement,D53,102,Forest Hill North (102),-79.4173,43.7027,NULL,NULL,N,NULL,NULL,NULL
897313,2006,00:00.0,1813,18,HIGHWAY 27 N  N,HARNESS RD,NULL,1,Etobicoke York,1,23,Mid-Block,At Intersection,No Control,Rain,Dark,Wet,Non-Fatal Injury,Pedestrian Collisions,D23,1,West Humber-Clairville (1),-79.5978,43.7223,NULL,NULL,N,NULL,NULL,NULL
886039,2006,00:00.0,1820,18,FINCH AVE E,MIDDLEFIELD RD,NULL,1,Scarborough,23,42,Intersection,At Intersection,Traffic Signal,Clear,"Dark, artificial",Dry,Non-Fatal Injury,Pedestrian Collisions,D42,129,Agincourt North (129),-79.2576,43.8098,-79.2576,43.8098,Y,Finch Ave E,Middlefield Rd,2017-03-24