ACCNUM,YEAR,DATE,TIME,HOUR,STREET1,STREET2,OFFSET,ROAD_CLASS,DISTRICT,WARDNUM,DIVISION,LOCCOORD,ACCLOC,TRAFFCTL,VISIBILITY,LIGHT,RDSFCOND,ACCLASS,IMPACTYPE,POLICE_DIVISION,HOOD_ID,NEIGHBOURHOOD,collision_lat,collision_long,red_light_lat,red_light_long,right_light_camera,LINEAR_NAME_FULL_1,LINEAR_NAME_FULL_2,ACTIVATION_DATE
884135,2006,00:00.0,804,8,BRIMLEY RD,GULLY DR,NULL,1,Scarborough,21,NULL,Intersection,At Intersection,No Control,Clear,Daylight,Dry,Non-Fatal Injury,Approaching,D41,127,Bendale (127),-79.2512,43.7436,NULL,NULL,N,NULL,NULL,NULL
4002817424,2014,00:00.0,147,1,EGLINTON AVE E,MARKHAM RD,76 m West of,1,Scarborough,NULL,43,Mid-Block,Non Intersection,No Control,Clear,"Dark, artificial",Dry,Fatal,Pedestrian Collisions,D43,139,Scarborough Village (139),-79.2198,43.7429,NULL,NULL,N,NULL,NULL,NULL
890516,2006,00:00.0,1846,18,BATHURST ST,ALLINGHAM GDNS,NULL,1,North York,6,32,Intersection,At Intersection,Stop Sign,Clear,Dark,Dry,Non-Fatal Injury,Pedestrian Collisions,D32,38,Lansing-Westgate (38),-79.4347,43.7405,NULL,NULL,N,NULL,NULL,NULL
882501,2006,00:00.0,1120,11,BARTLEY DR,JINNAH CRT,NULL,2,North York,16,54,Intersection,NULL,No Control,Clear,Daylight,Wet,Fatal,SMV Other,D54,43,Victoria Village (43),-79.3079,43.722,NULL,NULL,N,NULL,NULL,NULL
887039,2006,00:00.0,1940,19,SHEPPARD AVE W,SENLAC RD,NULL,1,North York,18,32,Intersection,At Intersection,Traffic Signal,Rain,Dark,Wet,Non-Fatal Injury,Pedestrian Collisions,D32,38,Lansing-Westgate (38),-79.4225,43.7589,NULL,NULL,N,NULL,NULL,NULL
4002786358,2014,00:00.0,1205,12,SHEPPARD AVE W,BATHURST ST,25 m West of,1,North York,6,32,Intersection,Intersection Related,Traffic Signal,Clear,Daylight,Dry,Non-Fatal Injury,Other,D32,34,Bathurst Manor (34),-79.4384,43.7554,-79.4384,43.7554,Y,Bathurst St,Sheppard Ave W,2007-11-09
907251,2006,00:00.0,2141,21,ISLINGTON AVE,STEELES AVE W,NULL,1,Etobicoke York,7,31,Intersection,At Intersection,Traffic Signal,Clear,Dark,Dry,Non-Fatal Injury,Sideswipe,D31,21,Humber Summit (21),-79.5748,43.7643,-79.5748,43.7643,Y,Steeles Ave W,Islington Ave,2008-10-28
916168,2006,00:00.0,2130,21,VICTORIA PARK AVE,TERRAVIEW BLVD,NULL,1,North York,NULL,NULL,Intersection,At Intersection,Stop Sign,Clear,Dark,Dry,Non-Fatal Injury,Turning Movement,D33,119,Wexford/Maryvale (119),-79.3181,43.7645,NULL,NULL,N,NULL,NULL,NULL
882079,2006,00:00.0,2210,22,DON MILLS RD,LEITH HILL RD,NULL,1,North York,17,33,Intersection,At Intersection,Traffic Signal,Clear,"Dark, artificial",Dry,Non-Fatal Injury,Pedestrian Collisions,D33,47,Don Valley Village (47),-79.3478,43.777,NULL,NULL,N,NULL,NULL,NULL
903914,2006,00:00.0,150,1,WOODBINE AVE,GERRARD ST E,NULL,1,Toronto and East York,19,55,Mid-Block,NULL,No Control,Rain,Dark,Wet,Non-Fatal Injury,Pedestrian Collisions,D55,62,East End-Danforth (62),-79.3112,43.6819,NULL,NULL,N,NULL,NULL,NULL
919330,2006,00:00.0,2100,21,BELLAMY RD N,PROGRESS AVE,NULL,3,Scarborough,24,43,Intersection,At Intersection,Traffic Signal,Clear,Dark,Dry,Fatal,Turning Movement,D43,137,Woburn (137),-79.2437,43.7801,NULL,NULL,N,NULL,NULL,NULL
911839,2006,00:00.0,215,2,WOODBINE AVE,DANFORTH AVE,NULL,1,Toronto and East York,19,NULL,Intersection,At Intersection,Traffic Signal,Clear,Dark,Dry,Non-Fatal Injury,Cyclist Collisions,D55,62,East End-Danforth (62),-79.3127,43.6856,NULL,NULL,N,NULL,NULL,NULL
918059,2006,00:00.0,800,8,DANFORTH AVE,WOODBINE AVE,NULL,1,Toronto and East York,19,NULL,Intersection,At Intersection,Traffic Signal,Clear,Daylight,Dry,Non-Fatal Injury,Pedestrian Collisions,D55,62,East End-Danforth (62),-79.3127,43.6856,NULL,NULL,N,NULL,NULL,NULL
884310,2006,00:00.0,230,2,460 CORONATION DR,NULL,NULL,2,Scarborough,25,43,Mid-Block,NULL,No Control,Clear,Dark,Dry,Non-Fatal Injury,Pedestrian Collisions,D43,136,West Hill (136),-79.1703,43.765,NULL,NULL,N,NULL,NULL,NULL
899004,2006,00:00.0,1630,16,40 STORMONT AVE,NULL,NULL,4,North York,8,53,Mid-Block,At Intersection,No Control,Clear,Daylight,Dry,Non-Fatal Injury,Pedestrian Collisions,D53,39,Bedford Park-Nortown (39),-79.4252,43.7193,NULL,NULL,N,NULL,NULL,NULL
885650,2006,00:00.0,2048,20,F G GARDINER XY W  W,KIPLING AVE,NULL,NULL,Etobicoke York,3,22,Mid-Block,NULL,No Control,Rain,Dark,Wet,Fatal,Pedestrian Collisions,D22,17,Mimico (17),-79.5243,43.6182,NULL,NULL,N,NULL,NULL,NULL
915114,2006,00:00.0,515,5,HIGHWAY 27 S  S,401 X W 427 X RAMP,NULL,1,Etobicoke York,1,23,Mid-Block,NULL,No Control,Clear,Dark,Dry,Non-Fatal Injury,SMV Other,D23,1,West Humber-Clairville (1),-79.5787,43.6793,NULL,NULL,N,NULL,NULL,NULL
934070,2006,00:00.0,2330,23,1345 BAYVIEW AVE,AIRDRIE Road,NULL,1,North York,15,53,Mid-Block,NULL,No Control,Rain,Dark,Wet,Non-Fatal Injury,SMV Other,D53,56,Leaside-Bennington (56),-79.3727,43.6993,NULL,NULL,N,NULL,NULL,NULL
937458,2006,00:00.0,735,7,244 CHARTLAND BLVD S,NULL,NULL,2,Scarborough,23,42,Mid-Block,NULL,No Control,Clear,Daylight,Wet,Non-Fatal Injury,SMV Other,D42,129,Agincourt North (129),-79.27,43.8026,NULL,NULL,N,NULL,NULL,NULL
920395,2006,00:00.0,2130,21,MCCOWAN RD,STEELES AVE E,NULL,1,Scarborough,23,42,Intersection,At Intersection,Traffic Signal,Clear,Dark,Dry,Non-Fatal Injury,Pedestrian Collisions,D42,130,Milliken (130),-79.2751,43.831,NULL,NULL,N,NULL,NULL,NULL
924064,2006,00:00.0,2056,20,DUPONT ST,EDWIN AVE,NULL,1,Toronto and East York,9,11,Mid-Block,NULL,No Control,Rain,Dark,Wet,Non-Fatal Injury,Pedestrian Collisions,D11,93,Dovercourt-Wallace Emerson-Junction (93),-79.4545,43.665,NULL,NULL,N,NULL,NULL,NULL
941510,2006,00:00.0,1740,17,155 UNDERHILL Driv,NULL,NULL,2,North York,16,33,Mid-Block,NULL,No Control,Clear,Dark,Dry,Non-Fatal Injury,Pedestrian Collisions,D33,45,Parkwoods-Donalda (45),-79.3259,43.7517,NULL,NULL,N,NULL,NULL,NULL
965369,2007,00:00.0,4,0,WARDEN AVE,SHEPPARD AVE E,NULL,1,Scarborough,22,42,Intersection,At Intersection,Traffic Signal,Clear,Dark,Dry,Fatal,Turning Movement,D42,118,Tam O'Shanter-Sullivan (118),-79.3078,43.7787,NULL,NULL,N,NULL,NULL,NULL
917426,2006,00:00.0,2110,21,FINCH AVE W,KISKADEE DR,NULL,1,Etobicoke York,1,23,Intersection,At Intersection,No Control,Clear,Dark,Dry,Non-Fatal Injury,Pedestrian Collisions,D23,1,West Humber-Clairville (1),-79.5981,43.7352,NULL,NULL,N,NULL,NULL,NULL
919681,2006,00:00.0,2004,20,DUFFERIN ST,LIVINGSTONE AVE,NULL,1,North York,8,13,Intersection,At Intersection,Stop Sign,Clear,Daylight,Dry,Non-Fatal Injury,Turning Movement,D13,108,Briar Hill-Belgravia (108),-79.4507,43.6964,NULL,NULL,N,NULL,NULL,NULL
921907,2006,00:00.0,315,3,CHURCH ST,COLBORNE ST,NULL,3,Toronto and East York,13,51,Intersection,At Intersection,Stop Sign,Clear,Dark,Dry,Non-Fatal Injury,SMV Other,D51,75,Church-Yonge Corridor (75),-79.374,43.6492,NULL,NULL,N,NULL,NULL,NULL
931507,2006,00:00.0,1916,19,DANFORTH AVE,SIBLEY AVE,NULL,1,Toronto and East York,19,NULL,Intersection,At Intersection,Stop Sign,Clear,Dark,Dry,Non-Fatal Injury,Pedestrian Collisions,D54,61,Taylor-Massey (61),-79.2926,43.6902,NULL,NULL,N,NULL,NULL,NULL
902163,2006,00:00.0,1900,19,LAWRENCE AVE W,PIMLICO RD,NULL,1,Etobicoke York,5,12,Intersection,NULL,Traffic Signal,Clear,Daylight,Dry,Non-Fatal Injury,Pedestrian Collisions,D12,29,Maple Leaf (29),-79.4823,43.7075,NULL,NULL,N,NULL,NULL,NULL
912860,2006,00:00.0,119,1,MILNER AVE,AUTO MALL DR,NULL,3,Scarborough,25,42,Mid-Block,NULL,No Control,Clear,Dark,Dry,Non-Fatal Injury,SMV Other,D42,131,Rouge (131),-79.1907,43.8,NULL,NULL,N,NULL,NULL,NULL
904105,2006,00:00.0,1842,18,GREENWOOD AVE,WALPOLE AVE,NULL,3,Toronto and East York,14,55,Mid-Block,NULL,No Control,Clear,Daylight,Dry,Non-Fatal Injury,Approaching,D55,65,Greenwood-Coxwell (65),-79.3297,43.6752,NULL,NULL,N,NULL,NULL,NULL
4002352031,2014,00:00.0,1720,17,KING ST W,UNIVERSITY AVE,NULL,1,Toronto and East York,10,52,Intersection,Intersection Related,Traffic Signal,Clear,Daylight,Dry,Non-Fatal Injury,Cyclist Collisions,D52,76,Bay Street Corridor (76),-79.3847,43.6476,NULL,NULL,N,NULL,NULL,NULL
4002267356,2014,00:00.0,1100,11,DON VALLEY PARKWAY  S,GERRARD ST E,NULL,3,Toronto and East York,14,55,Mid-Block,Overpass or Bridge,No Control,Clear,Daylight,Dry,Non-Fatal Injury,Pedestrian Collisions,D55,70,South Riverdale (70),-79.3559,43.6645,NULL,NULL,N,NULL,NULL,NULL
4002278513,2014,00:00.0,2138,21,KINGSTON RD,VALHALLA BLVD,NULL,1,Scarborough,20,41,Intersection,At Intersection,Stop Sign,Clear,Dark,Dry,Non-Fatal Injury,Turning Movement,D41,122,Birchcliffe-Cliffside (122),-79.2682,43.6894,NULL,NULL,N,NULL,NULL,NULL
915991,2006,00:00.0,1626,16,ISLINGTON AVE,DIXON RD,NULL,1,Etobicoke York,2,23,Mid-Block,NULL,No Control,Clear,Daylight,Dry,Fatal,Pedestrian Collisions,D23,6,Kingsview Village-The Westway (6),-79.5454,43.6944,NULL,NULL,N,NULL,NULL,NULL
142588079,2014,00:00.0,1200,12,DUDLEY AVE,FINCH AVE E,NULL,1,North York,18,32,Intersection,NULL,Stop Sign,Clear,Daylight,Dry,Fatal,Turning Movement,D32,51,Willowdale East (51),-79.4097,43.781,NULL,NULL,N,NULL,NULL,NULL
916584,2006,00:00.0,850,8,WELLINGTON ST W,YORK ST,NULL,3,Toronto and East York,10,52,Intersection,At Intersection,Traffic Signal,Clear,Daylight,Dry,Non-Fatal Injury,Cyclist Collisions,D52,76,Bay Street Corridor (76),-79.3829,43.6465,NULL,NULL,N,NULL,NULL,NULL
4008010238,2014,00:00.0,650,6,DON VALLEY PARKWAY  S,LAWRENCE AVE E,NULL,NULL,North York,16,33,Mid-Block,Non Intersection,No Control,Clear,Daylight,Dry,Non-Fatal Injury,Rear End,D33,42,Banbury-Don Mills (42),-79.3322,43.7402,NULL,NULL,N,NULL,NULL,NULL
4002604819,2014,00:00.0,2312,23,EGLINTON AVE E,BANFF RD,NULL,1,North York,15,53,Intersection,Intersection Related,Traffic Signal,Clear,"Dark, artificial",Dry,Non-Fatal Injury,Cyclist Collisions,D53,99,Mount Pleasant East (99),-79.3822,43.71,NULL,NULL,N,NULL,NULL,NULL
4003142204,2014,00:00.0,1803,18,BAY ST,QUEEN ST W,NULL,1,Toronto and East York,NULL,52,Intersection,At Intersection,Traffic Signal,Rain,Dusk,Wet,Non-Fatal Injury,Cyclist Collisions,D52,76,Bay Street Corridor (76),-79.3817,43.6518,NULL,NULL,N,NULL,NULL,NULL
930852,2006,00:00.0,1540,15,BIRCHMOUNT RD,EGLINTON AVE E,NULL,1,Scarborough,21,41,Mid-Block,NULL,No Control,Clear,Daylight,Dry,Non-Fatal Injury,Rear End,D41,125,Ionview (125),-79.2785,43.7321,NULL,NULL,N,NULL,NULL,NULL
958067,2007,00:00.0,750,7,5714 YONGE ST,NULL,NULL,1,North York,18,32,Mid-Block,Non Intersection,No Control,Clear,Daylight,Dry,Non-Fatal Injury,Pedestrian Collisions,D32,50,Newtonbrook East (50),-79.416,43.782,NULL,NULL,N,NULL,NULL,NULL
4001981966,2014,00:00.0,1447,14,SPADINA AVE,BALDWIN ST,NULL,1,Toronto and East York,11,NULL,Intersection,At Intersection,No Control,Rain,Daylight,Wet,Non-Fatal Injury,Pedestrian Collisions,D52,78,Kensington-Chinatown (78),-79.3988,43.6551,NULL,NULL,N,NULL,NULL,NULL
4003564717,2014,00:00.0,22,0,KINGSTON RD,LAWSON RD,NULL,3,Scarborough,25,43,Intersection,At Intersection,Traffic Signal,Clear,"Dark, artificial",Dry,Non-Fatal Injury,Pedestrian Collisions,D43,133,Centennial Scarborough (133),-79.1687,43.7845,NULL,NULL,N,NULL,NULL,NULL
4001655411,2014,00:00.0,825,8,STEELES AVE E,PHARMACY AVE,NULL,1,Scarborough,22,42,Intersection,At Intersection,Traffic Signal,Clear,Daylight,Dry,Non-Fatal Injury,Pedestrian Collisions,D42,116,Steeles (116),-79.3364,43.8168,NULL,NULL,N,NULL,NULL,NULL
5001196464,2015,00:00.0,2137,21,BUCKINGHAM AVE,DINNICK CRES,NULL,4,North York,15,53,Intersection,NULL,Stop Sign,Other,"Dark, artificial",Other,Fatal,Pedestrian Collisions,D53,103,Lawrence Park South (103),-79.3944,43.7257,NULL,NULL,N,NULL,NULL,NULL
4001727505,2014,00:00.0,615,6,DON VALLEY PARKWAY  S,GERRARD ST E,NULL,3,Toronto and East York,14,55,Mid-Block,Non Intersection,No Control,Clear,Dark,Dry,Non-Fatal Injury,Pedestrian Collisions,D55,70,South Riverdale (70),-79.3559,43.6645,NULL,NULL,N,NULL,NULL,NULL
5001377095,2015,00:00.0,1420,14,71 MCCOOL CRT,NULL,NULL,4,NULL,23,42,Mid-Block,Non Intersection,No Control,Clear,Daylight,Dry,Non-Fatal Injury,SMV Unattended Vehicle,D42,130,Milliken (130),-79.284,43.8182,NULL,NULL,N,NULL,NULL,NULL
4003224177,2014,00:00.0,1205,12,EGLINGTON AVE,HEDDINGTON AVE,NULL,1,North York,NULL,53,Intersection,At Intersection,Traffic Signal,Clear,Daylight,Dry,Non-Fatal Injury,Pedestrian Collisions,D53,101,Forest Hill South (101),-79.4138,43.7034,NULL,NULL,N,NULL,NULL,NULL
143234908,2014,00:00.0,807,8,ORTON PARK RD,SLAN AVE,NULL,3,Scarborough,24,43,Mid-Block,NULL,No Control,Clear,Daylight,Dry,Fatal,SMV Other,D43,135,Morningside (135),-79.2119,43.7779,NULL,NULL,N,NULL,NULL,NULL
5001207270,2015,00:00.0,1253,12,EASTDALE AVE,GOODWOOD PARK CRES,35 m North of,2,Toronto and East York,19,54,Mid-Block,Non Intersection,No Control,Clear,Daylight,Dry,Non-Fatal Injury,Pedestrian Collisions,D54,61,Taylor-Massey (61),-79.3007,43.6947,NULL,NULL,N,NULL,NULL,NULL
5001220959,2015,00:00.0,1211,12,STEELES AVE E,MAXOME AVE,NULL,1,North York,18,32,Intersection,At Intersection,Traffic Signal,Clear,Daylight,Dry,Non-Fatal Injury,Turning Movement,D32,50,Newtonbrook East (50),-79.4062,43.801,NULL,NULL,N,NULL,NULL,NULL
966632,2007,00:00.0,1734,17,746 OSSINGTON AVE,NULL,NULL,3,Toronto and East York,NULL,14,Mid-Block,NULL,No Control,Clear,Daylight,Dry,Non-Fatal Injury,Pedestrian Collisions,D14,93,Dovercourt-Wallace Emerson-Junction (93),-79.4257,43.6623,NULL,NULL,N,NULL,NULL,NULL
4003270015,2014,00:00.0,1555,15,AVENUE RD,ST GERMAIN AVE,NULL,1,North York,8,32,Mid-Block,Non Intersection,No Control,Clear,Daylight,Dry,Non-Fatal Injury,SMV Unattended Vehicle,D32,39,Bedford Park-Nortown (39),-79.418,43.7282,NULL,NULL,N,NULL,NULL,NULL
5000452654,2015,00:00.0,1737,17,BATHURST ST,CARPENTER RD,185 m South of,1,North York,NULL,32,Mid-Block,Non Intersection,No Control,Clear,Daylight,Dry,Non-Fatal Injury,Approaching,D32,36,Newtonbrook West (36),-79.4462,43.7894,NULL,NULL,N,NULL,NULL,NULL
5000471900,2015,00:00.0,2020,20,KING ST W,TYNDALL AVE,NULL,1,Toronto and East York,4,14,Intersection,At Intersection,Stop Sign,Clear,"Dark, artificial",Dry,Non-Fatal Injury,Cyclist Collisions,D14,85,South Parkdale (85),-79.4291,43.6385,NULL,NULL,N,NULL,NULL,NULL
5000643015,2015,00:00.0,1724,17,BYNG AVE,DORIS AVE,NULL,3,North York,18,32,Intersection,Non Intersection,Traffic Signal,Clear,Daylight,Dry,Non-Fatal Injury,Turning Movement,D32,51,Willowdale East (51),-79.4131,43.7769,NULL,NULL,N,NULL,NULL,NULL
4003148755,2014,00:00.0,1909,19,BLOOR ST W,PACIFIC AVE,NULL,1,Toronto and East York,4,11,Intersection,At Intersection,No Control,Rain,"Dark, artificial",Wet,Non-Fatal Injury,Pedestrian Collisions,D11,87,High Park-Swansea (87),-79.4636,43.6538,NULL,NULL,N,NULL,NULL,NULL
5001378649,2015,00:00.0,1840,18,HAKIMI  AVE,ASHTONBEE RD,97 m South of,4,Scarborough,21,41,Mid-Block,Non Intersection,Stop Sign,Clear,Daylight,Dry,Non-Fatal Injury,Pedestrian Collisions,D41,119,Wexford/Maryvale (119),-79.2916,43.729,NULL,NULL,N,NULL,NULL,NULL
5000415624,2015,00:00.0,1331,13,DON VALLEY PARKWAY  S,YORK MILLS RD,545 m North of,NULL,North York,16,33,Mid-Block,Non Intersection,No Control,Clear,Daylight,Dry,Non-Fatal Injury,Rear End,D33,45,Parkwoods-Donalda (45),-79.3367,43.7617,NULL,NULL,N,NULL,NULL,NULL
925968,2006,00:00.0,740,7,SHEPPARD AVE E,REAN DR,NULL,1,North York,17,33,Intersection,At Intersection,Traffic Signal,Clear,Daylight,Dry,Non-Fatal Injury,Pedestrian Collisions,D33,52,Bayview Village (52),-79.383,43.7677,NULL,NULL,N,NULL,NULL,NULL
5001691895,2015,00:00.0,2355,23,WILSON AVE,MURRAY RD,NULL,1,North York,6,32,Intersection,At Intersection,No Control,Clear,"Dark, artificial",Dry,Fatal,Turning Movement,D32,26,Downsview-Roding-CFB (26),-79.4714,43.7295,NULL,NULL,N,NULL,NULL,NULL
4003346402,2014,00:00.0,520,5,WILSON AVE,RIDGE RD,55 m West of,1,North York,6,31,Mid-Block,Non Intersection,No Control,Clear,"Dawn, artificial",Dry,Non-Fatal Injury,Approaching,D31,26,Downsview-Roding-CFB (26),-79.4949,43.7236,NULL,NULL,N,NULL,NULL,NULL
4003487975,2014,00:00.0,725,7,SUBWAY CRES,AUKLAND RD,4 m West of,2,Etobicoke York,3,22,Intersection,At Intersection,Stop Sign,Clear,"Dark, artificial",Wet,Non-Fatal Injury,Pedestrian Collisions,D22,14,Islington-City Centre West (14),-79.537,43.6376,NULL,NULL,N,NULL,NULL,NULL
5001754996,2015,00:00.0,1445,14,AVENUE RD,ROE AVE,6 m North of,1,North York,8,32,Intersection,Non Intersection,No Control,Clear,Daylight,Dry,Non-Fatal Injury,Turning Movement,D32,39,Bedford Park-Nortown (39),-79.4193,43.7323,NULL,NULL,N,NULL,NULL,NULL
5001759901,2015,00:00.0,1440,14,STRACHAN AVE,LAKE SHORE BLVD W,NULL,1,Toronto and East York,10,14,Intersection,At Intersection,Traffic Signal,Clear,Daylight,Dry,Non-Fatal Injury,Turning Movement,D14,82,Niagara (82),-79.4087,43.6344,-79.4087,43.6344,Y,Lake Shore Blvd W,Strachan Ave,2017-10-06
5001684106,2015,00:00.0,1520,15,939 PROGRESS AVE,NULL,4 m North of,3,Scarborough,24,43,Intersection,At Intersection,Traffic Signal,Rain,Daylight,Wet,Non-Fatal Injury,Cyclist Collisions,D43,137,Woburn (137),-79.2318,43.7839,NULL,NULL,N,NULL,NULL,NULL
5001723055,2015,00:00.0,813,8,KING ST W,SUDBURY ST,15 m West of,1,Toronto and East York,10,14,Intersection,Non Intersection,Traffic Signal,Clear,Daylight,Dry,Non-Fatal Injury,Cyclist Collisions,D14,82,Niagara (82),-79.4172,43.6409,NULL,NULL,N,NULL,NULL,NULL
5001646824,2015,00:00.0,1700,17,MARKHAM RD,DUNELM ST,165 m South of,1,Scarborough,24,43,Mid-Block,Non Intersection,No Control,Clear,Daylight,Dry,Non-Fatal Injury,Rear End,D43,139,Scarborough Village (139),-79.2199,43.7456,NULL,NULL,N,NULL,NULL,NULL
4002867975,2014,00:00.0,1145,11,OLD WESTON RD,ALGARVE CRES,1 m North of,3,Toronto and East York,9,12,Intersection,At Intersection,No Control,Clear,Daylight,Dry,Non-Fatal Injury,SMV Unattended Vehicle,D12,91,Weston-Pellam Park (91),-79.4656,43.6797,NULL,NULL,N,NULL,NULL,NULL
4003506049,2014,00:00.0,2,0,DUNDAS ST W,STERLING RD,70 m West of,3,Toronto and East York,NULL,11,Mid-Block,Non Intersection,No Control,Clear,"Dark, artificial",Wet,Non-Fatal Injury,Approaching,D11,83,Dufferin Grove (83),-79.4439,43.6508,NULL,NULL,N,NULL,NULL,NULL
1348204,2013,00:00.0,755,7,KENNEDY RD,TRANSWAY CRES,NULL,1,Scarborough,20,41,Intersection,At Intersection,No Control,Clear,Daylight,Dry,Non-Fatal Injury,Pedestrian Collisions,D41,124,Kennedy Park (124),-79.2675,43.7312,NULL,NULL,N,NULL,NULL,NULL
1348740,2013,00:00.0,2119,21,ST CLAIR AVE W,KEELE ST,NULL,1,Etobicoke York,5,NULL,Mid-Block,NULL,No Control,Rain,Dark,Wet,Non-Fatal Injury,SMV Other,D11,90,Junction Area (90),-79.4684,43.6723,NULL,NULL,N,NULL,NULL,NULL
1361595,2013,00:00.0,1742,17,MCCOWAN Rd,MILNER Ave,NULL,1,Scarborough,23,42,Intersection,NULL,Traffic Signal,Clear,Daylight,Dry,Non-Fatal Injury,Sideswipe,D42,128,Agincourt South-Malvern West (128),-79.2564,43.7853,NULL,NULL,N,NULL,NULL,NULL
1362406,2013,00:00.0,1140,11,NORTH QUEEN ST,VANSCO RD,NULL,3,Etobicoke York,3,22,Intersection,NULL,Stop Sign,Clear,Daylight,Dry,Non-Fatal Injury,Turning Movement,D22,14,Islington-City Centre West (14),-79.5357,43.6235,NULL,NULL,N,NULL,NULL,NULL
1344579,2013,00:00.0,852,8,DAVENPORT RD,SHAW ST,NULL,3,Toronto and East York,12,13,Intersection,At Intersection,Pedestrian Crossover,Clear,Dark,Wet,Non-Fatal Injury,Cyclist Collisions,D13,94,Wychwood (94),-79.4282,43.6747,NULL,NULL,N,NULL,NULL,NULL
1347299,2013,00:00.0,1830,18,DUFFERIN St,GIBSON St,NULL,1,Toronto and East York,NULL,13,Intersection,At Intersection,Traffic Signal,Clear,"Dark, artificial",Wet,Non-Fatal Injury,Pedestrian Collisions,D13,107,Oakwood Village (107),-79.448,43.6903,NULL,NULL,N,NULL,NULL,NULL
977199,2013,00:00.0,1440,14,64 ST CLAIR AVE W,NULL,NULL,1,Toronto and East York,12,53,Mid-Block,NULL,No Control,Clear,Daylight,Dry,Fatal,Pedestrian Collisions,D53,97,Yonge-St.Clair (97),-79.3969,43.6875,NULL,NULL,N,NULL,NULL,NULL
3000983486,2013,00:00.0,1516,15,FAIRFAX CR,WARDEN AV,NULL,1,Scarborough,20,41,Intersection,At Intersection,Traffic Signal,Clear,Daylight,Dry,Non-Fatal Injury,Turning Movement,D41,120,Clairlea-Birchmount (120),-79.2827,43.7161,NULL,NULL,N,NULL,NULL,NULL
1362376,2013,00:00.0,1423,14,EGLINTON AVE W,BRAEMAR AVE,NULL,1,North York,NULL,53,Intersection,At Intersection,No Control,Clear,Daylight,Dry,Non-Fatal Injury,Turning Movement,D53,100,Yonge-Eglinton (100),-79.4095,43.7043,NULL,NULL,N,NULL,NULL,NULL
141518658,2014,00:00.0,2017,20,ST CLAIR AVE E,HERRON AVE,NULL,1,Scarborough,20,41,Mid-Block,NULL,No Control,Clear,"Dark, artificial",Ice,Fatal,Pedestrian Collisions,D41,120,Clairlea-Birchmount (120),-79.2851,43.7111,NULL,NULL,N,NULL,NULL,NULL
1384125,2013,00:00.0,1220,12,HARBORD St,EUCLID Ave,NULL,3,Toronto and East York,11,14,Intersection,NULL,Traffic Controller,Clear,Daylight,Dry,Non-Fatal Injury,Cyclist Collisions,D14,80,Palmerston-Little Italy (80),-79.4134,43.6607,NULL,NULL,N,NULL,NULL,NULL
4002140437,2014,00:00.0,319,3,BRIMORTON DR,ALBACORE CRES,48 m East of,2,Scarborough,24,43,Mid-Block,Non Intersection,No Control,Clear,"Dark, artificial",Dry,Non-Fatal Injury,SMV Other,D43,137,Woburn (137),-79.2375,43.7691,NULL,NULL,N,NULL,NULL,NULL
1373362,2013,00:00.0,2152,21,THE WEST MALL,CIVIC CENTRE CRT,NULL,3,Etobicoke York,2,22,Intersection,NULL,Traffic Signal,Clear,Dark,Dry,Non-Fatal Injury,Cyclist Collisions,D22,13,Etobicoke West Mall (13),-79.5659,43.6422,NULL,NULL,N,NULL,NULL,NULL
1373856,2013,00:00.0,1805,18,MILNER AVE,SCUNTHORPE RD,NULL,3,Scarborough,23,42,Intersection,NULL,Pedestrian Crossover,Clear,Daylight,Dry,Fatal,Pedestrian Collisions,D42,128,Agincourt South-Malvern West (128),-79.24,43.7888,NULL,NULL,N,NULL,NULL,NULL
1356335,2013,00:00.0,1726,17,GLENMOUNT PARK Rd,BURGESS Ave,NULL,4,Toronto and East York,19,55,Intersection,At Intersection,Stop Sign,Clear,Daylight,Dry,Non-Fatal Injury,Pedestrian Collisions,D55,62,East End-Danforth (62),-79.3045,43.6792,NULL,NULL,N,NULL,NULL,NULL
3001131937,2013,00:00.0,1153,11,CLAREMORE AVE,KINGSTON RD,450 m West of,3,Scarborough,20,41,Mid-Block,Non Intersection,No Control,Clear,Daylight,Dry,Non-Fatal Injury,Sideswipe,D41,122,Birchcliffe-Cliffside (122),-79.2573,43.6997,NULL,NULL,N,NULL,NULL,NULL
1374005,2013,00:00.0,205,2,ROSEDALE VALLEY RD,BAYVIEW AVE,NULL,1,Toronto and East York,NULL,51,Intersection,NULL,No Control,Clear,"Dark, artificial",Dry,Fatal,SMV Other,D51,71,Cabbagetown-South St.James Town (71),-79.3601,43.6701,NULL,NULL,N,NULL,NULL,NULL
1375311,2013,00:00.0,0,0,POTSDAM RD,WILMONT DR,NULL,4,Etobicoke York,7,31,Mid-Block,NULL,No Control,Clear,Daylight,Dry,Non-Fatal Injury,SMV Unattended Vehicle,D31,24,Black Creek (24),-79.5112,43.7594,NULL,NULL,N,NULL,NULL,NULL
1368851,2013,00:00.0,836,8,STEELES AVE E,MIDLAND AVE,NULL,1,Scarborough,NULL,42,Intersection,At Intersection,Traffic Signal,Clear,Daylight,Dry,Non-Fatal Injury,Cyclist Collisions,D42,130,Milliken (130),-79.2972,43.8259,NULL,NULL,N,NULL,NULL,NULL