ACCNUM,YEAR,DATE,TIME,HOUR,STREET1,STREET2,OFFSET,ROAD_CLASS,DISTRICT,WARDNUM,DIVISION,LOCCOORD,ACCLOC,TRAFFCTL,VISIBILITY,LIGHT,RDSFCOND,ACCLASS,IMPACTYPE,POLICE_DIVISION,HOOD_ID,NEIGHBOURHOOD,collision_lat,collision_long,red_light_lat,red_light_long,right_light_camera,LINEAR_NAME_FULL_1,LINEAR_NAME_FULL_2,ACTIVATION_DATE
130927832,2013,00:00.0,1141,11,HARBORD ST,SPADINA AVE,NULL,1,Toronto and East York,11,NULL,Intersection,NULL,Traffic Signal,Clear,Daylight,Dry,Fatal,Pedestrian Collisions,D52,79,University (79),-79.402,43.663,NULL,NULL,N,NULL,NULL,NULL
4001557370,2014,00:00.0,956,9,DAVENPORT RD,LAUGHTON AVE,NULL,3,Toronto and East York,9,11,Intersection,At Intersection,Traffic Signal,Clear,Daylight,Wet,Non-Fatal Injury,Pedestrian Collisions,D11,91,Weston-Pellam Park (91),-79.4557,43.6703,NULL,NULL,N,NULL,NULL,NULL
4001576606,2014,00:00.0,935,9,DUPONT ST,BATHURST ST,NULL,1,Toronto and East York,11,14,Intersection,At Intersection,Traffic Signal,Clear,Daylight,Dry,Non-Fatal Injury,Pedestrian Collisions,D14,95,Annex (95),-79.4143,43.6731,NULL,NULL,N,NULL,NULL,NULL
1387644,2013,00:00.0,1830,18,COLLEGE St,SHAW St,NULL,1,Toronto and East York,11,14,Intersection,NULL,Stop Sign,Clear,Daylight,Dry,Non-Fatal Injury,Cyclist Collisions,D14,81,Trinity-Bellwoods (81),-79.4202,43.6548,NULL,NULL,N,NULL,NULL,NULL
4001616287,2014,00:00.0,1845,18,7 QUEEN ELIZABETH BLVD,NULL,NULL,4,Etobicoke York,3,22,Mid-Block,Non Intersection,No Control,Clear,"Dark, artificial",Dry,Non-Fatal Injury,SMV Other,D22,16,Stonegate-Queensway (16),-79.5023,43.6234,NULL,NULL,N,NULL,NULL,NULL
1361069,2013,00:00.0,1924,19,MCCOWAN RD,KINGSTON RD,NULL,1,Scarborough,20,43,Intersection,NULL,Traffic Signal,Clear,Daylight,Dry,Non-Fatal Injury,Pedestrian Collisions,D43,123,Cliffcrest (123),-79.2323,43.7251,NULL,NULL,N,NULL,NULL,NULL
1387866,2013,00:00.0,1640,16,EGLINTON Ave E,SUTHERLAND Dr,NULL,1,North York,15,53,Intersection,NULL,Traffic Signal,Clear,Daylight,Dry,Non-Fatal Injury,Turning Movement,D53,56,Leaside-Bennington (56),-79.3672,43.713,NULL,NULL,N,NULL,NULL,NULL
1387287,2013,00:00.0,1331,13,SHEPPARD Ave W,SENTINEL Rd,NULL,1,North York,6,31,Mid-Block,NULL,No Control,Rain,Daylight,Wet,Non-Fatal Injury,Rear End,D31,26,Downsview-Roding-CFB (26),-79.4908,43.7438,NULL,NULL,N,NULL,NULL,NULL
4002722723,2014,00:00.0,2100,21,2169 YONGE ST,NULL,NULL,1,Toronto and East York,12,53,Mid-Block,At/Near Private Drive,No Control,Clear,Daylight,Dry,Non-Fatal Injury,Turning Movement,D53,104,Mount Pleasant West (104),-79.3979,43.705,NULL,NULL,N,NULL,NULL,NULL
3001021983,2013,00:00.0,1,0,HIGHWAY 427  S,27 S 427 C S RAMP,NULL,NULL,Etobicoke York,2,22,Mid-Block,Non Intersection,No Control,Clear,"Dark, artificial",Dry,Non-Fatal Injury,SMV Other,D22,11,Eringate-Centennial-West Deane (11),-79.5749,43.6692,NULL,NULL,N,NULL,NULL,NULL
4001889890,2014,00:00.0,1440,14,CUMMER AVE,CONACHER DR,NULL,3,North York,18,32,Intersection,At Intersection,Pedestrian Crossover,Clear,Daylight,Dry,Non-Fatal Injury,SMV Other,D32,50,Newtonbrook East (50),-79.397,43.7914,NULL,NULL,N,NULL,NULL,NULL
4001311712,2014,00:00.0,1545,15,MCCOWAN RD,EGLINTON AVE E,2 m North of,1,Scarborough,NULL,43,Intersection,Intersection Related,No Control,Clear,Daylight,Wet,Non-Fatal Injury,Pedestrian Collisions,D43,138,Eglinton East (138),-79.2383,43.7388,NULL,NULL,N,NULL,NULL,NULL
899126,2006,00:00.0,1614,16,CALEDONIA RD,NORMAN AVE,NULL,3,Toronto and East York,9,13,Intersection,NULL,No Control,Clear,Daylight,Dry,Non-Fatal Injury,SMV Other,D13,92,Corso Italia-Davenport (92),-79.4557,43.6777,NULL,NULL,N,NULL,NULL,NULL
4002735710,2014,00:00.0,2105,21,MIDLAND AVE,KILCULLEN CASTLE GT,NULL,1,Scarborough,NULL,42,Intersection,At Intersection,No Control,Clear,"Dark, artificial",Dry,Non-Fatal Injury,Pedestrian Collisions,D42,129,Agincourt North (129),-79.29,43.8097,NULL,NULL,N,NULL,NULL,NULL
920927,2006,00:00.0,2330,23,KING ST W,BLUE JAYS WAY,NULL,1,Toronto and East York,10,52,Mid-Block,NULL,No Control,Clear,Dark,Dry,Non-Fatal Injury,Pedestrian Collisions,D52,77,Waterfront Communities-The Island (77),-79.3917,43.6461,NULL,NULL,N,NULL,NULL,NULL
4002255654,2014,00:00.0,1750,17,QUEEN ST E,KINGSTON RD,NULL,1,Toronto and East York,19,55,Intersection,At Intersection,Traffic Signal,Clear,Daylight,Dry,Non-Fatal Injury,Pedestrian Collisions,D55,63,The Beaches (63),-79.3125,43.6672,NULL,NULL,N,NULL,NULL,NULL
911521,2006,00:00.0,954,9,WESTON RD,JASPER AVE,NULL,3,Etobicoke York,5,12,Intersection,NULL,No Control,Clear,Daylight,Dry,Non-Fatal Injury,Cyclist Collisions,D12,111,Rockcliffe-Smythe (111),-79.4824,43.6837,NULL,NULL,N,NULL,NULL,NULL
1380760,2013,00:00.0,2115,21,STEELES AVE E,TURFF  AVE,NULL,1,Scarborough,22,42,Mid-Block,NULL,No Control,Clear,Dark,Dry,Fatal,Pedestrian Collisions,D42,130,Milliken (130),-79.3036,43.8244,NULL,NULL,N,NULL,NULL,NULL
909606,2006,00:00.0,1203,12,MCCOWAN RD,EGLINTON AVE E,NULL,1,Scarborough,NULL,43,Intersection,At Intersection,Traffic Signal,Clear,Daylight,Dry,Non-Fatal Injury,Turning Movement,D43,138,Eglinton East (138),-79.2383,43.7388,NULL,NULL,N,NULL,NULL,NULL
892682,2006,00:00.0,240,2,EGLINTON AVE E,COMMONWEALTH AVE,NULL,1,Scarborough,NULL,41,Mid-Block,NULL,No Control,Clear,Dark,Dry,Fatal,Pedestrian Collisions,D41,138,Eglinton East (138),-79.2561,43.7349,NULL,NULL,N,NULL,NULL,NULL
897456,2006,00:00.0,207,2,ST CLAIR AVE W,BLACKTHORN AVE,NULL,1,Toronto and East York,9,NULL,Intersection,NULL,No Control,Clear,Dark,Dry,Non-Fatal Injury,SMV Other,D11,91,Weston-Pellam Park (91),-79.4586,43.6744,NULL,NULL,N,NULL,NULL,NULL
1388506,2013,00:00.0,1750,17,KIPLING Ave,ESTHER LORRIE Dr,NULL,1,Etobicoke York,1,23,Intersection,NULL,No Control,Clear,Daylight,Dry,Non-Fatal Injury,Rear End,D23,4,Rexdale-Kipling (4),-79.5763,43.7316,NULL,NULL,N,NULL,NULL,NULL
891027,2006,00:00.0,1804,18,UNDERHILL DR,CASSANDRA BLVD,NULL,2,North York,16,33,Intersection,At Intersection,No Control,Clear,Dark,Dry,Non-Fatal Injury,Cyclist Collisions,D33,45,Parkwoods-Donalda (45),-79.3263,43.7527,NULL,NULL,N,NULL,NULL,NULL
915777,2006,00:00.0,926,9,57 ELLESMERE RD,VICTORIA PARK Aven,NULL,1,Scarborough,21,41,Mid-Block,NULL,No Control,Clear,Daylight,Dry,Non-Fatal Injury,Turning Movement,D41,119,Wexford/Maryvale (119),-79.3138,43.7581,NULL,NULL,N,NULL,NULL,NULL
916243,2006,00:00.0,2015,20,LAWRENCE AVE E,OVERTURE RD,NULL,1,Scarborough,24,43,Intersection,At Intersection,Traffic Signal,Clear,Daylight,Dry,Non-Fatal Injury,Rear End,D43,136,West Hill (136),-79.1994,43.7654,NULL,NULL,N,NULL,NULL,NULL
4002453551,2014,00:00.0,725,7,WARDEN AVE N,LAWRENCE AVE E,NULL,1,Scarborough,21,41,Intersection,Intersection Related,Traffic Signal,Clear,Daylight,Dry,Non-Fatal Injury,Pedestrian Collisions,D41,119,Wexford/Maryvale (119),-79.2947,43.7453,-79.2947,43.7453,Y,Lawrence Ave E,Warden Ave,2021-06-23
913927,2006,00:00.0,1255,12,BAYVIEW AVE,SOUDAN AVE,NULL,1,North York,15,53,Mid-Block,NULL,No Control,Clear,Daylight,Dry,Non-Fatal Injury,Rear End,D53,56,Leaside-Bennington (56),-79.377,43.7107,NULL,NULL,N,NULL,NULL,NULL
912782,2006,00:00.0,1650,16,REES ST,LAKE SHORE BLVD W,NULL,1,Toronto and East York,10,52,Intersection,At Intersection,Traffic Signal,Clear,Daylight,Dry,Non-Fatal Injury,Angle,D52,77,Waterfront Communities-The Island (77),-79.3867,43.6394,NULL,NULL,N,NULL,NULL,NULL
923419,2006,00:00.0,1513,15,QUEEN ST W,COWAN AVE,NULL,1,Toronto and East York,4,NULL,Intersection,At Intersection,Stop Sign,Clear,Daylight,Dry,Non-Fatal Injury,Turning Movement,D14,85,South Parkdale (85),-79.433,43.6412,NULL,NULL,N,NULL,NULL,NULL
932873,2006,00:00.0,1543,15,COLLEGE ST,CLINTON ST,NULL,1,Toronto and East York,11,14,Mid-Block,At Intersection,No Control,Clear,Daylight,Dry,Non-Fatal Injury,Cyclist Collisions,D14,81,Trinity-Bellwoods (81),-79.4129,43.6553,NULL,NULL,N,NULL,NULL,NULL
936265,2006,00:00.0,1315,13,KHEDIVE AVE,SULTANA AVE,NULL,4,North York,8,32,Intersection,At Intersection,Stop Sign,Clear,Daylight,Dry,Non-Fatal Injury,Pedestrian Collisions,D32,32,Englemount-Lawrence (32),-79.4337,43.7283,NULL,NULL,N,NULL,NULL,NULL
894467,2006,00:00.0,1723,17,QUEEN ST E,BOULTON AVE,NULL,3,Toronto and East York,14,55,Intersection,At Intersection,Pedestrian Crossover,Clear,Daylight,Dry,Non-Fatal Injury,Pedestrian Collisions,D55,70,South Riverdale (70),-79.3466,43.6595,NULL,NULL,N,NULL,NULL,NULL
895068,2006,00:00.0,1828,18,SOUTH KINGSWAY,RIPLEY AVE,NULL,3,Toronto and East York,4,11,Mid-Block,NULL,No Control,Clear,"Dusk, artificial",Dry,Non-Fatal Injury,Pedestrian Collisions,D11,87,High Park-Swansea (87),-79.475,43.6365,NULL,NULL,N,NULL,NULL,NULL
911964,2006,00:00.0,1755,17,FINCH AVE E,YONGE ST,NULL,1,North York,18,32,Mid-Block,NULL,No Control,Clear,Daylight,Dry,Non-Fatal Injury,Pedestrian Collisions,D32,51,Willowdale East (51),-79.4139,43.78,NULL,NULL,N,NULL,NULL,NULL
911972,2006,00:00.0,2105,21,BLOOR ST W,AVENUE RD,NULL,1,Toronto and East York,11,NULL,Mid-Block,NULL,No Control,Clear,"Dusk, artificial",Dry,Non-Fatal Injury,Cyclist Collisions,D53,95,Annex (95),-79.3936,43.6688,NULL,NULL,N,NULL,NULL,NULL
886573,2006,00:00.0,2058,20,EGLINTON AVE W,BRAEMAR AVE,NULL,1,North York,NULL,53,Intersection,NULL,No Control,Clear,Dark,Dry,Non-Fatal Injury,Pedestrian Collisions,D53,100,Yonge-Eglinton (100),-79.4095,43.7043,NULL,NULL,N,NULL,NULL,NULL
884560,2006,00:00.0,145,1,WARDEN AVE,LAWRENCE AVE E,NULL,1,Scarborough,21,41,Intersection,NULL,Traffic Signal,Clear,Dawn,Dry,Fatal,Angle,D41,119,Wexford/Maryvale (119),-79.2946,43.7453,NULL,NULL,N,NULL,NULL,NULL
1384542,2013,00:00.0,1902,19,DAVENPORT Rd,GREENLAW Ave,NULL,3,Toronto and East York,9,13,Intersection,At Intersection,No Control,Clear,Dusk,Dry,Non-Fatal Injury,Cyclist Collisions,D13,92,Corso Italia-Davenport (92),-79.4456,43.672,NULL,NULL,N,NULL,NULL,NULL
923248,2006,00:00.0,1725,17,STEELES E AVE E,TAPSCOTT RD,NULL,1,Scarborough,23,42,Mid-Block,NULL,No Control,Clear,Daylight,Dry,Non-Fatal Injury,Rear End,D42,131,Rouge (131),-79.2348,43.8404,NULL,NULL,N,NULL,NULL,NULL
893520,2006,00:00.0,700,7,DUNDAS ST W,427 C S DUNDAS RAMP S,NULL,1,Etobicoke York,NULL,22,Intersection,At Intersection,Traffic Signal,Clear,Daylight,Dry,Non-Fatal Injury,Turning Movement,D22,12,Markland Wood (12),-79.5588,43.628,NULL,NULL,N,NULL,NULL,NULL
890325,2006,00:00.0,2301,23,NORTH YORK BLVD,BEECROFT RD,NULL,2,North York,18,32,Mid-Block,At Intersection,Pedestrian Crossover,Clear,Dark,Dry,Non-Fatal Injury,SMV Other,D32,38,Lansing-Westgate (38),-79.4142,43.7665,NULL,NULL,N,NULL,NULL,NULL
918775,2006,00:00.0,1428,14,STEELES AVE W,ALNESS ST,NULL,1,North York,6,32,Intersection,At Intersection,Traffic Signal,Clear,Daylight,Dry,Non-Fatal Injury,Sideswipe,D32,27,York University Heights (27),-79.481,43.7846,NULL,NULL,N,NULL,NULL,NULL
915543,2006,00:00.0,544,5,NUGGET AVE,SHORTING RD,NULL,3,Scarborough,23,42,Intersection,NULL,Stop Sign,Clear,Daylight,Other,Non-Fatal Injury,Approaching,D42,128,Agincourt South-Malvern West (128),-79.2508,43.7963,NULL,NULL,N,NULL,NULL,NULL
889773,2006,00:00.0,1421,14,SPADINA AVE,NASSAU ST,NULL,1,Toronto and East York,11,NULL,Intersection,At Intersection,Traffic Signal,Clear,Daylight,Dry,Non-Fatal Injury,Turning Movement,D52,78,Kensington-Chinatown (78),-79.3991,43.6558,NULL,NULL,N,NULL,NULL,NULL
915101,2006,00:00.0,1302,13,LAKE SHORE BLVD W,JAMESON LAKESHORE RAMP,NULL,1,Toronto and East York,4,14,Mid-Block,NULL,No Control,Clear,Daylight,Dry,Non-Fatal Injury,Cyclist Collisions,D14,85,South Parkdale (85),-79.4325,43.6317,NULL,NULL,N,NULL,NULL,NULL
904251,2006,00:00.0,1150,11,QUEEN ST W,YORK ST,NULL,1,Toronto and East York,10,52,Intersection,At Intersection,Traffic Signal,Clear,Daylight,Dry,Non-Fatal Injury,Pedestrian Collisions,D52,76,Bay Street Corridor (76),-79.3849,43.6512,NULL,NULL,N,NULL,NULL,NULL
921084,2006,00:00.0,921,9,3680 KEELE ST,NULL,NULL,1,Etobicoke York,NULL,31,Mid-Block,NULL,No Control,Clear,Daylight,Dry,Non-Fatal Injury,Pedestrian Collisions,D31,27,York University Heights (27),-79.4884,43.7533,NULL,NULL,N,NULL,NULL,NULL
910951,2006,00:00.0,2124,21,SILVERSTONE DR,ALBION RD,NULL,1,Etobicoke York,1,23,Intersection,At Intersection,Traffic Signal,Clear,Dark,Dry,Non-Fatal Injury,Pedestrian Collisions,D23,1,West Humber-Clairville (1),-79.6,43.7429,-79.6,43.7429,Y,Albion Rd,Silverstone Dr,2007-11-09
928049,2006,00:00.0,2017,20,1132 LESLIE ST,NULL,NULL,1,North York,NULL,33,Mid-Block,NULL,Stop Sign,Clear,Dark,Dry,Non-Fatal Injury,Turning Movement,D33,42,Banbury-Don Mills (42),-79.3503,43.7186,NULL,NULL,N,NULL,NULL,NULL
968739,2007,00:00.0,1210,12,KEELE ST,JACKSON PL,NULL,1,Toronto and East York,4,11,Mid-Block,NULL,Stop Sign,Clear,Daylight,Dry,Non-Fatal Injury,Angle,D11,90,Junction Area (90),-79.4648,43.6663,NULL,NULL,N,NULL,NULL,NULL
968354,2007,00:00.0,2240,22,343 CHEROKEE BLVD,NULL,NULL,2,North York,17,33,Mid-Block,NULL,No Control,Clear,Dark,Dry,Non-Fatal Injury,Pedestrian Collisions,D33,46,Pleasant View (46),-79.3375,43.7993,NULL,NULL,N,NULL,NULL,NULL
922819,2006,00:00.0,1624,16,70 MILNER AVE,NULL,NULL,3,Scarborough,23,42,Mid-Block,NULL,No Control,Clear,Daylight,Dry,Non-Fatal Injury,Pedestrian Collisions,D42,128,Agincourt South-Malvern West (128),-79.2526,43.784,NULL,NULL,N,NULL,NULL,NULL
898350,2006,00:00.0,2053,20,KEELE ST,FINCH AVE W,NULL,1,Etobicoke York,NULL,31,Intersection,At Intersection,Traffic Signal,Clear,Dark,Dry,Fatal,Cyclist Collisions,D31,27,York University Heights (27),-79.4909,43.7634,NULL,NULL,N,NULL,NULL,NULL
909261,2006,00:00.0,1208,12,LAKE SHORE BLVD W,FIFTH ST,NULL,1,Etobicoke York,3,22,Intersection,At Intersection,Traffic Signal,Clear,Daylight,Dry,Fatal,Pedestrian Collisions,D22,18,New Toronto (18),-79.5029,43.6012,NULL,NULL,N,NULL,NULL,NULL
935844,2006,00:00.0,2000,20,LAWRENCE AVE E,WEXFORD BLVD,NULL,1,Scarborough,21,41,Mid-Block,NULL,No Control,Clear,Dark,Dry,Non-Fatal Injury,Pedestrian Collisions,D41,119,Wexford/Maryvale (119),-79.3017,43.7438,NULL,NULL,N,NULL,NULL,NULL
903913,2006,00:00.0,1335,13,OLD FINCH AVE,SEWELLS RD,NULL,2,Scarborough,25,42,Mid-Block,NULL,No Control,Clear,Daylight,Dry,Non-Fatal Injury,Approaching,D42,131,Rouge (131),-79.1933,43.8242,NULL,NULL,N,NULL,NULL,NULL
904912,2006,00:00.0,1400,14,YONGE ST,FINCH AVE E,NULL,1,North York,18,32,Intersection,At Intersection,Traffic Signal,Clear,Daylight,Dry,Non-Fatal Injury,SMV Other,D32,51,Willowdale East (51),-79.4155,43.7797,NULL,NULL,N,NULL,NULL,NULL
916541,2006,00:00.0,632,6,FINCH AVE E,BRAHMS AVE,NULL,1,North York,17,33,Intersection,At Intersection,Traffic Signal,Clear,Daylight,Dry,Non-Fatal Injury,Pedestrian Collisions,D33,47,Don Valley Village (47),-79.358,43.7919,NULL,NULL,N,NULL,NULL,NULL
920315,2006,00:00.0,1659,16,BAY ST,KING ST W,NULL,1,Toronto and East York,NULL,52,Intersection,NULL,Traffic Signal,Clear,Daylight,Dry,Non-Fatal Injury,Cyclist Collisions,D52,76,Bay Street Corridor (76),-79.3802,43.6486,NULL,NULL,N,NULL,NULL,NULL
920756,2006,00:00.0,1838,18,HENLEY CRES,KIPLING AVE,NULL,4,Etobicoke York,1,23,Mid-Block,At Intersection,No Control,Clear,Daylight,Dry,Non-Fatal Injury,Cyclist Collisions,D23,4,Rexdale-Kipling (4),-79.5753,43.7306,NULL,NULL,N,NULL,NULL,NULL
4002555153,2014,00:00.0,1135,11,50 CUMBERLAND ST,NULL,NULL,2,Toronto and East York,11,53,Mid-Block,Non Intersection,No Control,Clear,Daylight,Dry,Non-Fatal Injury,Pedestrian Collisions,D53,95,Annex (95),-79.3889,43.6707,NULL,NULL,N,NULL,NULL,NULL
942734,2006,00:00.0,2120,21,HARBORD ST,MARKHAM ST,NULL,3,Toronto and East York,11,14,Intersection,NULL,No Control,Clear,Dark,Wet,Non-Fatal Injury,Pedestrian Collisions,D14,80,Palmerston-Little Italy (80),-79.4109,43.6612,NULL,NULL,N,NULL,NULL,NULL
940098,2006,00:00.0,628,6,DUFFERIN ST,GLEN BELLE CRES,NULL,1,North York,8,32,NULL,NULL,No Control,Clear,Dark,Wet,Non-Fatal Injury,Pedestrian Collisions,D32,31,Yorkdale-Glen Park (31),-79.4564,43.7222,NULL,NULL,N,NULL,NULL,NULL
940479,2006,00:00.0,1250,12,VICTORIA PARK Aven,AMSTERDAM Aven,NULL,1,Toronto and East York,NULL,NULL,Intersection,At Intersection,No Control,Clear,Daylight,Other,Non-Fatal Injury,Turning Movement,D54,120,Clairlea-Birchmount (120),-79.2986,43.7151,NULL,NULL,N,NULL,NULL,NULL
4001774208,2014,00:00.0,2303,23,SHEPPARD AVE E,OLD LESLIE ST,NULL,1,North York,17,33,Mid-Block,Non Intersection,No Control,Clear,"Dark, artificial",Dry,Non-Fatal Injury,SMV Other,D33,52,Bayview Village (52),-79.3674,43.7711,NULL,NULL,N,NULL,NULL,NULL
4001931404,2014,00:00.0,1433,14,MORNINGSIDE AVE,GARDENTREE ST,NULL,3,Scarborough,NULL,43,Intersection,Non Intersection,No Control,Clear,Daylight,Dry,Non-Fatal Injury,Cyclist Collisions,D43,136,West Hill (136),-79.1827,43.76,NULL,NULL,N,NULL,NULL,NULL
4001952133,2014,00:00.0,1956,19,MAVETY ST,DUNDAS ST W,NULL,1,Toronto and East York,4,11,Intersection,At Intersection,No Control,Clear,"Dusk, artificial",Dry,Non-Fatal Injury,Cyclist Collisions,D11,90,Junction Area (90),-79.4658,43.6654,NULL,NULL,N,NULL,NULL,NULL
4002647882,2014,00:00.0,1515,15,ALNESS ST,DOLOMITE DR,NULL,3,North York,6,32,Intersection,Intersection Related,Stop Sign,Clear,Daylight,Dry,Non-Fatal Injury,Turning Movement,D32,27,York University Heights (27),-79.4756,43.7795,NULL,NULL,N,NULL,NULL,NULL
5001168527,2015,00:00.0,1850,18,EGLINTON AVE W,ROYAL YORK RD,NULL,1,Etobicoke York,2,NULL,Intersection,At Intersection,Traffic Signal,Clear,Daylight,Dry,Non-Fatal Injury,Turning Movement,D22,9,Edenbridge-Humber Valley (9),-79.5265,43.6822,NULL,NULL,N,NULL,NULL,NULL
4001910374,2014,00:00.0,1955,19,HARBORD ST,SPADINA AVE,25 m East of,1,Toronto and East York,11,NULL,Intersection,Non Intersection,No Control,Other,Daylight,Dry,Non-Fatal Injury,Cyclist Collisions,D52,79,University (79),-79.402,43.663,NULL,NULL,N,NULL,NULL,NULL
5001383996,2015,00:00.0,1524,15,WILSON AVE,KELVIN AVE,NULL,1,Etobicoke York,7,31,Intersection,At Intersection,Stop Sign,Clear,Daylight,Dry,Non-Fatal Injury,Cyclist Collisions,D31,23,Pelmo Park-Humberlea (23),-79.5318,43.7156,NULL,NULL,N,NULL,NULL,NULL
4002496005,2014,00:00.0,1453,14,KEELE ST,WHITBURN CRES,NULL,1,North York,6,31,Intersection,Intersection Related,Traffic Signal,Clear,Daylight,Dry,Non-Fatal Injury,Rear End,D31,26,Downsview-Roding-CFB (26),-79.4845,43.7369,NULL,NULL,N,NULL,NULL,NULL
5001261641,2015,00:00.0,1040,10,SPADINA AVE,ST ANDREW ST,5 m North of,1,Toronto and East York,11,NULL,Intersection,Intersection Related,Traffic Signal,Clear,Daylight,Dry,Non-Fatal Injury,Cyclist Collisions,D14,78,Kensington-Chinatown (78),-79.3986,43.6543,NULL,NULL,N,NULL,NULL,NULL
5000912141,2015,00:00.0,2104,21,BLOOR ST W,WESTMORELAND AVE,NULL,1,Toronto and East York,9,14,Intersection,NULL,No Control,Rain,Dusk,Wet,Fatal,Pedestrian Collisions,D14,83,Dufferin Grove (83),-79.4304,43.6609,NULL,NULL,N,NULL,NULL,NULL
4002864815,2014,00:00.0,2130,21,YONGE ST,FINCH AVE W,NULL,1,North York,18,32,Intersection,At Intersection,Traffic Signal,Clear,"Dark, artificial",Dry,Non-Fatal Injury,Pedestrian Collisions,D32,51,Willowdale East (51),-79.4155,43.7797,NULL,NULL,N,NULL,NULL,NULL
926117,2006,00:00.0,1415,14,EASTERN AVE,MARIGOLD AVE,NULL,3,Toronto and East York,14,55,Intersection,NULL,No Control,Clear,Daylight,Dry,Non-Fatal Injury,Turning Movement,D55,70,South Riverdale (70),-79.3302,43.6608,NULL,NULL,N,NULL,NULL,NULL
5000563919,2015,00:00.0,1433,14,DON VALLEY PARKWAY  S,SPANBRIDGE,185 m South of,NULL,North York,16,54,Mid-Block,Non Intersection,No Control,Clear,Daylight,Dry,Non-Fatal Injury,Sideswipe,D54,44,Flemingdon Park (44),-79.3265,43.7116,NULL,NULL,N,NULL,NULL,NULL
4003207779,2014,00:00.0,2111,21,1255 QUEENSWAY AVE,NULL,NULL,1,Etobicoke York,3,22,Mid-Block,Non Intersection,No Control,Clear,"Dark, artificial",Wet,Non-Fatal Injury,Turning Movement,D22,14,Islington-City Centre West (14),-79.525,43.6213,NULL,NULL,N,NULL,NULL,NULL
4003258482,2014,00:00.0,1700,17,BRIMORTON DR,MARKHAM RD,NULL,1,Scarborough,24,43,Intersection,At Intersection,Traffic Signal,Clear,"Daylight, artificial",Dry,Non-Fatal Injury,Pedestrian Collisions,D43,137,Woburn (137),-79.2306,43.7734,NULL,NULL,N,NULL,NULL,NULL
5001265349,2015,00:00.0,2111,21,DIXON RD,KIPLING AVE,12 m East of,1,Etobicoke York,NULL,23,Intersection,At Intersection,Traffic Signal,Clear,"Dusk, artificial",Dry,Non-Fatal Injury,Turning Movement,D23,6,Kingsview Village-The Westway (6),-79.5586,43.6942,-79.5586,43.6942,Y,Dixon Rd,Kipling Ave,2008-03-18
5001312732,2015,00:00.0,2130,21,63 WALLINGFORD RD,NULL,NULL,4,North York,16,33,Mid-Block,Private Driveway,No Control,Clear,"Dark, artificial",Wet,Non-Fatal Injury,Pedestrian Collisions,D33,45,Parkwoods-Donalda (45),-79.3263,43.7567,NULL,NULL,N,NULL,NULL,NULL
5001313535,2015,00:00.0,31,0,1939 KENNEDY RD,NULL,18 m South of,1,Scarborough,21,41,Mid-Block,Non Intersection,No Control,Clear,Dark,Dry,Non-Fatal Injury,Rear End,D41,126,Dorset Park (126),-79.2819,43.7686,NULL,NULL,N,NULL,NULL,NULL
5001353806,2015,00:00.0,1811,18,OLD SHEPPARD AVE,BRIAN DR,9 m East of,2,North York,17,33,Intersection,Intersection Related,Stop Sign,Clear,Daylight,Dry,Non-Fatal Injury,Cyclist Collisions,D33,46,Pleasant View (46),-79.3325,43.7788,NULL,NULL,N,NULL,NULL,NULL
5000466893,2015,00:00.0,58,0,262 TORRENS AVE,NULL,NULL,4,Toronto and East York,14,54,Mid-Block,NULL,No Control,Clear,Dark,Dry,Fatal,Pedestrian Collisions,D54,58,Old East York (58),-79.3435,43.6925,NULL,NULL,N,NULL,NULL,NULL
142879736,2014,00:00.0,620,6,OKEEFE LANE,DUNDAS SQ,NULL,7,Toronto and East York,13,51,Mid-Block,NULL,No Control,Clear,"Dark, artificial",Dry,Fatal,Pedestrian Collisions,D51,75,Church-Yonge Corridor (75),-79.3798,43.6553,NULL,NULL,N,NULL,NULL,NULL
5001379991,2015,00:00.0,2307,23,ST CLAIR AVE W,KEELE ST,NULL,1,Etobicoke York,5,NULL,Intersection,At Intersection,Traffic Signal,Clear,"Dark, artificial",Dry,Non-Fatal Injury,Pedestrian Collisions,D11,90,Junction Area (90),-79.4676,43.6725,NULL,NULL,N,NULL,NULL,NULL
5001724104,2015,00:00.0,1107,11,ROYAL YORK RD,BRAECREST AVE,51 m South of,3,Etobicoke York,2,23,Mid-Block,Non Intersection,No Control,Clear,Daylight,Dry,Non-Fatal Injury,SMV Other,D23,8,Humber Heights-Westmount (8),-79.5321,43.6948,NULL,NULL,N,NULL,NULL,NULL
5000573038,2015,00:00.0,944,9,THELMA AVE,SPADINA RD,20 m East of,3,Toronto and East York,12,NULL,Intersection,Intersection Related,Stop Sign,Clear,Daylight,Dry,Non-Fatal Injury,Pedestrian Collisions,D53,101,Forest Hill South (101),-79.4129,43.6894,NULL,NULL,N,NULL,NULL,NULL
5001686563,2015,00:00.0,733,7,DUNDAS ST W,ROXTON RD,60 m East of,1,Toronto and East York,NULL,14,Intersection,Non Intersection,No Control,Clear,Daylight,Dry,Non-Fatal Injury,Sideswipe,D14,81,Trinity-Bellwoods (81),-79.4195,43.6495,NULL,NULL,N,NULL,NULL,NULL
5002232122,2015,00:00.0,1212,12,PARLIAMENT ST,SPRUCE ST,500 m North of,3,Toronto and East York,13,51,Mid-Block,Non Intersection,No Control,Clear,Daylight,Dry,Non-Fatal Injury,Cyclist Collisions,D51,71,Cabbagetown-South St.James Town (71),-79.3673,43.6628,NULL,NULL,N,NULL,NULL,NULL