ACCNUM,YEAR,DATE,TIME,HOUR,STREET1,STREET2,OFFSET,ROAD_CLASS,DISTRICT,WARDNUM,DIVISION,LOCCOORD,ACCLOC,TRAFFCTL,VISIBILITY,LIGHT,RDSFCOND,ACCLASS,IMPACTYPE,POLICE_DIVISION,HOOD_ID,NEIGHBOURHOOD,collision_lat,collision_long,red_light_lat,red_light_long,right_light_camera,LINEAR_NAME_FULL_1,LINEAR_NAME_FULL_2,ACTIVATION_DATE
5001696184,2015,00:00.0,1702,17,DURIE ST,COLBECK ST,2 m North of,2,Toronto and East York,4,11,Intersection,At Intersection,Stop Sign,Clear,Daylight,Dry,Non-Fatal Injury,Pedestrian Collisions,D11,89,Runnymede-Bloor West Village (89),-79.4805,43.6541,NULL,NULL,N,NULL,NULL,NULL
5000678140,2015,00:00.0,1256,12,BROADVIEW AVE,DEARBOURNE AVE,6 m South of,3,Toronto and East York,14,55,Intersection,Intersection Related,Stop Sign,Clear,Daylight,Dry,Non-Fatal Injury,Pedestrian Collisions,D55,68,North Riverdale (68),-79.358,43.6753,NULL,NULL,N,NULL,NULL,NULL
4003398142,2014,00:00.0,1345,13,500 SCARLETT RD,NULL,NULL,1,Etobicoke York,2,23,Mid-Block,Non Intersection,No Control,Clear,Daylight,Wet,Non-Fatal Injury,Approaching,D23,8,Humber Heights-Westmount (8),-79.5128,43.6861,NULL,NULL,N,NULL,NULL,NULL
934047,2006,00:00.0,228,2,QUEEN ST W,YORK ST,NULL,1,Toronto and East York,10,52,Intersection,At Intersection,Traffic Signal,Rain,Dark,Wet,Non-Fatal Injury,Pedestrian Collisions,D52,76,Bay Street Corridor (76),-79.3849,43.6512,NULL,NULL,N,NULL,NULL,NULL
4002916967,2014,00:00.0,2010,20,EGLINTON AVE E,EGLINTON SQ,NULL,1,Scarborough,NULL,41,Intersection,At Intersection,Traffic Signal,Rain,"Dark, artificial",Wet,Non-Fatal Injury,Angle,D41,119,Wexford/Maryvale (119),-79.3005,43.7249,NULL,NULL,N,NULL,NULL,NULL
5001432053,2015,00:00.0,947,9,STEELES AVE W,ALCIDE ST,NULL,1,Etobicoke York,1,23,Intersection,Intersection Related,No Control,Clear,Daylight,Dry,Non-Fatal Injury,Turning Movement,D23,1,West Humber-Clairville (1),-79.6346,43.7512,NULL,NULL,N,NULL,NULL,NULL
5001450991,2015,00:00.0,1147,11,DUNDAS ST W,CLOVERDALE MALL,100 m East of,1,Etobicoke York,3,22,Intersection,At Intersection,Traffic Signal,Clear,Daylight,Dry,Non-Fatal Injury,Cyclist Collisions,D22,14,Islington-City Centre West (14),-79.5549,43.6289,NULL,NULL,N,NULL,NULL,NULL
5001240894,2015,00:00.0,954,9,LAWRENCE AVE E,MORNINGSIDE AVE,100 m South of,3,Scarborough,25,43,Mid-Block,Non Intersection,No Control,Clear,Daylight,Dry,Non-Fatal Injury,Turning Movement,D43,136,West Hill (136),-79.1852,43.7686,NULL,NULL,N,NULL,NULL,NULL
5001534311,2015,00:00.0,1652,16,MAXWELL ST,HOVE ST,40 m South of,4,North York,6,32,Intersection,Non Intersection,No Control,Clear,Daylight,Dry,Fatal,SMV Other,D32,34,Bathurst Manor (34),-79.4486,43.7611,NULL,NULL,N,NULL,NULL,NULL
4002858983,2014,00:00.0,2313,23,2324 SHEPPARD AVE W,NULL,NULL,1,Etobicoke York,7,31,Intersection,Private Driveway,No Control,Clear,"Dark, artificial",Dry,Non-Fatal Injury,SMV Other,D31,23,Pelmo Park-Humberlea (23),-79.5358,43.7342,NULL,NULL,N,NULL,NULL,NULL
5001648538,2015,00:00.0,2300,23,MILNER AVE,CINEMART DR,24 m  of,3,Scarborough,25,42,Intersection,At Intersection,No Control,Clear,"Dark, artificial",Dry,Non-Fatal Injury,SMV Other,D42,132,Malvern (132),-79.2047,43.7973,NULL,NULL,N,NULL,NULL,NULL
5001573277,2015,00:00.0,2139,21,DUPONT ST,WALMER RD,24 m West of,1,Toronto and East York,11,14,Intersection,Non Intersection,No Control,Rain,"Dark, artificial",Wet,Non-Fatal Injury,Pedestrian Collisions,D14,95,Annex (95),-79.4082,43.6746,NULL,NULL,N,NULL,NULL,NULL
5001604572,2015,00:00.0,2200,22,BIRMINGHAM ST,SIXTEENTH ST,1 m East of,2,Etobicoke York,3,22,Intersection,Non Intersection,No Control,Clear,"Dark, artificial",Dry,Non-Fatal Injury,Cyclist Collisions,D22,18,New Toronto (18),-79.516,43.6011,NULL,NULL,N,NULL,NULL,NULL
5001769257,2015,00:00.0,738,7,BLOOR ST E,ST PAULS SQ,NULL,1,Toronto and East York,11,NULL,Intersection,Intersection Related,No Control,Clear,Daylight,Dry,Non-Fatal Injury,Cyclist Collisions,D51,75,Church-Yonge Corridor (75),-79.3823,43.6711,NULL,NULL,N,NULL,NULL,NULL
5000852729,2015,00:00.0,1115,11,DANFORTH AVE,FERRIER AVE,NULL,1,Toronto and East York,14,NULL,Intersection,Intersection Related,No Control,Clear,Daylight,Dry,Non-Fatal Injury,Rear End,D55,68,North Riverdale (68),-79.3482,43.6781,NULL,NULL,N,NULL,NULL,NULL
945676,2006,00:00.0,1420,14,EMERSON AVE,WALLACE AVE,NULL,2,Toronto and East York,9,11,Intersection,At Intersection,Stop Sign,Clear,Daylight,Dry,Non-Fatal Injury,Cyclist Collisions,D11,93,Dovercourt-Wallace Emerson-Junction (93),-79.4423,43.6627,NULL,NULL,N,NULL,NULL,NULL
961325,2006,00:00.0,2022,20,25 THE WEST MALL,NULL,NULL,3,Etobicoke York,3,22,NULL,NULL,Traffic Signal,Rain,Dark,Wet,Non-Fatal Injury,Pedestrian Collisions,D22,14,Islington-City Centre West (14),-79.5614,43.6107,NULL,NULL,N,NULL,NULL,NULL
4003526196,2014,00:00.0,1132,11,MARKHAM RD,BLAKEMANOR BLVD,246 m North of,1,Scarborough,24,43,Mid-Block,Non Intersection,No Control,Clear,Daylight,Dry,Non-Fatal Injury,SMV Other,D43,137,Woburn (137),-79.223,43.7529,NULL,NULL,N,NULL,NULL,NULL
5000679960,2015,00:00.0,1810,18,BROOKBANKS DR,UNDERHILL DR,NULL,2,North York,16,33,Mid-Block,Trail,No Control,Clear,Daylight,Dry,Non-Fatal Injury,SMV Other,D33,45,Parkwoods-Donalda (45),-79.3287,43.7528,NULL,NULL,N,NULL,NULL,NULL
949215,2007,00:00.0,2030,20,4071 KINGSTON RD,NULL,NULL,1,Scarborough,24,43,Mid-Block,NULL,No Control,Rain,Dark,Wet,Non-Fatal Injury,Pedestrian Collisions,D43,136,West Hill (136),-79.2008,43.7553,NULL,NULL,N,NULL,NULL,NULL
947071,2007,00:00.0,336,3,DON VALLEY PARKWAY  N,BAYVIEW BLOOR DVP RAMP,NULL,NULL,Toronto and East York,14,54,Mid-Block,NULL,No Control,Clear,Dark,Dry,Non-Fatal Injury,SMV Other,D54,57,Broadview North (57),-79.3618,43.6832,NULL,NULL,N,NULL,NULL,NULL
5001109964,2015,00:00.0,2330,23,WALSH AVE,WESTON RD,22 m East of,1,Etobicoke York,7,31,Intersection,Non Intersection,Traffic Signal,Clear,"Dark, artificial",Dry,Non-Fatal Injury,Rear End,D31,23,Pelmo Park-Humberlea (23),-79.5372,43.7169,NULL,NULL,N,NULL,NULL,NULL
968131,2007,00:00.0,645,6,330 PROGRESS AVE,NULL,NULL,3,Scarborough,21,41,Mid-Block,NULL,No Control,Clear,Daylight,Dry,Non-Fatal Injury,Rear End,D41,127,Bendale (127),-79.2683,43.7739,NULL,NULL,N,NULL,NULL,NULL
4002886498,2014,00:00.0,625,6,STEELES AVE W,CONLEY ST,NULL,1,North York,6,32,Intersection,At Intersection,Traffic Signal,Clear,"Dark, artificial",Wet,Non-Fatal Injury,Turning Movement,D32,35,Westminster-Branson (35),-79.4631,43.7886,NULL,NULL,N,NULL,NULL,NULL
5000955489,2015,00:00.0,1850,18,YONGE ST,CUMMER AVE,38 m North of,1,North York,18,32,Mid-Block,Non Intersection,No Control,Clear,Daylight,Dry,Non-Fatal Injury,SMV Other,D32,50,Newtonbrook East (50),-79.4174,43.7875,NULL,NULL,N,NULL,NULL,NULL
958123,2007,00:00.0,1038,10,DUFFERIN ST,SYLVAN AVE,NULL,1,Toronto and East York,9,NULL,Intersection,NULL,No Control,Clear,Daylight,Dry,Non-Fatal Injury,Pedestrian Collisions,D11,83,Dufferin Grove (83),-79.4333,43.6546,NULL,NULL,N,NULL,NULL,NULL
970644,2007,00:00.0,440,4,STEELES AVE E,MIDLAND AVE,NULL,1,Scarborough,NULL,42,Intersection,At Intersection,Traffic Signal,Clear,Dark,Dry,Fatal,Pedestrian Collisions,D42,130,Milliken (130),-79.2972,43.8259,NULL,NULL,N,NULL,NULL,NULL
5000997483,2015,00:00.0,530,5,GERRARD ST E,WOODBINE AVE,1 m East of,1,Toronto and East York,19,55,Intersection,Intersection Related,Traffic Signal,Clear,"Dark, artificial",Dry,Non-Fatal Injury,Other,D55,62,East End-Danforth (62),-79.3107,43.6807,NULL,NULL,N,NULL,NULL,NULL
5000984230,2015,00:00.0,756,7,WILSON AVE,DALLNER RD,NULL,1,Etobicoke York,7,31,Intersection,At Intersection,Stop Sign,Clear,Daylight,Dry,Non-Fatal Injury,Turning Movement,D31,26,Downsview-Roding-CFB (26),-79.5137,43.7198,NULL,NULL,N,NULL,NULL,NULL
4002884654,2014,00:00.0,2012,20,LAWRENCE AVE E,WARDEN AVE,NULL,1,Scarborough,21,41,Intersection,At Intersection,Traffic Signal,Rain,"Dark, artificial",Wet,Non-Fatal Injury,Pedestrian Collisions,D41,119,Wexford/Maryvale (119),-79.2947,43.7453,-79.2947,43.7453,Y,Lawrence Ave E,Warden Ave,2021-06-23
1336078,2013,00:00.0,1529,15,WARDEN AVE,HYMUS RD,NULL,1,Scarborough,20,41,Intersection,NULL,No Control,Clear,Daylight,Dry,Non-Fatal Injury,Approaching,D41,120,Clairlea-Birchmount (120),-79.2841,43.7195,NULL,NULL,N,NULL,NULL,NULL
1355516,2013,00:00.0,1845,18,YORKLAND Blvd,CONSUMERS Rd,NULL,3,North York,17,33,Mid-Block,NULL,No Control,Clear,Daylight,Wet,Non-Fatal Injury,SMV Other,D33,53,Henry Farm (53),-79.336,43.7729,NULL,NULL,N,NULL,NULL,NULL
1382978,2013,00:00.0,1153,11,KENNEDY RD,KENMARK BLVD,NULL,1,Scarborough,20,41,Intersection,NULL,Stop Sign,Clear,Daylight,Dry,Non-Fatal Injury,Pedestrian Collisions,D41,124,Kennedy Park (124),-79.2669,43.7299,NULL,NULL,N,NULL,NULL,NULL
1378518,2013,00:00.0,2217,22,DUFFERIN St,MARTIN ROSS Ave,NULL,1,North York,6,32,Intersection,NULL,No Control,Clear,"Dark, artificial",Dry,Non-Fatal Injury,Approaching,D32,34,Bathurst Manor (34),-79.4683,43.7752,NULL,NULL,N,NULL,NULL,NULL
1340588,2013,00:00.0,2055,20,15 KENFIN AVE,NULL,NULL,4,Scarborough,22,42,Intersection,NULL,No Control,Clear,"Dark, artificial",Dry,Non-Fatal Injury,SMV Unattended Vehicle,D42,117,L'Amoreaux (117),-79.2944,43.8001,NULL,NULL,N,NULL,NULL,NULL
1339180,2013,00:00.0,1045,10,DUNDAS ST W,SHERIDAN AVE,NULL,3,Toronto and East York,9,11,Intersection,At Intersection,Traffic Signal,Clear,Daylight,Dry,Fatal,Pedestrian Collisions,D11,84,Little Portugal (84),-79.4336,43.6497,NULL,NULL,N,NULL,NULL,NULL
1369849,2013,00:00.0,751,7,ADELAIDE ST E,SHERBOURNE ST,NULL,1,Toronto and East York,13,51,Mid-Block,NULL,No Control,Rain,Daylight,Wet,Non-Fatal Injury,Cyclist Collisions,D51,73,Moss Park (73),-79.3679,43.6522,NULL,NULL,N,NULL,NULL,NULL
4001383742,2014,00:00.0,1000,10,KINGSTON RD,TOLLGATE MEWS,100 m East of,1,Scarborough,20,43,Mid-Block,Intersection Related,No Control,Clear,Daylight,Dry,Non-Fatal Injury,Rear End,D43,139,Scarborough Village (139),-79.2238,43.7326,NULL,NULL,N,NULL,NULL,NULL
1337044,2012,00:00.0,210,2,KEELE ST,MURRAY ROSS PKWY,NULL,1,Etobicoke York,NULL,31,Intersection,At Intersection,Traffic Signal,Rain,"Dark, artificial",Wet,Non-Fatal Injury,Angle,D31,27,York University Heights (27),-79.492,43.7673,NULL,NULL,N,NULL,NULL,NULL
1337921,2012,00:00.0,1347,13,ELLESMERE RD,MARKHAM RD,NULL,1,Scarborough,24,43,Intersection,At Intersection,Traffic Signal,Rain,Daylight,Wet,Non-Fatal Injury,Pedestrian Collisions,D43,137,Woburn (137),-79.2317,43.7764,-79.2317,43.7764,Y,Markham Rd,Ellesmere Rd,2018-02-16
1351471,2013,00:00.0,2056,20,JANE ST,STONG CRT,NULL,1,Etobicoke York,7,31,Mid-Block,NULL,No Control,Rain,"Dark, artificial",Wet,Fatal,Pedestrian Collisions,D31,24,Black Creek (24),-79.5188,43.7624,NULL,NULL,N,NULL,NULL,NULL
1330905,2012,00:00.0,713,7,KENNEDY RD,MERRIAN RD,NULL,1,Scarborough,20,41,Intersection,NULL,Traffic Signal,Rain,"Dark, artificial",Wet,Non-Fatal Injury,Pedestrian Collisions,D41,124,Kennedy Park (124),-79.2658,43.7274,NULL,NULL,N,NULL,NULL,NULL
4001384194,2014,00:00.0,1222,12,FINCH AVE W,ALNESS ST,NULL,1,North York,6,32,Intersection,At Intersection,Traffic Signal,Clear,Daylight,Dry,Non-Fatal Injury,Pedestrian Collisions,D32,27,York University Heights (27),-79.4714,43.7678,NULL,NULL,N,NULL,NULL,NULL
4001414099,2014,00:00.0,1510,15,DUNDAS ST E,HAMILTON ST,NULL,1,Toronto and East York,14,55,Intersection,Intersection Related,Stop Sign,Snow,Daylight,Slush,Non-Fatal Injury,Angle,D55,70,South Riverdale (70),-79.3522,43.6622,NULL,NULL,N,NULL,NULL,NULL
1328909,2012,00:00.0,125,1,WARDEN AVE,TOWER DR,NULL,1,Scarborough,21,41,Intersection,At Intersection,Traffic Signal,Clear,Dark,Dry,Non-Fatal Injury,Rear End,D41,119,Wexford/Maryvale (119),-79.2983,43.7543,NULL,NULL,N,NULL,NULL,NULL
4001858374,2014,00:00.0,1604,16,EGLINTON AVE E,BRENTCLIFFE RD,NULL,1,North York,15,53,Intersection,At Intersection,Traffic Signal,Clear,Daylight,Dry,Non-Fatal Injury,Turning Movement,D53,55,Thorncliffe Park (55),-79.3598,43.7145,NULL,NULL,N,NULL,NULL,NULL
4001435138,2014,00:00.0,640,6,1970 ELLESMERE RD,NULL,NULL,1,Scarborough,24,43,Mid-Block,Non Intersection,No Control,Clear,Daylight,Dry,Non-Fatal Injury,Approaching,D43,137,Woburn (137),-79.2383,43.775,NULL,NULL,N,NULL,NULL,NULL
4001436264,2014,00:00.0,1027,10,HIGHWAY 27  S,CARRIER DR,NULL,1,Etobicoke York,1,23,Mid-Block,Non Intersection,No Control,Clear,Daylight,Dry,Non-Fatal Injury,Rear End,D23,1,West Humber-Clairville (1),-79.6056,43.7396,NULL,NULL,N,NULL,NULL,NULL
1347268,2013,00:00.0,1445,14,DUNDAS ST W,PRINCE EDWARD DR N,NULL,1,Etobicoke York,NULL,22,Intersection,At Intersection,Traffic Signal,Clear,Daylight,Wet,Non-Fatal Injury,Pedestrian Collisions,D22,9,Edenbridge-Humber Valley (9),-79.5104,43.6606,NULL,NULL,N,NULL,NULL,NULL
4002384040,2014,00:00.0,227,2,FRED GARDINER EXP[EASTBOUND],WICKMAN RD 222,80 m West of,NULL,Etobicoke York,3,22,Mid-Block,Non Intersection,No Control,Clear,"Dark, artificial",Dry,Non-Fatal Injury,Approaching,D22,20,Alderwood (20),-79.5312,43.6166,NULL,NULL,N,NULL,NULL,NULL
1355187,2013,00:00.0,2100,21,LAWRENCE AVE E,KINGSTON RD,NULL,1,Scarborough,24,43,Intersection,At Intersection,Traffic Signal,Clear,"Dark, artificial",Dry,Non-Fatal Injury,Cyclist Collisions,D43,136,West Hill (136),-79.1895,43.7676,NULL,NULL,N,NULL,NULL,NULL
4008007694,2014,00:00.0,1245,12,HUNTINGWOOD DR,KENNEDY RD,NULL,3,Scarborough,22,42,Mid-Block,At/Near Private Drive,No Control,Clear,Daylight,Dry,Non-Fatal Injury,Turning Movement,D42,118,Tam O'Shanter-Sullivan (118),-79.2925,43.7951,NULL,NULL,N,NULL,NULL,NULL
1338579,2012,00:00.0,1644,16,YONGE ST,LAKE SHORE BLVD E,NULL,1,Toronto and East York,10,NULL,Intersection,At Intersection,Traffic Signal,Rain,"Dark, artificial",Wet,Non-Fatal Injury,Angle,D51,77,Waterfront Communities-The Island (77),-79.3758,43.6442,NULL,NULL,N,NULL,NULL,NULL
1385469,2013,00:00.0,1047,10,LAKE SHORE BLVD E,BOOTH AVE,NULL,1,Toronto and East York,14,55,Intersection,NULL,Stop Sign,Clear,Daylight,Dry,Non-Fatal Injury,Cyclist Collisions,D55,70,South Riverdale (70),-79.3407,43.6535,NULL,NULL,N,NULL,NULL,NULL
4001540834,2014,00:00.0,1321,13,BAY ST,HARBOUR ST,NULL,1,Toronto and East York,10,52,Intersection,At Intersection,Traffic Signal,Clear,Daylight,Dry,Non-Fatal Injury,Pedestrian Collisions,D52,77,Waterfront Communities-The Island (77),-79.3774,43.642,NULL,NULL,N,NULL,NULL,NULL
4001551952,2014,00:00.0,1237,12,MORNINGSIDE AVE,KINGSTON RD,NULL,1,Scarborough,NULL,43,Intersection,At Intersection,Traffic Signal,Clear,Daylight,Wet,Non-Fatal Injury,Pedestrian Collisions,D43,136,West Hill (136),-79.1868,43.7706,NULL,NULL,N,NULL,NULL,NULL
1347790,2013,00:00.0,2103,21,CASTLEFIELD AVE,ROSELAWN AVE,NULL,2,North York,8,13,Mid-Block,NULL,No Control,Clear,Dark,Dry,Non-Fatal Injury,Pedestrian Collisions,D13,108,Briar Hill-Belgravia (108),-79.4496,43.7005,NULL,NULL,N,NULL,NULL,NULL
1388451,2013,00:00.0,2009,20,YONGE St,DAVISVILLE Ave,NULL,1,Toronto and East York,12,53,Mid-Block,NULL,No Control,Clear,"Dawn, artificial",Dry,Non-Fatal Injury,Rear End,D53,104,Mount Pleasant West (104),-79.3966,43.6982,NULL,NULL,N,NULL,NULL,NULL
4001467875,2014,00:00.0,1255,12,KIPLING AVE,WESTHUMBER BLVD,NULL,1,Etobicoke York,1,23,Intersection,At Intersection,Traffic Signal,Clear,Daylight,Dry,Non-Fatal Injury,Pedestrian Collisions,D23,4,Rexdale-Kipling (4),-79.5746,43.7281,NULL,NULL,N,NULL,NULL,NULL
4001338478,2014,00:00.0,2125,21,THE QUEENSWAY,427 C S QUEENSWAY RAMP,NULL,1,Etobicoke York,3,22,Intersection,At Intersection,Traffic Signal,Clear,"Dark, artificial",Wet,Non-Fatal Injury,Turning Movement,D22,14,Islington-City Centre West (14),-79.5522,43.615,NULL,NULL,N,NULL,NULL,NULL
1375428,2013,00:00.0,130,1,STEELES AVE W,BATHURST ST,NULL,1,North York,18,32,Mid-Block,NULL,No Control,Rain,"Dark, artificial",Wet,Fatal,Pedestrian Collisions,D32,36,Newtonbrook West (36),-79.4451,43.7925,NULL,NULL,N,NULL,NULL,NULL
1387238,2013,00:00.0,2140,21,QUEEN ST W,BATHURST ST,NULL,1,Toronto and East York,10,14,Intersection,At Intersection,Traffic Signal,Clear,"Dark, artificial",Dry,Non-Fatal Injury,Cyclist Collisions,D14,77,Waterfront Communities-The Island (77),-79.4039,43.6471,NULL,NULL,N,NULL,NULL,NULL
3000935041,2013,00:00.0,900,9,610 UNIVERSITY AVE,NULL,NULL,1,Toronto and East York,11,52,Mid-Block,Non Intersection,No Control,Clear,Daylight,Dry,Non-Fatal Injury,Pedestrian Collisions,D52,76,Bay Street Corridor (76),-79.3897,43.6582,NULL,NULL,N,NULL,NULL,NULL
1378700,2013,00:00.0,1710,17,VICTORIA PARK Ave,EDGE PARK Ave,NULL,1,Toronto and East York,NULL,NULL,Mid-Block,NULL,No Control,Clear,Daylight,Dry,Non-Fatal Injury,Pedestrian Collisions,D41,120,Clairlea-Birchmount (120),-79.2996,43.7174,NULL,NULL,N,NULL,NULL,NULL
1386339,2013,00:00.0,16,0,STEELES AVE E,PICKERING TOWN LINE,NULL,3,Scarborough,25,42,Mid-Block,NULL,No Control,Clear,Dark,Dry,Non-Fatal Injury,Sideswipe,D42,131,Rouge (131),-79.1713,43.8551,NULL,NULL,N,NULL,NULL,NULL
1386836,2013,00:00.0,1650,16,SHEPPARD Ave E,SHAUGHNESSY BLVD,NULL,1,North York,17,33,Intersection,NULL,Traffic Signal,Clear,Daylight,Dry,Non-Fatal Injury,Turning Movement,D33,53,Henry Farm (53),-79.3533,43.7737,NULL,NULL,N,NULL,NULL,NULL
4001567446,2014,00:00.0,2020,20,EGLINTON AVE E,KENNEDY RD,NULL,1,Scarborough,NULL,41,Intersection,At/Near Private Drive,No Control,Rain,"Dark, artificial",Wet,Non-Fatal Injury,Pedestrian Collisions,D41,124,Kennedy Park (124),-79.2678,43.7321,NULL,NULL,N,NULL,NULL,NULL
142723300,2014,00:00.0,2306,23,DAWES RD,GOWER ST,NULL,3,Toronto and East York,19,54,Intersection,At Intersection,Traffic Signal,Clear,"Dark, artificial",Dry,Fatal,Pedestrian Collisions,D54,54,O'Connor-Parkview (54),-79.2969,43.7022,NULL,NULL,N,NULL,NULL,NULL
1387422,2013,00:00.0,1355,13,DON MILLS RD,EGLINTON AVE E,NULL,1,North York,16,NULL,Intersection,NULL,Traffic Signal,Clear,Daylight,Dry,Non-Fatal Injury,Turning Movement,D54,44,Flemingdon Park (44),-79.3388,43.7204,NULL,NULL,N,NULL,NULL,NULL
1377363,2013,00:00.0,1830,18,QUEENS QUAY E,BONNYCASTLE ST,NULL,3,Toronto and East York,10,51,Intersection,NULL,No Control,Clear,Daylight,Dry,Non-Fatal Injury,Pedestrian Collisions,D51,77,Waterfront Communities-The Island (77),-79.3643,43.6455,NULL,NULL,N,NULL,NULL,NULL
1338693,2012,00:00.0,723,7,SEWELLS RD,MORNINGSIDE AVE,NULL,3,Scarborough,25,42,Intersection,At Intersection,Traffic Signal,Rain,"Dusk, artificial",Wet,Non-Fatal Injury,Pedestrian Collisions,D42,131,Rouge (131),-79.2111,43.8162,NULL,NULL,N,NULL,NULL,NULL
131219717,2013,00:00.0,1500,15,VICTORIA PARK AVE,O CONNOR DR,NULL,1,North York,NULL,NULL,Mid-Block,NULL,Stop Sign,Clear,Daylight,Dry,Fatal,Pedestrian Collisions,D41,120,Clairlea-Birchmount (120),-79.3016,43.7223,NULL,NULL,N,NULL,NULL,NULL
4001339945,2014,00:00.0,710,7,JUDSON ST,HAROLD ST,NULL,2,Etobicoke York,3,22,Mid-Block,Non Intersection,No Control,Clear,"Dawn, artificial",Dry,Non-Fatal Injury,SMV Other,D22,17,Mimico (17),-79.5,43.6155,NULL,NULL,N,NULL,NULL,NULL
1385611,2013,00:00.0,857,8,LAKE SHORE BLVD W,NET DR,NULL,1,Toronto and East York,4,14,Intersection,NULL,No Control,Clear,Daylight,Dry,Fatal,Turning Movement,D14,85,South Parkdale (85),-79.438,43.634,NULL,NULL,N,NULL,NULL,NULL
141375171,2014,00:00.0,2145,21,EGLINTON AVE W,NORTHCLIFFE BLVD,NULL,1,North York,NULL,13,Intersection,At Intersection,Traffic Signal,Clear,"Dark, artificial",Wet,Fatal,Pedestrian Collisions,D13,107,Oakwood Village (107),-79.4476,43.6962,NULL,NULL,N,NULL,NULL,NULL
3001161677,2013,00:00.0,1237,12,DUFFERIN ST,OVERBROOK PL,NULL,1,North York,6,32,Intersection,At Intersection,Traffic Signal,Clear,Daylight,Wet,Non-Fatal Injury,Turning Movement,D32,34,Bathurst Manor (34),-79.4651,43.7609,NULL,NULL,N,NULL,NULL,NULL
3001054757,2013,00:00.0,1423,14,295 THE WEST MALL,NULL,NULL,3,Etobicoke York,2,22,Mid-Block,Non Intersection,No Control,Clear,Daylight,Dry,Non-Fatal Injury,SMV Other,D22,12,Markland Wood (12),-79.5619,43.6351,NULL,NULL,N,NULL,NULL,NULL
4001645257,2014,00:00.0,1528,15,ROGERS RD,WESTON RD,NULL,3,Etobicoke York,5,12,Mid-Block,Non Intersection,No Control,Clear,Daylight,Dry,Non-Fatal Injury,Turning Movement,D12,110,Keelesdale-Eglinton West (110),-79.476,43.6817,NULL,NULL,N,NULL,NULL,NULL
1377364,2013,00:00.0,1859,18,STEELES AVE W,STEINWAY BLVD,NULL,1,Etobicoke York,1,23,Intersection,NULL,Stop Sign,Clear,"Dark, artificial",Dry,Fatal,Turning Movement,D23,1,West Humber-Clairville (1),-79.6198,43.7541,NULL,NULL,N,NULL,NULL,NULL
4002824583,2014,00:00.0,1200,12,WELLESLEY ST E,BLEECKER ST,18 m East of,3,Toronto and East York,13,51,Intersection,Intersection Related,No Control,Clear,Daylight,Dry,Non-Fatal Injury,Cyclist Collisions,D51,71,Cabbagetown-South St.James Town (71),-79.3737,43.6672,NULL,NULL,N,NULL,NULL,NULL
1383802,2013,00:00.0,1130,11,DUNDAS ST W,ROYAL YORK RD,NULL,1,Etobicoke York,NULL,22,Mid-Block,NULL,No Control,Clear,Daylight,Dry,Non-Fatal Injury,SMV Other,D22,15,Kingsway South (15),-79.517,43.658,NULL,NULL,N,NULL,NULL,NULL
131098349,2013,00:00.0,1741,17,DUNDAS ST W,CLAREMONT ST,NULL,1,Toronto and East York,NULL,14,Intersection,NULL,No Control,Clear,"Dark, artificial",Dry,Fatal,Pedestrian Collisions,D14,81,Trinity-Bellwoods (81),-79.4115,43.6511,NULL,NULL,N,NULL,NULL,NULL
1385120,2013,00:00.0,726,7,947 WARDEN Ave,NULL,NULL,1,Scarborough,21,41,Mid-Block,NULL,No Control,Clear,Daylight,Dry,Non-Fatal Injury,Approaching,D41,119,Wexford/Maryvale (119),-79.2902,43.7343,NULL,NULL,N,NULL,NULL,NULL
892810,2006,00:00.0,915,9,MORNINGSIDE AVE,SHEPPARD AVE E,NULL,1,Scarborough,25,42,Intersection,At Intersection,Traffic Signal,Clear,Daylight,Dry,Fatal,Turning Movement,D42,131,Rouge (131),-79.1997,43.8019,-79.1997,43.8019,Y,Sheppard Ave E,Morningside Ave,2017-03-10
4002803822,2014,00:00.0,108,1,BATHURST ST,ST CLAIR AVE W,41 m South of,1,Toronto and East York,12,13,Mid-Block,Non Intersection,No Control,Clear,"Dark, artificial",Dry,Non-Fatal Injury,Pedestrian Collisions,D13,96,Casa Loma (96),-79.4181,43.6827,NULL,NULL,N,NULL,NULL,NULL
4002811941,2014,00:00.0,855,8,BROADVIEW AVE,QUEEN ST E,NULL,1,Toronto and East York,14,55,Intersection,At Intersection,Traffic Signal,Clear,Daylight,Dry,Non-Fatal Injury,Pedestrian Collisions,D55,70,South Riverdale (70),-79.3498,43.6588,NULL,NULL,N,NULL,NULL,NULL
4002781365,2014,00:00.0,1720,17,ROGERS RD,SILVERTHORN AVE,NULL,3,Etobicoke York,NULL,12,Intersection,Intersection Related,Traffic Signal,Clear,Daylight,Dry,Non-Fatal Injury,Cyclist Collisions,D12,110,Keelesdale-Eglinton West (110),-79.4633,43.6827,NULL,NULL,N,NULL,NULL,NULL
901141,2006,00:00.0,1830,18,YONGE ST,WILSON AVE,NULL,1,North York,NULL,32,Intersection,At Intersection,Traffic Signal,Clear,Daylight,Dry,Non-Fatal Injury,Turning Movement,D32,40,St.Andrew-Windfields (40),-79.4066,43.7441,NULL,NULL,N,NULL,NULL,NULL