ACCNUM,YEAR,DATE,TIME,HOUR,STREET1,STREET2,OFFSET,ROAD_CLASS,DISTRICT,WARDNUM,DIVISION,LOCCOORD,ACCLOC,TRAFFCTL,VISIBILITY,LIGHT,RDSFCOND,ACCLASS,IMPACTYPE,POLICE_DIVISION,HOOD_ID,NEIGHBOURHOOD,collision_lat,collision_long,red_light_lat,red_light_long,right_light_camera,LINEAR_NAME_FULL_1,LINEAR_NAME_FULL_2,ACTIVATION_DATE
4002199584,2014,00:00.0,1822,18,DUNDAS ST W,PACIFIC AVE,NULL,1,Toronto and East York,4,11,Mid-Block,Non Intersection,No Control,Clear,Daylight,Dry,Non-Fatal Injury,Cyclist Collisions,D11,90,Junction Area (90),-79.4694,43.6654,NULL,NULL,N,NULL,NULL,NULL
4002231179,2014,00:00.0,555,5,F G GARDINER XY  E,GRAND AVE,NULL,NULL,Etobicoke York,3,22,Mid-Block,Non Intersection,No Control,Clear,Daylight,Dry,Non-Fatal Injury,SMV Other,D22,17,Mimico (17),-79.4967,43.6237,NULL,NULL,N,NULL,NULL,NULL
892913,2006,00:00.0,1903,19,OSSINGTON AVE,DUNDAS ST W,NULL,1,Toronto and East York,NULL,14,Intersection,At Intersection,Traffic Signal,Clear,Dark,Dry,Non-Fatal Injury,Pedestrian Collisions,D14,81,Trinity-Bellwoods (81),-79.4207,43.6493,NULL,NULL,N,NULL,NULL,NULL
893251,2006,00:00.0,1535,15,ISLINGTON AVE,DIXON RD,NULL,1,Etobicoke York,NULL,23,Intersection,At Intersection,Traffic Signal,Clear,Daylight,Dry,Fatal,Pedestrian Collisions,D23,6,Kingsview Village-The Westway (6),-79.5466,43.697,NULL,NULL,N,NULL,NULL,NULL
4008010046,2014,00:00.0,1800,18,FINCH AVE E,BRIDLETOWNE CRCL,NULL,1,Scarborough,22,42,Intersection,Intersection Related,Traffic Signal,Clear,"Dusk, artificial",Dry,Non-Fatal Injury,Rear End,D42,117,L'Amoreaux (117),-79.3193,43.7958,NULL,NULL,N,NULL,NULL,NULL
4002177658,2014,00:00.0,1450,14,45 BAY ST,NULL,NULL,1,Toronto and East York,10,52,Mid-Block,At/Near Private Drive,No Control,Clear,Daylight,Dry,Non-Fatal Injury,Pedestrian Collisions,D52,77,Waterfront Communities-The Island (77),-79.3781,43.6438,NULL,NULL,N,NULL,NULL,NULL
3001238664,2013,00:00.0,942,9,ELLESMERE RD,DUNDALK DR,NULL,1,Scarborough,21,41,Intersection,At Intersection,Traffic Signal,Clear,Daylight,Wet,Non-Fatal Injury,Turning Movement,D41,126,Dorset Park (126),-79.2838,43.7651,NULL,NULL,N,NULL,NULL,NULL
895615,2006,00:00.0,2344,23,F G GARDINER XY E  E,SPADINA AVE,NULL,1,Toronto and East York,10,52,Mid-Block,NULL,No Control,Clear,Dark,Dry,Non-Fatal Injury,Rear End,D52,77,Waterfront Communities-The Island (77),-79.3912,43.6387,NULL,NULL,N,NULL,NULL,NULL
1385995,2013,00:00.0,626,6,DUPONT St,HOWLAND Ave,NULL,1,Toronto and East York,11,14,Intersection,NULL,Traffic Signal,Rain,Daylight,Wet,Non-Fatal Injury,Turning Movement,D14,95,Annex (95),-79.4118,43.6736,NULL,NULL,N,NULL,NULL,NULL
908832,2006,00:00.0,2149,21,YONGE ST,LORD SEATON RD,NULL,1,North York,NULL,32,Intersection,NULL,Traffic Signal,Clear,Dark,Dry,Non-Fatal Injury,Turning Movement,D32,40,St.Andrew-Windfields (40),-79.408,43.7524,NULL,NULL,N,NULL,NULL,NULL
4002843049,2014,00:00.0,1729,17,SHEPPARD AVE E,PHARMACY AVE,50 m West of,1,Scarborough,22,42,Mid-Block,Non Intersection,No Control,Clear,Daylight,Dry,Non-Fatal Injury,Turning Movement,D42,118,Tam O'Shanter-Sullivan (118),-79.3185,43.7763,NULL,NULL,N,NULL,NULL,NULL
4001888181,2014,00:00.0,1030,10,REXDALE BLVD,HUMBERWOOD BLVD,NULL,1,Etobicoke York,1,23,Mid-Block,Non Intersection,No Control,Clear,Daylight,Dry,Non-Fatal Injury,Cyclist Collisions,D23,1,West Humber-Clairville (1),-79.6091,43.7204,NULL,NULL,N,NULL,NULL,NULL
919331,2006,00:00.0,1208,12,SENLAC RD,BURNETT AVE,NULL,3,North York,18,32,Mid-Block,NULL,No Control,Clear,Daylight,Dry,Non-Fatal Injury,Pedestrian Collisions,D32,38,Lansing-Westgate (38),-79.4251,43.7652,NULL,NULL,N,NULL,NULL,NULL
911915,2006,00:00.0,1827,18,LAKE SHORE BLVD W,SECOND ST,NULL,1,Etobicoke York,3,22,Mid-Block,NULL,No Control,Clear,Daylight,Dry,Non-Fatal Injury,Pedestrian Collisions,D22,18,New Toronto (18),-79.499,43.602,NULL,NULL,N,NULL,NULL,NULL
887427,2006,00:00.0,1330,13,JANE ST,BRADLEY AVE,NULL,1,Toronto and East York,4,11,Mid-Block,NULL,Pedestrian Crossover,Clear,Daylight,Dry,Non-Fatal Injury,Pedestrian Collisions,D11,89,Runnymede-Bloor West Village (89),-79.4903,43.6637,NULL,NULL,N,NULL,NULL,NULL
888497,2006,00:00.0,935,9,WESTWOOD AVE,WOODYCREST AVE,NULL,4,Toronto and East York,14,54,Intersection,At Intersection,Stop Sign,Clear,Daylight,Dry,Fatal,Pedestrian Collisions,D54,59,Danforth East York (59),-79.3446,43.6873,NULL,NULL,N,NULL,NULL,NULL
911540,2006,00:00.0,50,0,LAWRENCE AVE E,TOWER DR,NULL,1,Scarborough,21,41,Intersection,NULL,Stop Sign,Clear,Dark,Dry,Non-Fatal Injury,SMV Other,D41,119,Wexford/Maryvale (119),-79.2982,43.7445,NULL,NULL,N,NULL,NULL,NULL
905457,2006,00:00.0,2214,22,BATHURST ST,DAVENPORT RD,NULL,1,Toronto and East York,12,13,Intersection,At Intersection,Traffic Signal,Clear,Dark,Dry,Non-Fatal Injury,Cyclist Collisions,D13,96,Casa Loma (96),-79.4157,43.6767,-79.4157,43.6767,Y,Bathurst St,Davenport Rd,2009-03-18
915319,2006,00:00.0,1357,13,KING ST W,YORK ST,NULL,1,Toronto and East York,10,52,Mid-Block,NULL,No Control,Clear,Daylight,Dry,Non-Fatal Injury,Pedestrian Collisions,D52,76,Bay Street Corridor (76),-79.3808,43.6485,NULL,NULL,N,NULL,NULL,NULL
921192,2006,00:00.0,1825,18,ORIOLE PKWY,TRANMER AVE,NULL,3,Toronto and East York,12,53,Intersection,At Intersection,Stop Sign,Clear,Daylight,Dry,Non-Fatal Injury,Angle,D53,100,Yonge-Eglinton (100),-79.404,43.6999,NULL,NULL,N,NULL,NULL,NULL
916566,2006,00:00.0,1414,14,YONGE ST,PLEASANT AVE,NULL,1,Toronto and East York,12,53,Mid-Block,NULL,No Control,Clear,Daylight,Dry,Non-Fatal Injury,Pedestrian Collisions,D53,98,Rosedale-Moore Park (98),-79.3938,43.6876,NULL,NULL,N,NULL,NULL,NULL
919516,2006,00:00.0,2345,23,QUEEN ST E,LESLIE ST,NULL,3,Toronto and East York,14,55,Intersection,At Intersection,Traffic Signal,Clear,Dark,Dry,Fatal,Pedestrian Collisions,D55,70,South Riverdale (70),-79.3301,43.6632,NULL,NULL,N,NULL,NULL,NULL
917719,2006,00:00.0,150,1,BURNHAMTHORPE RD,TRANQUIL DR,NULL,1,Etobicoke York,2,22,Mid-Block,NULL,No Control,Clear,Dark,Dry,Non-Fatal Injury,Other,D22,11,Eringate-Centennial-West Deane (11),-79.5737,43.643,NULL,NULL,N,NULL,NULL,NULL
918360,2006,00:00.0,1020,10,YONGE ST,LORD SEATON RD,NULL,1,North York,NULL,32,Intersection,At Intersection,Traffic Signal,Clear,Daylight,Dry,Non-Fatal Injury,Rear End,D32,40,St.Andrew-Windfields (40),-79.408,43.7524,NULL,NULL,N,NULL,NULL,NULL
893580,2006,00:00.0,1955,19,MORNINGSIDE AVE,KINGSTON RD,NULL,1,Scarborough,NULL,43,Intersection,NULL,Traffic Signal,Clear,Dark,Wet,Non-Fatal Injury,Cyclist Collisions,D43,136,West Hill (136),-79.1868,43.7706,NULL,NULL,N,NULL,NULL,NULL
892432,2006,00:00.0,2334,23,DANFORTH RD,EGLINTON AVE E,NULL,1,Scarborough,NULL,43,NULL,NULL,Traffic Signal,Clear,Dark,Dry,Non-Fatal Injury,Pedestrian Collisions,D43,138,Eglinton East (138),-79.2461,43.737,-79.2461,43.737,Y,Eglinton Ave E,Danforth Rd,2017-03-10
897348,2006,00:00.0,1554,15,BLOOR ST W,BATHURST ST,NULL,1,Toronto and East York,11,14,Intersection,At Intersection,No Control,Clear,Daylight,Dry,Non-Fatal Injury,Pedestrian Collisions,D14,95,Annex (95),-79.4112,43.6651,NULL,NULL,N,NULL,NULL,NULL
911524,2006,00:00.0,2210,22,ST CLAIR AVE E,WESTBOURNE AVE,NULL,1,Scarborough,20,41,Intersection,At Intersection,Traffic Signal,Clear,Dark,Dry,Non-Fatal Injury,Cyclist Collisions,D41,120,Clairlea-Birchmount (120),-79.2928,43.7093,NULL,NULL,N,NULL,NULL,NULL
907409,2006,00:00.0,1543,15,LAKE SHORE BLVD W,PARK LAWN RD,NULL,1,Etobicoke York,3,22,Intersection,At Intersection,Traffic Signal,Clear,Daylight,Dry,Non-Fatal Injury,Turning Movement,D22,17,Mimico (17),-79.4811,43.6229,NULL,NULL,N,NULL,NULL,NULL
910258,2006,00:00.0,2340,23,KING ST E,ST LAWRENCE ST,NULL,1,Toronto and East York,13,51,Mid-Block,NULL,No Control,Rain,Dark,Wet,Non-Fatal Injury,SMV Other,D51,73,Moss Park (73),-79.3574,43.6561,NULL,NULL,N,NULL,NULL,NULL
914846,2006,00:00.0,1357,13,VICTORIA PARK AVE,BISCAYNE BLVD,NULL,1,North York,NULL,NULL,Intersection,NULL,No Control,Rain,Daylight,Wet,Fatal,Pedestrian Collisions,D33,119,Wexford/Maryvale (119),-79.3044,43.7291,NULL,NULL,N,NULL,NULL,NULL
887237,2006,00:00.0,2046,20,BLOOR ST W,CHRISTIE ST,NULL,1,Toronto and East York,11,14,Intersection,At Intersection,No Control,Clear,Dark,Dry,Non-Fatal Injury,Pedestrian Collisions,D14,80,Palmerston-Little Italy (80),-79.4183,43.6635,NULL,NULL,N,NULL,NULL,NULL
926382,2006,00:00.0,1646,16,OSSINGTON AVE,DUPONT ST,NULL,1,Toronto and East York,NULL,14,Intersection,At Intersection,Traffic Signal,Clear,Daylight,Dry,Non-Fatal Injury,Cyclist Collisions,D14,93,Dovercourt-Wallace Emerson-Junction (93),-79.4289,43.67,NULL,NULL,N,NULL,NULL,NULL
910569,2006,00:00.0,1916,19,THURODALE AVE,RENFIELD ST,NULL,4,Etobicoke York,5,12,Mid-Block,NULL,No Control,Clear,Daylight,Dry,Non-Fatal Injury,SMV Other,D12,30,Brookhaven-Amesbury (30),-79.499,43.7022,NULL,NULL,N,NULL,NULL,NULL
922716,2006,00:00.0,1813,18,PIPERBROOK CRES,LING RD,NULL,4,Scarborough,25,43,Mid-Block,NULL,No Control,Clear,Daylight,Dry,Non-Fatal Injury,Pedestrian Collisions,D43,136,West Hill (136),-79.1816,43.7675,NULL,NULL,N,NULL,NULL,NULL
922297,2006,00:00.0,2144,21,QUEEN ST W,SPADINA AVE,NULL,1,Toronto and East York,10,52,Mid-Block,NULL,No Control,Clear,Dark,Dry,Non-Fatal Injury,Pedestrian Collisions,D52,77,Waterfront Communities-The Island (77),-79.3944,43.6491,NULL,NULL,N,NULL,NULL,NULL
908396,2006,00:00.0,556,5,LAKE SHORE BLVD W,YONGE ST,NULL,1,Toronto and East York,10,NULL,Intersection,At Intersection,Traffic Signal,Clear,Daylight,Dry,Non-Fatal Injury,Angle,D52,77,Waterfront Communities-The Island (77),-79.3757,43.644,NULL,NULL,N,NULL,NULL,NULL
925963,2006,00:00.0,2005,20,VALENTINE DR,SHAMOKIN DR,NULL,4,North York,16,33,Intersection,At Intersection,Stop Sign,Clear,Dark,Dry,Non-Fatal Injury,Cyclist Collisions,D33,45,Parkwoods-Donalda (45),-79.3445,43.7616,NULL,NULL,N,NULL,NULL,NULL
925504,2006,00:00.0,1640,16,DUPONT ST,MANNING AVE,NULL,1,Toronto and East York,11,14,Intersection,At Intersection,No Control,Clear,Daylight,Dry,Non-Fatal Injury,Turning Movement,D14,95,Annex (95),-79.419,43.6721,NULL,NULL,N,NULL,NULL,NULL
922743,2006,00:00.0,2115,21,BLOOR ST W,HURON ST,NULL,1,Toronto and East York,11,NULL,Mid-Block,NULL,No Control,Clear,Dark,Dry,Non-Fatal Injury,Cyclist Collisions,D52,95,Annex (95),-79.4006,43.6673,NULL,NULL,N,NULL,NULL,NULL
909071,2006,00:00.0,2308,23,REXDALE BLVD,QUEENS PLATE DR,NULL,1,Etobicoke York,1,23,Mid-Block,NULL,No Control,Clear,Dark,Dry,Non-Fatal Injury,SMV Other,D23,1,West Humber-Clairville (1),-79.6022,43.7188,NULL,NULL,N,NULL,NULL,NULL
957730,2007,00:00.0,655,6,SOUTH KINGSWAY,QUEENSWAY S KINGSWAY RAMP,NULL,3,Toronto and East York,4,11,Intersection,At Intersection,Stop Sign,Clear,Dark,Slush,Non-Fatal Injury,Turning Movement,D11,87,High Park-Swansea (87),-79.4744,43.6361,NULL,NULL,N,NULL,NULL,NULL
927585,2006,00:00.0,930,9,400 S JANE ST RAMP  S,JANE ST Stre,NULL,1,Etobicoke York,5,12,Exit Ramp Southbound,NULL,Traffic Signal,Clear,Daylight,Dry,Non-Fatal Injury,Rear End,D12,28,Rustic (28),-79.5059,43.711,NULL,NULL,N,NULL,NULL,NULL
927745,2006,00:00.0,2226,22,QUEEN ST E,SPRUCE HILL RD,NULL,3,Toronto and East York,19,55,Mid-Block,NULL,No Control,Clear,Dark,Dry,Non-Fatal Injury,Pedestrian Collisions,D55,63,The Beaches (63),-79.288,43.6725,NULL,NULL,N,NULL,NULL,NULL
916031,2006,00:00.0,1715,17,ST MARKS RD,BROOKSIDE AVE,NULL,2,Toronto and East York,4,11,Intersection,At Intersection,Stop Sign,Rain,Daylight,Wet,Non-Fatal Injury,Turning Movement,D11,114,Lambton Baby Point (114),-79.4914,43.6598,NULL,NULL,N,NULL,NULL,NULL
941871,2006,00:00.0,1615,16,DUFFERIN ST,MELBOURNE AVE,NULL,3,Toronto and East York,NULL,14,Intersection,NULL,Pedestrian Crossover,Clear,Daylight,Dry,Non-Fatal Injury,Pedestrian Collisions,D14,85,South Parkdale (85),-79.4279,43.6405,NULL,NULL,N,NULL,NULL,NULL
917223,2006,00:00.0,6,0,WESTHEAD RD,DUNNING CRES,NULL,4,Etobicoke York,3,22,Intersection,NULL,No Control,Clear,Dark,Dry,Non-Fatal Injury,Pedestrian Collisions,D22,20,Alderwood (20),-79.5545,43.6032,NULL,NULL,N,NULL,NULL,NULL
919684,2006,00:00.0,2046,20,EGLINTON AVE E,BELLAMY RD N,NULL,1,Scarborough,NULL,43,Intersection,At Intersection,Traffic Signal,Clear,Dark,Dry,Non-Fatal Injury,Pedestrian Collisions,D43,138,Eglinton East (138),-79.232,43.7402,NULL,NULL,N,NULL,NULL,NULL
892453,2006,00:00.0,2018,20,F G GARDINER XY E  E,KIPLING AVE,NULL,NULL,Etobicoke York,3,22,Mid-Block,NULL,No Control,Clear,Dark,Dry,Fatal,Rear End,D22,17,Mimico (17),-79.5203,43.6188,NULL,NULL,N,NULL,NULL,NULL
925202,2006,00:00.0,1700,17,LESLIE ST,LAWRENCE AVE E,NULL,1,North York,NULL,33,Intersection,At Intersection,Traffic Signal,Clear,Daylight,Dry,Non-Fatal Injury,Pedestrian Collisions,D33,42,Banbury-Don Mills (42),-79.3559,43.7345,-79.3559,43.7345,Y,Leslie St,Lawrence Ave E,2008-05-29
922948,2006,00:00.0,308,3,MORNINGSIDE AVE,SHEPPARD AVE E,NULL,1,Scarborough,25,42,Intersection,NULL,Traffic Signal,Clear,Dark,Wet,Fatal,Angle,D42,131,Rouge (131),-79.1997,43.8019,-79.1997,43.8019,Y,Sheppard Ave E,Morningside Ave,2017-03-10
935384,2006,00:00.0,637,6,MCCOWAN RD,BUSHBY DR,NULL,1,Scarborough,NULL,43,Intersection,At Intersection,Traffic Signal,Clear,Dawn,Dry,Non-Fatal Injury,Pedestrian Collisions,D43,137,Woburn (137),-79.2521,43.7745,NULL,NULL,N,NULL,NULL,NULL
935641,2006,00:00.0,1906,19,ROGERS RD,CHAMBERS AVE,NULL,3,Etobicoke York,NULL,12,Intersection,At Intersection,Stop Sign,Clear,Dark,Dry,Non-Fatal Injury,Pedestrian Collisions,D12,110,Keelesdale-Eglinton West (110),-79.4654,43.6823,NULL,NULL,N,NULL,NULL,NULL
945617,2006,00:00.0,1600,16,CARLAW AVE,EASTERN AVE,NULL,1,Toronto and East York,14,55,Intersection,At Intersection,Traffic Signal,Clear,Daylight,Dry,Non-Fatal Injury,Angle,D55,70,South Riverdale (70),-79.3389,43.6583,NULL,NULL,N,NULL,NULL,NULL
924338,2006,00:00.0,720,7,LAWRENCE AVE W,JANE ST,NULL,1,Etobicoke York,5,12,Intersection,At Intersection,Traffic Signal,Clear,Daylight,Dry,Non-Fatal Injury,Pedestrian Collisions,D12,30,Brookhaven-Amesbury (30),-79.5037,43.7028,NULL,NULL,N,NULL,NULL,NULL
916630,2006,00:00.0,2345,23,NEILSON RD,WICKSON TRL,NULL,3,Scarborough,NULL,42,Intersection,At Intersection,Traffic Signal,Clear,Dark,Dry,Fatal,Pedestrian Collisions,D42,132,Malvern (132),-79.2177,43.802,NULL,NULL,N,NULL,NULL,NULL
4002270913,2014,00:00.0,1940,19,DON VALLEY PARKWAY  S,DON MILLS RD,500 m North of,NULL,Toronto and East York,14,54,Mid-Block,Non Intersection,No Control,Clear,Daylight,Dry,Non-Fatal Injury,Sideswipe,D54,58,Old East York (58),-79.333,43.7025,NULL,NULL,N,NULL,NULL,NULL
4002274575,2014,00:00.0,1119,11,BAYVIEW AVE,401 C W BAYVIEW RAMP,NULL,1,North York,NULL,NULL,Intersection,At Intersection,Traffic Signal,Clear,Daylight,Dry,Non-Fatal Injury,Turning Movement,D33,52,Bayview Village (52),-79.3874,43.7645,NULL,NULL,N,NULL,NULL,NULL
903348,2006,00:00.0,1310,13,EGLINTON AVE W,OLD FOREST HILL RD,NULL,1,North York,NULL,NULL,Intersection,At Intersection,Traffic Signal,Clear,Daylight,Dry,Non-Fatal Injury,Turning Movement,D53,102,Forest Hill North (102),-79.423,43.7015,NULL,NULL,N,NULL,NULL,NULL
4001902313,2014,00:00.0,1453,14,STEELES AVE W,GIHON SPRING DR,60 m East of,1,Etobicoke York,1,23,Mid-Block,Non Intersection,No Control,Clear,Daylight,Dry,Non-Fatal Injury,Approaching,D23,2,Mount Olive-Silverstone-Jamestown (2),-79.5962,43.7594,NULL,NULL,N,NULL,NULL,NULL
961366,2007,00:00.0,815,8,BURBANK DR,WHITTAKER CRES,NULL,4,North York,17,33,Intersection,NULL,Stop Sign,Clear,Daylight,Dry,Non-Fatal Injury,Pedestrian Collisions,D33,52,Bayview Village (52),-79.3772,43.7724,NULL,NULL,N,NULL,NULL,NULL
4002098742,2014,00:00.0,1729,17,YONGE ST,QUEEN ST,NULL,1,Toronto and East York,13,NULL,Mid-Block,Non Intersection,No Control,Clear,Daylight,Dry,Non-Fatal Injury,Pedestrian Collisions,D51,75,Church-Yonge Corridor (75),-79.3795,43.6532,NULL,NULL,N,NULL,NULL,NULL
141649049,2014,00:00.0,735,7,PRINCE EDWARD DR N,SHAND AVE,NULL,2,Etobicoke York,3,22,Intersection,NULL,No Control,Snow,Daylight,Slush,Fatal,SMV Other,D22,15,Kingsway South (15),-79.5091,43.6572,NULL,NULL,N,NULL,NULL,NULL
4001652316,2014,00:00.0,1730,17,BLOOR ST W,DURIE ST,NULL,1,Toronto and East York,4,11,Intersection,At Intersection,Traffic Signal,Clear,Daylight,Dry,Non-Fatal Injury,Pedestrian Collisions,D11,87,High Park-Swansea (87),-79.479,43.6504,NULL,NULL,N,NULL,NULL,NULL
4003267619,2014,00:00.0,559,5,KIPLING AVE,WESTHUMBER BLVD,NULL,1,Etobicoke York,1,23,Intersection,At Intersection,Traffic Signal,Clear,"Dark, artificial",Dry,Fatal,Angle,D23,4,Rexdale-Kipling (4),-79.5746,43.7281,NULL,NULL,N,NULL,NULL,NULL
4001748870,2014,00:00.0,1750,17,PATON RD,LANSDOWNE AVE,NULL,3,Toronto and East York,9,11,Intersection,Intersection Related,Stop Sign,Clear,Daylight,Dry,Non-Fatal Injury,Pedestrian Collisions,D11,93,Dovercourt-Wallace Emerson-Junction (93),-79.4436,43.6606,NULL,NULL,N,NULL,NULL,NULL
142471584,2014,00:00.0,1909,19,BLOOR ST W,DUNDAS ST W,NULL,3,Toronto and East York,4,11,Mid-Block,NULL,No Control,Clear,Daylight,Dry,Fatal,Pedestrian Collisions,D11,88,High Park North (88),-79.4526,43.6568,NULL,NULL,N,NULL,NULL,NULL
4002482864,2014,00:00.0,1409,14,WARDEN AVE,TOWER DR,NULL,1,Scarborough,21,41,Intersection,At Intersection,Traffic Signal,Clear,Daylight,Dry,Non-Fatal Injury,Pedestrian Collisions,D41,119,Wexford/Maryvale (119),-79.2983,43.7543,NULL,NULL,N,NULL,NULL,NULL
4001784791,2014,00:00.0,1644,16,QUEEN ST W,BATHURST ST,NULL,1,Toronto and East York,10,14,Mid-Block,Non Intersection,No Control,Clear,Daylight,Dry,Non-Fatal Injury,Pedestrian Collisions,D14,77,Waterfront Communities-The Island (77),-79.4028,43.6474,NULL,NULL,N,NULL,NULL,NULL
4001787637,2014,00:00.0,247,2,BLOOR ST W,SPADINA AVE,NULL,1,Toronto and East York,11,NULL,Intersection,At Intersection,Traffic Signal,Clear,"Dark, artificial",Dry,Non-Fatal Injury,Pedestrian Collisions,D14,79,University (79),-79.4038,43.6666,NULL,NULL,N,NULL,NULL,NULL
4001851906,2014,00:00.0,1550,15,DANFORTH RD,LINDEN AVE,NULL,1,Scarborough,20,41,Intersection,At Intersection,No Control,Clear,Daylight,Dry,Non-Fatal Injury,Pedestrian Collisions,D41,124,Kennedy Park (124),-79.257,43.7208,NULL,NULL,N,NULL,NULL,NULL
5001176666,2015,00:00.0,2354,23,LAKE SHORE BLVD W,ONTARIO DR,73 m West of,1,Toronto and East York,10,14,Intersection,Intersection Related,Traffic Signal,Clear,"Dark, artificial",Dry,Non-Fatal Injury,SMV Other,D14,82,Niagara (82),-79.4197,43.6304,NULL,NULL,N,NULL,NULL,NULL
5000528249,2015,00:00.0,1235,12,70 BEAUMONDE HEIGHTS DR,NULL,2 m North of,4,Etobicoke York,1,23,Mid-Block,Non Intersection,No Control,Clear,Daylight,Dry,Non-Fatal Injury,SMV Other,D23,3,Thistletown-Beaumond Heights (3),-79.569,43.7432,NULL,NULL,N,NULL,NULL,NULL
5000560313,2015,00:00.0,2010,20,BROADVIEW AVE,GERRARD ST E,31 m North of,3,Toronto and East York,14,55,Mid-Block,Non Intersection,No Control,Rain,"Dark, artificial",Wet,Fatal,Pedestrian Collisions,D55,68,North Riverdale (68),-79.3527,43.6658,NULL,NULL,N,NULL,NULL,NULL
927151,2006,00:00.0,1827,18,1143 BRIMLEY RD,NULL,NULL,1,Scarborough,21,NULL,Mid-Block,NULL,No Control,Clear,Daylight,Dry,Non-Fatal Injury,Approaching,D41,127,Bendale (127),-79.2588,43.7634,NULL,NULL,N,NULL,NULL,NULL
942286,2006,00:00.0,1510,15,CARLAW AVE,EASTERN AVE,NULL,1,Toronto and East York,14,55,Intersection,NULL,Traffic Signal,Clear,Daylight,Dry,Non-Fatal Injury,Pedestrian Collisions,D55,70,South Riverdale (70),-79.3389,43.6583,NULL,NULL,N,NULL,NULL,NULL
4001819203,2014,00:00.0,930,9,1505 WILSON AVE,NULL,NULL,1,North York,6,31,Mid-Block,Non Intersection,No Control,Clear,Daylight,Dry,Non-Fatal Injury,Pedestrian Collisions,D31,26,Downsview-Roding-CFB (26),-79.5055,43.7213,NULL,NULL,N,NULL,NULL,NULL
5000663068,2015,00:00.0,100,1,KINGSTON RD,COLUMBINE AVE,9 m West of,1,Toronto and East York,19,55,Intersection,Non Intersection,No Control,Rain,Dark,Wet,Non-Fatal Injury,SMV Unattended Vehicle,D55,63,The Beaches (63),-79.3103,43.6714,NULL,NULL,N,NULL,NULL,NULL
141945030,2014,00:00.0,1755,17,DUNDAS ST W,KENSINGTON AVE,NULL,1,Toronto and East York,NULL,14,Intersection,NULL,No Control,Clear,"Daylight, artificial",Dry,Fatal,Pedestrian Collisions,D14,78,Kensington-Chinatown (78),-79.3998,43.6525,NULL,NULL,N,NULL,NULL,NULL
5000513349,2015,00:00.0,1950,19,EGLINTON AVE E,PHARMACY AVE,NULL,1,Scarborough,NULL,41,Intersection,Non Intersection,No Control,Clear,"Dark, artificial",Dry,Non-Fatal Injury,Other,D41,119,Wexford/Maryvale (119),-79.2975,43.7256,NULL,NULL,N,NULL,NULL,NULL
4003323321,2014,00:00.0,1211,12,STEELES AVE E,BAYVIEW AVE,85 m West of,1,North York,18,32,Mid-Block,Non Intersection,No Control,Clear,Daylight,Dry,Non-Fatal Injury,Other,D32,50,Newtonbrook East (50),-79.3972,43.8029,NULL,NULL,N,NULL,NULL,NULL
4003340766,2014,00:00.0,1005,10,SILVERTHORN AVE,ROGERS RD,NULL,3,Etobicoke York,NULL,12,Intersection,Intersection Related,Traffic Signal,Clear,Daylight,Dry,Non-Fatal Injury,Pedestrian Collisions,D12,110,Keelesdale-Eglinton West (110),-79.4633,43.6827,NULL,NULL,N,NULL,NULL,NULL
4003527031,2014,00:00.0,1437,14,BLOOR ST W,SHAW ST,18 m East of,1,Toronto and East York,11,14,Intersection,Intersection Related,No Control,Clear,Daylight,Dry,Non-Fatal Injury,Pedestrian Collisions,D14,80,Palmerston-Little Italy (80),-79.4232,43.6624,NULL,NULL,N,NULL,NULL,NULL
5001245461,2015,00:00.0,2135,21,VICTORIA ST,RICHMOND ST E,NULL,1,Toronto and East York,13,51,Intersection,At Intersection,Traffic Signal,Clear,"Dark, artificial",Dry,Non-Fatal Injury,Angle,D51,75,Church-Yonge Corridor (75),-79.3777,43.6519,NULL,NULL,N,NULL,NULL,NULL
5001578731,2015,00:00.0,1930,19,BAY MILLS BLVD,SHEPPARD AVE E,NULL,1,Scarborough,22,42,Intersection,At Intersection,Traffic Signal,Rain,"Dawn, artificial",Wet,Non-Fatal Injury,Pedestrian Collisions,D42,118,Tam O'Shanter-Sullivan (118),-79.3043,43.7795,NULL,NULL,N,NULL,NULL,NULL
5001110080,2015,00:00.0,2355,23,LAKE SHORE BLVD W,REMEMBRANCE DR,4 m East of,1,Toronto and East York,10,14,Intersection,Intersection Related,Traffic Signal,Clear,"Dark, artificial",Dry,Non-Fatal Injury,Pedestrian Collisions,D14,82,Niagara (82),-79.4087,43.6344,-79.4087,43.6344,Y,Lake Shore Blvd W,Strachan Ave,2017-10-06
5000022438,2015,00:00.0,747,7,DUFFERIN ST,STEEPROCK DR,NULL,1,North York,6,32,Intersection,At Intersection,Traffic Signal,Clear,Daylight,Dry,Non-Fatal Injury,Turning Movement,D32,34,Bathurst Manor (34),-79.4651,43.761,NULL,NULL,N,NULL,NULL,NULL
962372,2007,00:00.0,2108,21,QUEEN ST W,LANSDOWNE AVE,NULL,1,Toronto and East York,4,NULL,Intersection,NULL,No Control,Clear,Dark,Dry,Fatal,Pedestrian Collisions,D11,86,Roncesvalles (86),-79.4364,43.6406,NULL,NULL,N,NULL,NULL,NULL