ACCNUM,YEAR,DATE,TIME,HOUR,STREET1,STREET2,OFFSET,ROAD_CLASS,DISTRICT,WARDNUM,DIVISION,LOCCOORD,ACCLOC,TRAFFCTL,VISIBILITY,LIGHT,RDSFCOND,ACCLASS,IMPACTYPE,POLICE_DIVISION,HOOD_ID,NEIGHBOURHOOD,collision_lat,collision_long,red_light_lat,red_light_long,right_light_camera,LINEAR_NAME_FULL_1,LINEAR_NAME_FULL_2,ACTIVATION_DATE
966139,2007,00:00.0,1220,12,KINGSTON RD,EASTVILLE AVE,NULL,1,Scarborough,20,43,Mid-Block,NULL,No Control,Clear,Daylight,Dry,Non-Fatal Injury,Pedestrian Collisions,D43,123,Cliffcrest (123),-79.2366,43.7214,NULL,NULL,N,NULL,NULL,NULL
5001603018,2015,00:00.0,1721,17,STRACHAN AVE,WELLINGTON ST W,NULL,3,Toronto and East York,10,14,Intersection,At Intersection,Stop Sign,Clear,Daylight,Dry,Non-Fatal Injury,Angle,D14,82,Niagara (82),-79.4114,43.6407,-79.4114,43.6407,Y,Strachan Ave,Wellington St W,2021-06-21
965074,2007,00:00.0,1705,17,SHEPPARD Ave W,LAURA Rd,NULL,1,Etobicoke York,7,31,Mid-Block,NULL,No Control,Clear,Daylight,Dry,Non-Fatal Injury,Approaching,D31,26,Downsview-Roding-CFB (26),-79.5189,43.738,NULL,NULL,N,NULL,NULL,NULL
944795,2007,00:00.0,330,3,DIXON RD,KELFIELD ST,NULL,1,Etobicoke York,1,23,Intersection,NULL,Traffic Signal,Rain,Dark,Wet,Non-Fatal Injury,Pedestrian Collisions,D23,1,West Humber-Clairville (1),-79.577,43.6902,NULL,NULL,N,NULL,NULL,NULL
949432,2007,00:00.0,905,9,FINCH AVE W,WESTON RD,NULL,1,Etobicoke York,7,31,Intersection,At Intersection,Traffic Signal,Clear,Daylight,Dry,Non-Fatal Injury,Pedestrian Collisions,D31,22,Humbermede (22),-79.5423,43.752,NULL,NULL,N,NULL,NULL,NULL
945854,2006,00:00.0,1645,16,VICTORIA ST,RICHMOND ST E,NULL,1,Toronto and East York,13,51,Intersection,NULL,Traffic Signal,Rain,Dark,Wet,Non-Fatal Injury,Pedestrian Collisions,D51,75,Church-Yonge Corridor (75),-79.3777,43.6519,NULL,NULL,N,NULL,NULL,NULL
944794,2006,00:00.0,1741,17,LAWRENCE AVE W,BLACK CREEK DR,NULL,1,Etobicoke York,5,12,Mid-Block,NULL,No Control,Rain,Dark,Wet,Non-Fatal Injury,Pedestrian Collisions,D12,28,Rustic (28),-79.4928,43.7052,NULL,NULL,N,NULL,NULL,NULL
954598,2007,00:00.0,640,6,MCNICOLL AVE,PHARMACY AVE,NULL,3,Scarborough,22,42,Intersection,At Intersection,Traffic Signal,Clear,Dark,Wet,Non-Fatal Injury,Pedestrian Collisions,D42,116,Steeles (116),-79.3306,43.8041,NULL,NULL,N,NULL,NULL,NULL
950601,2007,00:00.0,1910,19,GERRARD ST E,ENDERBY RD,NULL,3,Toronto and East York,19,55,Mid-Block,NULL,No Control,Rain,Dark,Wet,Non-Fatal Injury,Pedestrian Collisions,D55,62,East End-Danforth (62),-79.301,43.6837,NULL,NULL,N,NULL,NULL,NULL
967741,2007,00:00.0,1042,10,VICTORIA PARK AVE,COMBERMERE DR,NULL,1,North York,NULL,NULL,Mid-Block,NULL,No Control,Clear,Daylight,Dry,Non-Fatal Injury,Rear End,D41,119,Wexford/Maryvale (119),-79.3147,43.7566,NULL,NULL,N,NULL,NULL,NULL
964724,2007,00:00.0,740,7,WARDEN AVE,SHEPPARD AVE E,NULL,1,Scarborough,22,42,Intersection,At Intersection,Traffic Signal,Clear,Daylight,Dry,Non-Fatal Injury,Turning Movement,D42,118,Tam O'Shanter-Sullivan (118),-79.3078,43.7787,NULL,NULL,N,NULL,NULL,NULL
976438,2007,00:00.0,958,9,DIXON RD,KIPLING AVE,NULL,1,Etobicoke York,NULL,23,Intersection,NULL,Traffic Signal,Clear,Daylight,Dry,Non-Fatal Injury,Angle,D23,6,Kingsview Village-The Westway (6),-79.5585,43.6942,NULL,NULL,N,NULL,NULL,NULL
984687,2007,00:00.0,1425,14,KEELE ST,LAWRENCE AVE W,NULL,1,Etobicoke York,5,12,Intersection,NULL,Traffic Signal,Clear,Daylight,Dry,Non-Fatal Injury,Pedestrian Collisions,D12,30,Brookhaven-Amesbury (30),-79.478,43.7086,-79.478,43.7086,Y,Keele St,Lawrence Ave W,2017-08-11
5001276114,2015,00:00.0,1328,13,6486 KINGSTON RD,NULL,15 m West of,3,Scarborough,25,43,Mid-Block,Non Intersection,No Control,Clear,Daylight,Dry,Fatal,Turning Movement,D43,133,Centennial Scarborough (133),-79.1559,43.7926,NULL,NULL,N,NULL,NULL,NULL
958350,2007,00:00.0,920,9,CROCKFORD BLVD,BERTRAND AVE,NULL,2,Scarborough,21,41,Intersection,NULL,No Control,Clear,Daylight,Dry,Non-Fatal Injury,Turning Movement,D41,119,Wexford/Maryvale (119),-79.2859,43.7338,NULL,NULL,N,NULL,NULL,NULL
963934,2007,00:00.0,1400,14,JARVIS ST,DUNDAS ST E,NULL,1,Toronto and East York,13,51,Intersection,At Intersection,Traffic Signal,Clear,Daylight,Wet,Non-Fatal Injury,Pedestrian Collisions,D51,73,Moss Park (73),-79.3745,43.657,NULL,NULL,N,NULL,NULL,NULL
964426,2007,00:00.0,817,8,FINCH AVE W,KENDLETON DR,NULL,1,Etobicoke York,1,23,Mid-Block,NULL,No Control,Clear,Daylight,Dry,Non-Fatal Injury,Rear End,D23,2,Mount Olive-Silverstone-Jamestown (2),-79.5893,43.7407,NULL,NULL,N,NULL,NULL,NULL
4003253640,2014,00:00.0,2300,23,SPADINA AVE,SULLIVAN ST,64 m North of,1,Toronto and East York,10,NULL,Mid-Block,Non Intersection,No Control,Rain,"Dark, artificial",Wet,Non-Fatal Injury,Pedestrian Collisions,D52,78,Kensington-Chinatown (78),-79.3974,43.6513,NULL,NULL,N,NULL,NULL,NULL
935003,2006,00:00.0,1500,15,ROGERS RD,KEELE ST,NULL,1,Etobicoke York,5,12,Intersection,At Intersection,Traffic Signal,Clear,Daylight,Dry,Non-Fatal Injury,Pedestrian Collisions,D12,110,Keelesdale-Eglinton West (110),-79.4715,43.6821,-79.4715,43.6821,Y,Rogers Rd,Keele St,2009-09-08
962206,2007,00:00.0,948,9,CHURCH ST,ADELAIDE ST E,NULL,1,Toronto and East York,13,51,Intersection,At Intersection,Traffic Signal,Clear,Daylight,Dry,Non-Fatal Injury,Pedestrian Collisions,D51,75,Church-Yonge Corridor (75),-79.3748,43.6511,NULL,NULL,N,NULL,NULL,NULL
958563,2007,00:00.0,1235,12,22 MAYALL Aven,NULL,NULL,4,Etobicoke York,7,31,NULL,NULL,No Control,Clear,Daylight,Dry,Non-Fatal Injury,Other,D31,26,Downsview-Roding-CFB (26),-79.5196,43.7247,NULL,NULL,N,NULL,NULL,NULL
5000693331,2015,00:00.0,0,0,MCCOWAN RD,FINCH AVE E,5 m East of,1,Scarborough,23,42,Intersection,At Intersection,Traffic Signal,Clear,Dark,Dry,Non-Fatal Injury,Turning Movement,D42,129,Agincourt North (129),-79.2664,43.808,NULL,NULL,N,NULL,NULL,NULL
993905,2007,00:00.0,324,3,BELLAMY RD N,PROGRESS AVE,NULL,2,Scarborough,24,43,Mid-Block,NULL,No Control,Clear,Dark,Dry,Non-Fatal Injury,SMV Other,D43,137,Woburn (137),-79.2441,43.7806,NULL,NULL,N,NULL,NULL,NULL
934738,2006,00:00.0,1500,15,SCARLETT RD,LA ROSE AVE,NULL,1,Etobicoke York,2,23,Intersection,NULL,Traffic Signal,Clear,Daylight,Dry,Non-Fatal Injury,Rear End,D23,8,Humber Heights-Westmount (8),-79.513,43.6868,NULL,NULL,N,NULL,NULL,NULL
932486,2006,00:00.0,1912,19,2650 FINCH AVE W,NULL,NULL,1,Etobicoke York,7,31,Mid-Block,NULL,No Control,Clear,Dark,Dry,Non-Fatal Injury,Cyclist Collisions,D31,22,Humbermede (22),-79.5666,43.7466,NULL,NULL,N,NULL,NULL,NULL
931768,2006,00:00.0,1500,15,ADELAIDE ST W,UNIVERSITY AVE,NULL,1,Toronto and East York,10,52,Intersection,At Intersection,Traffic Signal,Clear,Daylight,Dry,Non-Fatal Injury,Pedestrian Collisions,D52,76,Bay Street Corridor (76),-79.3855,43.6488,-79.3855,43.6488,Y,University Ave,Adelaide St W,2017-10-20
931671,2006,00:00.0,638,6,LAWRENCE AVE W,KEELE ST,NULL,1,Etobicoke York,5,12,Intersection,At Intersection,Traffic Signal,Clear,Dawn,Dry,Non-Fatal Injury,Turning Movement,D12,30,Brookhaven-Amesbury (30),-79.478,43.7086,-79.478,43.7086,Y,Keele St,Lawrence Ave W,2017-08-11
962572,2007,00:00.0,1556,15,KINGSTON RD,LOCHLEVEN DR,NULL,1,Scarborough,20,43,Intersection,NULL,No Control,Clear,Daylight,Dry,Non-Fatal Injury,Cyclist Collisions,D43,139,Scarborough Village (139),-79.2194,43.7365,NULL,NULL,N,NULL,NULL,NULL
963700,2007,00:00.0,400,4,EASTERN DIVERSION AVE,BROADVIEW AVE,NULL,1,Toronto and East York,14,55,Intersection,NULL,Traffic Signal,Snow,Dark,Loose Snow,Non-Fatal Injury,SMV Other,D55,70,South Riverdale (70),-79.3488,43.6566,NULL,NULL,N,NULL,NULL,NULL
929484,2006,00:00.0,950,9,WALMER RD,DAVENPORT RD,NULL,3,Toronto and East York,12,13,Intersection,At Intersection,Traffic Signal,Clear,Daylight,Dry,Non-Fatal Injury,Cyclist Collisions,D13,96,Casa Loma (96),-79.4103,43.6768,NULL,NULL,N,NULL,NULL,NULL
930125,2006,00:00.0,1500,15,27 SELLMAR RD,NULL,NULL,4,Etobicoke York,2,23,Mid-Block,NULL,No Control,Clear,Daylight,Dry,Non-Fatal Injury,Pedestrian Collisions,D23,7,Willowridge-Martingrove-Richview (7),-79.5338,43.6871,NULL,NULL,N,NULL,NULL,NULL
930606,2006,00:00.0,2028,20,WILSON AVE,GARRATT BLVD,NULL,1,North York,6,32,Intersection,At Intersection,Traffic Signal,Rain,Dark,Wet,Non-Fatal Injury,Pedestrian Collisions,D32,26,Downsview-Roding-CFB (26),-79.468,43.7303,NULL,NULL,N,NULL,NULL,NULL
959236,2007,00:00.0,1531,15,JANE ST,WOOLNER AVE,NULL,1,Etobicoke York,5,12,Intersection,At Intersection,Traffic Signal,Clear,Daylight,Dry,Non-Fatal Injury,Pedestrian Collisions,D12,111,Rockcliffe-Smythe (111),-79.4936,43.6716,NULL,NULL,N,NULL,NULL,NULL
960441,2007,00:00.0,1610,16,YORK MILLS RD,BIRCHWOOD AVE,NULL,1,North York,15,32,Intersection,At Intersection,Pedestrian Crossover,Clear,Daylight,Dry,Non-Fatal Injury,Pedestrian Collisions,D32,41,Bridle Path-Sunnybrook-York Mills (41),-79.3915,43.7464,NULL,NULL,N,NULL,NULL,NULL
960612,2007,00:00.0,1801,18,STRACHAN AVE,FLEET ST,NULL,3,Toronto and East York,10,14,Intersection,NULL,Traffic Signal,Snow,Dark,Loose Snow,Non-Fatal Injury,Angle,D14,82,Niagara (82),-79.4095,43.6362,NULL,NULL,N,NULL,NULL,NULL
990139,2007,00:00.0,1425,14,OSSINGTON Aven,LEEDS Stre,NULL,3,Toronto and East York,NULL,14,NULL,NULL,Pedestrian Crossover,Clear,Daylight,Dry,Non-Fatal Injury,Rear End,D14,93,Dovercourt-Wallace Emerson-Junction (93),-79.4264,43.664,NULL,NULL,N,NULL,NULL,NULL
1015121,2008,00:00.0,1540,15,YORK MILLS RD,UPJOHN RD,NULL,1,North York,16,33,Mid-Block,NULL,No Control,Clear,Daylight,Dry,Non-Fatal Injury,Approaching,D33,42,Banbury-Don Mills (42),-79.3502,43.755,NULL,NULL,N,NULL,NULL,NULL
944296,2006,00:00.0,510,5,DUNDAS ST W,LAKEVIEW AVE,NULL,3,Toronto and East York,NULL,14,Mid-Block,NULL,No Control,Clear,Dark,Dry,Non-Fatal Injury,Pedestrian Collisions,D14,81,Trinity-Bellwoods (81),-79.4215,43.6493,NULL,NULL,N,NULL,NULL,NULL
927912,2006,00:00.0,1403,14,ISLINGTON AVE,REXDALE BLVD,NULL,1,Etobicoke York,1,23,Intersection,At Intersection,No Control,Clear,Daylight,Dry,Non-Fatal Injury,SMV Other,D23,5,Elms-Old Rexdale (5),-79.5549,43.7144,NULL,NULL,N,NULL,NULL,NULL
964835,2007,00:00.0,1603,16,149 SHELDON AVE,NULL,NULL,4,Etobicoke York,3,22,Mid-Block,NULL,No Control,Clear,Daylight,Dry,Fatal,SMV Other,D22,20,Alderwood (20),-79.5431,43.6026,NULL,NULL,N,NULL,NULL,NULL
957028,2007,00:00.0,1120,11,DANFORTH AVE,WOODBINE AVE,NULL,1,Toronto and East York,19,NULL,Intersection,At Intersection,Traffic Signal,Clear,Daylight,Dry,Non-Fatal Injury,Pedestrian Collisions,D55,62,East End-Danforth (62),-79.3127,43.6856,NULL,NULL,N,NULL,NULL,NULL
1014428,2007,00:00.0,3,0,VICTORIA PARK AVE,BIGGIN CRT,NULL,1,North York,NULL,NULL,Intersection,NULL,No Control,Clear,Dark,Dry,Non-Fatal Injury,Turning Movement,D33,119,Wexford/Maryvale (119),-79.3043,43.7288,NULL,NULL,N,NULL,NULL,NULL
984625,2007,00:00.0,51,0,F G GARDINER XY  E,JAMESON AVE,NULL,1,Toronto and East York,4,14,Mid-Block,NULL,No Control,Clear,Dark,Dry,Fatal,Rear End,D14,85,South Parkdale (85),-79.4387,43.6345,NULL,NULL,N,NULL,NULL,NULL
1012986,2008,00:00.0,1826,18,EGLINTON AVE E,OSWEGO RD,NULL,1,Scarborough,NULL,43,Intersection,NULL,No Control,Rain,Dark,Wet,Fatal,Pedestrian Collisions,D43,138,Eglinton East (138),-79.2436,43.7376,NULL,NULL,N,NULL,NULL,NULL
1014167,2008,00:00.0,820,8,LONEY AVE,DALLNER RD,NULL,4,Etobicoke York,7,31,Intersection,At Intersection,Stop Sign,Clear,Daylight,Wet,Non-Fatal Injury,Pedestrian Collisions,D31,26,Downsview-Roding-CFB (26),-79.5148,43.7223,NULL,NULL,N,NULL,NULL,NULL
932028,2006,00:00.0,1002,10,PARLIAMENT ST,GERRARD ST E,NULL,3,Toronto and East York,13,51,Intersection,At Intersection,Traffic Signal,Clear,Daylight,Dry,Non-Fatal Injury,Cyclist Collisions,D51,72,Regent Park (72),-79.3669,43.6619,NULL,NULL,N,NULL,NULL,NULL
997765,2007,00:00.0,235,2,215 CARLINGVIEW Driv,NULL,NULL,1,Etobicoke York,1,23,Mid-Block,NULL,No Control,Clear,Dark,Dry,Non-Fatal Injury,Pedestrian Collisions,D23,1,West Humber-Clairville (1),-79.5952,43.6861,NULL,NULL,N,NULL,NULL,NULL
1005723,2007,00:00.0,1050,10,2098 BRIMLEY Rd,NULL,NULL,1,Scarborough,23,42,Mid-Block,NULL,No Control,Clear,Daylight,Dry,Non-Fatal Injury,Turning Movement,D42,128,Agincourt South-Malvern West (128),-79.2689,43.7882,NULL,NULL,N,NULL,NULL,NULL
976691,2007,00:00.0,2009,20,WARDEN AVE,SHEPPARD AVE E,NULL,1,Scarborough,22,42,Intersection,At Intersection,Traffic Signal,Clear,Daylight,Dry,Non-Fatal Injury,Pedestrian Collisions,D42,118,Tam O'Shanter-Sullivan (118),-79.3078,43.7787,NULL,NULL,N,NULL,NULL,NULL
1006449,2007,00:00.0,1825,18,KING ST W,SUDBURY ST,NULL,1,Toronto and East York,10,14,Intersection,At Intersection,Traffic Signal,Clear,Dark,Dry,Non-Fatal Injury,Cyclist Collisions,D14,82,Niagara (82),-79.4171,43.6409,NULL,NULL,N,NULL,NULL,NULL
981510,2007,00:00.0,1255,12,COXWELL AVE,COSBURN AVE,NULL,3,Toronto and East York,NULL,54,Intersection,At Intersection,Traffic Signal,Clear,Daylight,Dry,Non-Fatal Injury,Angle,D54,58,Old East York (58),-79.3279,43.6941,NULL,NULL,N,NULL,NULL,NULL
992854,2007,00:00.0,1640,16,DON MILLS RD,EGLINTON AVE E,NULL,1,North York,16,33,Mid-Block,NULL,No Control,Clear,Daylight,Dry,Non-Fatal Injury,Rear End,D33,42,Banbury-Don Mills (42),-79.3389,43.7209,NULL,NULL,N,NULL,NULL,NULL
972006,2007,00:00.0,1800,18,STEELES AVE W,GIHON SPRING DR,NULL,1,Etobicoke York,1,23,Mid-Block,NULL,No Control,Clear,Daylight,Dry,Non-Fatal Injury,Pedestrian Collisions,D23,2,Mount Olive-Silverstone-Jamestown (2),-79.5956,43.7595,NULL,NULL,N,NULL,NULL,NULL
986578,2007,00:00.0,2016,20,1655 BLOOR ST W,NULL,NULL,1,Toronto and East York,4,11,Mid-Block,NULL,No Control,Clear,Daylight,Dry,Non-Fatal Injury,Turning Movement,D11,87,High Park-Swansea (87),-79.4563,43.6554,NULL,NULL,N,NULL,NULL,NULL
973958,2007,00:00.0,505,5,ELLESMERE RD,MORRISH RD,NULL,3,Scarborough,25,43,Intersection,At Intersection,Traffic Signal,Clear,Dark,Dry,Non-Fatal Injury,Pedestrian Collisions,D43,134,Highland Creek (134),-79.1733,43.7901,NULL,NULL,N,NULL,NULL,NULL
5000486236,2015,00:00.0,1100,11,HOMEWOOD AVENUE,MAITLAND PLACE,NULL,2,Toronto and East York,13,51,Intersection,At Intersection,Stop Sign,Clear,Daylight,Dry,Non-Fatal Injury,Cyclist Collisions,D51,71,Cabbagetown-South St.James Town (71),-79.3755,43.6657,NULL,NULL,N,NULL,NULL,NULL
987374,2007,00:00.0,2330,23,MCCOWAN RD,STEELES AVE E,NULL,1,Scarborough,23,42,Intersection,At Intersection,Traffic Signal,Clear,Dark,Dry,Non-Fatal Injury,Pedestrian Collisions,D42,130,Milliken (130),-79.2751,43.831,NULL,NULL,N,NULL,NULL,NULL
986597,2007,00:00.0,250,2,CHRISTIE ST,BLOOR ST W,NULL,3,Toronto and East York,11,14,Mid-Block,NULL,No Control,Clear,Dark,Dry,Non-Fatal Injury,SMV Other,D14,93,Dovercourt-Wallace Emerson-Junction (93),-79.4188,43.664,NULL,NULL,N,NULL,NULL,NULL
5000746528,2015,00:00.0,1341,13,3833 MCNICOLL AVE,NULL,NULL,3,Scarborough,23,42,Mid-Block,Non Intersection,No Control,Clear,Daylight,Dry,Non-Fatal Injury,Turning Movement,D42,131,Rouge (131),-79.2382,43.8265,NULL,NULL,N,NULL,NULL,NULL
1011635,2007,00:00.0,1222,12,FINCH AVE W,MARTIN GROVE RD,NULL,1,Etobicoke York,1,23,Mid-Block,NULL,No Control,Snow,Daylight,Packed Snow,Non-Fatal Injury,Approaching,D23,2,Mount Olive-Silverstone-Jamestown (2),-79.5905,43.737,NULL,NULL,N,NULL,NULL,NULL
5000898741,2015,00:00.0,1621,16,LAKE SHORE BLVD E,LESLIE ST,374 m West of,1,Toronto and East York,14,55,Mid-Block,Non Intersection,No Control,Clear,Daylight,Dry,Non-Fatal Injury,Rear End,D55,70,South Riverdale (70),-79.3314,43.6578,NULL,NULL,N,NULL,NULL,NULL
1015704,2008,00:00.0,1840,18,MALVERN ST,MAMMOTH HALL TRL,NULL,2,Scarborough,23,42,Intersection,At Intersection,Stop Sign,Clear,Dark,Dry,Non-Fatal Injury,Pedestrian Collisions,D42,132,Malvern (132),-79.2357,43.7967,NULL,NULL,N,NULL,NULL,NULL
5000847589,2015,00:00.0,1514,15,GLEN WATFORD DR,RURAL AVE,NULL,2,Scarborough,23,42,Intersection,At Intersection,Stop Sign,Clear,Daylight,Dry,Non-Fatal Injury,Pedestrian Collisions,D42,128,Agincourt South-Malvern West (128),-79.2763,43.7877,NULL,NULL,N,NULL,NULL,NULL
1168213,2010,00:00.0,1415,14,F G GARDINER XY Expr W,KIPLING AVE,NULL,NULL,Etobicoke York,3,22,Mid-Block,NULL,No Control,Clear,Daylight,Dry,Non-Fatal Injury,Sideswipe,D22,17,Mimico (17),-79.5137,43.6203,NULL,NULL,N,NULL,NULL,NULL
4003015546,2014,00:00.0,1538,15,DUNDAS ST E,MUTUAL ST,NULL,1,Toronto and East York,13,51,Intersection,At Intersection,No Control,Clear,Daylight,Dry,Non-Fatal Injury,Pedestrian Collisions,D51,75,Church-Yonge Corridor (75),-79.3756,43.6568,NULL,NULL,N,NULL,NULL,NULL
991336,2007,00:00.0,1815,18,COMBERMERE DR,RAYOAK DR,NULL,4,North York,16,33,Intersection,NULL,Stop Sign,Clear,Daylight,Dry,Non-Fatal Injury,Cyclist Collisions,D33,45,Parkwoods-Donalda (45),-79.318,43.7595,NULL,NULL,N,NULL,NULL,NULL
4003112757,2014,00:00.0,644,6,BERTRAND AVE,BIRCHMOUNT RD,NULL,1,Scarborough,21,41,Intersection,At Intersection,Traffic Signal,Clear,"Dark, artificial",Dry,Non-Fatal Injury,Pedestrian Collisions,D41,125,Ionview (125),-79.2798,43.7352,NULL,NULL,N,NULL,NULL,NULL
4003025669,2014,00:00.0,740,7,581 TRETHEWEY DR,NULL,NULL,3,Etobicoke York,5,12,Mid-Block,Non Intersection,No Control,Clear,Daylight,Dry,Non-Fatal Injury,Sideswipe,D12,30,Brookhaven-Amesbury (30),-79.4919,43.6967,NULL,NULL,N,NULL,NULL,NULL
4003072697,2014,00:00.0,1240,12,DON MILLS RD,DUNCAN MILL RD,NULL,1,North York,16,33,Intersection,At Intersection,Traffic Signal,Clear,Daylight,Dry,Non-Fatal Injury,Pedestrian Collisions,D33,45,Parkwoods-Donalda (45),-79.3471,43.7616,NULL,NULL,N,NULL,NULL,NULL
4003078638,2014,00:00.0,1138,11,F G GARDINER XY  W,PARKSIDE DR,NULL,NULL,Toronto and East York,4,11,Mid-Block,Non Intersection,No Control,Clear,Daylight,Dry,Non-Fatal Injury,Pedestrian Collisions,D11,85,South Parkdale (85),-79.4469,43.6379,NULL,NULL,N,NULL,NULL,NULL
6000978198,2016,00:00.0,1937,19,UNIVERSITY AVE,FRONT ST W,9 m South of,3,Toronto and East York,10,52,Intersection,Non Intersection,Stop Sign,Clear,"Dusk, artificial",Wet,Non-Fatal Injury,Rear End,D52,77,Waterfront Communities-The Island (77),-79.3834,43.645,NULL,NULL,N,NULL,NULL,NULL
988551,2007,00:00.0,1530,15,YONGE ST,ALBERTUS AVE,NULL,1,North York,NULL,53,Intersection,At Intersection,No Control,Clear,Daylight,Dry,Non-Fatal Injury,Pedestrian Collisions,D53,99,Mount Pleasant East (99),-79.3999,43.7145,NULL,NULL,N,NULL,NULL,NULL
6001230859,2016,00:00.0,2035,20,BAYVIEW AVE,BROADWAY AVE,8 m South of,1,North York,15,53,Intersection,At/Near Private Drive,Traffic Signal,Clear,Daylight,Dry,Non-Fatal Injury,Turning Movement,D53,56,Leaside-Bennington (56),-79.3776,43.7138,NULL,NULL,N,NULL,NULL,NULL
142937129,2014,00:00.0,2001,20,ST CLAIR AVE W,DEER PARK CRES,NULL,1,Toronto and East York,12,53,Mid-Block,NULL,No Control,Clear,"Dark, artificial",Dry,Fatal,Pedestrian Collisions,D53,97,Yonge-St.Clair (97),-79.3967,43.6875,NULL,NULL,N,NULL,NULL,NULL
6001334259,2016,00:00.0,1825,18,KINGSTON RD,GUILDCREST DR,NULL,1,Scarborough,24,43,Intersection,At Intersection,No Control,Clear,Daylight,Dry,Fatal,Pedestrian Collisions,D43,140,Guildwood (140),-79.2076,43.7478,NULL,NULL,N,NULL,NULL,NULL
5000131237,2015,00:00.0,352,3,KEELE ST,LAWRENCE AVE W,NULL,1,Etobicoke York,5,12,Intersection,At Intersection,Traffic Signal,Clear,"Dark, artificial",Dry,Non-Fatal Injury,Turning Movement,D12,30,Brookhaven-Amesbury (30),-79.478,43.7086,-79.478,43.7086,Y,Keele St,Lawrence Ave W,2017-08-11
5000177590,2015,00:00.0,1920,19,DON VALLEY PARKWAY  S,LAWRENCE AVE E,20 m North of,NULL,North York,16,33,Mid-Block,Non Intersection,No Control,Clear,"Dark, artificial",Dry,Non-Fatal Injury,Rear End,D33,42,Banbury-Don Mills (42),-79.3322,43.7402,NULL,NULL,N,NULL,NULL,NULL
5000879931,2015,00:00.0,1855,18,ST CLAIR AVE E,O CONNOR DR,NULL,1,Toronto and East York,19,54,Intersection,Intersection Related,Traffic Signal,Clear,Daylight,Dry,Non-Fatal Injury,Pedestrian Collisions,D54,54,O'Connor-Parkview (54),-79.3128,43.7053,NULL,NULL,N,NULL,NULL,NULL
6001119393,2016,00:00.0,1948,19,PARKSIDE DR,SPRING RD,NULL,1,Toronto and East York,4,11,Intersection,Intersection Related,Traffic Signal,Clear,Daylight,Dry,Non-Fatal Injury,Pedestrian Collisions,D11,87,High Park-Swansea (87),-79.4546,43.6409,NULL,NULL,N,NULL,NULL,NULL
5000814166,2015,00:00.0,211,2,755 QUEEN ST E,NULL,10 m North of,3,Toronto and East York,14,55,Mid-Block,Non Intersection,No Control,Clear,"Dark, artificial",Dry,Non-Fatal Injury,Pedestrian Collisions,D55,70,South Riverdale (70),-79.3479,43.6592,NULL,NULL,N,NULL,NULL,NULL
6001348693,2016,00:00.0,156,1,MORNINGSIDE AVE,HALFWAY AVE,15 m East of,3,Scarborough,25,42,Intersection,At Intersection,No Control,Clear,"Dark, artificial",Dry,Non-Fatal Injury,Rear End,D42,131,Rouge (131),-79.2136,43.8178,NULL,NULL,N,NULL,NULL,NULL
5000160956,2015,00:00.0,617,6,1792 BIRCHMOUNT RD,NULL,NULL,1,Scarborough,21,41,Mid-Block,NULL,No Control,Clear,Dark,Dry,Fatal,Pedestrian Collisions,D41,126,Dorset Park (126),-79.2913,43.7654,NULL,NULL,N,NULL,NULL,NULL
6001376721,2016,00:00.0,1225,12,FINCH AVE W,TALBOT RD,40 m East,1,North York,18,32,Mid-Block,Non Intersection,No Control,Clear,Daylight,Dry,Fatal,Pedestrian Collisions,D32,37,Willowdale West (37),-79.4223,43.7782,NULL,NULL,N,NULL,NULL,NULL
1014715,2007,00:00.0,1510,15,ISLINGTON AVE,SANDHILL DR,NULL,1,Etobicoke York,1,23,Intersection,NULL,No Control,Clear,Daylight,Dry,Non-Fatal Injury,Rear End,D23,3,Thistletown-Beaumond Heights (3),-79.5638,43.734,NULL,NULL,N,NULL,NULL,NULL
6001198953,2016,00:00.0,2339,23,GALLOWAY RD,DEARHAM WOOD,31 m North of,2,Scarborough,24,43,Intersection,Intersection Related,Stop Sign,Clear,"Dark, artificial",Dry,Non-Fatal Injury,SMV Other,D43,140,Guildwood (140),-79.1907,43.7527,NULL,NULL,N,NULL,NULL,NULL
6001402361,2016,00:00.0,1228,12,KEELE ST,HIRONS ST,NULL,1,Etobicoke York,5,11,Intersection,At Intersection,Stop Sign,Clear,Daylight,Dry,Non-Fatal Injury,Turning Movement,D11,90,Junction Area (90),-79.4662,43.6694,NULL,NULL,N,NULL,NULL,NULL
6001433140,2016,00:00.0,250,2,STEELES AVE E,REESOR RD,NULL,3,Scarborough,25,42,Mid-Block,Non Intersection,No Control,Clear,Dark,Dry,Fatal,Approaching,D42,131,Rouge (131),-79.1979,43.8487,NULL,NULL,N,NULL,NULL,NULL
6001269035,2016,00:00.0,1850,18,RICHMOND ST W,PORTLAND ST,27 m West of,1,Toronto and East York,10,14,Intersection,At/Near Private Drive,No Control,Clear,Daylight,Dry,Non-Fatal Injury,Cyclist Collisions,D14,77,Waterfront Communities-The Island (77),-79.401,43.6468,NULL,NULL,N,NULL,NULL,NULL
6001288485,2016,00:00.0,1702,17,TRETHEWEY DR,PLATINUM DR,NULL,3,Etobicoke York,5,12,Intersection,At Intersection,Stop Sign,Clear,Daylight,Dry,Non-Fatal Injury,Angle,D12,30,Brookhaven-Amesbury (30),-79.4989,43.6972,NULL,NULL,N,NULL,NULL,NULL
6001469848,2016,00:00.0,1853,18,KIPLING AVE,DIXON RD,NULL,1,Etobicoke York,NULL,23,Intersection,At Intersection,Traffic Signal,Clear,Daylight,Dry,Non-Fatal Injury,Pedestrian Collisions,D23,6,Kingsview Village-The Westway (6),-79.5586,43.6941,NULL,NULL,N,NULL,NULL,NULL