ACCNUM,YEAR,DATE,TIME,HOUR,STREET1,STREET2,OFFSET,ROAD_CLASS,DISTRICT,WARDNUM,DIVISION,LOCCOORD,ACCLOC,TRAFFCTL,VISIBILITY,LIGHT,RDSFCOND,ACCLASS,IMPACTYPE,POLICE_DIVISION,HOOD_ID,NEIGHBOURHOOD,collision_lat,collision_long,red_light_lat,red_light_long,right_light_camera,LINEAR_NAME_FULL_1,LINEAR_NAME_FULL_2,ACTIVATION_DATE
6001529591,2016,00:00.0,745,7,STEELES AVE E,PHARMACY AVE,NULL,1,Scarborough,22,42,Intersection,At Intersection,Traffic Signal,Clear,Daylight,Dry,Non-Fatal Injury,Pedestrian Collisions,D42,116,Steeles (116),-79.3364,43.8168,NULL,NULL,N,NULL,NULL,NULL
6001148788,2016,00:00.0,405,4,F G GARDINER XY  E,DON VALLEY PARKWAY  N,NULL,1,Toronto and East York,NULL,NULL,Mid-Block,Non Intersection,No Control,Clear,"Dark, artificial",Dry,Non-Fatal Injury,SMV Other,D51,77,Waterfront Communities-The Island (77),-79.3475,43.6506,NULL,NULL,N,NULL,NULL,NULL
6001558550,2016,00:00.0,1630,16,LONSDALE RD,ORIOLE RD,NULL,1,Toronto and East York,12,53,Intersection,At Intersection,No Control,Clear,Daylight,Dry,Non-Fatal Injury,Cyclist Collisions,D53,97,Yonge-St.Clair (97),-79.4015,43.691,NULL,NULL,N,NULL,NULL,NULL
6000936555,2016,00:00.0,1725,17,LAKE SHORE BLVD W,THIRTY THIRD ST,50 m East of,1,Etobicoke York,3,22,Mid-Block,Non Intersection,No Control,Clear,Daylight,Dry,Non-Fatal Injury,Rear End,D22,19,Long Branch (19),-79.5316,43.5948,NULL,NULL,N,NULL,NULL,NULL
5002187382,2015,00:00.0,2125,21,BATHURST ST,SHEPPARD AVE W,NULL,1,North York,6,32,Intersection,At Intersection,Traffic Signal,Rain,"Dark, artificial",Wet,Non-Fatal Injury,Pedestrian Collisions,D32,34,Bathurst Manor (34),-79.4384,43.7554,-79.4384,43.7554,Y,Bathurst St,Sheppard Ave W,2007-11-09
5001866211,2015,00:00.0,1509,15,LAWRENCE AVE E,SCARBOROUGH GOLF CLUB RD,NULL,1,Scarborough,24,43,Intersection,At Intersection,Traffic Signal,Clear,Daylight,Dry,Non-Fatal Injury,Pedestrian Collisions,D43,137,Woburn (137),-79.2158,43.7618,-79.2158,43.7618,Y,Lawrence Ave E,Scarborough Golf Club Rd,2021-05-14
5001872803,2015,00:00.0,1640,16,SHEPPARD AVE E,MASSIE ST,NULL,1,Scarborough,23,42,Intersection,Non Intersection,No Control,Clear,Daylight,Dry,Non-Fatal Injury,Pedestrian Collisions,D42,128,Agincourt South-Malvern West (128),-79.2452,43.7925,NULL,NULL,N,NULL,NULL,NULL
5001830640,2015,00:00.0,1450,14,DON VALLEY PARKWAY  N,DON MILLS RD,120 m North of,NULL,Toronto and East York,14,54,Mid-Block,Non Intersection,No Control,Rain,Daylight,Wet,Non-Fatal Injury,Approaching,D54,58,Old East York (58),-79.3366,43.7007,NULL,NULL,N,NULL,NULL,NULL
5002147377,2015,00:00.0,1100,11,JANE ST,SPEERS AVE,NULL,1,Etobicoke York,5,12,Intersection,At Intersection,No Control,Clear,Daylight,Dry,Fatal,Turning Movement,D12,30,Brookhaven-Amesbury (30),-79.5034,43.7015,NULL,NULL,N,NULL,NULL,NULL
5002136221,2015,00:00.0,1556,15,PARKSIDE DR,INDIAN VALLEY CRES,NULL,1,Toronto and East York,4,11,Intersection,At Intersection,Traffic Signal,Rain,Daylight,Wet,Non-Fatal Injury,Cyclist Collisions,D11,87,High Park-Swansea (87),-79.4584,43.6511,NULL,NULL,N,NULL,NULL,NULL
5002094213,2015,00:00.0,655,6,FINCH AVE W,WESTON RD,NULL,1,Etobicoke York,7,31,Intersection,At Intersection,Traffic Signal,Clear,"Dark, artificial",Dry,Non-Fatal Injury,Pedestrian Collisions,D31,21,Humber Summit (21),-79.5423,43.752,NULL,NULL,N,NULL,NULL,NULL
6001222638,2016,00:00.0,1710,17,BIRMINGHAM ST,ELSINORE PATH,NULL,2,Etobicoke York,3,22,Intersection,At Intersection,No Control,Clear,Daylight,Dry,Fatal,SMV Other,D22,18,New Toronto (18),-79.5107,43.6022,NULL,NULL,N,NULL,NULL,NULL
6000147267,2016,00:00.0,1445,14,50 MERTON ST,NULL,2 m North of,2,Toronto and East York,12,53,Mid-Block,Non Intersection,No Control,Clear,Daylight,Dry,Non-Fatal Injury,Approaching,D53,104,Mount Pleasant West (104),-79.3951,43.6963,NULL,NULL,N,NULL,NULL,NULL
5001824991,2015,00:00.0,1437,14,KEELE ST,DONALD AVE,NULL,1,Etobicoke York,5,12,Intersection,Intersection Related,Traffic Signal,Clear,Daylight,Dry,Fatal,Pedestrian Collisions,D12,110,Keelesdale-Eglinton West (110),-79.4728,43.6848,NULL,NULL,N,NULL,NULL,NULL
5001872986,2015,00:00.0,1710,17,HORNER AVE,THIRTIETH ST,NULL,3,Etobicoke York,3,22,Intersection,At Intersection,Traffic Signal,Clear,Daylight,Dry,Non-Fatal Injury,Angle,D22,20,Alderwood (20),-79.5337,43.6042,NULL,NULL,N,NULL,NULL,NULL
6001035774,2016,00:00.0,1415,14,BREMNER BLVD,SPADINA AVE,NULL,3,Toronto and East York,10,52,Mid-Block,Non Intersection,No Control,Clear,Daylight,Dry,Fatal,Pedestrian Collisions,D52,77,Waterfront Communities-The Island (77),-79.3922,43.6406,NULL,NULL,N,NULL,NULL,NULL
6000874773,2016,00:00.0,30,0,DUNDAS ST W,OSSINGTON AVE,40 m East of,1,Toronto and East York,NULL,14,Mid-Block,Non Intersection,No Control,Clear,Dark,Dry,Non-Fatal Injury,Cyclist Collisions,D14,81,Trinity-Bellwoods (81),-79.42,43.6493,NULL,NULL,N,NULL,NULL,NULL
6000506509,2016,00:00.0,2049,20,KING  ST W,UNIVERSITY  AVE,NULL,1,Toronto and East York,10,52,Intersection,Intersection Related,Traffic Signal,Rain,"Dusk, artificial",Wet,Non-Fatal Injury,Pedestrian Collisions,D52,76,Bay Street Corridor (76),-79.3847,43.6476,NULL,NULL,N,NULL,NULL,NULL
6000543310,2016,00:00.0,637,6,COLLEGE ST,LIPPINCOTT ST,1 m East of,1,Toronto and East York,11,14,Intersection,At Intersection,Stop Sign,Rain,"Daylight, artificial",Wet,Non-Fatal Injury,Cyclist Collisions,D14,78,Kensington-Chinatown (78),-79.4064,43.6566,NULL,NULL,N,NULL,NULL,NULL
5001873445,2015,00:00.0,1852,18,BATHURST ST,BROOKE AVE,6 m South of,1,North York,8,32,Intersection,Intersection Related,Stop Sign,Clear,"Dusk, artificial",Dry,Non-Fatal Injury,Pedestrian Collisions,D32,39,Bedford Park-Nortown (39),-79.4323,43.7303,NULL,NULL,N,NULL,NULL,NULL
981377,2007,00:00.0,712,7,EGLINTON AVE W,SCARLETT RD,NULL,1,Etobicoke York,5,12,Mid-Block,NULL,No Control,Clear,Daylight,Dry,Non-Fatal Injury,Pedestrian Collisions,D12,111,Rockcliffe-Smythe (111),-79.508,43.6844,NULL,NULL,N,NULL,NULL,NULL
6001054585,2016,00:00.0,855,8,DUFFERIN ST,CLOVERLAWN AVE,NULL,1,Toronto and East York,9,13,Intersection,Intersection Related,No Control,Clear,Daylight,Dry,Non-Fatal Injury,Pedestrian Collisions,D13,92,Corso Italia-Davenport (92),-79.4444,43.6812,NULL,NULL,N,NULL,NULL,NULL
6000614403,2016,00:00.0,1145,11,FINCH AVE E,PICKERING TOWN LINE,NULL,4,Scarborough,25,42,Intersection,At Intersection,Stop Sign,Clear,Daylight,Wet,Non-Fatal Injury,Turning Movement,D42,131,Rouge (131),-79.1595,43.8316,NULL,NULL,N,NULL,NULL,NULL
6000080482,2016,00:00.0,1129,11,STEELES AVE E,PHARMACY AVE,NULL,1,Scarborough,22,42,Intersection,At Intersection,Traffic Signal,Clear,Daylight,Wet,Fatal,Turning Movement,D42,116,Steeles (116),-79.3364,43.8168,NULL,NULL,N,NULL,NULL,NULL
6000168422,2016,00:00.0,2130,21,48MILLDOCK,NULL,172 m East of,4,Scarborough,25,43,Mid-Block,Non Intersection,No Control,Snow,"Dark, artificial",Wet,Non-Fatal Injury,Pedestrian Collisions,D43,131,Rouge (131),-79.1258,43.7903,NULL,NULL,N,NULL,NULL,NULL
6000164025,2016,00:00.0,925,9,DUNDAS ST W,POPLAR AVE,NULL,1,Etobicoke York,3,22,Intersection,At Intersection,Traffic Signal,Clear,Daylight,Dry,Fatal,Pedestrian Collisions,D22,14,Islington-City Centre West (14),-79.54,43.636,NULL,NULL,N,NULL,NULL,NULL
5002220976,2015,00:00.0,1253,12,HAKIMI  AVE,EGLINTON AVE E,20 m North of,1,Scarborough,NULL,41,Intersection,At/Near Private Drive,No Control,Clear,Daylight,Dry,Non-Fatal Injury,Angle,D41,120,Clairlea-Birchmount (120),-79.2914,43.7269,NULL,NULL,N,NULL,NULL,NULL
982327,2007,00:00.0,2042,20,ELLESMERE Road,MILITARY Trai,NULL,3,Scarborough,25,43,Intersection,At Intersection,Traffic Signal,Clear,Dark,Dry,Non-Fatal Injury,Turning Movement,D43,134,Highland Creek (134),-79.1882,43.7865,NULL,NULL,N,NULL,NULL,NULL
999249,2007,00:00.0,1810,18,WILMINGTON Aven,COMBE Aven,NULL,3,North York,6,32,Intersection,At Intersection,No Control,Rain,Daylight,Wet,Non-Fatal Injury,Rear End,D32,34,Bathurst Manor (34),-79.4555,43.7596,NULL,NULL,N,NULL,NULL,NULL
982399,2007,00:00.0,1730,17,KEELE Stre,LAWRENCE Aven W,NULL,1,Etobicoke York,5,12,Intersection,At Intersection,Traffic Signal,Clear,Daylight,Dry,Non-Fatal Injury,Rear End,D12,30,Brookhaven-Amesbury (30),-79.478,43.7086,-79.478,43.7086,Y,Keele St,Lawrence Ave W,2017-08-11
985784,2007,00:00.0,2240,22,DUNDAS ST W,UNIVERSITY AVE,NULL,1,Toronto and East York,NULL,52,Intersection,At Intersection,Traffic Signal,Clear,Dark,Dry,Non-Fatal Injury,Turning Movement,D52,76,Bay Street Corridor (76),-79.3882,43.6547,NULL,NULL,N,NULL,NULL,NULL
984365,2007,00:00.0,1830,18,DUNDAS ST W,COLLEGE ST,NULL,3,Toronto and East York,9,11,Intersection,At Intersection,Stop Sign,Clear,Daylight,Dry,Non-Fatal Injury,SMV Other,D11,83,Dufferin Grove (83),-79.4409,43.6502,NULL,NULL,N,NULL,NULL,NULL
1042071,2008,00:00.0,800,8,MORNINGSIDE AVE,MCLEVIN AVE,NULL,1,Scarborough,25,42,Intersection,At Intersection,Traffic Signal,Clear,Daylight,Dry,Non-Fatal Injury,Rear End,D42,131,Rouge (131),-79.2026,43.8089,NULL,NULL,N,NULL,NULL,NULL
5002235368,2015,00:00.0,2115,21,250 MARLEE AVE,NULL,1 m East of,3,North York,8,13,Intersection,At/Near Private Drive,No Control,Clear,"Dark, artificial",Wet,Non-Fatal Injury,Angle,D13,31,Yorkdale-Glen Park (31),-79.4424,43.7055,NULL,NULL,N,NULL,NULL,NULL
1000080,2007,00:00.0,125,1,BATHURST Stre,CARPENTER Road,NULL,1,North York,NULL,32,Intersection,At Intersection,No Control,Clear,Dark,Dry,Non-Fatal Injury,SMV Other,D32,36,Newtonbrook West (36),-79.4464,43.789,NULL,NULL,N,NULL,NULL,NULL
979549,2007,00:00.0,430,4,THE QUEENSWAY,SOUTHPORT ST,NULL,1,Toronto and East York,4,11,Mid-Block,At Intersection,No Control,Clear,Dark,Dry,Non-Fatal Injury,SMV Other,D11,87,High Park-Swansea (87),-79.4702,43.6371,NULL,NULL,N,NULL,NULL,NULL
1041888,2008,00:00.0,750,7,EGLINTON AVE W,RICHARDSON AVE,NULL,1,Etobicoke York,5,12,Intersection,At Intersection,Traffic Signal,Clear,Daylight,Dry,Non-Fatal Injury,Rear End,D12,110,Keelesdale-Eglinton West (110),-79.4714,43.6909,NULL,NULL,N,NULL,NULL,NULL
1001762,2007,00:00.0,1853,18,SANDHURST CRCL,FINCH AVE E,NULL,2,Scarborough,23,42,Mid-Block,NULL,Pedestrian Crossover,Rain,Dark,Wet,Non-Fatal Injury,Pedestrian Collisions,D42,129,Agincourt North (129),-79.2711,43.8092,NULL,NULL,N,NULL,NULL,NULL
1002002,2007,00:00.0,2154,21,GERRARD Stre E,PARLIAMENT Stre,NULL,3,Toronto and East York,13,51,Intersection,At Intersection,Traffic Signal,Rain,Dark,Wet,Non-Fatal Injury,Pedestrian Collisions,D51,72,Regent Park (72),-79.3669,43.6619,NULL,NULL,N,NULL,NULL,NULL
5002105318,2015,00:00.0,2115,21,LOWTHER AVE,SPADINA RD,5 m South of,3,Toronto and East York,11,NULL,Intersection,Intersection Related,Traffic Signal,Rain,"Dark, artificial",Wet,Non-Fatal Injury,Cyclist Collisions,D53,95,Annex (95),-79.4047,43.6689,NULL,NULL,N,NULL,NULL,NULL
1058736,2008,00:00.0,308,3,UNIVERSITY AVE,ELM ST,NULL,1,Toronto and East York,11,52,Intersection,NULL,Traffic Signal,Clear,Daylight,Dry,Non-Fatal Injury,Turning Movement,D52,76,Bay Street Corridor (76),-79.3889,43.6563,NULL,NULL,N,NULL,NULL,NULL
986760,2007,00:00.0,809,8,GOWAN AVE,PAPE AVE,NULL,1,Toronto and East York,14,54,Intersection,NULL,No Control,Clear,Daylight,Dry,Non-Fatal Injury,Pedestrian Collisions,D54,59,Danforth East York (59),-79.3483,43.6884,NULL,NULL,N,NULL,NULL,NULL
923894,2006,00:00.0,2208,22,F G GARDINER XY  W,DOWLING AVE,NULL,4,Toronto and East York,4,14,Mid-Block,NULL,No Control,Rain,Dark,Wet,Non-Fatal Injury,Pedestrian Collisions,D14,85,South Parkdale (85),-79.4376,43.6343,NULL,NULL,N,NULL,NULL,NULL
950835,2007,00:00.0,852,8,BLYTHWOOD RD,MOUNT PLEASANT RD,NULL,2,North York,15,53,Mid-Block,NULL,No Control,Clear,Daylight,Dry,Non-Fatal Injury,SMV Other,D53,99,Mount Pleasant East (99),-79.3936,43.7179,NULL,NULL,N,NULL,NULL,NULL
976566,2007,00:00.0,850,8,BRIMLEY RD,PITFIELD RD,NULL,1,Scarborough,23,42,Intersection,At Intersection,Traffic Signal,Snow,Daylight,Loose Snow,Non-Fatal Injury,Cyclist Collisions,D42,128,Agincourt South-Malvern West (128),-79.2663,43.7834,NULL,NULL,N,NULL,NULL,NULL
5001008776,2015,00:00.0,715,7,BAYVIEW AVE,SUTHERLAND DR,NULL,1,North York,15,53,Intersection,At Intersection,Stop Sign,Rain,Dawn,Wet,Non-Fatal Injury,Turning Movement,D53,56,Leaside-Bennington (56),-79.3724,43.6987,NULL,NULL,N,NULL,NULL,NULL
5001021761,2015,00:00.0,900,9,AVENUE RD,FELBRIGG AVE,NULL,1,North York,8,32,Intersection,At Intersection,No Control,Clear,Daylight,Dry,Non-Fatal Injury,Pedestrian Collisions,D32,39,Bedford Park-Nortown (39),-79.4196,43.7341,NULL,NULL,N,NULL,NULL,NULL
962132,2007,00:00.0,643,6,BIRCHMOUNT RD,MERRYFIELD DR,NULL,1,Scarborough,21,41,Mid-Block,NULL,No Control,Clear,Dawn,Dry,Fatal,Approaching,D41,126,Dorset Park (126),-79.2862,43.7511,NULL,NULL,N,NULL,NULL,NULL
926129,2006,00:00.0,1242,12,BRENTCLIFFE RD,WICKSTEED AVE,NULL,3,North York,15,53,Intersection,At Intersection,Traffic Signal,Clear,Daylight,Dry,Non-Fatal Injury,Pedestrian Collisions,D53,55,Thorncliffe Park (55),-79.3584,43.7114,NULL,NULL,N,NULL,NULL,NULL
939969,2006,00:00.0,851,8,TECUMSETH ST,MITCHELL AVE,NULL,4,Toronto and East York,10,14,Intersection,NULL,No Control,Rain,Daylight,Wet,Non-Fatal Injury,Turning Movement,D14,82,Niagara (82),-79.406,43.6453,NULL,NULL,N,NULL,NULL,NULL
961761,2007,00:00.0,2145,21,STEELES AVE W,ALNESS ST,NULL,1,North York,6,32,Intersection,At Intersection,Traffic Signal,Clear,Dark,Loose Snow,Non-Fatal Injury,Turning Movement,D32,27,York University Heights (27),-79.481,43.7846,NULL,NULL,N,NULL,NULL,NULL
940622,2006,00:00.0,700,7,FENSIDE Dr,YORK MILLS Rd,NULL,1,North York,16,33,Intersection,NULL,Traffic Signal,Clear,Dawn,Other,Non-Fatal Injury,Pedestrian Collisions,D33,45,Parkwoods-Donalda (45),-79.3276,43.7606,NULL,NULL,N,NULL,NULL,NULL
940984,2006,00:00.0,831,8,KING ST W,JOHN ST,NULL,1,Toronto and East York,10,52,Intersection,At Intersection,Traffic Signal,Clear,Daylight,Dry,Non-Fatal Injury,Angle,D52,77,Waterfront Communities-The Island (77),-79.3897,43.6465,NULL,NULL,N,NULL,NULL,NULL
931773,2006,00:00.0,1940,19,QUEEN ST E,LOGAN AVE,NULL,3,Toronto and East York,14,55,Intersection,At Intersection,Traffic Signal,Clear,Dark,Dry,Non-Fatal Injury,Cyclist Collisions,D55,70,South Riverdale (70),-79.3424,43.6605,NULL,NULL,N,NULL,NULL,NULL
928305,2006,00:00.0,2034,20,ELLESMERE RD,ORTON PARK RD,NULL,1,Scarborough,24,43,Intersection,At Intersection,Traffic Signal,Clear,Dark,Dry,Non-Fatal Injury,Turning Movement,D43,135,Morningside (135),-79.217,43.7797,NULL,NULL,N,NULL,NULL,NULL
5001705355,2015,00:00.0,351,3,BURNHAMTHORPE RD,PRENNAN AVE,1 m East of,1,Etobicoke York,2,22,Intersection,Non Intersection,No Control,Clear,Dark,Dry,Fatal,SMV Other,D22,14,Islington-City Centre West (14),-79.5407,43.6506,NULL,NULL,N,NULL,NULL,NULL
952335,2007,00:00.0,1402,14,201 WESTON Rd,NULL,NULL,1,Etobicoke York,5,12,Mid-Block,NULL,No Control,Clear,Daylight,Wet,Non-Fatal Injury,SMV Other,D12,90,Junction Area (90),-79.4712,43.6768,NULL,NULL,N,NULL,NULL,NULL
957570,2007,00:00.0,1352,13,DON MILLS RD E,GODSTONE RD,NULL,1,North York,17,33,Intersection,At Intersection,Traffic Signal,Clear,Daylight,Dry,Non-Fatal Injury,Pedestrian Collisions,D33,47,Don Valley Village (47),-79.349,43.7827,NULL,NULL,N,NULL,NULL,NULL
962717,2007,00:00.0,1457,14,SIMCOE Stre,PEARL Stre,NULL,2,Toronto and East York,10,52,Intersection,At Intersection,Stop Sign,Clear,Daylight,Wet,Non-Fatal Injury,Cyclist Collisions,D52,76,Bay Street Corridor (76),-79.3863,43.6479,NULL,NULL,N,NULL,NULL,NULL
928690,2006,00:00.0,2159,21,DUFFERIN ST,GIBSON ST,NULL,1,Toronto and East York,NULL,13,Intersection,NULL,No Control,Clear,Dark,Dry,Non-Fatal Injury,Pedestrian Collisions,D13,107,Oakwood Village (107),-79.448,43.6903,NULL,NULL,N,NULL,NULL,NULL
937408,2006,00:00.0,1250,12,WARDEN AVE,BRIDLETOWNE CRCL,NULL,1,Scarborough,22,42,Intersection,At Intersection,Traffic Signal,Rain,Daylight,Wet,Non-Fatal Injury,Pedestrian Collisions,D42,117,L'Amoreaux (117),-79.3138,43.7921,-79.3138,43.7921,Y,Warden Ave,Bridletowne Crcl,2021-12-16
964373,2007,00:00.0,1844,18,DUNDAS ST W,SUBWAY CRES,NULL,1,Etobicoke York,3,22,Intersection,At Intersection,Traffic Signal,Clear,Daylight,Dry,Non-Fatal Injury,Pedestrian Collisions,D22,14,Islington-City Centre West (14),-79.54,43.6361,NULL,NULL,N,NULL,NULL,NULL
929816,2006,00:00.0,127,1,DANFORTH AVE,BROADVIEW AVE,NULL,1,Toronto and East York,14,NULL,Intersection,NULL,Traffic Signal,Clear,Dark,Wet,Non-Fatal Injury,Cyclist Collisions,D55,68,North Riverdale (68),-79.3588,43.6761,NULL,NULL,N,NULL,NULL,NULL
989495,2007,00:00.0,1635,16,EGLINTON AVE E,PHARMACY AVE,NULL,1,Scarborough,NULL,41,Mid-Block,NULL,No Control,Clear,Daylight,Dry,Non-Fatal Injury,Pedestrian Collisions,D41,120,Clairlea-Birchmount (120),-79.2931,43.7265,NULL,NULL,N,NULL,NULL,NULL
994409,2007,00:00.0,610,6,KENNEDY RD,ELLESMERE RD,NULL,1,Scarborough,21,41,Intersection,At Intersection,Traffic Signal,Rain,Dark,Wet,Non-Fatal Injury,Pedestrian Collisions,D41,126,Dorset Park (126),-79.281,43.7657,NULL,NULL,N,NULL,NULL,NULL
957981,2007,00:00.0,1102,11,DUFFERIN ST,DUPONT ST,NULL,1,Toronto and East York,9,NULL,Intersection,At Intersection,Traffic Signal,Clear,Daylight,Dry,Non-Fatal Injury,Pedestrian Collisions,D14,93,Dovercourt-Wallace Emerson-Junction (93),-79.4389,43.6684,NULL,NULL,N,NULL,NULL,NULL
951120,2007,00:00.0,1355,13,4544 DUFFERIN ST,NULL,NULL,1,North York,6,32,Mid-Block,NULL,No Control,Clear,Daylight,Dry,Non-Fatal Injury,Turning Movement,D32,34,Bathurst Manor (34),-79.4664,43.7668,NULL,NULL,N,NULL,NULL,NULL
1015097,2008,00:00.0,1623,16,BAYVIEW AVE,EGLINTON AVE E,NULL,1,North York,15,53,Intersection,NULL,Traffic Signal,Snow,Daylight,Loose Snow,Non-Fatal Injury,Rear End,D53,56,Leaside-Bennington (56),-79.3771,43.711,NULL,NULL,N,NULL,NULL,NULL
1015320,2008,00:00.0,1803,18,ST DENNIS DR,DEAUVILLE LANE,NULL,2,North York,16,54,Intersection,NULL,Traffic Signal,Rain,Dark,Wet,Non-Fatal Injury,Pedestrian Collisions,D54,44,Flemingdon Park (44),-79.3313,43.7183,NULL,NULL,N,NULL,NULL,NULL
990256,2007,00:00.0,1913,19,MANITOBA ST,WESLEY ST,NULL,4,Etobicoke York,3,22,Intersection,NULL,Stop Sign,Rain,Dawn,Wet,Non-Fatal Injury,Angle,D22,17,Mimico (17),-79.4974,43.6222,NULL,NULL,N,NULL,NULL,NULL
990888,2007,00:00.0,1314,13,1541 THE QUEENSWAY,NULL,NULL,1,Etobicoke York,3,22,Mid-Block,NULL,No Control,Clear,Daylight,Dry,Non-Fatal Injury,Pedestrian Collisions,D22,14,Islington-City Centre West (14),-79.5375,43.6185,NULL,NULL,N,NULL,NULL,NULL
1013495,2008,00:00.0,550,5,REXDALE BLVD,TIDEMORE AVE,NULL,1,Etobicoke York,1,23,Intersection,NULL,No Control,Clear,Dark,Dry,Fatal,SMV Other,D23,1,West Humber-Clairville (1),-79.5851,43.7147,NULL,NULL,N,NULL,NULL,NULL
978116,2007,00:00.0,530,5,BRAYMORE BLVD,BLACKTOFT DR,NULL,2,Scarborough,25,42,Intersection,NULL,No Control,"Fog, Mist, Smoke, Dust",Dark,Dry,Fatal,SMV Other,D42,131,Rouge (131),-79.1768,43.8031,NULL,NULL,N,NULL,NULL,NULL
986718,2007,00:00.0,1055,10,LAWRENCE AVE E,MCCOWAN RD,NULL,1,Scarborough,21,43,Mid-Block,NULL,No Control,Clear,Daylight,Dry,Fatal,Pedestrian Collisions,D43,127,Bendale (127),-79.246,43.7553,NULL,NULL,N,NULL,NULL,NULL
989043,2007,00:00.0,210,2,278 GREENWOOD AVE,IVY Aven,NULL,3,Toronto and East York,14,55,Mid-Block,NULL,No Control,Clear,Dark,Dry,Non-Fatal Injury,Pedestrian Collisions,D55,65,Greenwood-Coxwell (65),-79.3289,43.6732,NULL,NULL,N,NULL,NULL,NULL
985971,2007,00:00.0,752,7,WARDEN AVE,EGLINTON AVE E,NULL,1,Scarborough,NULL,41,Intersection,NULL,Traffic Signal,Clear,Daylight,Dry,Non-Fatal Injury,Cyclist Collisions,D41,119,Wexford/Maryvale (119),-79.2875,43.7278,NULL,NULL,N,NULL,NULL,NULL
993425,2007,00:00.0,826,8,ISLINGTON AVE,ST GEORGES BLVD,NULL,1,Etobicoke York,1,23,Intersection,At Intersection,Stop Sign,Clear,Daylight,Dry,Non-Fatal Injury,Turning Movement,D23,6,Kingsview Village-The Westway (6),-79.5495,43.7032,NULL,NULL,N,NULL,NULL,NULL
993646,2007,00:00.0,300,3,ADELAIDE ST W,PETER ST,NULL,1,Toronto and East York,10,52,Intersection,At Intersection,Traffic Signal,Clear,Dark,Dry,Non-Fatal Injury,Pedestrian Collisions,D52,77,Waterfront Communities-The Island (77),-79.3928,43.6473,NULL,NULL,N,NULL,NULL,NULL
991480,2007,00:00.0,2030,20,DON MILLS RD,DVP S DON MILLS N RAMP RD S,NULL,1,Toronto and East York,14,54,Intersection,At Intersection,Stop Sign,Clear,Dark,Dry,Non-Fatal Injury,Angle,D54,58,Old East York (58),-79.3359,43.7021,NULL,NULL,N,NULL,NULL,NULL
4003007939,2014,00:00.0,1325,13,COLLEGE ST,SHAW ST,NULL,1,Toronto and East York,11,14,Intersection,Non Intersection,Pedestrian Crossover,Clear,Daylight,Dry,Non-Fatal Injury,Cyclist Collisions,D14,81,Trinity-Bellwoods (81),-79.4202,43.6548,NULL,NULL,N,NULL,NULL,NULL
143015764,2014,00:00.0,1608,16,ST CLAIR AVE W,KEELE ST,NULL,1,Etobicoke York,5,NULL,Mid-Block,NULL,No Control,Clear,Daylight,Dry,Fatal,Pedestrian Collisions,D11,90,Junction Area (90),-79.4685,43.6723,NULL,NULL,N,NULL,NULL,NULL
1000446,2007,00:00.0,726,7,QUEEN ST E,EASTERN AVE,NULL,1,Toronto and East York,19,55,Intersection,NULL,Stop Sign,Clear,Dark,Dry,Non-Fatal Injury,Cyclist Collisions,D55,63,The Beaches (63),-79.3125,43.6672,NULL,NULL,N,NULL,NULL,NULL
5000051256,2015,00:00.0,2148,21,SPADINA AVE,ST ANDREW ST,6 m North of,1,Toronto and East York,11,NULL,Intersection,Intersection Related,Traffic Signal,Clear,"Dark, artificial",Wet,Non-Fatal Injury,Cyclist Collisions,D14,78,Kensington-Chinatown (78),-79.3986,43.6543,NULL,NULL,N,NULL,NULL,NULL
953726,2007,00:00.0,1445,14,EGLINTON AVE W,KIPLING AVE,NULL,1,Etobicoke York,2,NULL,Mid-Block,NULL,No Control,Clear,Daylight,Other,Non-Fatal Injury,Rear End,D22,10,Princess-Rosethorn (10),-79.5498,43.6773,NULL,NULL,N,NULL,NULL,NULL
987058,2007,00:00.0,1245,12,MCCOWAN RD,CHANNEL NINE CRT,NULL,1,Scarborough,23,42,Intersection,NULL,Traffic Signal,Clear,Daylight,Dry,Non-Fatal Injury,Pedestrian Collisions,D42,128,Agincourt South-Malvern West (128),-79.2564,43.7853,NULL,NULL,N,NULL,NULL,NULL
982264,2007,00:00.0,1745,17,LAKE SHORE BLVD E,DON ROADWAY,NULL,1,Toronto and East York,14,NULL,Intersection,At Intersection,Traffic Signal,Clear,Daylight,Dry,Non-Fatal Injury,Turning Movement,D51,70,South Riverdale (70),-79.3469,43.6508,NULL,NULL,N,NULL,NULL,NULL
983732,2007,00:00.0,1827,18,IRWIN RD,TURPIN AVE,NULL,4,Etobicoke York,1,23,Intersection,NULL,No Control,Clear,Daylight,Dry,Non-Fatal Injury,Rear End,D23,5,Elms-Old Rexdale (5),-79.5557,43.7257,NULL,NULL,N,NULL,NULL,NULL
143084786,2014,00:00.0,1024,10,LAWRENCE AVE W,ALLEN X N LAWRENCE RAMP,NULL,1,North York,8,NULL,Intersection,At Intersection,Traffic Signal,Clear,Daylight,Dry,Fatal,Pedestrian Collisions,D13,32,Englemount-Lawrence (32),-79.4432,43.7163,NULL,NULL,N,NULL,NULL,NULL
6000966179,2016,00:00.0,2131,21,BURNHAMTHORPE RD,THE EAST MALL,NULL,1,Etobicoke York,2,22,Intersection,At Intersection,Traffic Signal,Clear,"Dark, artificial",Dry,Non-Fatal Injury,Pedestrian Collisions,D22,14,Islington-City Centre West (14),-79.5599,43.6462,NULL,NULL,N,NULL,NULL,NULL