ACCNUM,YEAR,DATE,TIME,HOUR,STREET1,STREET2,OFFSET,ROAD_CLASS,DISTRICT,WARDNUM,DIVISION,LOCCOORD,ACCLOC,TRAFFCTL,VISIBILITY,LIGHT,RDSFCOND,ACCLASS,IMPACTYPE,POLICE_DIVISION,HOOD_ID,NEIGHBOURHOOD,collision_lat,collision_long,red_light_lat,red_light_long,right_light_camera,LINEAR_NAME_FULL_1,LINEAR_NAME_FULL_2,ACTIVATION_DATE
987007,2007,00:00.0,129,1,KINGSTON RD,EGLINTON AVE E,NULL,1,Scarborough,24,43,Intersection,At Intersection,Traffic Signal,Clear,Dark,Dry,Non-Fatal Injury,Turning Movement,D43,139,Scarborough Village (139),-79.2116,43.7437,NULL,NULL,N,NULL,NULL,NULL
983325,2007,00:00.0,2125,21,BATHURST ST,HOUSEY ST,NULL,1,Toronto and East York,10,14,Mid-Block,NULL,No Control,Clear,Dark,Dry,Non-Fatal Injury,Turning Movement,D14,77,Waterfront Communities-The Island (77),-79.3999,43.6373,NULL,NULL,N,NULL,NULL,NULL
5000260881,2015,00:00.0,1516,15,ROYAL YORK RD,MANITOBA ST,NULL,3,Etobicoke York,3,22,Intersection,NULL,No Control,Other,Daylight,Other,Fatal,Other,D22,17,Mimico (17),-79.5006,43.6215,NULL,NULL,N,NULL,NULL,NULL
5000276965,2015,00:00.0,1410,14,2609 EGLINTON AVE W,NULL,NULL,1,Etobicoke York,5,12,Intersection,Non Intersection,No Control,Clear,Daylight,Dry,Non-Fatal Injury,Pedestrian Collisions,D12,110,Keelesdale-Eglinton West (110),-79.475,43.6901,NULL,NULL,N,NULL,NULL,NULL
1000440,2007,00:00.0,1449,14,STEELES Aven E,BEARE Road,NULL,3,Scarborough,25,42,Intersection,NULL,Stop Sign,Clear,Daylight,Dry,Non-Fatal Injury,Angle,D42,131,Rouge (131),-79.1799,43.8531,NULL,NULL,N,NULL,NULL,NULL
5000407299,2015,00:00.0,820,8,WARDEN AVE,CONTINENTAL PL,10 m North of,1,Scarborough,21,41,Intersection,At Intersection,No Control,Clear,Daylight,Dry,Non-Fatal Injury,Pedestrian Collisions,D41,119,Wexford/Maryvale (119),-79.3012,43.7634,NULL,NULL,N,NULL,NULL,NULL
6000970728,2016,00:00.0,1525,15,PHARMACY AVE,JANET BLVD,37 m South of,3,Scarborough,21,41,Mid-Block,Non Intersection,No Control,Clear,Daylight,Dry,Non-Fatal Injury,Pedestrian Collisions,D41,119,Wexford/Maryvale (119),-79.3038,43.7412,NULL,NULL,N,NULL,NULL,NULL
6001041986,2016,00:00.0,1231,12,YONGE ST,ADELAIDE ST E,11 m North of,1,Toronto and East York,13,NULL,Intersection,Intersection Related,Traffic Controller,Clear,Daylight,Dry,Non-Fatal Injury,Rear End,D51,75,Church-Yonge Corridor (75),-79.3784,43.6503,NULL,NULL,N,NULL,NULL,NULL
4002929082,2014,00:00.0,1620,16,FINCH AVE E,LINUS RD,NULL,1,North York,17,33,Intersection,Intersection Related,Traffic Signal,Clear,Daylight,Dry,Non-Fatal Injury,Pedestrian Collisions,D33,47,Don Valley Village (47),-79.358,43.7919,NULL,NULL,N,NULL,NULL,NULL
6001341956,2016,00:00.0,2248,22,PARK LAWN RD,THE QUEENSWAY,NULL,1,Etobicoke York,3,22,Intersection,At Intersection,Traffic Signal,Clear,"Dark, artificial",Dry,Non-Fatal Injury,SMV Other,D22,16,Stonegate-Queensway (16),-79.4903,43.6289,NULL,NULL,N,NULL,NULL,NULL
143117140,2014,00:00.0,1927,19,VICTORIA PARK AVE,EGLINTON AVE E,NULL,1,North York,NULL,NULL,Mid-Block,NULL,No Control,Rain,"Dark, artificial",Wet,Fatal,Pedestrian Collisions,D41,119,Wexford/Maryvale (119),-79.3031,43.7258,NULL,NULL,N,NULL,NULL,NULL
6001365744,2016,00:00.0,1822,18,ELLESMERE RD,HELICON GT,NULL,1,Scarborough,24,43,Intersection,At Intersection,Traffic Signal,Clear,Daylight,Dry,Non-Fatal Injury,Turning Movement,D43,135,Morningside (135),-79.2221,43.7784,NULL,NULL,N,NULL,NULL,NULL
6000133147,2016,00:00.0,35,0,BATHURST ST,FORT YORK BLVD,NULL,1,Toronto and East York,10,14,Intersection,At Intersection,Traffic Signal,Clear,"Dark, artificial",Dry,Non-Fatal Injury,Turning Movement,D14,77,Waterfront Communities-The Island (77),-79.4006,43.6388,NULL,NULL,N,NULL,NULL,NULL
6001501601,2016,00:00.0,1811,18,JANE ST,ALLIANCE AVE,66 m North of,1,Etobicoke York,5,12,Mid-Block,Non Intersection,No Control,Clear,Daylight,Dry,Non-Fatal Injury,Rear End,D12,111,Rockcliffe-Smythe (111),-79.4959,43.6766,NULL,NULL,N,NULL,NULL,NULL
6000883005,2016,00:00.0,1815,18,DANFORTH AVE,PHARMACY AVE,NULL,1,Scarborough,20,41,Intersection,At Intersection,Traffic Signal,Clear,Daylight,Dry,Non-Fatal Injury,Pedestrian Collisions,D41,121,Oakridge (121),-79.2833,43.6922,NULL,NULL,N,NULL,NULL,NULL
6000897819,2016,00:00.0,13,0,HIGHWAY 27  N,REXDALE BLVD,20 m South of,1,Etobicoke York,1,23,Intersection,At Intersection,Traffic Signal,Clear,"Dark, artificial",Dry,Non-Fatal Injury,Rear End,D23,1,West Humber-Clairville (1),-79.5955,43.7171,NULL,NULL,N,NULL,NULL,NULL
6001385962,2016,00:00.0,2029,20,LAKE SHORE BLVD E,DON ROADWAY,9 m West of,1,Toronto and East York,14,NULL,Intersection,At Intersection,Traffic Signal,Clear,Daylight,Dry,Non-Fatal Injury,Turning Movement,D51,70,South Riverdale (70),-79.3469,43.6508,NULL,NULL,N,NULL,NULL,NULL
6000942671,2016,00:00.0,1441,14,DON VALLEY PARKWAY  S,LAWRENCE AVE E,NULL,NULL,North York,16,33,Mid-Block,Non Intersection,No Control,Clear,Daylight,Dry,Fatal,Rear End,D33,42,Banbury-Don Mills (42),-79.3322,43.7383,NULL,NULL,N,NULL,NULL,NULL
5001835148,2015,00:00.0,1100,11,ELLESMERE RD,PRINCIPAL RD,NULL,1,Scarborough,21,41,Intersection,Intersection Related,Traffic Signal,Clear,Daylight,Dry,Non-Fatal Injury,Pedestrian Collisions,D41,119,Wexford/Maryvale (119),-79.2946,43.7625,NULL,NULL,N,NULL,NULL,NULL
5001836357,2015,00:00.0,1536,15,LAWRENCE AVE E,TOWNLEY AVE,NULL,1,Scarborough,21,41,Intersection,Intersection Related,No Control,Clear,Daylight,Dry,Non-Fatal Injury,Pedestrian Collisions,D41,119,Wexford/Maryvale (119),-79.3073,43.7426,NULL,NULL,N,NULL,NULL,NULL
983329,2007,00:00.0,2156,21,KENNEDY RD,FOXRIDGE DR,NULL,1,Scarborough,20,41,Intersection,At Intersection,No Control,Clear,"Dusk, artificial",Dry,Non-Fatal Injury,Turning Movement,D41,124,Kennedy Park (124),-79.2644,43.724,NULL,NULL,N,NULL,NULL,NULL
5001906446,2015,00:00.0,600,6,JANE ST,CHURCH ST,19 m South of,1,Etobicoke York,5,12,Intersection,Intersection Related,Traffic Signal,Rain,"Dark, artificial",Wet,Non-Fatal Injury,Pedestrian Collisions,D12,28,Rustic (28),-79.5055,43.7092,NULL,NULL,N,NULL,NULL,NULL
974540,2007,00:00.0,2037,20,6700 FINCH AVE W,NULL,NULL,1,Etobicoke York,1,23,Mid-Block,NULL,No Control,Clear,Dark,Dry,Non-Fatal Injury,Rear End,D23,1,West Humber-Clairville (1),-79.6132,43.7344,NULL,NULL,N,NULL,NULL,NULL
6001090221,2016,00:00.0,1305,13,SHEPPARD AVE E,PROVOST DR,NULL,1,North York,17,33,Intersection,At Intersection,Traffic Signal,Clear,Daylight,Dry,Non-Fatal Injury,Pedestrian Collisions,D33,52,Bayview Village (52),-79.3712,43.7703,NULL,NULL,N,NULL,NULL,NULL
5001841929,2015,00:00.0,1510,15,WILSON AVE,JAMES FINLAY WAY,NULL,1,North York,6,31,Intersection,At Intersection,Traffic Signal,Clear,Daylight,Dry,Non-Fatal Injury,Cyclist Collisions,D31,26,Downsview-Roding-CFB (26),-79.4801,43.7274,NULL,NULL,N,NULL,NULL,NULL
5001875429,2015,00:00.0,155,1,QUEEN ST E,BROADVIEW AVE,49 m East of,3,Toronto and East York,14,55,Mid-Block,Non Intersection,No Control,Rain,"Dark, artificial",Wet,Non-Fatal Injury,Pedestrian Collisions,D55,70,South Riverdale (70),-79.3491,43.659,NULL,NULL,N,NULL,NULL,NULL
6001532518,2016,00:00.0,1610,16,WARDEN AVE,CONTINENTAL PL,NULL,1,Scarborough,21,41,Intersection,At Intersection,Stop Sign,Clear,Daylight,Dry,Non-Fatal Injury,Turning Movement,D41,119,Wexford/Maryvale (119),-79.3012,43.7634,NULL,NULL,N,NULL,NULL,NULL
6000775153,2016,00:00.0,630,6,920 DANFORTH RD,NULL,NULL,1,Scarborough,20,41,Mid-Block,Intersection Related,No Control,Clear,Daylight,Dry,Non-Fatal Injury,Approaching,D41,124,Kennedy Park (124),-79.2513,43.7299,NULL,NULL,N,NULL,NULL,NULL
5002012379,2015,00:00.0,2119,21,3030 BIRCHMOUNT RD,NULL,10 m East of,1,Scarborough,22,42,Mid-Block,Non Intersection,No Control,Snow,Dark,Wet,Non-Fatal Injury,Approaching,D42,117,L'Amoreaux (117),-79.3074,43.801,NULL,NULL,N,NULL,NULL,NULL
5002036269,2015,00:00.0,1644,16,KIPLING AVE,GENTHORN AVE,6 m South of,1,Etobicoke York,1,23,Intersection,Intersection Related,Traffic Signal,Clear,"Dark, artificial",Wet,Non-Fatal Injury,Rear End,D23,4,Rexdale-Kipling (4),-79.5723,43.7234,NULL,NULL,N,NULL,NULL,NULL
6000478020,2016,00:00.0,344,3,COLLEGE ST,LANSDOWNE AVE,NULL,3,Toronto and East York,9,11,Intersection,At Intersection,Traffic Signal,Clear,"Dark, artificial",Dry,Non-Fatal Injury,Cyclist Collisions,D11,83,Dufferin Grove (83),-79.4399,43.6509,NULL,NULL,N,NULL,NULL,NULL
5001940328,2015,00:00.0,2004,20,LAWRENCE AVE W,JANE ST,5 m West of,1,Etobicoke York,5,12,Intersection,Non Intersection,No Control,Clear,"Dark, artificial",Dry,Fatal,Pedestrian Collisions,D12,30,Brookhaven-Amesbury (30),-79.5038,43.7028,NULL,NULL,N,NULL,NULL,NULL
6000781338,2016,00:00.0,15,0,SHEPPARD AVE W,EASTON RD,14 m East of,1,North York,18,32,Intersection,Intersection Related,No Control,Clear,"Dark, artificial",Dry,Non-Fatal Injury,Pedestrian Collisions,D32,38,Lansing-Westgate (38),-79.4257,43.7582,NULL,NULL,N,NULL,NULL,NULL
6000846295,2016,00:00.0,820,8,2632 EGLINTON AVE E,NULL,18 m East of,1,Scarborough,NULL,41,Mid-Block,Non Intersection,No Control,Clear,Daylight,Dry,Non-Fatal Injury,Pedestrian Collisions,D41,124,Kennedy Park (124),-79.2509,43.7359,NULL,NULL,N,NULL,NULL,NULL
5002156360,2015,00:00.0,1645,16,FINCH AVE E,BRIMLEY RD,9 m East of,1,Scarborough,23,42,Intersection,At Intersection,Traffic Signal,Clear,Dusk,Wet,Non-Fatal Injury,Turning Movement,D42,129,Agincourt North (129),-79.2773,43.8056,NULL,NULL,N,NULL,NULL,NULL
6000582754,2016,00:00.0,1530,15,FINCH AVE W,BATHURST ST,NULL,1,North York,NULL,32,Intersection,At Intersection,Traffic Signal,Clear,Daylight,Dry,Non-Fatal Injury,Pedestrian Collisions,D32,37,Willowdale West (37),-79.4429,43.7737,NULL,NULL,N,NULL,NULL,NULL
1014650,2008,00:00.0,2232,22,35 BENDALE BLVD,NULL,NULL,4,Scarborough,21,43,Mid-Block,NULL,No Control,Snow,Dark,Wet,Non-Fatal Injury,SMV Other,D43,127,Bendale (127),-79.2397,43.7498,NULL,NULL,N,NULL,NULL,NULL
6000081215,2016,00:00.0,1336,13,TECUMSETH ST,QUEEN ST W,NULL,1,Toronto and East York,10,14,Intersection,At Intersection,Traffic Signal,Clear,Daylight,Dry,Non-Fatal Injury,Pedestrian Collisions,D14,81,Trinity-Bellwoods (81),-79.4065,43.6466,NULL,NULL,N,NULL,NULL,NULL
6000917027,2016,00:00.0,1953,19,MARKHAM RD,BLAKEMANOR BLVD,NULL,1,Scarborough,24,43,Intersection,At Intersection,Traffic Signal,Clear,Daylight,Dry,Non-Fatal Injury,Pedestrian Collisions,D43,137,Woburn (137),-79.2222,43.751,NULL,NULL,N,NULL,NULL,NULL
981104,2007,00:00.0,1000,10,STEELES AVE E,BEARE RD,NULL,3,Scarborough,25,42,Intersection,At Intersection,Stop Sign,Clear,Daylight,Dry,Non-Fatal Injury,Angle,D42,131,Rouge (131),-79.1799,43.8531,NULL,NULL,N,NULL,NULL,NULL
6000087893,2016,00:00.0,1435,14,BAYVIEW AVE,EGLINTON AVE E,6 m North of,1,North York,15,53,Intersection,Intersection Related,Traffic Signal,Clear,Daylight,Wet,Fatal,Pedestrian Collisions,D53,56,Leaside-Bennington (56),-79.3771,43.711,NULL,NULL,N,NULL,NULL,NULL
6000111200,2016,00:00.0,1300,13,COMBE AVE,WILMINGTON AVE,NULL,3,North York,6,32,Intersection,At Intersection,Stop Sign,Clear,Daylight,Dry,Non-Fatal Injury,Angle,D32,34,Bathurst Manor (34),-79.4556,43.7596,NULL,NULL,N,NULL,NULL,NULL
6001093797,2016,00:00.0,2315,23,120 BEVERLY HILLS DR,NULL,65 m South of,2,Etobicoke York,7,31,Mid-Block,Non Intersection,No Control,Clear,"Dark, artificial",Dry,Non-Fatal Injury,Pedestrian Collisions,D31,26,Downsview-Roding-CFB (26),-79.5162,43.7183,NULL,NULL,N,NULL,NULL,NULL
996876,2007,00:00.0,1801,18,THE WEST MALL,CIVIC CENTRE CRT,NULL,3,Etobicoke York,2,22,Intersection,At Intersection,Traffic Signal,Clear,Daylight,Dry,Non-Fatal Injury,Pedestrian Collisions,D22,13,Etobicoke West Mall (13),-79.5659,43.6422,NULL,NULL,N,NULL,NULL,NULL
976891,2007,00:00.0,1645,16,STEELES AVE E,BEARE RD,NULL,3,Scarborough,25,42,Mid-Block,At Intersection,No Control,Clear,Daylight,Dry,Non-Fatal Injury,SMV Other,D42,131,Rouge (131),-79.1754,43.8542,NULL,NULL,N,NULL,NULL,NULL
996697,2007,00:00.0,1836,18,SPADINA AVE,NASSAU ST,NULL,1,Toronto and East York,11,NULL,Intersection,At Intersection,Traffic Signal,Clear,Daylight,Dry,Non-Fatal Injury,Turning Movement,D52,78,Kensington-Chinatown (78),-79.3991,43.6558,NULL,NULL,N,NULL,NULL,NULL
982207,2007,00:00.0,1607,16,LAWRENCE AVE E,WARDEN AVE,NULL,1,Scarborough,21,41,Intersection,At Intersection,Traffic Signal,Clear,Daylight,Dry,Fatal,Pedestrian Collisions,D41,119,Wexford/Maryvale (119),-79.2946,43.7453,NULL,NULL,N,NULL,NULL,NULL
1004342,2007,00:00.0,950,9,DON MILLS RD,OVERLEA BLVD,NULL,1,North York,16,54,Mid-Block,NULL,No Control,Clear,Daylight,Wet,Fatal,Pedestrian Collisions,D54,44,Flemingdon Park (44),-79.3347,43.7109,NULL,NULL,N,NULL,NULL,NULL
977226,2007,00:00.0,2110,21,CASTLEFIELD AVE,CALEDONIA RD,NULL,2,North York,8,13,Mid-Block,At Intersection,No Control,Clear,Dark,Dry,Non-Fatal Injury,Approaching,D13,108,Briar Hill-Belgravia (108),-79.4622,43.6983,NULL,NULL,N,NULL,NULL,NULL
978249,2007,00:00.0,805,8,ELLESMERE RD,KENNEDY RD,NULL,1,Scarborough,21,41,Intersection,At Intersection,Traffic Signal,Clear,Daylight,Dry,Fatal,Angle,D41,126,Dorset Park (126),-79.281,43.7657,NULL,NULL,N,NULL,NULL,NULL
1002191,2007,00:00.0,1642,16,PROGRESS AVE,BOROUGH DR,NULL,3,Scarborough,21,43,Mid-Block,NULL,No Control,Clear,Daylight,Dry,Non-Fatal Injury,Cyclist Collisions,D43,127,Bendale (127),-79.2544,43.7769,NULL,NULL,N,NULL,NULL,NULL
998090,2007,00:00.0,1620,16,WARDEN Aven,FAIRFAX Cres,NULL,1,Scarborough,20,41,Mid-Block,NULL,No Control,Clear,Daylight,Dry,Non-Fatal Injury,Turning Movement,D41,120,Clairlea-Birchmount (120),-79.2828,43.7166,NULL,NULL,N,NULL,NULL,NULL
6000026380,2016,00:00.0,1628,16,EGLINTON AVE E,PHARMACY AVE,265 m East of,1,Scarborough,NULL,41,Mid-Block,Non Intersection,No Control,Clear,Daylight,Dry,Non-Fatal Injury,Pedestrian Collisions,D41,120,Clairlea-Birchmount (120),-79.2946,43.7262,NULL,NULL,N,NULL,NULL,NULL
1008034,2007,00:00.0,805,8,OAKWOOD AVE,HANSON RD,NULL,3,Toronto and East York,12,13,Intersection,NULL,No Control,Clear,Daylight,Ice,Non-Fatal Injury,Pedestrian Collisions,D13,107,Oakwood Village (107),-79.4393,43.6889,NULL,NULL,N,NULL,NULL,NULL
5002211839,2015,00:00.0,1618,16,1071 QUEEN ST W,NULL,1 m South of,1,Toronto and East York,10,14,Intersection,Laneway,No Control,Clear,Daylight,Dry,Non-Fatal Injury,Pedestrian Collisions,D14,82,Niagara (82),-79.4211,43.6437,NULL,NULL,N,NULL,NULL,NULL
1006355,2007,00:00.0,1700,17,LAWRENCE AVE E,GOODERHAM DR,NULL,1,Scarborough,21,41,Mid-Block,NULL,No Control,Clear,Dusk,Dry,Non-Fatal Injury,Pedestrian Collisions,D41,119,Wexford/Maryvale (119),-79.3017,43.7438,NULL,NULL,N,NULL,NULL,NULL
1043639,2008,00:00.0,1355,13,BATHURST ST N,SOUTHBOURNE AVE,NULL,1,North York,6,32,Mid-Block,NULL,No Control,Clear,Daylight,Dry,Non-Fatal Injury,Pedestrian Collisions,D32,38,Lansing-Westgate (38),-79.4343,43.7388,NULL,NULL,N,NULL,NULL,NULL
1044627,2008,00:00.0,1614,16,DOVERCOURT Rd,GEARY Ave,NULL,3,Toronto and East York,9,13,Intersection,At Intersection,Stop Sign,Clear,Daylight,Dry,Non-Fatal Injury,Angle,D13,94,Wychwood (94),-79.4331,43.6707,NULL,NULL,N,NULL,NULL,NULL
1008556,2007,00:00.0,1130,11,EGLINTON AVE W,CAMBERWELL RD,NULL,1,North York,NULL,13,Intersection,NULL,No Control,Clear,Daylight,Dry,Non-Fatal Injury,Pedestrian Collisions,D13,106,Humewood-Cedarvale (106),-79.4298,43.7,NULL,NULL,N,NULL,NULL,NULL
1044815,2008,00:00.0,2226,22,WILSON AVE,JETHRO RD,NULL,1,Etobicoke York,7,31,Intersection,At Intersection,Traffic Signal,Clear,Dark,Dry,Fatal,Pedestrian Collisions,D31,26,Downsview-Roding-CFB (26),-79.5183,43.7187,NULL,NULL,N,NULL,NULL,NULL
1011587,2007,00:00.0,2045,20,FRONT ST W,SPADINA AVE,NULL,3,Toronto and East York,10,52,Mid-Block,NULL,No Control,Clear,Dark,Dry,Non-Fatal Injury,Pedestrian Collisions,D52,77,Waterfront Communities-The Island (77),-79.3919,43.6432,NULL,NULL,N,NULL,NULL,NULL
1050384,2008,00:00.0,437,4,DIXON Rd,ROYAL YORK Rd,NULL,1,Etobicoke York,NULL,23,Intersection,At Intersection,Traffic Signal,Clear,Dark,Dry,Non-Fatal Injury,SMV Other,D23,8,Humber Heights-Westmount (8),-79.5342,43.6998,NULL,NULL,N,NULL,NULL,NULL
1043747,2008,00:00.0,909,9,SCARLETT RD,BERNICE CRES,NULL,3,Etobicoke York,5,12,Intersection,At Intersection,Pedestrian Crossover,Clear,Daylight,Dry,Fatal,Pedestrian Collisions,D12,111,Rockcliffe-Smythe (111),-79.4994,43.6669,NULL,NULL,N,NULL,NULL,NULL
1048242,2008,00:00.0,950,9,SPADINA Aven,HARBORD Stre,NULL,1,Toronto and East York,11,NULL,Intersection,At Intersection,Traffic Signal,Clear,Daylight,Dry,Non-Fatal Injury,Pedestrian Collisions,D52,79,University (79),-79.402,43.663,NULL,NULL,N,NULL,NULL,NULL
1008261,2007,00:00.0,1250,12,DON MILLS RD,CLIFFWOOD RD,NULL,1,North York,17,33,Mid-Block,NULL,No Control,Clear,Daylight,Wet,Non-Fatal Injury,Rear End,D33,48,Hillcrest Village (48),-79.3574,43.8076,NULL,NULL,N,NULL,NULL,NULL
1031488,2008,00:00.0,1915,19,LAKE SHORE BLVD W,BAY ST,NULL,1,Toronto and East York,10,52,Intersection,NULL,Traffic Signal,Clear,Dark,Dry,Non-Fatal Injury,Pedestrian Collisions,D52,77,Waterfront Communities-The Island (77),-79.3777,43.643,NULL,NULL,N,NULL,NULL,NULL
1070741,2008,00:00.0,700,7,71 MAYBROOK Dr,NULL,NULL,2,Scarborough,23,42,Mid-Block,NULL,No Control,Clear,Daylight,Dry,Non-Fatal Injury,Turning Movement,D42,130,Milliken (130),-79.2609,43.8248,NULL,NULL,N,NULL,NULL,NULL
1065334,2008,00:00.0,2207,22,KIPLING AVE,BURNHAMTHORPE RD,NULL,1,Etobicoke York,NULL,22,Intersection,At Intersection,Traffic Signal,Clear,Dark,Dry,Non-Fatal Injury,Pedestrian Collisions,D22,14,Islington-City Centre West (14),-79.5393,43.6509,NULL,NULL,N,NULL,NULL,NULL
1036979,2008,00:00.0,708,7,MARKHAM Road,STEELES,NULL,1,Scarborough,23,42,Mid-Block,NULL,No Control,Clear,Daylight,Dry,Non-Fatal Injury,Sideswipe,D42,131,Rouge (131),-79.2511,43.8366,NULL,NULL,N,NULL,NULL,NULL
1064720,2008,00:00.0,1150,11,BLOOR ST W,OLD MILL DR,NULL,1,Toronto and East York,4,11,Intersection,NULL,No Control,Rain,Daylight,Wet,Non-Fatal Injury,Rear End,D11,87,High Park-Swansea (87),-79.4865,43.6479,NULL,NULL,N,NULL,NULL,NULL
995821,2007,00:00.0,1600,16,WESTON RD,KNOB HILL DR,NULL,1,Etobicoke York,5,12,Intersection,At Intersection,Stop Sign,Clear,Daylight,Dry,Non-Fatal Injury,Angle,D12,23,Pelmo Park-Humberlea (23),-79.5351,43.7112,NULL,NULL,N,NULL,NULL,NULL
1043405,2008,00:00.0,5,0,3440 PHARMACY AVE,NULL,NULL,3,Scarborough,22,42,Mid-Block,NULL,No Control,Rain,Dark,Wet,Fatal,Pedestrian Collisions,D42,116,Steeles (116),-79.3323,43.8077,NULL,NULL,N,NULL,NULL,NULL
987119,2007,00:00.0,1244,12,BAY MILLS BLVD,EAGLESTONE RD,NULL,2,Scarborough,22,42,Intersection,At Intersection,Pedestrian Crossover,Clear,Daylight,Dry,Fatal,Cyclist Collisions,D42,118,Tam O'Shanter-Sullivan (118),-79.3034,43.7821,NULL,NULL,N,NULL,NULL,NULL
1255770,2011,00:00.0,1958,19,LAWRENCE Ave E,VALPARAISO Ave,NULL,1,Scarborough,21,43,Intersection,NULL,No Control,Clear,Dark,Dry,Non-Fatal Injury,Pedestrian Collisions,D43,127,Bendale (127),-79.2467,43.7552,NULL,NULL,N,NULL,NULL,NULL
1003525,2007,00:00.0,840,8,PATRICIA AVE,LACONIA DR,NULL,2,North York,18,32,Mid-Block,NULL,No Control,Clear,"Daylight, artificial",Dry,Non-Fatal Injury,Pedestrian Collisions,D32,36,Newtonbrook West (36),-79.4416,43.785,NULL,NULL,N,NULL,NULL,NULL
1066104,2008,00:00.0,1940,19,BRENTCLIFFE RD,WICKSTEED AVE,NULL,3,North York,15,53,Intersection,At Intersection,Traffic Signal,Clear,Dark,Dry,Non-Fatal Injury,Pedestrian Collisions,D53,55,Thorncliffe Park (55),-79.3584,43.7114,NULL,NULL,N,NULL,NULL,NULL
1068411,2008,00:00.0,1748,17,YONGE ST,CHURCHILL AVE,NULL,1,North York,18,32,Mid-Block,At Intersection,No Control,Clear,Daylight,Dry,Non-Fatal Injury,Cyclist Collisions,D32,51,Willowdale East (51),-79.414,43.7741,NULL,NULL,N,NULL,NULL,NULL
1064977,2008,00:00.0,1755,17,LUMSDEN AVE,GLEDHILL AVE,NULL,3,Toronto and East York,19,54,Intersection,At Intersection,Pedestrian Crossover,Clear,Daylight,Dry,Fatal,Pedestrian Collisions,D54,60,Woodbine-Lumsden (60),-79.3115,43.6936,NULL,NULL,N,NULL,NULL,NULL
1052679,2008,00:00.0,316,3,ST CLARENS Aven,BLOOR Stre W,NULL,1,Toronto and East York,9,11,NULL,NULL,Stop Sign,Clear,Dark,Dry,Non-Fatal Injury,SMV Other,D11,83,Dufferin Grove (83),-79.4416,43.6585,NULL,NULL,N,NULL,NULL,NULL
1061921,2008,00:00.0,707,7,SHEPPARD AVE W,HAMMELL ST,NULL,1,North York,6,32,Intersection,NULL,No Control,Rain,Daylight,Wet,Non-Fatal Injury,Pedestrian Collisions,D32,34,Bathurst Manor (34),-79.4404,43.7551,NULL,NULL,N,NULL,NULL,NULL
1046342,2008,00:00.0,550,5,DUNDAS ST W,BAY ST,NULL,1,Toronto and East York,NULL,52,Intersection,At Intersection,Traffic Signal,Clear,Daylight,Dry,Non-Fatal Injury,Other,D52,76,Bay Street Corridor (76),-79.3837,43.6557,NULL,NULL,N,NULL,NULL,NULL
1065436,2008,00:00.0,2021,20,BATHURST ST,BRIAR HILL AVE,NULL,1,North York,8,NULL,Intersection,NULL,Traffic Signal,Clear,Dark,Dry,Non-Fatal Injury,Turning Movement,D13,102,Forest Hill North (102),-79.427,43.7079,NULL,NULL,N,NULL,NULL,NULL
1057151,2008,00:00.0,2150,21,MARKHAM RD,NASHDENE RD,NULL,1,Scarborough,23,42,Mid-Block,NULL,No Control,Rain,Dark,Wet,Fatal,Pedestrian Collisions,D42,131,Rouge (131),-79.2457,43.8194,NULL,NULL,N,NULL,NULL,NULL
1060768,2008,00:00.0,2047,20,ST CLAIR Aven E,MIDLAND Aven,NULL,3,Scarborough,20,41,Intersection,At Intersection,Traffic Signal,Clear,Daylight,Dry,Non-Fatal Injury,Cyclist Collisions,D41,123,Cliffcrest (123),-79.2512,43.7187,NULL,NULL,N,NULL,NULL,NULL
1040168,2008,00:00.0,2320,23,DUFFERIN Stre,LAWRENCE Aven W,NULL,1,North York,8,32,Mid-Block,At Intersection,No Control,Clear,Dark,Dry,Non-Fatal Injury,Sideswipe,D32,31,Yorkdale-Glen Park (31),-79.4547,43.7145,NULL,NULL,N,NULL,NULL,NULL
1051205,2008,00:00.0,1935,19,DON MILLS RD,GEORGE HENRY BLVD,NULL,1,North York,17,33,Intersection,At Intersection,Stop Sign,Clear,Dusk,Dry,Non-Fatal Injury,Pedestrian Collisions,D33,53,Henry Farm (53),-79.3464,43.7734,NULL,NULL,N,NULL,NULL,NULL
1059416,2008,00:00.0,1900,19,ALBION RD,INDIAN LINE Aven W,NULL,1,Etobicoke York,1,23,Mid-Block,NULL,No Control,Clear,Daylight,Dry,Non-Fatal Injury,Rear End,D23,1,West Humber-Clairville (1),-79.6383,43.749,NULL,NULL,N,NULL,NULL,NULL
6000334615,2016,00:00.0,1625,16,AVIEMORE DR,GRAMPIAN CRES,99 m South of,4,Etobicoke York,7,31,Mid-Block,Non Intersection,No Control,Clear,Daylight,Dry,Non-Fatal Injury,Pedestrian Collisions,D31,21,Humber Summit (21),-79.5701,43.7503,NULL,NULL,N,NULL,NULL,NULL
1052382,2008,00:00.0,1035,10,BALLIOL ST,MOUNT PLEASANT RD,NULL,1,North York,NULL,53,Intersection,At Intersection,Stop Sign,Clear,Daylight,Dry,Fatal,Pedestrian Collisions,D53,99,Mount Pleasant East (99),-79.3866,43.6992,NULL,NULL,N,NULL,NULL,NULL