ACCNUM,YEAR,DATE,TIME,HOUR,STREET1,STREET2,OFFSET,ROAD_CLASS,DISTRICT,WARDNUM,DIVISION,LOCCOORD,ACCLOC,TRAFFCTL,VISIBILITY,LIGHT,RDSFCOND,ACCLASS,IMPACTYPE,POLICE_DIVISION,HOOD_ID,NEIGHBOURHOOD,collision_lat,collision_long,red_light_lat,red_light_long,right_light_camera,LINEAR_NAME_FULL_1,LINEAR_NAME_FULL_2,ACTIVATION_DATE
6001623474,2016,00:00.0,1830,18,HAVENBROOK BLVD,DON MILLS RD,NULL,1,North York,17,33,Intersection,At Intersection,Traffic Signal,Clear,Daylight,Dry,Non-Fatal Injury,Pedestrian Collisions,D33,53,Henry Farm (53),-79.3464,43.7694,NULL,NULL,N,NULL,NULL,NULL
6001650762,2016,00:00.0,1955,19,BROWNS LINE,WOODBURY RD,12 m East of,1,Etobicoke York,3,22,Mid-Block,At Intersection,Pedestrian Crossover,Clear,Dark,Dry,Non-Fatal Injury,Pedestrian Collisions,D22,20,Alderwood (20),-79.5441,43.5992,NULL,NULL,N,NULL,NULL,NULL
6001675837,2016,00:00.0,1721,17,JANE ST,COLBECK ST,NULL,1,Toronto and East York,4,11,Intersection,At Intersection,Pedestrian Crossover,Clear,Daylight,Dry,Non-Fatal Injury,Pedestrian Collisions,D11,89,Runnymede-Bloor West Village (89),-79.4859,43.6528,NULL,NULL,N,NULL,NULL,NULL
6001713743,2016,00:00.0,1709,17,THE QUEENSWAY,SOUTH KINGSWAY,458 m West of,1,Etobicoke York,3,22,Mid-Block,Non Intersection,No Control,Clear,Daylight,Dry,Non-Fatal Injury,SMV Other,D22,16,Stonegate-Queensway (16),-79.4768,43.6323,NULL,NULL,N,NULL,NULL,NULL
6001978629,2016,00:00.0,805,8,ANCASTER RD,REGENT RD,NULL,4,North York,6,32,Intersection,At Intersection,No Control,Clear,Daylight,Dry,Non-Fatal Injury,Turning Movement,D32,26,Downsview-Roding-CFB (26),-79.4658,43.7317,NULL,NULL,N,NULL,NULL,NULL
1055263,2008,00:00.0,2005,20,FINCH AVE W,JAYZEL DR,NULL,1,Etobicoke York,7,31,Intersection,At Intersection,Traffic Signal,Clear,Daylight,Dry,Non-Fatal Injury,Pedestrian Collisions,D31,21,Humber Summit (21),-79.549,43.7506,NULL,NULL,N,NULL,NULL,NULL
1040428,2008,00:00.0,810,8,PARLIAMENT St,LAKE SHORE Blvd E,NULL,3,Toronto and East York,10,51,Mid-Block,At Intersection,No Control,Clear,Daylight,Dry,Non-Fatal Injury,Cyclist Collisions,D51,77,Waterfront Communities-The Island (77),-79.3614,43.6486,NULL,NULL,N,NULL,NULL,NULL
1056407,2008,00:00.0,1945,19,1420 VICTORIA PARK AVE,NULL,NULL,1,North York,NULL,NULL,Mid-Block,NULL,No Control,Clear,Daylight,Dry,Non-Fatal Injury,Pedestrian Collisions,D41,120,Clairlea-Birchmount (120),-79.3011,43.7212,NULL,NULL,N,NULL,NULL,NULL
1046554,2008,00:00.0,552,5,633 SILVER STAR BLVD,NULL,NULL,2,Scarborough,22,42,Mid-Block,NULL,No Control,Clear,Daylight,Dry,Non-Fatal Injury,Pedestrian Collisions,D42,130,Milliken (130),-79.2987,43.8212,NULL,NULL,N,NULL,NULL,NULL
6000179020,2016,00:00.0,1753,17,DUFFERIN ST,ARMSTRONG AVE,NULL,1,Toronto and East York,9,NULL,Intersection,NULL,No Control,Clear,"Dark, artificial",Dry,Fatal,Pedestrian Collisions,D14,93,Dovercourt-Wallace Emerson-Junction (93),-79.4374,43.6647,NULL,NULL,N,NULL,NULL,NULL
1024139,2008,00:00.0,1239,12,OAKWOOD AVE,ST CLAIR AVE W,NULL,3,Toronto and East York,9,13,Mid-Block,NULL,No Control,Clear,Daylight,Wet,Non-Fatal Injury,Pedestrian Collisions,D13,94,Wychwood (94),-79.4357,43.6799,NULL,NULL,N,NULL,NULL,NULL
1041784,2008,00:00.0,1956,19,ST CLAIR AVE W,BATHURST ST,NULL,1,Toronto and East York,12,13,Intersection,At Intersection,Traffic Signal,Clear,Daylight,Dry,Non-Fatal Injury,Pedestrian Collisions,D13,96,Casa Loma (96),-79.4182,43.683,NULL,NULL,N,NULL,NULL,NULL
1017587,2008,00:00.0,817,8,MCNICOLL AVE,LA PEER BLVD,NULL,3,Scarborough,22,42,Intersection,NULL,Stop Sign,Clear,Daylight,Dry,Non-Fatal Injury,Pedestrian Collisions,D42,116,Steeles (116),-79.3154,43.8075,NULL,NULL,N,NULL,NULL,NULL
1018638,2008,00:00.0,1249,12,BELLAMY RD N,BRIMORTON DR,NULL,3,Scarborough,24,43,Intersection,At Intersection,Traffic Signal,Clear,Daylight,Wet,Non-Fatal Injury,Turning Movement,D43,137,Woburn (137),-79.2391,43.7674,-79.2391,43.7674,Y,Bellamy Rd N,Brimorton Dr,2021-06-03
1063404,2008,00:00.0,128,1,YONGE ST,RANLEIGH AVE,NULL,1,North York,NULL,32,Intersection,At Intersection,Traffic Signal,"Fog, Mist, Smoke, Dust",Dark,Wet,Non-Fatal Injury,Pedestrian Collisions,D32,105,Lawrence Park North (105),-79.4028,43.7278,NULL,NULL,N,NULL,NULL,NULL
7000941921,2017,00:00.0,1345,13,YONGE ST,YORK MILLS RD,NULL,1,North York,NULL,32,Intersection,At Intersection,Traffic Signal,Clear,Daylight,Dry,Non-Fatal Injury,Angle,D32,40,St.Andrew-Windfields (40),-79.4066,43.744,NULL,NULL,N,NULL,NULL,NULL
1019180,2008,00:00.0,1245,12,O CONNOR DR,WOODBINE AVE,NULL,1,Toronto and East York,19,54,Intersection,At Intersection,Traffic Signal,Clear,Daylight,Dry,Non-Fatal Injury,Other,D54,60,Woodbine-Lumsden (60),-79.319,43.7001,NULL,NULL,N,NULL,NULL,NULL
1026352,2008,00:00.0,2250,22,KIPLING AVE,NEW TORONTO ST,NULL,1,Etobicoke York,3,22,Mid-Block,NULL,No Control,Clear,Dark,Loose Snow,Non-Fatal Injury,Angle,D22,18,New Toronto (18),-79.5194,43.6044,NULL,NULL,N,NULL,NULL,NULL
6000414700,2016,00:00.0,1835,18,STEELES AVE W,ISLINGTON AVE,NULL,1,Etobicoke York,7,31,Mid-Block,NULL,No Control,Clear,Daylight,Dry,Fatal,Rear End,D31,21,Humber Summit (21),-79.5733,43.7646,NULL,NULL,N,NULL,NULL,NULL
6000434518,2016,00:00.0,2235,22,YONGE ST,EGLINTON AVE E,NULL,1,North York,NULL,53,Intersection,At Intersection,Traffic Signal,Clear,"Dark, artificial",Dry,Non-Fatal Injury,Pedestrian Collisions,D53,104,Mount Pleasant West (104),-79.3983,43.7067,NULL,NULL,N,NULL,NULL,NULL
1055801,2008,00:00.0,1815,18,LANSDOWNE Aven,BLOOR Stre W,NULL,3,Toronto and East York,9,11,Mid-Block,NULL,No Control,Clear,Daylight,Dry,Non-Fatal Injury,Turning Movement,D11,93,Dovercourt-Wallace Emerson-Junction (93),-79.4427,43.6586,NULL,NULL,N,NULL,NULL,NULL
6001686289,2016,00:00.0,944,9,KING ST W,SIMCOE ST,NULL,1,Toronto and East York,10,52,Intersection,At Intersection,Traffic Signal,Clear,Daylight,Dry,Non-Fatal Injury,Pedestrian Collisions,D52,76,Bay Street Corridor (76),-79.386,43.6473,NULL,NULL,N,NULL,NULL,NULL
1032559,2008,00:00.0,624,6,HOPE St,DUFFERIN St,NULL,1,Toronto and East York,9,13,Intersection,At Intersection,Traffic Signal,Clear,Dark,Dry,Non-Fatal Injury,Pedestrian Collisions,D13,92,Corso Italia-Davenport (92),-79.4447,43.6823,NULL,NULL,N,NULL,NULL,NULL
6001757672,2016,00:00.0,1317,13,BATHURST ST,VAUGHAN RD,NULL,1,Toronto and East York,12,13,Intersection,At/Near Private Drive,No Control,Clear,Daylight,Dry,Non-Fatal Injury,Angle,D13,96,Casa Loma (96),-79.4176,43.6815,NULL,NULL,N,NULL,NULL,NULL
6001807391,2016,00:00.0,1152,11,8 SILVERDALE CRES,NULL,NULL,2,North York,16,33,Mid-Block,At/Near Private Drive,No Control,Clear,Daylight,Dry,Fatal,Pedestrian Collisions,D33,45,Parkwoods-Donalda (45),-79.341,43.7564,NULL,NULL,N,NULL,NULL,NULL
6001862709,2016,00:00.0,2046,20,BROCK AVE,MOUTRAY ST,NULL,2,Toronto and East York,9,11,Intersection,At Intersection,No Control,Clear,"Dark, artificial",Dry,Non-Fatal Injury,Cyclist Collisions,D11,84,Little Portugal (84),-79.436,43.651,NULL,NULL,N,NULL,NULL,NULL
6000188538,2016,00:00.0,1033,10,BIRMINGHAM ST,TWENTY FIRST ST,NULL,2,Etobicoke York,3,22,Intersection,NULL,Pedestrian Crossover,Clear,Daylight,Dry,Fatal,Sideswipe,D22,18,New Toronto (18),-79.5211,43.5999,NULL,NULL,N,NULL,NULL,NULL
6000324191,2016,00:00.0,2146,21,OSSINGTON AVE,COLLEGE ST,67 m South of,3,Toronto and East York,NULL,14,Mid-Block,Non Intersection,No Control,Clear,"Dark, artificial",Dry,Non-Fatal Injury,Pedestrian Collisions,D14,81,Trinity-Bellwoods (81),-79.4224,43.6537,NULL,NULL,N,NULL,NULL,NULL
7000637893,2017,00:00.0,1056,10,WILSON AVE,DUFFERIN ST,10 m west,1,North York,6,32,Intersection,At Intersection,Traffic Signal,Clear,Daylight,Dry,Fatal,Pedestrian Collisions,D32,33,Clanton Park (33),-79.4588,43.732,NULL,NULL,N,NULL,NULL,NULL
7000649054,2017,00:00.0,144,1,CUMMER AVE,SNOWCREST AVE,150 m East,2,North York,17,33,Mid-Block,Non Intersection,No Control,Clear,"Dark, artificial",Dry,Fatal,SMV Other,D33,49,Bayview Woods-Steeles (49),-79.3807,43.7953,NULL,NULL,N,NULL,NULL,NULL
7000665292,2017,00:00.0,2002,20,61 TOPCLIFF  AVE,NULL,47 m East of,4,Etobicoke York,7,31,Mid-Block,Non Intersection,No Control,Clear,"Dark, artificial",Dry,Non-Fatal Injury,Approaching,D31,25,Glenfield-Jane Heights (25),-79.5082,43.7564,NULL,NULL,N,NULL,NULL,NULL
7000669891,2017,00:00.0,1649,16,QUEENS QUAY W,YORK ST,47 m West of,3,Toronto and East York,10,52,Mid-Block,Non Intersection,No Control,Clear,Daylight,Dry,Non-Fatal Injury,Pedestrian Collisions,D52,77,Waterfront Communities-The Island (77),-79.3809,43.6397,NULL,NULL,N,NULL,NULL,NULL
7000675895,2017,00:00.0,1858,18,219 MARTIN GROVE RD,NULL,100 m North of DONALBERT ROAD,2,Etobicoke York,2,22,Mid-Block,Non Intersection,No Control,Clear,Daylight,Dry,Non-Fatal Injury,SMV Other,D22,14,Islington-City Centre West (14),-79.5517,43.6548,NULL,NULL,N,NULL,NULL,NULL
7000963426,2017,00:00.0,1540,15,ELLESMERE RD,CONLINS RD,NULL,3,Scarborough,25,43,Intersection,Intersection Related,Traffic Signal,Clear,Daylight,Dry,Non-Fatal Injury,Cyclist Collisions,D43,134,Highland Creek (134),-79.1832,43.7878,NULL,NULL,N,NULL,NULL,NULL
6002215528,2016,00:00.0,1704,17,QUEENS QY W,YORK ST,69 m West of,3,Toronto and East York,10,52,Mid-Block,Non Intersection,No Control,Clear,Dark,Dry,Non-Fatal Injury,Pedestrian Collisions,D52,77,Waterfront Communities-The Island (77),-79.3809,43.6397,NULL,NULL,N,NULL,NULL,NULL
7000534714,2017,00:00.0,1310,13,ELLESMERE RD,DOLLY VARDEN BLVD,NULL,1,Scarborough,24,43,Intersection,At Intersection,Traffic Signal,Clear,Daylight,Wet,Non-Fatal Injury,Turning Movement,D43,137,Woburn (137),-79.2349,43.7756,NULL,NULL,N,NULL,NULL,NULL
7000545198,2017,00:00.0,600,6,2800 WARDEN AVE,NULL,NULL,1,Scarborough,22,42,Mid-Block,Non Intersection,Pedestrian Crossover,Clear,Dark,Dry,Non-Fatal Injury,Pedestrian Collisions,D42,117,L'Amoreaux (117),-79.3149,43.7946,NULL,NULL,N,NULL,NULL,NULL
7000557720,2017,00:00.0,15,0,SCARBOROUGH GOLF CLUB RD,LAWRENCE AVE E,NULL,1,Scarborough,24,43,Intersection,At Intersection,Traffic Signal,Clear,"Dark, artificial",Dry,Non-Fatal Injury,Angle,D43,137,Woburn (137),-79.2158,43.7617,NULL,NULL,N,NULL,NULL,NULL
6002243964,2016,00:00.0,1132,11,BAYVIEW AVE,BAYVIEW MEWS LANE,NULL,1,North York,NULL,NULL,Intersection,At Intersection,Traffic Signal,Clear,Daylight,Dry,Non-Fatal Injury,Pedestrian Collisions,D33,52,Bayview Village (52),-79.3886,43.7693,NULL,NULL,N,NULL,NULL,NULL
7000792662,2017,00:00.0,1616,16,WYCHCREST AVE,SHAW ST,NULL,2,Toronto and East York,12,13,Intersection,At Intersection,Stop Sign,Rain,Daylight,Wet,Non-Fatal Injury,SMV Other,D13,94,Wychwood (94),-79.4272,43.6722,NULL,NULL,N,NULL,NULL,NULL
7000797636,2017,00:00.0,1248,12,YONGE  ST,GOULD ST,NULL,1,Toronto and East York,NULL,NULL,Intersection,At Intersection,Traffic Signal,Clear,Daylight,Dry,Non-Fatal Injury,Cyclist Collisions,D51,75,Church-Yonge Corridor (75),-79.3813,43.6573,NULL,NULL,N,NULL,NULL,NULL
7000802019,2017,00:00.0,620,6,KING ST E,QUEEN ST E,21 m East of,1,Toronto and East York,13,51,Intersection,Intersection Related,No Control,Clear,"Daylight, artificial",Dry,Non-Fatal Injury,Approaching,D51,73,Moss Park (73),-79.3549,43.6576,NULL,NULL,N,NULL,NULL,NULL
6001958569,2016,00:00.0,2201,22,401 W ALLEN YORKDALE RAMP,YORKDALE RD,20 m East of,3,North York,8,32,Intersection,Intersection Related,Traffic Signal,Clear,Dark,Dry,Non-Fatal Injury,SMV Other,D32,31,Yorkdale-Glen Park (31),-79.4494,43.7274,NULL,NULL,N,NULL,NULL,NULL
7000532785,2017,00:00.0,254,2,LAWRENCE  AVE W,WESTON RD,NULL,1,Etobicoke York,5,12,Intersection,At Intersection,Traffic Signal,Rain,"Dark, artificial",Wet,Non-Fatal Injury,Pedestrian Collisions,D12,113,Weston (113),-79.5161,43.7,NULL,NULL,N,NULL,NULL,NULL
7000970282,2017,00:00.0,1504,15,GERRARD ST E,ST MATTHEWS RD,15 m East of,3,Toronto and East York,14,55,Intersection,Non Intersection,No Control,Clear,Daylight,Dry,Non-Fatal Injury,Pedestrian Collisions,D55,70,South Riverdale (70),-79.3551,43.6647,NULL,NULL,N,NULL,NULL,NULL
7001007745,2017,00:00.0,701,7,COLLEGE ST,DUFFERIN ST,NULL,1,Toronto and East York,9,NULL,Intersection,Intersection Related,Traffic Signal,Clear,Daylight,Dry,Non-Fatal Injury,Cyclist Collisions,D14,83,Dufferin Grove (83),-79.4325,43.6525,NULL,NULL,N,NULL,NULL,NULL
7001052622,2017,00:00.0,1505,15,BURNHAMTHORPE RD,MARTIN GROVE RD,25 m West of,1,Etobicoke York,2,22,Mid-Block,Intersection Related,No Control,Clear,Daylight,Dry,Non-Fatal Injury,Rear End,D22,14,Islington-City Centre West (14),-79.5489,43.6487,NULL,NULL,N,NULL,NULL,NULL
7001414660,2017,00:00.0,1125,11,KEELE ST,ANNETTE ST,7 m South of,1,Toronto and East York,4,11,Intersection,Intersection Related,Traffic Signal,Clear,Daylight,Dry,Non-Fatal Injury,Pedestrian Collisions,D11,90,Junction Area (90),-79.4637,43.6635,NULL,NULL,N,NULL,NULL,NULL
6001599913,2016,00:00.0,610,6,VICTORIA PARK AVE,HUNTINGWOOD DR,100 m South of,1,North York,NULL,NULL,Mid-Block,Non Intersection,No Control,Clear,"Dark, artificial",Dry,Non-Fatal Injury,SMV Other,D42,117,L'Amoreaux (117),-79.3249,43.7794,NULL,NULL,N,NULL,NULL,NULL
7000891518,2017,00:00.0,1740,17,EGLINTON AVE E,DANFORTH RD,NULL,1,Scarborough,NULL,43,Mid-Block,Non Intersection,No Control,Clear,Daylight,Dry,Non-Fatal Injury,Rear End,D43,138,Eglinton East (138),-79.2451,43.7372,NULL,NULL,N,NULL,NULL,NULL
7000416403,2017,00:00.0,1538,15,BLOOR ST W,KENNEDY PARK RD,8.6 m East of,1,Toronto and East York,4,11,Intersection,Intersection Related,No Control,Clear,Daylight,Dry,Fatal,Approaching,D11,87,High Park-Swansea (87),-79.4717,43.652,NULL,NULL,N,NULL,NULL,NULL
7000432401,2017,00:00.0,204,2,SPADINA AV,COLLEGE ST,20 m North of,1,Toronto and East York,11,NULL,Mid-Block,Non Intersection,No Control,Clear,"Dark, artificial",Dry,Non-Fatal Injury,Rear End,D52,79,University (79),-79.4,43.6579,NULL,NULL,N,NULL,NULL,NULL
7000309465,2017,00:00.0,2230,22,UNIVERSITY AVE,QUEEN ST W,11 m North of,1,Toronto and East York,10,52,Intersection,At Intersection,Traffic Signal,Clear,"Dark, artificial",Dry,Non-Fatal Injury,Pedestrian Collisions,D52,76,Bay Street Corridor (76),-79.3865,43.6507,NULL,NULL,N,NULL,NULL,NULL
7000372559,2017,00:00.0,2020,20,EGLINTON AVE E,VICTORIA PARK AVE,NULL,1,Scarborough,NULL,41,Mid-Block,Non Intersection,No Control,Clear,"Dark, artificial",Dry,Non-Fatal Injury,Pedestrian Collisions,D41,120,Clairlea-Birchmount (120),-79.3014,43.7247,NULL,NULL,N,NULL,NULL,NULL
1045598,2008,00:00.0,1220,12,WESTON RD,WESTON ALBION RD RAMP RD,NULL,1,Etobicoke York,7,31,Intersection,At Intersection,No Control,Clear,Daylight,Dry,Non-Fatal Injury,Sideswipe,D31,23,Pelmo Park-Humberlea (23),-79.5377,43.718,NULL,NULL,N,NULL,NULL,NULL
7000045777,2017,00:00.0,1829,18,ELLESMERE RD,MONDEO DR,NULL,1,Scarborough,21,41,Intersection,At Intersection,Traffic Signal,Clear,"Dark, artificial",Dry,Fatal,Pedestrian Collisions,D41,126,Dorset Park (126),-79.2876,43.7641,NULL,NULL,N,NULL,NULL,NULL
7000868429,2017,00:00.0,1134,11,MARKHAM RD,EGLINTON AVE E,NULL,1,Scarborough,NULL,43,Intersection,At Intersection,Traffic Signal,Clear,Daylight,Dry,Non-Fatal Injury,Pedestrian Collisions,D43,139,Scarborough Village (139),-79.2188,43.7431,NULL,NULL,N,NULL,NULL,NULL
7000871402,2017,00:00.0,1900,19,SHEPPARD AVE E,YORKLAND RD,NULL,1,North York,17,33,Intersection,At Intersection,Traffic Signal,Clear,Dusk,Dry,Non-Fatal Injury,Pedestrian Collisions,D33,46,Pleasant View (46),-79.3377,43.7758,NULL,NULL,N,NULL,NULL,NULL
7000487878,2017,00:00.0,255,2,106 YORK MILLS RD,NULL,NULL,1,North York,15,32,Mid-Block,Non Intersection,No Control,Clear,"Dark, artificial",Wet,Fatal,SMV Other,D32,41,Bridle Path-Sunnybrook-York Mills (41),-79.3977,43.745,NULL,NULL,N,NULL,NULL,NULL
7000501226,2017,00:00.0,905,9,EGLINTON AVE E,BRIMLEY RD,NULL,1,Scarborough,NULL,NULL,Intersection,At Intersection,Traffic Signal,Clear,Daylight,Dry,Non-Fatal Injury,Pedestrian Collisions,D41,138,Eglinton East (138),-79.248,43.7366,NULL,NULL,N,NULL,NULL,NULL
7001101719,2017,00:00.0,1550,15,SIMCOE ST,QUEEN ST W,7 m North of,1,Toronto and East York,10,52,Intersection,Laneway,No Control,Clear,Daylight,Dry,Non-Fatal Injury,Pedestrian Collisions,D52,76,Bay Street Corridor (76),-79.3874,43.6505,NULL,NULL,N,NULL,NULL,NULL
7001155336,2017,00:00.0,1155,11,ST CLAIR AVE W,AVENUE RD,29 m West of,1,North York,12,53,Mid-Block,Non Intersection,No Control,Clear,Daylight,Dry,Non-Fatal Injury,Pedestrian Collisions,D53,96,Casa Loma (96),-79.4017,43.6865,NULL,NULL,N,NULL,NULL,NULL
7000917334,2017,00:00.0,1815,18,1395 LAKE SHORE BLVD W,NULL,NULL,1,Toronto and East York,4,14,Mid-Block,Non Intersection,No Control,Clear,Daylight,Dry,Fatal,Cyclist Collisions,D14,85,South Parkdale (85),-79.4413,43.6354,NULL,NULL,N,NULL,NULL,NULL
7001412145,2017,00:00.0,2245,22,YORK MILLS RD,YONGE ST,NULL,1,North York,NULL,32,Intersection,At Intersection,Traffic Signal,Clear,"Dark, artificial",Dry,Non-Fatal Injury,Pedestrian Collisions,D32,40,St.Andrew-Windfields (40),-79.4066,43.744,NULL,NULL,N,NULL,NULL,NULL
7001415080,2017,00:00.0,1255,12,DUFFERIN ST,BRANDON AVE,18 m South of BRANDON AV,1,Toronto and East York,9,13,Intersection,Intersection Related,No Control,Clear,Daylight,Dry,Non-Fatal Injury,Turning Movement,D13,93,Dovercourt-Wallace Emerson-Junction (93),-79.4398,43.6703,NULL,NULL,N,NULL,NULL,NULL
6002287717,2016,00:00.0,230,2,TAPSCOTT RD,PASSMORE AVE,5 m South of,3,Scarborough,23,42,Intersection,At Intersection,Stop Sign,Clear,"Dark, artificial",Dry,Non-Fatal Injury,SMV Other,D42,131,Rouge (131),-79.2457,43.8315,NULL,NULL,N,NULL,NULL,NULL
7000169325,2017,00:00.0,1450,14,FRONT ST W,YONGE ST,100 m West of,3,Toronto and East York,NULL,52,Mid-Block,Non Intersection,No Control,Clear,Daylight,Dry,Non-Fatal Injury,Cyclist Collisions,D52,77,Waterfront Communities-The Island (77),-79.3778,43.6462,NULL,NULL,N,NULL,NULL,NULL
6002057504,2016,00:00.0,1807,18,KENNEDY RD,MCNICOLL AVE,NULL,1,Scarborough,22,42,Intersection,At Intersection,Traffic Signal,Clear,"Dark, artificial",Dry,Non-Fatal Injury,Cyclist Collisions,D42,130,Milliken (130),-79.3019,43.812,NULL,NULL,N,NULL,NULL,NULL
7001169974,2017,00:00.0,1304,13,847 JANE ST,NULL,NULL,2,Etobicoke York,5,12,Mid-Block,Non Intersection,No Control,Clear,Daylight,Dry,Fatal,Cyclist Collisions,D12,111,Rockcliffe-Smythe (111),-79.4945,43.6761,NULL,NULL,N,NULL,NULL,NULL
7001464361,2017,00:00.0,900,9,VICTORIA PARK AVE,EDGE PARK AVE,15 m South of,1,Toronto and East York,NULL,NULL,Intersection,Intersection Related,No Control,Clear,Daylight,Dry,Non-Fatal Injury,Rear End,D41,120,Clairlea-Birchmount (120),-79.2997,43.7177,NULL,NULL,N,NULL,NULL,NULL
1053428,2008,00:00.0,1831,18,HORSHAM AVE,YONGE ST,NULL,1,North York,18,32,Intersection,NULL,No Control,Clear,Daylight,Wet,Non-Fatal Injury,Pedestrian Collisions,D32,51,Willowdale East (51),-79.4143,43.7751,NULL,NULL,N,NULL,NULL,NULL
1038453,2008,00:00.0,1616,16,BATHURST Stre,DREWRY Aven,NULL,1,North York,NULL,32,Mid-Block,NULL,No Control,Clear,Daylight,Dry,Non-Fatal Injury,Turning Movement,D32,36,Newtonbrook West (36),-79.4447,43.781,NULL,NULL,N,NULL,NULL,NULL
1028235,2008,00:00.0,1404,14,MOUNT PLEASANT RD,MOUNT PLEASANT BLOOR RAMP,NULL,1,Toronto and East York,11,53,Mid-Block,At Intersection,No Control,Clear,Daylight,Dry,Fatal,Pedestrian Collisions,D53,98,Rosedale-Moore Park (98),-79.3795,43.6723,NULL,NULL,N,NULL,NULL,NULL
1030716,2008,00:00.0,2230,22,DAVENPORT RD,SOMERSET AVE,NULL,3,Toronto and East York,9,13,Mid-Block,NULL,No Control,Clear,Dark,Dry,Non-Fatal Injury,Pedestrian Collisions,D13,94,Wychwood (94),-79.4317,43.6746,NULL,NULL,N,NULL,NULL,NULL
1058363,2008,00:00.0,1355,13,DUNDAS Stre W,WEST MALL Cres,NULL,1,Etobicoke York,NULL,22,Intersection,At Intersection,Traffic Signal,Clear,Daylight,Dry,Non-Fatal Injury,Turning Movement,D22,12,Markland Wood (12),-79.5623,43.6273,NULL,NULL,N,NULL,NULL,NULL
1058226,2008,00:00.0,1913,19,BURNHAMTHORPE Road,RENFORTH Driv,NULL,1,Etobicoke York,2,22,Intersection,At Intersection,Traffic Signal,Clear,Daylight,Dry,Non-Fatal Injury,Turning Movement,D22,13,Etobicoke West Mall (13),-79.5724,43.6433,NULL,NULL,N,NULL,NULL,NULL
1036361,2008,00:00.0,1405,14,YONGE ST,CARLTON ST,NULL,1,Toronto and East York,NULL,NULL,Intersection,At Intersection,Traffic Signal,Clear,Daylight,Dry,Non-Fatal Injury,Pedestrian Collisions,D51,75,Church-Yonge Corridor (75),-79.383,43.6613,NULL,NULL,N,NULL,NULL,NULL
1036978,2008,00:00.0,805,8,BLOOR ST W,OLD MILL TER,NULL,1,Etobicoke York,3,22,Intersection,NULL,Traffic Signal,Clear,Daylight,Dry,Non-Fatal Injury,Cyclist Collisions,D22,15,Kingsway South (15),-79.4953,43.6496,NULL,NULL,N,NULL,NULL,NULL
7000355242,2017,00:00.0,300,3,EGLINTON AVE E,BRIMLEY RD,30 m East of,1,Scarborough,NULL,NULL,Mid-Block,Intersection Related,No Control,Clear,"Dark, artificial",Dry,Non-Fatal Injury,Rear End,D41,138,Eglinton East (138),-79.248,43.7366,NULL,NULL,N,NULL,NULL,NULL
1100239,2009,00:00.0,1330,13,RONCESVALLES AVE,HIGH PARK BLVD,NULL,3,Toronto and East York,4,11,Intersection,NULL,Traffic Signal,Rain,Daylight,Wet,Fatal,Pedestrian Collisions,D11,86,Roncesvalles (86),-79.449,43.6463,NULL,NULL,N,NULL,NULL,NULL
1058134,2008,00:00.0,220,2,SHAVER Aven S,BLOOR Stre W,NULL,2,Etobicoke York,3,22,Mid-Block,NULL,No Control,Clear,Dark,Dry,Non-Fatal Injury,SMV Other,D22,14,Islington-City Centre West (14),-79.5476,43.6383,NULL,NULL,N,NULL,NULL,NULL
1054857,2008,00:00.0,2123,21,QUEEN ST E,SHERBOURNE ST,NULL,1,Toronto and East York,13,51,Intersection,At Intersection,Traffic Signal,Clear,Dark,Dry,Non-Fatal Injury,Pedestrian Collisions,D51,73,Moss Park (73),-79.3694,43.6545,NULL,NULL,N,NULL,NULL,NULL
6002114627,2016,00:00.0,2153,21,BLOOR ST E,PARLIAMENT ST,NULL,1,Toronto and East York,13,NULL,Intersection,At Intersection,Traffic Signal,Clear,Dark,Dry,Fatal,SMV Other,D51,71,Cabbagetown-South St.James Town (71),-79.3706,43.6719,NULL,NULL,N,NULL,NULL,NULL
6002121630,2016,00:00.0,2208,22,BENTWORTH AVE,DUFFERIN ST,9 m East of,1,North York,8,32,Intersection,At Intersection,Traffic Signal,Clear,"Dark, artificial",Dry,Non-Fatal Injury,Pedestrian Collisions,D32,31,Yorkdale-Glen Park (31),-79.4564,43.7217,NULL,NULL,N,NULL,NULL,NULL
1032504,2008,00:00.0,1,0,TAPSCOTT RD,FINCH AVE E,NULL,3,Scarborough,23,42,Intersection,At Intersection,Traffic Signal,Clear,Daylight,Dry,Non-Fatal Injury,Angle,D42,131,Rouge (131),-79.237,43.8142,NULL,NULL,N,NULL,NULL,NULL
1038269,2008,00:00.0,800,8,PECKHAM AVE,GREENWIN VILLAGE RD,NULL,2,North York,18,32,Intersection,NULL,Stop Sign,Clear,Daylight,Dry,Non-Fatal Injury,Pedestrian Collisions,D32,36,Newtonbrook West (36),-79.4367,43.7927,NULL,NULL,N,NULL,NULL,NULL
1094299,2009,00:00.0,914,9,GERRARD ST E,DE GRASSI ST,NULL,3,Toronto and East York,14,55,Intersection,At Intersection,Pedestrian Crossover,Other,Daylight,Other,Fatal,Pedestrian Collisions,D55,70,South Riverdale (70),-79.3484,43.6663,NULL,NULL,N,NULL,NULL,NULL