ACCNUM,YEAR,DATE,TIME,HOUR,STREET1,STREET2,OFFSET,ROAD_CLASS,DISTRICT,WARDNUM,DIVISION,LOCCOORD,ACCLOC,TRAFFCTL,VISIBILITY,LIGHT,RDSFCOND,ACCLASS,IMPACTYPE,POLICE_DIVISION,HOOD_ID,NEIGHBOURHOOD,collision_lat,collision_long,red_light_lat,red_light_long,right_light_camera,LINEAR_NAME_FULL_1,LINEAR_NAME_FULL_2,ACTIVATION_DATE
1101272,2009,00:00.0,2140,21,FINCH AVE E,SCOTTFIELD DR,NULL,1,Scarborough,23,42,Intersection,At Intersection,Traffic Signal,Freezing Rain,Dark,Ice,Non-Fatal Injury,Rear End,D42,129,Agincourt North (129),-79.2529,43.8108,NULL,NULL,N,NULL,NULL,NULL
1032843,2008,00:00.0,2210,22,3111 DANFORTH Ave,NULL,NULL,1,Scarborough,20,41,Mid-Block,NULL,No Control,Clear,Dark,Dry,Non-Fatal Injury,Pedestrian Collisions,D41,121,Oakridge (121),-79.2858,43.6917,NULL,NULL,N,NULL,NULL,NULL
1037389,2008,00:00.0,1216,12,DUFFERIN ST,ROGERS RD,NULL,1,Toronto and East York,NULL,13,Intersection,At Intersection,Traffic Signal,Clear,Daylight,Dry,Non-Fatal Injury,Pedestrian Collisions,D13,107,Oakwood Village (107),-79.446,43.6855,NULL,NULL,N,NULL,NULL,NULL
1095631,2009,00:00.0,2100,21,REXDALE BLVD,QUEENS PLATE DR,NULL,1,Etobicoke York,1,23,Mid-Block,At Intersection,No Control,Clear,Dark,Dry,Non-Fatal Injury,Pedestrian Collisions,D23,1,West Humber-Clairville (1),-79.6034,43.7191,NULL,NULL,N,NULL,NULL,NULL
1103828,2009,00:00.0,1444,14,DUNDAS ST W,SORAUREN AVE,NULL,3,Toronto and East York,4,11,Intersection,NULL,No Control,Clear,Daylight,Dry,Non-Fatal Injury,Cyclist Collisions,D11,86,Roncesvalles (86),-79.4452,43.6511,NULL,NULL,N,NULL,NULL,NULL
1028580,2008,00:00.0,1230,12,2701 LAWRENCE AVE E,NULL,NULL,1,Scarborough,21,41,Mid-Block,NULL,No Control,Clear,Daylight,Dry,Non-Fatal Injury,Pedestrian Collisions,D41,127,Bendale (127),-79.2611,43.7523,NULL,NULL,N,NULL,NULL,NULL
1081583,2009,00:00.0,1355,13,TAPSCOTT RD,FINCH AVE E,NULL,3,Scarborough,23,42,Intersection,At Intersection,Traffic Signal,Snow,Daylight,Wet,Non-Fatal Injury,Pedestrian Collisions,D42,131,Rouge (131),-79.237,43.8142,NULL,NULL,N,NULL,NULL,NULL
1100162,2009,00:00.0,215,2,ST CLAIR Aven W,HOUNSLOW HEATH Road,NULL,1,Toronto and East York,9,NULL,Intersection,At Intersection,Traffic Signal,Clear,Dark,Dry,Non-Fatal Injury,Approaching,D11,91,Weston-Pellam Park (91),-79.4599,43.6741,NULL,NULL,N,NULL,NULL,NULL
1103447,2009,00:00.0,555,5,VICTORIA PARK AVE,EGLINTON AVE E,NULL,1,North York,NULL,NULL,Intersection,NULL,Traffic Signal,Clear,Dark,Dry,Non-Fatal Injury,Angle,D41,119,Wexford/Maryvale (119),-79.3025,43.7247,NULL,NULL,N,NULL,NULL,NULL
1121596,2009,00:00.0,1653,16,QUEEN ST E,SCARBORO BEACH BLVD,NULL,3,Toronto and East York,19,55,Intersection,At Intersection,Stop Sign,Clear,Daylight,Dry,Non-Fatal Injury,Turning Movement,D55,63,The Beaches (63),-79.2934,43.6713,NULL,NULL,N,NULL,NULL,NULL
1115922,2009,00:00.0,1430,14,COLLINGSBROOK BLVD,SOLWAY CRT,NULL,2,Scarborough,22,42,Intersection,At Intersection,Stop Sign,Clear,Daylight,Dry,Non-Fatal Injury,Approaching,D42,117,L'Amoreaux (117),-79.3161,43.7908,NULL,NULL,N,NULL,NULL,NULL
1113770,2009,00:00.0,2009,20,COXWELL Ave,ROBBINS Ave,NULL,3,Toronto and East York,NULL,55,Mid-Block,NULL,No Control,Clear,Daylight,Dry,Non-Fatal Injury,Cyclist Collisions,D55,64,Woodbine Corridor (64),-79.3182,43.6706,NULL,NULL,N,NULL,NULL,NULL
1109154,2009,00:00.0,852,8,WILLIAM R ALLEN RD S,ELM RIDGE DR,NULL,NULL,North York,8,13,Mid-Block,NULL,No Control,Clear,Daylight,Dry,Non-Fatal Injury,Rear End,D13,102,Forest Hill North (102),-79.4379,43.7033,NULL,NULL,N,NULL,NULL,NULL
1042268,2008,00:00.0,1238,12,CHRISTIE ST,LAMBERTLODGE AVE,NULL,3,Toronto and East York,12,13,Intersection,At Intersection,Stop Sign,Clear,Daylight,Dry,Non-Fatal Injury,Cyclist Collisions,D13,94,Wychwood (94),-79.4223,43.6738,NULL,NULL,N,NULL,NULL,NULL
1121597,2009,00:00.0,2110,21,CHURCH ST,LOMBARD ST,NULL,3,Toronto and East York,13,51,Intersection,At Intersection,Stop Sign,Clear,Dark,Dry,Non-Fatal Injury,Pedestrian Collisions,D51,75,Church-Yonge Corridor (75),-79.3751,43.6518,NULL,NULL,N,NULL,NULL,NULL
1039417,2008,00:00.0,2020,20,ST CLAIR AVE W,SILVERTHORN AVE,NULL,1,Toronto and East York,9,NULL,Intersection,NULL,Traffic Signal,Clear,Dark,Dry,Non-Fatal Injury,Sideswipe,D11,91,Weston-Pellam Park (91),-79.4599,43.6741,NULL,NULL,N,NULL,NULL,NULL
1071735,2008,00:00.0,900,9,ELLESMERE RD,NEILSON RD,NULL,1,Scarborough,24,43,Mid-Block,NULL,No Control,Snow,Daylight,Ice,Non-Fatal Injury,Approaching,D43,135,Morningside (135),-79.2061,43.7822,NULL,NULL,N,NULL,NULL,NULL
1098793,2009,00:00.0,1429,14,JARVIS ST,WELLESLEY ST E,NULL,1,Toronto and East York,13,51,Intersection,At Intersection,Traffic Signal,Rain,Daylight,Wet,Fatal,Pedestrian Collisions,D51,71,Cabbagetown-South St.James Town (71),-79.3782,43.6662,NULL,NULL,N,NULL,NULL,NULL
1129211,2009,00:00.0,1400,14,GERRARD ST E,BERKELEY ST,NULL,3,Toronto and East York,13,51,Intersection,NULL,No Control,Clear,Daylight,Dry,Non-Fatal Injury,Turning Movement,D51,73,Moss Park (73),-79.3684,43.662,NULL,NULL,N,NULL,NULL,NULL
1124219,2009,00:00.0,1253,12,SHEPPARD Ave W,WELBECK Rd,NULL,1,North York,18,32,Mid-Block,NULL,No Control,Clear,Daylight,Dry,Non-Fatal Injury,Pedestrian Collisions,D32,38,Lansing-Westgate (38),-79.4197,43.7595,NULL,NULL,N,NULL,NULL,NULL
1076502,2008,00:00.0,946,9,MIDLAND AVE,HAVENDALE RD,NULL,1,Scarborough,NULL,42,Intersection,At Intersection,Traffic Signal,Clear,Daylight,Dry,Non-Fatal Injury,Pedestrian Collisions,D42,128,Agincourt South-Malvern West (128),-79.2818,43.7932,NULL,NULL,N,NULL,NULL,NULL
1092716,2009,00:00.0,1352,13,GERRARD St E,YONGE St,NULL,1,Toronto and East York,NULL,NULL,Intersection,NULL,No Control,Snow,Daylight,Packed Snow,Non-Fatal Injury,Rear End,D51,75,Church-Yonge Corridor (75),-79.382,43.659,NULL,NULL,N,NULL,NULL,NULL
1107544,2009,00:00.0,2013,20,QUEEN St W,UNIVERSITY Ave,NULL,1,Toronto and East York,10,52,Intersection,At Intersection,Traffic Signal,Clear,Dark,Dry,Non-Fatal Injury,Pedestrian Collisions,D52,76,Bay Street Corridor (76),-79.3865,43.6508,NULL,NULL,N,NULL,NULL,NULL
1093334,2009,00:00.0,1945,19,WESTON RD,CLOUSTON AVE,NULL,3,Etobicoke York,5,12,Intersection,NULL,Pedestrian Crossover,Clear,Dark,Dry,Non-Fatal Injury,Pedestrian Collisions,D12,113,Weston (113),-79.5063,43.6947,NULL,NULL,N,NULL,NULL,NULL
1107143,2009,00:00.0,1340,13,QUEEN ST W,BAY ST,NULL,1,Toronto and East York,NULL,52,Intersection,At Intersection,Traffic Signal,Rain,Daylight,Wet,Non-Fatal Injury,Pedestrian Collisions,D52,76,Bay Street Corridor (76),-79.3816,43.6518,NULL,NULL,N,NULL,NULL,NULL
1106184,2009,00:00.0,1915,19,ROGERS Road,SILVERTHORN Aven,NULL,3,Etobicoke York,NULL,12,Intersection,NULL,Traffic Signal,Rain,Daylight,Wet,Non-Fatal Injury,Cyclist Collisions,D12,110,Keelesdale-Eglinton West (110),-79.4632,43.6827,NULL,NULL,N,NULL,NULL,NULL
1119631,2009,00:00.0,2120,21,BAYVIEW AVE,BAYVIEW MEWS LANE,NULL,1,North York,NULL,NULL,Intersection,At Intersection,Traffic Signal,Clear,Dark,Dry,Non-Fatal Injury,Pedestrian Collisions,D32,52,Bayview Village (52),-79.3886,43.7693,NULL,NULL,N,NULL,NULL,NULL
1104513,2009,00:00.0,928,9,DAWES RD,BETH ST,NULL,3,Toronto and East York,19,54,Mid-Block,NULL,No Control,Clear,Daylight,Wet,Non-Fatal Injury,Approaching,D54,54,O'Connor-Parkview (54),-79.2958,43.7053,NULL,NULL,N,NULL,NULL,NULL
1095072,2009,00:00.0,255,2,STADACONA DR,WILSON AVE,NULL,1,North York,6,32,Intersection,NULL,Stop Sign,Clear,Dark,Wet,Non-Fatal Injury,Pedestrian Collisions,D32,33,Clanton Park (33),-79.4366,43.7368,NULL,NULL,N,NULL,NULL,NULL
1090810,2009,00:00.0,1635,16,F G GARDINER XY  E,YONGE ST,NULL,1,Toronto and East York,10,51,Mid-Block,NULL,No Control,Clear,Daylight,Dry,Non-Fatal Injury,Rear End,D51,77,Waterfront Communities-The Island (77),-79.3746,43.6446,NULL,NULL,N,NULL,NULL,NULL
1097606,2009,00:00.0,1850,18,SHEPPARD AVE E,GLEN WATFORD DR,NULL,1,Scarborough,23,42,Mid-Block,NULL,No Control,Clear,Dawn,Dry,Non-Fatal Injury,Rear End,D42,128,Agincourt South-Malvern West (128),-79.2729,43.7866,NULL,NULL,N,NULL,NULL,NULL
1073092,2008,00:00.0,1620,16,DUPONT ST,WALMER RD,NULL,1,Toronto and East York,11,14,Mid-Block,NULL,No Control,Clear,Daylight,Dry,Non-Fatal Injury,SMV Other,D14,95,Annex (95),-79.4076,43.6747,NULL,NULL,N,NULL,NULL,NULL
1073297,2008,00:00.0,1040,10,WARDEN AVE,MCNICOLL AVE,NULL,1,Scarborough,22,42,Intersection,At Intersection,Traffic Signal,Clear,Daylight,Dry,Non-Fatal Injury,Angle,D42,116,Steeles (116),-79.3209,43.8063,-79.3209,43.8063,Y,Warden Ave,McNicoll Ave,2017-03-10
1110532,2009,00:00.0,802,8,22 ELINOR AVE,NULL,NULL,4,Scarborough,21,41,Mid-Block,NULL,No Control,Clear,Daylight,Dry,Non-Fatal Injury,Rear End,D41,119,Wexford/Maryvale (119),-79.3013,43.746,NULL,NULL,N,NULL,NULL,NULL
1117245,2009,00:00.0,1806,18,GLENHURST AVE,ROSENEATH GDNS,NULL,4,Toronto and East York,9,13,Intersection,NULL,Stop Sign,Clear,Daylight,Dry,Non-Fatal Injury,Pedestrian Collisions,D13,107,Oakwood Village (107),-79.4345,43.6822,NULL,NULL,N,NULL,NULL,NULL
1120474,2009,00:00.0,1743,17,GERRARD ST E,MALVERN AVE,NULL,3,Toronto and East York,19,55,Intersection,At Intersection,Traffic Signal,Clear,Daylight,Dry,Non-Fatal Injury,Pedestrian Collisions,D55,62,East End-Danforth (62),-79.2946,43.6851,NULL,NULL,N,NULL,NULL,NULL
7001274774,2017,00:00.0,1045,10,HIGHWAY 27  N,BELFIELD RD,500 m North of,1,Etobicoke York,1,23,Mid-Block,Non Intersection,No Control,Clear,Daylight,Dry,Non-Fatal Injury,SMV Other,D23,1,West Humber-Clairville (1),-79.5885,43.7025,NULL,NULL,N,NULL,NULL,NULL
1110013,2009,00:00.0,2213,22,EGLINTON AVE W,MARTIN GROVE RD,NULL,1,Etobicoke York,NULL,NULL,Intersection,NULL,Traffic Controller,Clear,Dark,Dry,Non-Fatal Injury,Turning Movement,D22,10,Princess-Rosethorn (10),-79.5631,43.6744,-79.5631,43.6744,Y,Eglinton Ave W,Martin Grove Rd,2017-07-10
7001617319,2017,00:00.0,2217,22,JARVIS ST,DUNDAS ST E,45 m South of,1,Toronto and East York,13,51,Mid-Block,Non Intersection,No Control,Clear,"Dark, artificial",Dry,Non-Fatal Injury,Pedestrian Collisions,D51,73,Moss Park (73),-79.3743,43.6566,NULL,NULL,N,NULL,NULL,NULL
1070403,2008,00:00.0,748,7,RENFORTH Dr,BURNHAMTHORPE Rd,NULL,1,Etobicoke York,2,22,Intersection,At Intersection,Traffic Signal,Clear,Daylight,Dry,Non-Fatal Injury,Approaching,D22,13,Etobicoke West Mall (13),-79.5724,43.6433,NULL,NULL,N,NULL,NULL,NULL
1074830,2008,00:00.0,1445,14,ROGERS Road,SCOTT Road,NULL,3,Etobicoke York,5,12,Intersection,NULL,No Control,Clear,Daylight,Dry,Non-Fatal Injury,SMV Unattended Vehicle,D12,110,Keelesdale-Eglinton West (110),-79.469,43.6823,NULL,NULL,N,NULL,NULL,NULL
1097142,2009,00:00.0,2051,20,SHEPPARD Aven E,PROGRESS Aven,NULL,1,Scarborough,23,42,Intersection,At Intersection,Traffic Signal,Rain,Dark,Wet,Non-Fatal Injury,Pedestrian Collisions,D42,132,Malvern (132),-79.2348,43.7946,NULL,NULL,N,NULL,NULL,NULL
8001478093,2018,00:00.0,1420,14,EGLINTON AVE W,SCARLETT RD,NULL,1,Etobicoke York,2,NULL,Intersection,At Intersection,Traffic Signal,Clear,Daylight,Dry,Non-Fatal Injury,Pedestrian Collisions,D22,8,Humber Heights-Westmount (8),-79.5114,43.6838,NULL,NULL,N,NULL,NULL,NULL
8001004322,2018,00:00.0,1235,12,SHEPPARD AVE E,GATEFORTH DR,49 m West of,1,Scarborough,23,42,Mid-Block,Non Intersection,No Control,Clear,Daylight,Dry,Non-Fatal Injury,Rear End,D42,132,Malvern (132),-79.2311,43.7953,NULL,NULL,N,NULL,NULL,NULL
8001518550,2018,00:00.0,1410,14,QUEEN ST W,SIMCOE ST,12 m East of,1,Toronto and East York,10,52,Intersection,Intersection Related,No Control,Clear,Daylight,Wet,Non-Fatal Injury,SMV Other,D52,76,Bay Street Corridor (76),-79.3874,43.6505,NULL,NULL,N,NULL,NULL,NULL
1075972,2008,00:00.0,46,0,LAKE SHORE Blvd W,FORTIETH St,NULL,1,Etobicoke York,3,22,Intersection,NULL,No Control,Clear,Dark,Dry,Non-Fatal Injury,Turning Movement,D22,19,Long Branch (19),-79.5417,43.5925,NULL,NULL,N,NULL,NULL,NULL
7001748240,2017,00:00.0,1505,15,BURNHAMTHORPE RD,SATURN RD,NULL,1,Etobicoke York,2,22,Intersection,At Intersection,Traffic Signal,Clear,Daylight,Dry,Non-Fatal Injury,Turning Movement,D22,13,Etobicoke West Mall (13),-79.5758,43.6424,NULL,NULL,N,NULL,NULL,NULL
1073663,2008,00:00.0,1435,14,DIXON RD,SKYWAY AVE,NULL,1,Etobicoke York,1,23,Intersection,At Intersection,Traffic Signal,Clear,Daylight,Dry,Non-Fatal Injury,Pedestrian Collisions,D23,1,West Humber-Clairville (1),-79.5867,43.6879,NULL,NULL,N,NULL,NULL,NULL
8000757049,2018,00:00.0,2300,23,STEELES AVE W,ROSSDEAN DR,NULL,1,Etobicoke York,7,31,Intersection,At Intersection,Traffic Signal,Rain,"Dark, artificial",Wet,Non-Fatal Injury,Pedestrian Collisions,D31,21,Humber Summit (21),-79.5406,43.7714,NULL,NULL,N,NULL,NULL,NULL
7001286763,2017,00:00.0,737,7,YONGE ST,CAMERON AVE,40 m North of,1,North York,18,32,Mid-Block,Non Intersection,No Control,Clear,Daylight,Dry,Non-Fatal Injury,Cyclist Collisions,D32,51,Willowdale East (51),-79.4099,43.7576,NULL,NULL,N,NULL,NULL,NULL
7001319124,2017,00:00.0,2305,23,SCARBOROUGH GOLF CLUB RD,LAWRENCE AVE E,95 m South of,3,Scarborough,24,43,Mid-Block,Non Intersection,No Control,Clear,"Dark, artificial",Dry,Fatal,Pedestrian Collisions,D43,137,Woburn (137),-79.2157,43.7608,NULL,NULL,N,NULL,NULL,NULL
8001570901,2018,00:00.0,1100,11,DIXON RD,MARTIN GROVE RD,NULL,1,Etobicoke York,NULL,23,Intersection,At Intersection,Traffic Signal,Clear,Daylight,Dry,Non-Fatal Injury,Turning Movement,D23,1,West Humber-Clairville (1),-79.5707,43.6915,NULL,NULL,N,NULL,NULL,NULL
8001574808,2018,00:00.0,2300,23,CHURCH ST,CROSS ST,NULL,2,Etobicoke York,5,12,Intersection,At Intersection,No Control,Clear,"Dark, artificial",Dry,Non-Fatal Injury,Cyclist Collisions,D12,113,Weston (113),-79.5239,43.7037,NULL,NULL,N,NULL,NULL,NULL
7001207044,2017,00:00.0,835,8,DIXON  RD,SKYWAY  AVE,NULL,1,Etobicoke York,1,23,Intersection,At Intersection,Traffic Signal,Clear,Daylight,Dry,Non-Fatal Injury,Cyclist Collisions,D23,1,West Humber-Clairville (1),-79.5867,43.6878,NULL,NULL,N,NULL,NULL,NULL
1359768,2013,00:00.0,1907,19,141 BAY ST,NULL,NULL,1,Toronto and East York,10,52,Mid-Block,NULL,No Control,Clear,Dusk,Dry,Non-Fatal Injury,Rear End,D52,77,Waterfront Communities-The Island (77),-79.3788,43.6454,NULL,NULL,N,NULL,NULL,NULL
1336921,2013,00:00.0,1556,15,EGLINTON AVE E,SINNOTT RD,NULL,1,Scarborough,NULL,41,Intersection,At Intersection,Traffic Signal,Clear,Daylight,Dry,Fatal,Pedestrian Collisions,D41,120,Clairlea-Birchmount (120),-79.2806,43.7293,NULL,NULL,N,NULL,NULL,NULL
1354807,2013,00:00.0,1600,16,CRAWFORD ST,QUEEN ST W,NULL,1,Toronto and East York,10,14,Intersection,At Intersection,Stop Sign,Rain,Daylight,Wet,Non-Fatal Injury,Turning Movement,D14,82,Niagara (82),-79.415,43.6449,NULL,NULL,N,NULL,NULL,NULL
1351710,2013,00:00.0,1130,11,THE QUEENSWAY,PARK LAWN Rd,NULL,1,Etobicoke York,3,22,Intersection,At Intersection,Traffic Signal,Clear,Daylight,Dry,Non-Fatal Injury,Pedestrian Collisions,D22,16,Stonegate-Queensway (16),-79.4903,43.629,NULL,NULL,N,NULL,NULL,NULL
1358324,2013,00:00.0,1241,12,BLOOR ST W,LANSDOWNE AVE,NULL,1,Toronto and East York,9,11,Intersection,At Intersection,Traffic Signal,Clear,Daylight,Dry,Non-Fatal Injury,Turning Movement,D11,93,Dovercourt-Wallace Emerson-Junction (93),-79.4426,43.6583,NULL,NULL,N,NULL,NULL,NULL
1361387,2013,00:00.0,1425,14,8 GARDEN PARK AVE,NULL,NULL,4,Scarborough,23,42,Mid-Block,NULL,No Control,Clear,Daylight,Dry,Non-Fatal Injury,Cyclist Collisions,D42,128,Agincourt South-Malvern West (128),-79.2716,43.7852,NULL,NULL,N,NULL,NULL,NULL
1372876,2013,00:00.0,1535,15,PINEWAY BLVD,BERNICK RD,NULL,4,North York,17,33,Intersection,At Intersection,Stop Sign,Clear,Daylight,Dry,Non-Fatal Injury,Pedestrian Collisions,D33,49,Bayview Woods-Steeles (49),-79.3751,43.7983,NULL,NULL,N,NULL,NULL,NULL
1386246,2013,00:00.0,1015,10,1491 LAKE SHORE BLVD W,NULL,NULL,1,Toronto and East York,4,14,Mid-Block,Non Intersection,Stop Sign,Clear,Daylight,Dry,Non-Fatal Injury,Cyclist Collisions,D14,85,South Parkdale (85),-79.4429,43.6359,NULL,NULL,N,NULL,NULL,NULL
1338700,2013,00:00.0,1041,10,550 BIRCHMOUNT RD,NULL,NULL,3,Scarborough,20,41,Mid-Block,NULL,No Control,Snow,Daylight,Wet,Fatal,Pedestrian Collisions,D41,120,Clairlea-Birchmount (120),-79.2701,43.7119,NULL,NULL,N,NULL,NULL,NULL
3001005166,2013,00:00.0,937,9,SHEPPARD AVE W,KODIAK CRES,NULL,1,North York,6,32,Intersection,NULL,Traffic Signal,Clear,Daylight,Dry,Fatal,Cyclist Collisions,D32,27,York University Heights (27),-79.4672,43.7518,NULL,NULL,N,NULL,NULL,NULL
1379915,2013,00:00.0,1831,18,PARLIAMENT ST,COLE  ST,NULL,3,Toronto and East York,13,51,Intersection,NULL,No Control,Rain,Daylight,Wet,Non-Fatal Injury,SMV Other,D51,72,Regent Park (72),-79.3662,43.6601,NULL,NULL,N,NULL,NULL,NULL
1386051,2013,00:00.0,811,8,BATHURST ST,COLLEGE ST,NULL,1,Toronto and East York,11,14,Intersection,At Intersection,Traffic Signal,Clear,Daylight,Dry,Non-Fatal Injury,Cyclist Collisions,D14,78,Kensington-Chinatown (78),-79.4076,43.6564,NULL,NULL,N,NULL,NULL,NULL
4002664969,2014,00:00.0,214,2,LAWRENCE AVE E,GREENBRAE CRCT,NULL,1,Scarborough,24,43,Intersection,Non Intersection,No Control,Clear,"Dark, artificial",Dry,Non-Fatal Injury,Pedestrian Collisions,D43,137,Woburn (137),-79.233,43.7581,-79.233,43.7581,Y,Lawrence Ave E,Greencedar Crct,2017-03-10
4001876057,2014,00:00.0,1030,10,WESTON RD,EGLINTON AVE W,NULL,1,Etobicoke York,5,12,Intersection,Intersection Related,Traffic Signal,Clear,Daylight,Dry,Non-Fatal Injury,Turning Movement,D12,115,Mount Dennis (115),-79.4895,43.6869,NULL,NULL,N,NULL,NULL,NULL
3002013081,2013,00:00.0,1704,17,COLLEGE ST,EUCLID AV,NULL,1,Toronto and East York,11,14,Intersection,Intersection Related,No Control,Clear,Daylight,Dry,Non-Fatal Injury,Turning Movement,D14,80,Palmerston-Little Italy (80),-79.4113,43.6557,NULL,NULL,N,NULL,NULL,NULL
4002013081,2013,00:00.0,1704,17,COLLEGE ST,EUCLID AV,NULL,1,Toronto and East York,11,14,Intersection,Intersection Related,No Control,Clear,Daylight,Dry,Non-Fatal Injury,Turning Movement,D14,80,Palmerston-Little Italy (80),-79.4113,43.6557,NULL,NULL,N,NULL,NULL,NULL
1355579,2013,00:00.0,1630,16,LAWRENCE Ave W,BROOKHAVEN Dr,NULL,1,Etobicoke York,5,12,Intersection,At Intersection,Traffic Signal,Clear,Daylight,Dry,Non-Fatal Injury,Pedestrian Collisions,D12,30,Brookhaven-Amesbury (30),-79.4966,43.7043,NULL,NULL,N,NULL,NULL,NULL
1339683,2012,00:00.0,1204,12,BAY ST,HAYTER ST,NULL,1,Toronto and East York,11,52,Mid-Block,NULL,No Control,Clear,Daylight,Dry,Non-Fatal Injury,Pedestrian Collisions,D52,76,Bay Street Corridor (76),-79.3853,43.6597,NULL,NULL,N,NULL,NULL,NULL
1345231,2013,00:00.0,920,9,ALBION RD,HIGHWAY 27  S,NULL,1,Etobicoke York,1,23,Mid-Block,NULL,No Control,Clear,Daylight,Dry,Non-Fatal Injury,Rear End,D23,1,West Humber-Clairville (1),-79.6099,43.7446,NULL,NULL,N,NULL,NULL,NULL
4001503315,2014,00:00.0,1142,11,KIPLING AVE,ALBION RD,NULL,1,Etobicoke York,1,23,Mid-Block,At/Near Private Drive,No Control,Clear,Daylight,Wet,Non-Fatal Injury,Pedestrian Collisions,D23,3,Thistletown-Beaumond Heights (3),-79.5799,43.7389,NULL,NULL,N,NULL,NULL,NULL
3013962476,2013,00:00.0,750,7,WILSON AVE,INGLESIDE DR,1 m West of,1,North York,6,31,Intersection,Non Intersection,No Control,Clear,Daylight,Dry,Non-Fatal Injury,SMV Other,D31,26,Downsview-Roding-CFB (26),-79.4784,43.7279,NULL,NULL,N,NULL,NULL,NULL
3000986891,2013,00:00.0,412,4,LANSDOWNE AVE,BRANDON AVE,NULL,3,Toronto and East York,9,13,Mid-Block,Non Intersection,No Control,Rain,"Dark, artificial",Wet,Non-Fatal Injury,Pedestrian Collisions,D13,93,Dovercourt-Wallace Emerson-Junction (93),-79.447,43.6682,NULL,NULL,N,NULL,NULL,NULL
1328705,2012,00:00.0,237,2,THE QUEENSWAY,PARK LAWN RD,NULL,1,Etobicoke York,3,22,Mid-Block,NULL,No Control,Clear,"Dark, artificial",Wet,Non-Fatal Injury,Pedestrian Collisions,D22,16,Stonegate-Queensway (16),-79.4916,43.6287,NULL,NULL,N,NULL,NULL,NULL
4001879766,2014,00:00.0,2030,20,GREENWOOD AVE,OAKVALE AVE,NULL,3,Toronto and East York,14,55,Intersection,Intersection Related,Stop Sign,Clear,"Dark, artificial",Dry,Non-Fatal Injury,Turning Movement,D55,65,Greenwood-Coxwell (65),-79.3316,43.6796,NULL,NULL,N,NULL,NULL,NULL
1339720,2012,00:00.0,1407,14,KINGSTON RD,WAVERLEY RD,NULL,1,Toronto and East York,19,55,Mid-Block,NULL,No Control,Clear,Daylight,Dry,Non-Fatal Injury,Pedestrian Collisions,D55,63,The Beaches (63),-79.3025,43.6775,NULL,NULL,N,NULL,NULL,NULL
1382346,2013,00:00.0,702,7,RUSHLEY DR,LAWRENCE AVE E,NULL,1,Scarborough,21,41,Intersection,NULL,No Control,Rain,"Dawn, artificial",Wet,Non-Fatal Injury,Cyclist Collisions,D41,127,Bendale (127),-79.258,43.7529,NULL,NULL,N,NULL,NULL,NULL
1371397,2013,00:00.0,1230,12,BURROWS HALL BLVD,GOSKIN CRT,NULL,2,Scarborough,23,42,Intersection,NULL,No Control,Clear,Daylight,Dry,Non-Fatal Injury,Other,D42,132,Malvern (132),-79.2236,43.7957,NULL,NULL,N,NULL,NULL,NULL
4001313188,2014,00:00.0,2025,20,ISLINGTON AVE,BRIMINGHAM ST,NULL,1,Etobicoke York,3,22,Intersection,Intersection Related,Traffic Signal,Clear,"Dark, artificial",Wet,Non-Fatal Injury,Pedestrian Collisions,D22,18,New Toronto (18),-79.5062,43.6032,NULL,NULL,N,NULL,NULL,NULL
131058335,2013,00:00.0,558,5,1491 LAKE SHORE BLVD W,NULL,NULL,1,Toronto and East York,4,11,Mid-Block,NULL,No Control,Clear,"Dawn, artificial",Dry,Fatal,SMV Other,D11,85,South Parkdale (85),-79.4477,43.6376,NULL,NULL,N,NULL,NULL,NULL
13999959,2013,00:00.0,1556,15,BLOOR ST W,NEILSON DR,NULL,1,Etobicoke York,2,22,Intersection,NULL,Traffic Signal,Other,Daylight,Other,Fatal,Turning Movement,D22,12,Markland Wood (12),-79.5672,43.6344,NULL,NULL,N,NULL,NULL,NULL
3001133431,2013,00:00.0,1605,16,SHEPPARD AVE W,DON RIVER BLVD,7 m West of,1,North York,6,32,Intersection,At Intersection,No Control,Clear,Dusk,Dry,Non-Fatal Injury,Pedestrian Collisions,D32,38,Lansing-Westgate (38),-79.4308,43.7569,NULL,NULL,N,NULL,NULL,NULL
3001139681,2013,00:00.0,1705,17,200 GATEWAY BLVD,NULL,NULL,2,North York,16,54,Mid-Block,At/Near Private Drive,No Control,Clear,"Dark, artificial",Dry,Non-Fatal Injury,Pedestrian Collisions,D54,44,Flemingdon Park (44),-79.3351,43.7145,NULL,NULL,N,NULL,NULL,NULL
1375340,2013,00:00.0,1400,14,DON MILLS RD,ST DENNIS DR,NULL,1,North York,16,54,Intersection,NULL,Traffic Signal,Clear,Daylight,Dry,Non-Fatal Injury,Turning Movement,D54,44,Flemingdon Park (44),-79.3373,43.7165,NULL,NULL,N,NULL,NULL,NULL
1386873,2013,00:00.0,927,9,DANFORTH Ave,WOODINGTON Ave,NULL,1,Toronto and East York,19,NULL,Intersection,NULL,Traffic Signal,Clear,Daylight,Dry,Non-Fatal Injury,Pedestrian Collisions,D55,66,Danforth (66),-79.3208,43.6839,NULL,NULL,N,NULL,NULL,NULL
3001013927,2013,00:00.0,1650,16,YONGE ST,FRONT ST,NULL,1,Toronto and East York,NULL,NULL,Mid-Block,Non Intersection,No Control,Clear,"Dusk, artificial",Dry,Non-Fatal Injury,Pedestrian Collisions,D51,77,Waterfront Communities-The Island (77),-79.3767,43.6464,NULL,NULL,N,NULL,NULL,NULL