ACCNUM,YEAR,DATE,TIME,HOUR,STREET1,STREET2,OFFSET,ROAD_CLASS,DISTRICT,WARDNUM,DIVISION,LOCCOORD,ACCLOC,TRAFFCTL,VISIBILITY,LIGHT,RDSFCOND,ACCLASS,IMPACTYPE,POLICE_DIVISION,HOOD_ID,NEIGHBOURHOOD,collision_lat,collision_long,red_light_lat,red_light_long,right_light_camera,LINEAR_NAME_FULL_1,LINEAR_NAME_FULL_2,ACTIVATION_DATE
4002144979,2014,00:00.0,1954,19,1484 DANFORTH RD,NULL,30 m South of,1,Scarborough,21,43,Intersection,Non Intersection,No Control,Clear,Daylight,Dry,Non-Fatal Injury,Angle,D43,127,Bendale (127),-79.2444,43.7492,NULL,NULL,N,NULL,NULL,NULL
4001533324,2014,00:00.0,643,6,VICTORIA PARK AVE,PARMA CRT,8 m North of,1,Toronto and East York,NULL,NULL,Intersection,Non Intersection,Traffic Signal,Clear,Dawn,Dry,Non-Fatal Injury,Approaching,D41,120,Clairlea-Birchmount (120),-79.2992,43.7166,NULL,NULL,N,NULL,NULL,NULL
142723818,2014,00:00.0,125,1,QUEEN ST E,TRACY ST,NULL,1,Toronto and East York,13,51,Intersection,NULL,No Control,Clear,"Dark, artificial",Dry,Fatal,Pedestrian Collisions,D51,73,Moss Park (73),-79.3622,43.656,NULL,NULL,N,NULL,NULL,NULL
1378110,2013,00:00.0,730,7,DIXON Rd,CARLINGVIEW Dr,NULL,1,Etobicoke York,1,23,Intersection,NULL,Traffic Signal,Clear,Daylight,Wet,Non-Fatal Injury,Pedestrian Collisions,D23,1,West Humber-Clairville (1),-79.5955,43.6867,-79.5955,43.6867,Y,Dixon Rd,Carlingview Dr,2009-03-19
1378332,2013,00:00.0,1006,10,GERRARD ST E,CARLAW AVE,NULL,3,Toronto and East York,14,55,Intersection,At Intersection,Traffic Signal,Clear,Daylight,Dry,Fatal,Pedestrian Collisions,D55,68,North Riverdale (68),-79.3427,43.6676,NULL,NULL,N,NULL,NULL,NULL
3001182127,2013,00:00.0,1728,17,JUTLAND RD,KIPLING AVE,NULL,2,Etobicoke York,3,22,Mid-Block,Non Intersection,No Control,Clear,"Dark, artificial",Loose Sand or Gravel,Non-Fatal Injury,Pedestrian Collisions,D22,14,Islington-City Centre West (14),-79.5266,43.6266,NULL,NULL,N,NULL,NULL,NULL
3001256436,2013,00:00.0,1303,13,JANE ST,ARDAGH ST,NULL,1,Toronto and East York,4,11,Intersection,At Intersection,Traffic Signal,Clear,Daylight,Dry,Non-Fatal Injury,Pedestrian Collisions,D11,89,Runnymede-Bloor West Village (89),-79.487,43.6556,NULL,NULL,N,NULL,NULL,NULL
1377012,2013,00:00.0,1742,17,BARRINGTON AVE,SECORD AVE,NULL,2,Toronto and East York,19,54,Intersection,NULL,Stop Sign,Clear,Daylight,Dry,Non-Fatal Injury,Pedestrian Collisions,D54,61,Taylor-Massey (61),-79.3023,43.6926,NULL,NULL,N,NULL,NULL,NULL
4002799906,2014,00:00.0,1322,13,BAYVIEW AVE,CUMMER AVE,NULL,1,North York,NULL,NULL,Intersection,At Intersection,Traffic Signal,Clear,Daylight,Dry,Non-Fatal Injury,Turning Movement,D33,49,Bayview Woods-Steeles (49),-79.3935,43.7922,-79.3935,43.7922,Y,Bayview Ave,Cummer Ave,2009-03-17
3001090818,2013,00:00.0,1435,14,DENTON AVE,ROBINSON AVE,NULL,2,Scarborough,20,41,Intersection,At Intersection,Stop Sign,Clear,Daylight,Dry,Non-Fatal Injury,Cyclist Collisions,D41,121,Oakridge (121),-79.2796,43.6949,NULL,NULL,N,NULL,NULL,NULL
903786,2006,00:00.0,2047,20,ELM ST,MURRAY ST,NULL,2,Toronto and East York,11,52,Intersection,At Intersection,Stop Sign,Clear,Dark,Dry,Non-Fatal Injury,Pedestrian Collisions,D52,78,Kensington-Chinatown (78),-79.3904,43.6561,NULL,NULL,N,NULL,NULL,NULL
4002803863,2014,00:00.0,115,1,QUEEN ST W,DUFFERIN ST,50 m East of,1,Toronto and East York,NULL,14,Mid-Block,Non Intersection,No Control,Clear,"Dark, artificial",Dry,Non-Fatal Injury,Cyclist Collisions,D14,84,Little Portugal (84),-79.4278,43.6422,NULL,NULL,N,NULL,NULL,NULL
4002809837,2014,00:00.0,2240,22,741 RUNNYMEDE RD,NULL,10 m South of,3,Etobicoke York,5,11,Mid-Block,Non Intersection,No Control,Clear,"Dark, artificial",Dry,Non-Fatal Injury,Pedestrian Collisions,D11,90,Junction Area (90),-79.4833,43.6685,NULL,NULL,N,NULL,NULL,NULL
4002443760,2014,00:00.0,1819,18,DON VALLEY PARKWAY  S,BAYVIEW BLOOR DVP S RAMP,100 m South of,NULL,Toronto and East York,14,54,Mid-Block,Non Intersection,No Control,Clear,Daylight,Dry,Non-Fatal Injury,SMV Other,D54,57,Broadview North (57),-79.3625,43.681,NULL,NULL,N,NULL,NULL,NULL
4001900462,2014,00:00.0,718,7,TORRESDALE AVE,STEELES AVE W,NULL,1,North York,6,32,Intersection,At Intersection,Traffic Signal,Clear,Daylight,Dry,Non-Fatal Injury,Turning Movement,D32,35,Westminster-Branson (35),-79.453,43.7908,NULL,NULL,N,NULL,NULL,NULL
1385686,2013,00:00.0,926,9,STEELES AVE E,STRAWBERRY HILLS DR,NULL,1,Scarborough,23,42,Intersection,NULL,NULL,Other,Daylight,Other,Non-Fatal Injury,Other,D42,130,Milliken (130),-79.2803,43.8298,NULL,NULL,N,NULL,NULL,NULL
1386590,2013,00:00.0,1658,16,SECORD AVE,BARRINGTON AVE,NULL,2,Toronto and East York,19,54,Intersection,NULL,Stop Sign,Clear,Daylight,Dry,Non-Fatal Injury,Pedestrian Collisions,D54,61,Taylor-Massey (61),-79.3023,43.6926,NULL,NULL,N,NULL,NULL,NULL
900307,2006,00:00.0,1853,18,RICHMOND ST E,ONTARIO ST,NULL,1,Toronto and East York,13,51,Intersection,At Intersection,Stop Sign,Clear,Daylight,Dry,Non-Fatal Injury,Angle,D51,73,Moss Park (73),-79.3666,43.6539,NULL,NULL,N,NULL,NULL,NULL
904441,2006,00:00.0,1452,14,EDENBRIDGE DR,THE KINGSWAY,NULL,4,Etobicoke York,2,22,Mid-Block,NULL,No Control,Clear,Daylight,Dry,Non-Fatal Injury,SMV Other,D22,9,Edenbridge-Humber Valley (9),-79.5275,43.6675,NULL,NULL,N,NULL,NULL,NULL
906225,2006,00:00.0,1137,11,FINCH AVE W,VIRGILWOOD DR,NULL,1,North York,6,32,Intersection,At Intersection,Traffic Signal,Clear,Daylight,Dry,Non-Fatal Injury,Pedestrian Collisions,D32,35,Westminster-Branson (35),-79.4481,43.7728,NULL,NULL,N,NULL,NULL,NULL
903449,2006,00:00.0,1810,18,STILECROFT DR,SENTINEL RD,NULL,4,North York,6,31,Mid-Block,NULL,No Control,Rain,Daylight,Wet,Fatal,Pedestrian Collisions,D31,27,York University Heights (27),-79.4925,43.7507,NULL,NULL,N,NULL,NULL,NULL
906410,2006,00:00.0,1815,18,ST CLAIR AVE W,WINONA DR,NULL,1,Toronto and East York,NULL,13,Intersection,At Intersection,Traffic Signal,Rain,Daylight,Wet,Non-Fatal Injury,Pedestrian Collisions,D13,94,Wychwood (94),-79.4324,43.6802,NULL,NULL,N,NULL,NULL,NULL
906553,2006,00:00.0,110,1,WILLIAM R ALLEN RD N,RIDELLE AVE,NULL,NULL,North York,8,13,Mid-Block,NULL,No Control,Clear,Dark,Dry,Non-Fatal Injury,SMV Other,D13,102,Forest Hill North (102),-79.4383,43.7055,NULL,NULL,N,NULL,NULL,NULL
5001757251,2015,00:00.0,2340,23,LAWRENCE AVE E,ORTON PARK RD,NULL,1,Scarborough,24,43,Intersection,At Intersection,Traffic Signal,Clear,Dark,Dry,Non-Fatal Injury,Turning Movement,D43,137,Woburn (137),-79.2055,43.7639,NULL,NULL,N,NULL,NULL,NULL
887637,2006,00:00.0,1500,15,CARLINGVIEW DR,DIXON RD,NULL,1,Etobicoke York,1,23,Intersection,NULL,Traffic Signal,Clear,Daylight,Dry,Non-Fatal Injury,Pedestrian Collisions,D23,1,West Humber-Clairville (1),-79.5955,43.6867,-79.5955,43.6867,Y,Dixon Rd,Carlingview Dr,2009-03-19
904456,2006,00:00.0,1840,18,BATHURST ST,GLENCAIRN AVE,NULL,1,North York,8,NULL,Intersection,At Intersection,Traffic Signal,Clear,Daylight,Dry,Fatal,Pedestrian Collisions,D53,39,Bedford Park-Nortown (39),-79.428,43.7123,NULL,NULL,N,NULL,NULL,NULL
907900,2006,00:00.0,622,6,RENFORTH DR,CONVAIR DR,NULL,1,Etobicoke York,1,23,Intersection,At Intersection,Traffic Signal,Clear,Daylight,Dry,Non-Fatal Injury,Turning Movement,D23,1,West Humber-Clairville (1),-79.5932,43.6721,NULL,NULL,N,NULL,NULL,NULL
4002194232,2014,00:00.0,2217,22,F G GARDINER XY  W,SPADINA AVE,NULL,1,Toronto and East York,10,52,Mid-Block,Non Intersection,No Control,Clear,"Dark, artificial",Dry,Non-Fatal Injury,Sideswipe,D52,77,Waterfront Communities-The Island (77),-79.3909,43.6388,NULL,NULL,N,NULL,NULL,NULL
918102,2006,00:00.0,920,9,DUFFERIN ST,DUNDAS ST W,NULL,3,Toronto and East York,9,NULL,Intersection,At Intersection,Traffic Signal,Clear,Daylight,Dry,Non-Fatal Injury,Cyclist Collisions,D14,84,Little Portugal (84),-79.4313,43.6496,NULL,NULL,N,NULL,NULL,NULL
4002204042,2014,00:00.0,1204,12,QUEEN ST E,JONES AVE,NULL,3,Toronto and East York,14,55,Intersection,At Intersection,Traffic Signal,Clear,Daylight,Dry,Non-Fatal Injury,Pedestrian Collisions,D55,70,South Riverdale (70),-79.3328,43.6626,NULL,NULL,N,NULL,NULL,NULL
917569,2006,00:00.0,1310,13,2609 LAKE SHORE BLVD W,NULL,NULL,1,Etobicoke York,3,22,Mid-Block,NULL,No Control,Rain,Daylight,Wet,Non-Fatal Injury,Sideswipe,D22,17,Mimico (17),-79.491,43.6054,NULL,NULL,N,NULL,NULL,NULL
920502,2006,00:00.0,2330,23,LESLIE ST,COLDWATER RD,NULL,1,North York,NULL,33,Mid-Block,NULL,No Control,Rain,Dark,Wet,Fatal,Turning Movement,D33,40,St.Andrew-Windfields (40),-79.3604,43.7552,NULL,NULL,N,NULL,NULL,NULL
890040,2006,00:00.0,837,8,EGLINTON AVE W,RENFORTH DR,NULL,1,Etobicoke York,2,NULL,Intersection,At Intersection,Traffic Signal,Clear,Daylight,Dry,Non-Fatal Injury,Pedestrian Collisions,D22,11,Eringate-Centennial-West Deane (11),-79.5876,43.666,NULL,NULL,N,NULL,NULL,NULL
915300,2006,00:00.0,1730,17,EGLINTON AVE W,GLENHAVEN ST,NULL,1,Etobicoke York,5,12,Intersection,At Intersection,Stop Sign,Rain,Daylight,Wet,Non-Fatal Injury,Angle,D12,110,Keelesdale-Eglinton West (110),-79.4696,43.6913,NULL,NULL,N,NULL,NULL,NULL
913288,2006,00:00.0,1226,12,PAPE AVE,WESTWOOD AVE,NULL,1,Toronto and East York,14,54,Intersection,At Intersection,No Control,Clear,Daylight,Dry,Non-Fatal Injury,Cyclist Collisions,D54,59,Danforth East York (59),-79.3477,43.6866,NULL,NULL,N,NULL,NULL,NULL
901382,2006,00:00.0,1950,19,EGLINTON AVE E,FORMAN AVE,NULL,1,North York,15,53,Intersection,NULL,Traffic Signal,Clear,Dark,Dry,Non-Fatal Injury,Rear End,D53,99,Mount Pleasant East (99),-79.3861,43.7091,NULL,NULL,N,NULL,NULL,NULL
911791,2006,00:00.0,1530,15,YONGE ST,DAVENPORT RD,NULL,1,Toronto and East York,11,53,Mid-Block,At Intersection,No Control,Clear,Daylight,Dry,Non-Fatal Injury,Cyclist Collisions,D53,98,Rosedale-Moore Park (98),-79.388,43.6733,NULL,NULL,N,NULL,NULL,NULL
914314,2006,00:00.0,2230,22,BLOOR ST W,LANSDOWNE AVE,NULL,1,Toronto and East York,9,11,Intersection,At Intersection,Traffic Signal,Clear,Dark,Dry,Fatal,Pedestrian Collisions,D11,93,Dovercourt-Wallace Emerson-Junction (93),-79.4426,43.6583,NULL,NULL,N,NULL,NULL,NULL
909646,2006,00:00.0,315,3,DANFORTH AVE,WEST LYNN AVE,NULL,1,Toronto and East York,19,NULL,Intersection,Intersection Related,No Control,Snow,"Dark, artificial",Slush,Non-Fatal Injury,SMV Other,D55,64,Woodbine Corridor (64),-79.3161,43.6848,NULL,NULL,N,NULL,NULL,NULL
890013,2006,00:00.0,957,9,ELLESMERE RD,BIRCHMOUNT RD,NULL,1,Scarborough,21,41,Intersection,At Intersection,Traffic Signal,Rain,Daylight,Wet,Non-Fatal Injury,Pedestrian Collisions,D41,126,Dorset Park (126),-79.2913,43.7634,NULL,NULL,N,NULL,NULL,NULL
882174,2006,00:00.0,1435,14,KENNEDY RD,GLAMORGAN AVE,NULL,1,Scarborough,21,41,Intersection,At Intersection,Traffic Signal,Clear,Daylight,Dry,Fatal,Pedestrian Collisions,D41,126,Dorset Park (126),-79.2822,43.7694,NULL,NULL,N,NULL,NULL,NULL
923341,2006,00:00.0,850,8,BIRCHMOUNT RD,GLENDOWER CRCT,NULL,1,Scarborough,22,42,Intersection,NULL,Traffic Signal,Clear,Daylight,Dry,Non-Fatal Injury,Pedestrian Collisions,D42,117,L'Amoreaux (117),-79.3051,43.7971,NULL,NULL,N,NULL,NULL,NULL
887568,2006,00:00.0,1507,15,PARLIAMENT ST,FRONT ST E,NULL,3,Toronto and East York,13,51,Intersection,At Intersection,Traffic Signal,Clear,Daylight,Dry,Non-Fatal Injury,Angle,D51,77,Waterfront Communities-The Island (77),-79.3626,43.6514,NULL,NULL,N,NULL,NULL,NULL
918634,2006,00:00.0,1519,15,MCCOWAN RD,SANDHURST CRCL,NULL,1,Scarborough,23,42,Intersection,At Intersection,Traffic Signal,Clear,Daylight,Dry,Non-Fatal Injury,Turning Movement,D42,129,Agincourt North (129),-79.2691,43.8116,NULL,NULL,N,NULL,NULL,NULL
919332,2006,00:00.0,1639,16,SCARBOROUGH GOLF CLUB RD,BRIMORTON DR,NULL,3,Scarborough,24,43,Intersection,NULL,Traffic Signal,Clear,Daylight,Dry,Fatal,Approaching,D43,135,Morningside (135),-79.2186,43.7698,NULL,NULL,N,NULL,NULL,NULL
910277,2006,00:00.0,1704,17,CREEKWOOD DR,SILVERSAND PL,NULL,4,Scarborough,24,43,Mid-Block,NULL,No Control,Clear,Dark,Dry,Non-Fatal Injury,Pedestrian Collisions,D43,135,Morningside (135),-79.2199,43.7865,NULL,NULL,N,NULL,NULL,NULL
907646,2006,00:00.0,934,9,MIDLAND AVE,ROMULUS DR,NULL,1,Scarborough,21,41,Mid-Block,NULL,No Control,Clear,Daylight,Dry,Fatal,SMV Other,D41,127,Bendale (127),-79.2633,43.747,NULL,NULL,N,NULL,NULL,NULL
1380288,2013,00:00.0,1807,18,EGLINTON AVE W,WESTON RD,NULL,1,Etobicoke York,5,12,Intersection,NULL,Traffic Signal,Clear,Daylight,Dry,Non-Fatal Injury,Pedestrian Collisions,D12,115,Mount Dennis (115),-79.4895,43.6869,NULL,NULL,N,NULL,NULL,NULL
897664,2006,00:00.0,2000,20,YONGE ST,BREADALBANE ST,NULL,1,Toronto and East York,13,NULL,Intersection,NULL,No Control,Clear,Dark,Dry,Fatal,Pedestrian Collisions,D51,75,Church-Yonge Corridor (75),-79.384,43.6637,NULL,NULL,N,NULL,NULL,NULL
932337,2006,00:00.0,1300,13,DON MILLS RD,GREEN BELT DR,NULL,1,North York,16,33,Intersection,NULL,Traffic Signal,Clear,Daylight,Dry,Non-Fatal Injury,Turning Movement,D33,42,Banbury-Don Mills (42),-79.3408,43.7276,NULL,NULL,N,NULL,NULL,NULL
933152,2006,00:00.0,2030,20,EGLINTON AVE E,BRENTCLIFFE RD,NULL,1,North York,15,53,Mid-Block,NULL,No Control,Rain,Dark,Wet,Non-Fatal Injury,Pedestrian Collisions,D53,55,Thorncliffe Park (55),-79.3588,43.7147,NULL,NULL,N,NULL,NULL,NULL
890767,2006,00:00.0,1754,17,RENFORTH DR,EGLINTON AVE W,NULL,1,Etobicoke York,2,NULL,Mid-Block,NULL,No Control,Clear,Dark,Dry,Non-Fatal Injury,SMV Other,D22,11,Eringate-Centennial-West Deane (11),-79.5873,43.6666,NULL,NULL,N,NULL,NULL,NULL
925640,2006,00:00.0,1700,17,2111 LAKE SHORE BLVD W,NULL,NULL,1,Etobicoke York,3,22,Mid-Block,Non Intersection,No Control,Clear,Daylight,Wet,Non-Fatal Injury,Rear End,D22,17,Mimico (17),-79.4785,43.6285,NULL,NULL,N,NULL,NULL,NULL
886552,2006,00:00.0,1812,18,3367 DUNDAS ST W,NULL,NULL,1,Toronto and East York,4,11,Mid-Block,NULL,No Control,Clear,Dark,Dry,Non-Fatal Injury,Pedestrian Collisions,D11,89,Runnymede-Bloor West Village (89),-79.4828,43.6655,NULL,NULL,N,NULL,NULL,NULL
939781,2006,00:00.0,2349,23,BLOOR ST W,DUFFERIN ST,NULL,1,Toronto and East York,9,14,Mid-Block,NULL,No Control,Clear,Dark,Dry,Non-Fatal Injury,Cyclist Collisions,D14,83,Dufferin Grove (83),-79.4349,43.6599,NULL,NULL,N,NULL,NULL,NULL
936669,2006,00:00.0,2241,22,FINCH AVE W,WESTMORE DR,NULL,1,Etobicoke York,1,23,Intersection,At Intersection,Traffic Signal,Rain,Dark,Wet,Non-Fatal Injury,Pedestrian Collisions,D23,1,West Humber-Clairville (1),-79.6009,43.7346,NULL,NULL,N,NULL,NULL,NULL
933963,2006,00:00.0,1320,13,SHEPPARD AVE E,KENNEDY RD,NULL,1,Scarborough,22,42,Intersection,At Intersection,Traffic Signal,Clear,Daylight,Dry,Non-Fatal Injury,Pedestrian Collisions,D42,128,Agincourt South-Malvern West (128),-79.2882,43.7832,-79.2882,43.7832,Y,Kennedy Rd,Sheppard Ave E,2020-05-27
922913,2006,00:00.0,1025,10,NEILSON RD,ELLESMERE RD,NULL,1,Scarborough,24,43,Intersection,At Intersection,Traffic Signal,Clear,Daylight,Dry,Non-Fatal Injury,Pedestrian Collisions,D43,135,Morningside (135),-79.2049,43.7825,NULL,NULL,N,NULL,NULL,NULL
935742,2006,00:00.0,638,6,F G GARDINER XY  W,GARDINER W LAKE SHORE W RAMP,NULL,NULL,Etobicoke York,3,22,Mid-Block,NULL,No Control,Clear,Dark,Wet,Fatal,Sideswipe,D22,17,Mimico (17),-79.4785,43.6297,NULL,NULL,N,NULL,NULL,NULL
889218,2006,00:00.0,1840,18,NEILSON RD,MCLEVIN AVE,NULL,3,Scarborough,NULL,42,Mid-Block,NULL,No Control,Clear,Dusk,Dry,Fatal,Pedestrian Collisions,D42,132,Malvern (132),-79.2199,43.8081,NULL,NULL,N,NULL,NULL,NULL
964870,2007,00:00.0,2045,20,40 WILLCOCKS St,NULL,NULL,4,Toronto and East York,11,52,Mid-Block,NULL,No Control,Clear,Dark,Dry,Non-Fatal Injury,Cyclist Collisions,D52,79,University (79),-79.4006,43.6614,NULL,NULL,N,NULL,NULL,NULL
902826,2006,00:00.0,900,9,BATHURST ST,BLOOR ST W,NULL,1,Toronto and East York,11,14,Mid-Block,NULL,No Control,Clear,Daylight,Dry,Non-Fatal Injury,Cyclist Collisions,D14,95,Annex (95),-79.4113,43.6654,NULL,NULL,N,NULL,NULL,NULL
904107,2006,00:00.0,1520,15,MARKHAM RD,SHEPPARD AVE E,NULL,1,Scarborough,23,42,Intersection,NULL,Traffic Signal,Clear,Daylight,Dry,Non-Fatal Injury,SMV Other,D42,132,Malvern (132),-79.2387,43.7938,-79.2387,43.7938,Y,Markham Rd,Sheppard Ave E,2017-04-11
919231,2006,00:00.0,2348,23,DON MILLS RD,DON VALLEY PARKWAY S  S,NULL,1,Toronto and East York,14,54,Mid-Block,NULL,No Control,Clear,Dark,Dry,Non-Fatal Injury,Approaching,D54,58,Old East York (58),-79.3376,43.7002,NULL,NULL,N,NULL,NULL,NULL
4002525835,2014,00:00.0,2240,22,GERRARD ST E,PEMBROKE ST,NULL,3,Toronto and East York,13,51,Intersection,At Intersection,No Control,Clear,Dark,Dry,Non-Fatal Injury,Cyclist Collisions,D51,73,Moss Park (73),-79.3735,43.6608,NULL,NULL,N,NULL,NULL,NULL
4002616805,2014,00:00.0,1722,17,SHEPPARD AVE E,NEILSON RD,NULL,1,Scarborough,NULL,42,Intersection,Intersection Related,Traffic Signal,Clear,Daylight,Dry,Fatal,Cyclist Collisions,D42,132,Malvern (132),-79.2176,43.7981,-79.2176,43.7981,Y,Neilson Rd,Sheppard Ave E,2009-08-04
4002621781,2014,00:00.0,1240,12,ST CLAIR AVE W,WINONA DR,NULL,1,Toronto and East York,NULL,13,Intersection,Intersection Related,Traffic Signal,Clear,Daylight,Dry,Non-Fatal Injury,Cyclist Collisions,D13,94,Wychwood (94),-79.4324,43.6802,NULL,NULL,N,NULL,NULL,NULL
927891,2006,00:00.0,1252,12,EGLINTON AVE W,BLACK CREEK DR,NULL,1,Etobicoke York,5,12,Mid-Block,NULL,No Control,Clear,Daylight,Dry,Non-Fatal Injury,Rear End,D12,110,Keelesdale-Eglinton West (110),-79.4854,43.6877,NULL,NULL,N,NULL,NULL,NULL
940240,2006,00:00.0,1821,18,VICTORIA PARK Ave,MCNICOLL Ave,NULL,1,North York,NULL,NULL,Mid-Block,NULL,No Control,Clear,Dark,Dry,Non-Fatal Injury,Pedestrian Collisions,D42,116,Steeles (116),-79.3365,43.8047,NULL,NULL,N,NULL,NULL,NULL
942571,2006,00:00.0,1154,11,4575 KENNEDY Rd,NULL,NULL,1,Scarborough,22,42,Mid-Block,NULL,No Control,Clear,Daylight,Dry,Non-Fatal Injury,Turning Movement,D42,130,Milliken (130),-79.3064,43.8222,NULL,NULL,N,NULL,NULL,NULL
966627,2007,00:00.0,1415,14,STEELES AVE E,ASHCOTT ST,NULL,1,Scarborough,23,42,Intersection,At Intersection,Traffic Signal,Clear,Daylight,Dry,Non-Fatal Injury,Pedestrian Collisions,D42,130,Milliken (130),-79.2916,43.8272,NULL,NULL,N,NULL,NULL,NULL
969630,2007,00:00.0,15,0,GERRARD ST E,GLENMORE RD,NULL,3,Toronto and East York,19,55,Mid-Block,At Intersection,No Control,Rain,Dark,Wet,Non-Fatal Injury,Pedestrian Collisions,D55,64,Woodbine Corridor (64),-79.311,43.6806,NULL,NULL,N,NULL,NULL,NULL
4002467400,2014,00:00.0,759,7,1140 LESLIE ST,NULL,NULL,1,North York,NULL,33,Mid-Block,Non Intersection,No Control,Clear,Daylight,Dry,Non-Fatal Injury,Rear End,D33,42,Banbury-Don Mills (42),-79.3498,43.726,NULL,NULL,N,NULL,NULL,NULL
923655,2006,00:00.0,2126,21,ATTWELL DR,READING CRT,NULL,2,Etobicoke York,1,23,Intersection,At Intersection,No Control,Clear,Daylight,Dry,Non-Fatal Injury,Approaching,D23,1,West Humber-Clairville (1),-79.5872,43.6907,NULL,NULL,N,NULL,NULL,NULL
4002053519,2014,00:00.0,1910,19,LAKE SHORE BLVD W,BROOKERS LANE,132 m West of,1,Etobicoke York,3,22,Mid-Block,Non Intersection,No Control,Clear,Daylight,Dry,Non-Fatal Injury,Sideswipe,D22,17,Mimico (17),-79.4794,43.6262,NULL,NULL,N,NULL,NULL,NULL
4002469048,2014,00:00.0,1235,12,HIGHWAY 27  N,ROYALCREST RD,NULL,1,Etobicoke York,1,23,Intersection,At Intersection,Traffic Signal,Clear,Daylight,Dry,Non-Fatal Injury,SMV Other,D23,1,West Humber-Clairville (1),-79.6104,43.7497,NULL,NULL,N,NULL,NULL,NULL
4002478309,2014,00:00.0,1918,19,VICTORIA PARK AVE,GLENCREST BLVD,NULL,1,Toronto and East York,NULL,NULL,Intersection,At Intersection,No Control,Clear,Daylight,Dry,Non-Fatal Injury,Cyclist Collisions,D41,120,Clairlea-Birchmount (120),-79.2956,43.7081,NULL,NULL,N,NULL,NULL,NULL
4001678969,2014,00:00.0,335,3,7001 STEELES AVE W,NULL,NULL,1,Etobicoke York,1,23,Mid-Block,Non Intersection,No Control,Clear,Dark,Dry,Non-Fatal Injury,SMV Other,D23,1,West Humber-Clairville (1),-79.634,43.7512,NULL,NULL,N,NULL,NULL,NULL
4001701923,2014,00:00.0,2041,20,DANFORTH RD,TRUDELLE ST,NULL,1,Scarborough,21,43,Intersection,Intersection Related,Traffic Signal,Clear,"Dark, artificial",Dry,Non-Fatal Injury,Pedestrian Collisions,D43,138,Eglinton East (138),-79.2455,43.7399,NULL,NULL,N,NULL,NULL,NULL
4002279383,2014,00:00.0,2014,20,JOHN GARLAND BLVD,FOUR LEAF DR,12 m West of,2,Etobicoke York,1,23,Intersection,At Intersection,No Control,Clear,"Dusk, artificial",Dry,Non-Fatal Injury,SMV Other,D23,1,West Humber-Clairville (1),-79.591,43.7317,NULL,NULL,N,NULL,NULL,NULL
4002339341,2014,00:00.0,1836,18,ROYAL YORK RD,ALLANHURST DR,NULL,3,Etobicoke York,2,22,Intersection,At Intersection,Traffic Signal,Clear,Daylight,Dry,Non-Fatal Injury,Turning Movement,D22,9,Edenbridge-Humber Valley (9),-79.5252,43.6792,NULL,NULL,N,NULL,NULL,NULL
4002492921,2014,00:00.0,450,4,DIXON RD,CELESTINE DR,NULL,1,Etobicoke York,NULL,23,Intersection,At Intersection,Traffic Signal,Clear,"Dark, artificial",Dry,Non-Fatal Injury,SMV Other,D23,7,Willowridge-Martingrove-Richview (7),-79.5625,43.6933,NULL,NULL,N,NULL,NULL,NULL
4002496866,2014,00:00.0,1716,17,YONGE ST,ELLERSLIE AVE,NULL,1,North York,18,32,Intersection,At Intersection,No Control,Clear,Daylight,Dry,Non-Fatal Injury,Turning Movement,D32,51,Willowdale East (51),-79.4135,43.7719,NULL,NULL,N,NULL,NULL,NULL
4002366263,2014,00:00.0,1930,19,DUNDAS ST W,DOVERCOURT RD,NULL,3,Toronto and East York,NULL,14,Intersection,Non Intersection,No Control,Clear,Daylight,Dry,Non-Fatal Injury,Cyclist Collisions,D14,81,Trinity-Bellwoods (81),-79.4247,43.6494,NULL,NULL,N,NULL,NULL,NULL
4002326649,2014,00:00.0,2134,21,BATHURST ST,BEDFORD PARK AVE,NULL,1,North York,8,32,Intersection,Non Intersection,No Control,Clear,"Dark, artificial",Dry,Non-Fatal Injury,Other,D32,39,Bedford Park-Nortown (39),-79.4302,43.7214,NULL,NULL,N,NULL,NULL,NULL
4001856099,2014,00:00.0,1005,10,STEELES AVE W,TORRESDALE AVE,NULL,1,North York,6,32,Intersection,At Intersection,Traffic Signal,Clear,Daylight,Dry,Non-Fatal Injury,Turning Movement,D32,35,Westminster-Branson (35),-79.453,43.7908,NULL,NULL,N,NULL,NULL,NULL
4002857314,2014,00:00.0,1758,17,DANFORTH AVE,WOODINGTON AVE,NULL,1,Toronto and East York,19,NULL,Intersection,At Intersection,Traffic Signal,Clear,Daylight,Dry,Non-Fatal Injury,Pedestrian Collisions,D55,64,Woodbine Corridor (64),-79.3208,43.6839,NULL,NULL,N,NULL,NULL,NULL
4002062071,2014,00:00.0,740,7,DUNDAS ST E,LESLIE ST,NULL,3,Toronto and East York,14,55,Intersection,At Intersection,Traffic Signal,Clear,Daylight,Dry,Non-Fatal Injury,Cyclist Collisions,D55,70,South Riverdale (70),-79.3317,43.6667,NULL,NULL,N,NULL,NULL,NULL
5000553836,2015,00:00.0,1626,16,3231 EGLINTON AVE E,NULL,7 m West of,1,Scarborough,24,43,Mid-Block,At/Near Private Drive,No Control,Clear,Daylight,Dry,Non-Fatal Injury,Sideswipe,D43,139,Scarborough Village (139),-79.214,43.7442,NULL,NULL,N,NULL,NULL,NULL