ACCNUM,YEAR,DATE,TIME,HOUR,STREET1,STREET2,OFFSET,ROAD_CLASS,DISTRICT,WARDNUM,DIVISION,LOCCOORD,ACCLOC,TRAFFCTL,VISIBILITY,LIGHT,RDSFCOND,ACCLASS,IMPACTYPE,POLICE_DIVISION,HOOD_ID,NEIGHBOURHOOD,collision_lat,collision_long,red_light_lat,red_light_long,right_light_camera,LINEAR_NAME_FULL_1,LINEAR_NAME_FULL_2,ACTIVATION_DATE
5001169933,2015,00:00.0,2325,23,KIPLING AVE,BEACONHILL RD,30 m South of,1,Etobicoke York,1,23,Intersection,Non Intersection,Traffic Signal,Clear,Dark,Dry,Non-Fatal Injury,Rear End,D23,2,Mount Olive-Silverstone-Jamestown (2),-79.587,43.7536,NULL,NULL,N,NULL,NULL,NULL
5001212779,2015,00:00.0,827,8,SPADINA RD,DUPONT ST,NULL,1,Toronto and East York,11,NULL,Intersection,Intersection Related,Traffic Signal,Clear,Daylight,Wet,Non-Fatal Injury,Cyclist Collisions,D53,95,Annex (95),-79.4071,43.6748,NULL,NULL,N,NULL,NULL,NULL
4001953344,2014,00:00.0,5,0,DUNDAS ST W,GLADSTONE AVE,NULL,3,Toronto and East York,9,14,Intersection,Non Intersection,No Control,Clear,"Dark, artificial",Dry,Non-Fatal Injury,Cyclist Collisions,D14,84,Little Portugal (84),-79.4298,43.6495,NULL,NULL,N,NULL,NULL,NULL
5000552062,2015,00:00.0,950,9,VICTORIA PARK AVE,COMBERMERE DR,12 m South of,1,North York,NULL,NULL,Intersection,Intersection Related,No Control,Clear,Daylight,Dry,Non-Fatal Injury,Rear End,D41,119,Wexford/Maryvale (119),-79.3145,43.7559,NULL,NULL,N,NULL,NULL,NULL
5000591639,2015,00:00.0,1154,11,DAWES RD,DANFORTH AVE,24 m South of,1,Toronto and East York,19,NULL,Intersection,Non Intersection,No Control,Clear,Daylight,Dry,Non-Fatal Injury,Pedestrian Collisions,D55,62,East End-Danforth (62),-79.2967,43.6892,NULL,NULL,N,NULL,NULL,NULL
5000613755,2015,00:00.0,115,1,7 INVERLEIGH DR,NULL,NULL,4,Etobicoke York,3,22,Mid-Block,At/Near Private Drive,No Control,Clear,"Dark, artificial",Dry,Non-Fatal Injury,Pedestrian Collisions,D22,16,Stonegate-Queensway (16),-79.4951,43.6259,NULL,NULL,N,NULL,NULL,NULL
5001361534,2015,00:00.0,40,0,KIPLING AVE,FINCH AVE W,18 m North of,1,Etobicoke York,1,23,Intersection,At Intersection,Traffic Signal,Clear,"Dark, artificial",Dry,Non-Fatal Injury,Rear End,D23,3,Thistletown-Beaumond Heights (3),-79.582,43.7432,NULL,NULL,N,NULL,NULL,NULL
5001369619,2015,00:00.0,1130,11,ISLINGTON AVE,THE WESTWAY,NULL,1,Etobicoke York,2,23,Intersection,At Intersection,Traffic Signal,Clear,Daylight,Dry,Non-Fatal Injury,Angle,D23,7,Willowridge-Martingrove-Richview (7),-79.5428,43.6886,-79.5428,43.6886,Y,Islington Ave,The Westway,2008-12-10
4001829726,2014,00:00.0,2225,22,DON MILLS RD,BARBER GREENE RD,NULL,1,North York,16,33,Intersection,Intersection Related,Traffic Signal,Rain,Dark,Wet,Non-Fatal Injury,Pedestrian Collisions,D33,42,Banbury-Don Mills (42),-79.3408,43.7276,NULL,NULL,N,NULL,NULL,NULL
5001740465,2015,00:00.0,15,0,1244 LAWRENCE,NULL,NULL,1,North York,16,33,Intersection,At/Near Private Drive,No Control,Rain,"Dark, artificial",Wet,Non-Fatal Injury,Pedestrian Collisions,D33,43,Victoria Village (43),-79.3192,43.7411,NULL,NULL,N,NULL,NULL,NULL
4003276888,2014,00:00.0,1750,17,DIXON RD,ISLINGTON AVE,28 m East of,1,Etobicoke York,NULL,23,Intersection,At Intersection,Traffic Signal,Clear,Dark,Dry,Non-Fatal Injury,Pedestrian Collisions,D23,6,Kingsview Village-The Westway (6),-79.5466,43.6969,NULL,NULL,N,NULL,NULL,NULL
5000667325,2015,00:00.0,1715,17,130 TORYORK DR,NULL,4 m South of,2,Etobicoke York,7,31,Mid-Block,Non Intersection,No Control,Clear,Daylight,Dry,Non-Fatal Injury,Rear End,D31,21,Humber Summit (21),-79.553,43.7572,NULL,NULL,N,NULL,NULL,NULL
4003498144,2014,00:00.0,1800,18,JARVIS ST,WELLESLEY ST E,NULL,1,Toronto and East York,13,51,Intersection,At Intersection,Traffic Signal,Rain,"Dark, artificial",Wet,Non-Fatal Injury,Pedestrian Collisions,D51,71,Cabbagetown-South St.James Town (71),-79.3783,43.6662,NULL,NULL,N,NULL,NULL,NULL
143507481,2014,00:00.0,843,8,6030 BATHURST ST,NULL,NULL,1,North York,NULL,32,Mid-Block,NULL,No Control,Clear,Daylight,Dry,Fatal,Pedestrian Collisions,D32,36,Newtonbrook West (36),-79.4466,43.7885,NULL,NULL,N,NULL,NULL,NULL
1336008,2012,00:00.0,1830,18,ROYAL YORK RD,MIMICO AVE,NULL,3,Etobicoke York,3,22,Intersection,At Intersection,Traffic Signal,Clear,"Dark, artificial",Dry,Non-Fatal Injury,Pedestrian Collisions,D22,17,Mimico (17),-79.4966,43.6122,NULL,NULL,N,NULL,NULL,NULL
1338947,2013,00:00.0,1850,18,SPADINA RD,LONSDALE RD,NULL,3,Toronto and East York,12,NULL,Mid-Block,NULL,No Control,Clear,"Dark, artificial",Dry,Non-Fatal Injury,Pedestrian Collisions,D13,96,Casa Loma (96),-79.4125,43.6881,NULL,NULL,N,NULL,NULL,NULL
1366122,2013,00:00.0,1939,19,BROADVIEW Ave,DANFORTH Ave,NULL,3,Toronto and East York,14,54,Mid-Block,NULL,No Control,Clear,Daylight,Dry,Non-Fatal Injury,Pedestrian Collisions,D54,67,Playter Estates-Danforth (67),-79.3588,43.6765,NULL,NULL,N,NULL,NULL,NULL
1381878,2013,00:00.0,1914,19,5930 FINCH AVE E,NULL,NULL,3,Scarborough,25,42,Mid-Block,NULL,No Control,Rain,Daylight,Wet,Non-Fatal Injury,Cyclist Collisions,D42,132,Malvern (132),-79.2222,43.8174,NULL,NULL,N,NULL,NULL,NULL
1371625,2013,00:00.0,846,8,VICTORIA PARK AVE,MORECAMBE GT,NULL,1,North York,NULL,NULL,Intersection,At Intersection,Traffic Signal,Clear,Daylight,Dry,Non-Fatal Injury,Pedestrian Collisions,D42,117,L'Amoreaux (117),-79.3335,43.798,NULL,NULL,N,NULL,NULL,NULL
3013932599,2013,00:00.0,725,7,LAWRENCE AVE E,BENNETT RD,NULL,3,Scarborough,25,43,Intersection,Intersection Related,Traffic Signal,Clear,Daylight,Dry,Fatal,Pedestrian Collisions,D43,136,West Hill (136),-79.1663,43.7728,NULL,NULL,N,NULL,NULL,NULL
1361106,2013,00:00.0,616,6,JOE SHUSTER  WAY,KING ST W,NULL,4,Toronto and East York,10,14,Mid-Block,NULL,No Control,Rain,Daylight,Wet,Fatal,SMV Other,D14,85,South Parkdale (85),-79.4239,43.6405,NULL,NULL,N,NULL,NULL,NULL
4001392181,2014,00:00.0,1846,18,KINGSTON RD,PAYZAC AVE,NULL,1,Scarborough,24,43,Intersection,At Intersection,Traffic Signal,Clear,Dark,Dry,Non-Fatal Injury,Pedestrian Collisions,D43,136,West Hill (136),-79.1975,43.7589,NULL,NULL,N,NULL,NULL,NULL
1348049,2013,00:00.0,916,9,YONGE ST,WELLINGTON ST W,NULL,1,Toronto and East York,13,NULL,Intersection,At Intersection,Traffic Signal,Rain,Daylight,Wet,Non-Fatal Injury,Pedestrian Collisions,D52,75,Church-Yonge Corridor (75),-79.3773,43.6478,NULL,NULL,N,NULL,NULL,NULL
1388238,2013,00:00.0,2045,20,DANFORTH AVE,BARRINGTON AVE,NULL,1,Toronto and East York,19,NULL,Intersection,NULL,No Control,Rain,"Dark, artificial",Wet,Non-Fatal Injury,Pedestrian Collisions,D55,62,East End-Danforth (62),-79.3005,43.6884,NULL,NULL,N,NULL,NULL,NULL
1329059,2012,00:00.0,1507,15,ELM RD,FAIRLAWN AVE,NULL,2,North York,8,32,Intersection,At Intersection,Stop Sign,Clear,Daylight,Dry,Fatal,Pedestrian Collisions,D32,105,Lawrence Park North (105),-79.4143,43.7286,NULL,NULL,N,NULL,NULL,NULL
1338034,2012,00:00.0,50,0,DUNDAS ST W,PALMERSTON AVE,NULL,1,Toronto and East York,NULL,14,Intersection,NULL,No Control,Clear,Dark,Dry,Non-Fatal Injury,Pedestrian Collisions,D14,81,Trinity-Bellwoods (81),-79.4082,43.6518,NULL,NULL,N,NULL,NULL,NULL
1330477,2012,00:00.0,2025,20,BRIMLEY RD,ST ANDREWS RD,NULL,1,Scarborough,21,NULL,Mid-Block,NULL,No Control,Clear,"Dark, artificial",Dry,Non-Fatal Injury,SMV Other,D43,127,Bendale (127),-79.2585,43.7628,NULL,NULL,N,NULL,NULL,NULL
4002395351,2014,00:00.0,1748,17,NEILSON RD,BERNER TRL,97 m South of,3,Scarborough,NULL,42,Mid-Block,Non Intersection,No Control,Clear,Daylight,Dry,Non-Fatal Injury,SMV Other,D42,132,Malvern (132),-79.2181,43.8014,NULL,NULL,N,NULL,NULL,NULL
4001492410,2014,00:00.0,1309,13,CARLAW AVE,GERRARD ST E,NULL,3,Toronto and East York,14,55,Mid-Block,Non Intersection,No Control,Clear,Daylight,Wet,Non-Fatal Injury,Pedestrian Collisions,D55,68,North Riverdale (68),-79.3429,43.668,NULL,NULL,N,NULL,NULL,NULL
4001887812,2014,00:00.0,934,9,BLOOR ST W,RUNNYMEDE RD,NULL,1,Toronto and East York,4,11,Intersection,Intersection Related,Traffic Signal,Clear,Daylight,Dry,Non-Fatal Injury,Sideswipe,D11,88,High Park North (88),-79.4762,43.6511,NULL,NULL,N,NULL,NULL,NULL
1386644,2013,00:00.0,1649,16,SPADINA AVE,BALDWIN ST,NULL,1,Toronto and East York,11,NULL,Mid-Block,NULL,No Control,Clear,Daylight,Dry,Non-Fatal Injury,Pedestrian Collisions,D52,78,Kensington-Chinatown (78),-79.399,43.6554,NULL,NULL,N,NULL,NULL,NULL
1387491,2013,00:00.0,2025,20,923 AVENUE Rd,NULL,NULL,1,Toronto and East York,12,53,Mid-Block,NULL,No Control,Clear,"Dark, artificial",Dry,Non-Fatal Injury,SMV Other,D53,100,Yonge-Eglinton (100),-79.407,43.701,NULL,NULL,N,NULL,NULL,NULL
4003162994,2014,00:00.0,2315,23,YONGE ST,HILLCREST AVE,NULL,1,North York,18,32,Intersection,Non Intersection,No Control,Clear,"Dark, artificial",Dry,Non-Fatal Injury,Sideswipe,D32,51,Willowdale East (51),-79.4124,43.7674,NULL,NULL,N,NULL,NULL,NULL
4002735786,2014,00:00.0,2120,21,COLLEGE ST,RUSHOLME PARK CRT,NULL,1,Toronto and East York,9,14,Intersection,At Intersection,Stop Sign,Clear,"Dark, artificial",Dry,Non-Fatal Injury,Cyclist Collisions,D14,84,Little Portugal (84),-79.4296,43.6528,NULL,NULL,N,NULL,NULL,NULL
1388364,2013,00:00.0,1525,15,DON MILLS Rd,DON VALLEY PARKWAY  S,NULL,1,Toronto and East York,14,54,Mid-Block,NULL,No Control,Clear,Daylight,Dry,Non-Fatal Injury,Approaching,D54,58,Old East York (58),-79.3376,43.7006,NULL,NULL,N,NULL,NULL,NULL
3001089776,2013,00:00.0,1143,11,BATHURST ST,WELLS ST,NULL,1,Toronto and East York,11,14,Intersection,At Intersection,Traffic Signal,Clear,Daylight,Dry,Non-Fatal Injury,Pedestrian Collisions,D14,95,Annex (95),-79.4131,43.67,NULL,NULL,N,NULL,NULL,NULL
3001047627,2013,00:00.0,1120,11,JARVIS ST,GERRARD ST E,NULL,1,Toronto and East York,13,51,Intersection,At Intersection,Traffic Signal,Clear,Daylight,Dry,Non-Fatal Injury,Pedestrian Collisions,D51,73,Moss Park (73),-79.3758,43.6604,NULL,NULL,N,NULL,NULL,NULL
4002164733,2014,00:00.0,1729,17,STEELES AVE E,PICKERING TOWN LINE,NULL,3,Scarborough,25,42,Intersection,At Intersection,Traffic Signal,Clear,Daylight,Dry,Non-Fatal Injury,Turning Movement,D42,131,Rouge (131),-79.1702,43.8554,NULL,NULL,N,NULL,NULL,NULL
1388459,2013,00:00.0,1435,14,VINE Ave,JACKSON Pl,NULL,4,Toronto and East York,4,11,Intersection,NULL,No Control,Clear,Daylight,Dry,Non-Fatal Injury,Turning Movement,D11,90,Junction Area (90),-79.4672,43.6665,NULL,NULL,N,NULL,NULL,NULL
1379549,2013,00:00.0,1620,16,AVENUE Rd,GLENGROVE Ave W,NULL,1,North York,8,53,Intersection,At Intersection,Traffic Signal,Clear,Daylight,Dry,Non-Fatal Injury,Pedestrian Collisions,D53,103,Lawrence Park South (103),-79.4134,43.7169,NULL,NULL,N,NULL,NULL,NULL
4002194958,2014,00:00.0,40,0,BIRCHMOUNT RD,STEELES AVE E,NULL,1,Scarborough,22,42,Intersection,At Intersection,Traffic Signal,Clear,"Dark, artificial",Dry,Non-Fatal Injury,Turning Movement,D42,116,Steeles (116),-79.3169,43.8213,-79.3169,43.8213,Y,Steeles Ave E,Birchmount Rd,2009-03-17
4002199854,2014,00:00.0,1913,19,EGLINTON AVE E,MIDLAND AVE,NULL,1,Scarborough,NULL,41,Mid-Block,At/Near Private Drive,No Control,Clear,Daylight,Dry,Non-Fatal Injury,Pedestrian Collisions,D41,124,Kennedy Park (124),-79.256,43.7349,NULL,NULL,N,NULL,NULL,NULL
1357499,2013,00:00.0,1138,11,STEELES AVE E,DON MILLS RD,NULL,1,North York,17,33,Intersection,At Intersection,Traffic Signal,Rain,Daylight,Wet,Non-Fatal Injury,Angle,D33,48,Hillcrest Village (48),-79.3607,43.8111,-79.3607,43.8111,Y,Steeles Ave E,Don Mills Rd,2021-09-13
894735,2006,00:00.0,1850,18,910 DUNDAS ST E,NULL,NULL,3,Toronto and East York,14,55,Mid-Block,NULL,No Control,Rain,Dark,Wet,Non-Fatal Injury,Pedestrian Collisions,D55,70,South Riverdale (70),-79.3497,43.6628,NULL,NULL,N,NULL,NULL,NULL
906284,2006,00:00.0,710,7,THE QUEENSWAY,MORGAN AVE,NULL,1,Etobicoke York,3,22,Intersection,At Intersection,Stop Sign,Clear,Daylight,Dry,Non-Fatal Injury,Turning Movement,D22,16,Stonegate-Queensway (16),-79.5014,43.6265,NULL,NULL,N,NULL,NULL,NULL
904596,2006,00:00.0,1632,16,BLOOR ST W,SOUTH KINGSWAY,NULL,1,Toronto and East York,4,11,Intersection,NULL,Traffic Signal,Clear,Daylight,Dry,Non-Fatal Injury,Rear End,D11,87,High Park-Swansea (87),-79.4856,43.6483,NULL,NULL,N,NULL,NULL,NULL
905154,2006,00:00.0,610,6,MEADOWVALE RD,PLUG HAT RD,NULL,2,Scarborough,25,42,Mid-Block,NULL,No Control,Rain,Daylight,Wet,Non-Fatal Injury,Approaching,D42,131,Rouge (131),-79.1829,43.8357,NULL,NULL,N,NULL,NULL,NULL
905249,2006,00:00.0,1225,12,BAY ST,CUMBERLAND ST,NULL,1,Toronto and East York,11,53,Intersection,At Intersection,Stop Sign,Clear,Daylight,Dry,Non-Fatal Injury,Pedestrian Collisions,D53,95,Annex (95),-79.3897,43.6705,NULL,NULL,N,NULL,NULL,NULL
890583,2006,00:00.0,745,7,WOODSIDE AVE,RUNNYMEDE RD,NULL,3,Toronto and East York,4,11,Intersection,At Intersection,Stop Sign,Clear,Daylight,Dry,Non-Fatal Injury,Pedestrian Collisions,D11,88,High Park North (88),-79.479,43.6578,NULL,NULL,N,NULL,NULL,NULL
888231,2006,00:00.0,925,9,GLENBURN AVE,TIAGO AVE,NULL,4,Toronto and East York,19,54,Intersection,At Intersection,Stop Sign,Clear,Daylight,Dry,Non-Fatal Injury,Pedestrian Collisions,D54,54,O'Connor-Parkview (54),-79.3003,43.7125,NULL,NULL,N,NULL,NULL,NULL
4002215759,2014,00:00.0,2220,22,KENNEDY RD,HIGHVIEW AV,58 m North of,2,Scarborough,20,41,Mid-Block,Non Intersection,No Control,Clear,Dark,Dry,Non-Fatal Injury,Sideswipe,D41,122,Birchcliffe-Cliffside (122),-79.2559,43.7029,NULL,NULL,N,NULL,NULL,NULL
912714,2006,00:00.0,127,1,HARBOUR ST,YORK ST,NULL,1,Toronto and East York,10,52,Intersection,At Intersection,Traffic Signal,Clear,Dark,Dry,Non-Fatal Injury,Angle,D52,77,Waterfront Communities-The Island (77),-79.3806,43.6409,NULL,NULL,N,NULL,NULL,NULL
909745,2006,00:00.0,2210,22,UNIVERSITY AVE,DUNDAS ST W,NULL,1,Toronto and East York,11,52,Mid-Block,At Intersection,No Control,Clear,Dark,Dry,Non-Fatal Injury,Pedestrian Collisions,D52,76,Bay Street Corridor (76),-79.3884,43.6551,NULL,NULL,N,NULL,NULL,NULL
913254,2006,00:00.0,310,3,QUEEN ST W,DOWLING AVE,NULL,1,Toronto and East York,4,NULL,Intersection,At Intersection,Stop Sign,Clear,Dark,Dry,Non-Fatal Injury,Cyclist Collisions,D14,86,Roncesvalles (86),-79.4398,43.6399,NULL,NULL,N,NULL,NULL,NULL
899910,2006,00:00.0,1540,15,BAY ST,GERRARD ST W,NULL,1,Toronto and East York,11,52,Intersection,At Intersection,Traffic Signal,Clear,Daylight,Dry,Non-Fatal Injury,Cyclist Collisions,D52,76,Bay Street Corridor (76),-79.3848,43.6585,NULL,NULL,N,NULL,NULL,NULL
890213,2006,00:00.0,1529,15,AVENUE RD,ELGIN AVE,NULL,1,Toronto and East York,11,53,Intersection,At Intersection,Traffic Signal,Clear,Daylight,Dry,Non-Fatal Injury,Pedestrian Collisions,D53,95,Annex (95),-79.3953,43.6718,NULL,NULL,N,NULL,NULL,NULL
906767,2006,00:00.0,1906,19,BLOOR ST W,HAVELOCK ST,NULL,1,Toronto and East York,9,14,Intersection,At Intersection,Traffic Signal,Clear,Daylight,Dry,Fatal,Pedestrian Collisions,D14,83,Dufferin Grove (83),-79.4323,43.6604,NULL,NULL,N,NULL,NULL,NULL
907009,2006,00:00.0,1515,15,SPADINA AVE,CECIL ST,NULL,1,Toronto and East York,11,NULL,Mid-Block,NULL,No Control,Clear,Daylight,Dry,Non-Fatal Injury,Pedestrian Collisions,D52,78,Kensington-Chinatown (78),-79.3993,43.6563,NULL,NULL,N,NULL,NULL,NULL
918378,2006,00:00.0,1623,16,EGLINTON AVE W,LLOYD MANOR RD,NULL,1,Etobicoke York,2,NULL,Mid-Block,NULL,No Control,Rain,Daylight,Wet,Non-Fatal Injury,Sideswipe,D22,10,Princess-Rosethorn (10),-79.557,43.6757,NULL,NULL,N,NULL,NULL,NULL
918595,2006,00:00.0,829,8,1233 THE QUEENSWAY,NULL,NULL,1,Etobicoke York,3,22,Mid-Block,NULL,No Control,Clear,Daylight,Dry,Non-Fatal Injury,Approaching,D22,14,Islington-City Centre West (14),-79.5505,43.6154,NULL,NULL,N,NULL,NULL,NULL
901809,2006,00:00.0,10,0,FINCH AVE W,DRIFTWOOD AVE,NULL,1,Etobicoke York,7,31,Mid-Block,NULL,No Control,Clear,Dark,Dry,Non-Fatal Injury,Approaching,D31,24,Black Creek (24),-79.5111,43.7585,NULL,NULL,N,NULL,NULL,NULL
949221,2006,00:00.0,2155,21,QUEEN ST E,HAMMERSMITH AVE,NULL,3,Toronto and East York,19,55,Intersection,NULL,No Control,Clear,Dark,Dry,Non-Fatal Injury,Pedestrian Collisions,D55,63,The Beaches (63),-79.2942,43.6711,NULL,NULL,N,NULL,NULL,NULL
917855,2006,00:00.0,1310,13,SPADINA AVE,RICHMOND ST W,NULL,1,Toronto and East York,10,NULL,Intersection,NULL,Traffic Signal,Clear,Daylight,Dry,Non-Fatal Injury,Pedestrian Collisions,D14,77,Waterfront Communities-The Island (77),-79.3959,43.6478,NULL,NULL,N,NULL,NULL,NULL
886747,2006,00:00.0,2200,22,LAWRENCE AVE E,COLLINSGROVE RD,NULL,3,Scarborough,25,43,Intersection,At Intersection,Traffic Signal,Rain,Dark,Wet,Non-Fatal Injury,Pedestrian Collisions,D43,136,West Hill (136),-79.1827,43.7691,NULL,NULL,N,NULL,NULL,NULL
919534,2006,00:00.0,1215,12,6 HAVENBROOK BLVD,NULL,NULL,4,North York,17,33,Mid-Block,NULL,No Control,Clear,Daylight,Dry,Non-Fatal Injury,Cyclist Collisions,D33,53,Henry Farm (53),-79.3568,43.7687,NULL,NULL,N,NULL,NULL,NULL
923250,2006,00:00.0,2256,22,224 BEECHGROVE DR,NULL,NULL,2,Scarborough,25,43,Intersection,NULL,No Control,Clear,Dark,Dry,Non-Fatal Injury,Pedestrian Collisions,D43,136,West Hill (136),-79.1607,43.7723,NULL,NULL,N,NULL,NULL,NULL
897335,2006,00:00.0,642,6,SYMINGTON AVE,ANTLER ST,NULL,2,Toronto and East York,9,11,Intersection,At Intersection,Stop Sign,Clear,Daylight,Dry,Non-Fatal Injury,Pedestrian Collisions,D11,93,Dovercourt-Wallace Emerson-Junction (93),-79.4504,43.6639,NULL,NULL,N,NULL,NULL,NULL
909409,2006,00:00.0,2055,20,BARTLEY DR,TISDALE AVE,NULL,2,North York,16,54,Intersection,At Intersection,Stop Sign,Clear,Dark,Dry,Fatal,SMV Unattended Vehicle,D54,43,Victoria Village (43),-79.307,43.7222,NULL,NULL,N,NULL,NULL,NULL
914977,2006,00:00.0,858,8,LAKE SHORE BLVD W,JAMESON AVE,NULL,1,Toronto and East York,4,14,Intersection,At Intersection,Traffic Signal,Clear,Daylight,Dry,Non-Fatal Injury,Angle,D14,85,South Parkdale (85),-79.4345,43.6333,-79.4345,43.6333,Y,Lake Shore Blvd W,Jameson Ave,2017-07-10
911012,2006,00:00.0,1440,14,KIPLING AVE,BETHRIDGE RD,NULL,1,Etobicoke York,1,23,Intersection,At Intersection,Traffic Signal,Clear,Daylight,Dry,Non-Fatal Injury,Pedestrian Collisions,D23,1,West Humber-Clairville (1),-79.5654,43.7091,NULL,NULL,N,NULL,NULL,NULL
888639,2006,00:00.0,620,6,2443 ISLINGTON AVE,NULL,NULL,1,Etobicoke York,1,23,Mid-Block,NULL,No Control,Snow,Daylight,Slush,Non-Fatal Injury,SMV Other,D23,5,Elms-Old Rexdale (5),-79.56,43.7255,NULL,NULL,N,NULL,NULL,NULL
889954,2006,00:00.0,758,7,BIRCHMOUNT RD,L AMOREAUX DR,NULL,1,Scarborough,22,42,Intersection,At Intersection,Traffic Signal,Rain,Daylight,Wet,Non-Fatal Injury,Pedestrian Collisions,D42,117,L'Amoreaux (117),-79.307,43.8006,NULL,NULL,N,NULL,NULL,NULL
937955,2006,00:00.0,1800,18,PHARMACY AVE,KELLYVALE RD,NULL,3,Scarborough,21,41,Intersection,NULL,No Control,Clear,Dark,Dry,Non-Fatal Injury,Sideswipe,D41,119,Wexford/Maryvale (119),-79.3101,43.757,NULL,NULL,N,NULL,NULL,NULL
936341,2006,00:00.0,1805,18,BIRCHMOUNT RD,IVY BUSH AVE,NULL,1,Scarborough,22,42,Intersection,At Intersection,Traffic Signal,Clear,Dark,Dry,Fatal,Turning Movement,D42,116,Steeles (116),-79.312,43.8107,NULL,NULL,N,NULL,NULL,NULL
927513,2006,00:00.0,1210,12,70 HUMBERLINE DR,NULL,NULL,2,Etobicoke York,1,23,Mid-Block,NULL,No Control,Clear,Daylight,Dry,Non-Fatal Injury,Pedestrian Collisions,D23,1,West Humber-Clairville (1),-79.6164,43.7318,NULL,NULL,N,NULL,NULL,NULL
922379,2006,00:00.0,1115,11,ST CLAIR AVE W,LANSDOWNE AVE,NULL,1,Toronto and East York,9,13,Intersection,At Intersection,Traffic Signal,Clear,Daylight,Dry,Non-Fatal Injury,Approaching,D13,92,Corso Italia-Davenport (92),-79.4505,43.6763,NULL,NULL,N,NULL,NULL,NULL
938403,2006,00:00.0,2330,23,451 ST GERMAIN AVE,NULL,NULL,4,North York,8,32,Mid-Block,NULL,No Control,Clear,Dark,Wet,Non-Fatal Injury,SMV Unattended Vehicle,D32,39,Bedford Park-Nortown (39),-79.4189,43.7287,NULL,NULL,N,NULL,NULL,NULL
938714,2006,00:00.0,2018,20,COMMISSIONERS ST,CHERRY ST,NULL,2,Toronto and East York,14,51,Intersection,At Intersection,Stop Sign,Clear,Dark,Dry,Non-Fatal Injury,Pedestrian Collisions,D51,70,South Riverdale (70),-79.3524,43.6453,NULL,NULL,N,NULL,NULL,NULL
919835,2006,00:00.0,1610,16,225 BIRMINGHAM ST,NULL,NULL,2,Etobicoke York,3,22,Mid-Block,NULL,No Control,Clear,Daylight,Dry,Non-Fatal Injury,Cyclist Collisions,D22,18,New Toronto (18),-79.5116,43.602,NULL,NULL,N,NULL,NULL,NULL
922598,2006,00:00.0,1435,14,DON MILLS RD,MCNICOLL AVE,NULL,1,North York,17,33,Intersection,At Intersection,Traffic Signal,Clear,Daylight,Dry,Non-Fatal Injury,Turning Movement,D33,48,Hillcrest Village (48),-79.354,43.7996,NULL,NULL,N,NULL,NULL,NULL
919514,2006,00:00.0,2135,21,ALBION RD,ARMEL CRT,NULL,1,Etobicoke York,1,23,Intersection,At Intersection,Traffic Signal,Rain,Dark,Wet,Non-Fatal Injury,Angle,D23,5,Elms-Old Rexdale (5),-79.5455,43.7213,NULL,NULL,N,NULL,NULL,NULL
960364,2006,00:00.0,100,1,ADELAIDE St E,PARLIAMENT St,NULL,1,Toronto and East York,13,51,Intersection,At Intersection,Traffic Controller,Clear,Dark,Dry,Non-Fatal Injury,Angle,D51,73,Moss Park (73),-79.3635,43.6535,-79.3635,43.6535,Y,Adelaide St E,Parliament St,2017-06-05
898801,2006,00:00.0,119,1,MILNER AVE,AUTO MALL DR,NULL,3,Scarborough,25,42,Intersection,At Intersection,No Control,Clear,Dark,Dry,Non-Fatal Injury,SMV Other,D42,131,Rouge (131),-79.1916,43.7995,NULL,NULL,N,NULL,NULL,NULL
898555,2006,00:00.0,950,9,MCCOWAN RD,ELLESMERE RD,NULL,1,Scarborough,NULL,43,Intersection,At Intersection,Traffic Signal,Rain,Daylight,Wet,Non-Fatal Injury,Turning Movement,D43,137,Woburn (137),-79.2514,43.7721,-79.2514,43.7721,Y,McCowan Rd,Ellesmere Rd,2021-08-27
941162,2006,00:00.0,2330,23,HARBORD ST,MONTROSE AVE,NULL,3,Toronto and East York,11,14,Intersection,NULL,Traffic Signal,Other,Dark,Dry,Non-Fatal Injury,Angle,D14,80,Palmerston-Little Italy (80),-79.4195,43.6595,NULL,NULL,N,NULL,NULL,NULL
967550,2007,00:00.0,1550,15,BAY ST,YORKVILLE AVE,NULL,1,Toronto and East York,11,53,Mid-Block,NULL,No Control,Clear,Daylight,Dry,Non-Fatal Injury,Turning Movement,D53,95,Annex (95),-79.3902,43.6715,NULL,NULL,N,NULL,NULL,NULL
937526,2006,00:00.0,1600,16,EMPRESS AVE,BAYVIEW AVE,NULL,1,North York,NULL,NULL,Intersection,At Intersection,Traffic Signal,Clear,Daylight,Dry,Non-Fatal Injury,Pedestrian Collisions,D32,52,Bayview Village (52),-79.3897,43.7743,NULL,NULL,N,NULL,NULL,NULL
958325,2007,00:00.0,1520,15,VICTORIA PARK AVE,MORECAMBE GT,NULL,1,North York,NULL,NULL,Intersection,NULL,Traffic Signal,Clear,Daylight,Dry,Non-Fatal Injury,Pedestrian Collisions,D42,117,L'Amoreaux (117),-79.3335,43.798,NULL,NULL,N,NULL,NULL,NULL
948356,2007,00:00.0,1140,11,LAWRENCE AVE E,ORTON PARK RD,NULL,1,Scarborough,24,43,Intersection,NULL,Traffic Signal,Rain,Daylight,Wet,Non-Fatal Injury,Turning Movement,D43,137,Woburn (137),-79.2055,43.764,NULL,NULL,N,NULL,NULL,NULL
923176,2006,00:00.0,1505,15,36 GRAYLEE AVE,NULL,NULL,4,Scarborough,21,43,Mid-Block,NULL,No Control,Clear,Daylight,Dry,Non-Fatal Injury,SMV Other,D43,138,Eglinton East (138),-79.2474,43.7423,NULL,NULL,N,NULL,NULL,NULL