ACCNUM,YEAR,DATE,TIME,HOUR,STREET1,STREET2,OFFSET,ROAD_CLASS,DISTRICT,WARDNUM,DIVISION,LOCCOORD,ACCLOC,TRAFFCTL,VISIBILITY,LIGHT,RDSFCOND,ACCLASS,IMPACTYPE,POLICE_DIVISION,HOOD_ID,NEIGHBOURHOOD,collision_lat,collision_long,red_light_lat,red_light_long,right_light_camera,LINEAR_NAME_FULL_1,LINEAR_NAME_FULL_2,ACTIVATION_DATE
910787,2006,00:00.0,117,1,LANSDOWNE AVE,DUNDAS ST W,NULL,3,Toronto and East York,9,11,Mid-Block,NULL,No Control,Snow,Dark,Wet,Non-Fatal Injury,SMV Other,D11,83,Dufferin Grove (83),-79.4397,43.6504,NULL,NULL,N,NULL,NULL,NULL
4001994857,2014,00:00.0,1520,15,ELLESMERE RD,PHARMACY AVE,NULL,1,Scarborough,21,41,Intersection,At Intersection,Traffic Signal,Clear,Daylight,Dry,Non-Fatal Injury,Other,D41,119,Wexford/Maryvale (119),-79.3101,43.759,NULL,NULL,N,NULL,NULL,NULL
900117,2006,00:00.0,1521,15,DOUGLAS BLVD,LAKE SHORE BLVD W,NULL,4,Etobicoke York,3,22,Mid-Block,Non Intersection,No Control,Clear,Daylight,Dry,Non-Fatal Injury,SMV Other,D22,17,Mimico (17),-79.4884,43.6103,NULL,NULL,N,NULL,NULL,NULL
4001647653,2014,00:00.0,2309,23,MCCOWAN RD,BENLEIGH  DR,30 m North of,1,Scarborough,NULL,43,Mid-Block,Non Intersection,No Control,Clear,"Dark, artificial",Wet,Non-Fatal Injury,SMV Other,D43,137,Woburn (137),-79.2464,43.7589,NULL,NULL,N,NULL,NULL,NULL
6000983076,2016,00:00.0,1435,14,KENNEDY RD,EGLINTON AVE E,NULL,1,Scarborough,NULL,41,Intersection,At Intersection,Traffic Signal,Clear,Daylight,Dry,Fatal,Turning Movement,D41,124,Kennedy Park (124),-79.2679,43.7321,NULL,NULL,N,NULL,NULL,NULL
4002458189,2014,00:00.0,2028,20,DON MILLS RD,OVERLEA BLVD,17 m West of,1,North York,NULL,54,Intersection,Non Intersection,Traffic Signal,Clear,Daylight,Dry,Non-Fatal Injury,Angle,D54,44,Flemingdon Park (44),-79.3343,43.7099,NULL,NULL,N,NULL,NULL,NULL
950050,2006,00:00.0,605,6,FINCH AVE E,KENNEDY RD,NULL,1,Scarborough,22,42,Intersection,At Intersection,Traffic Signal,Rain,Dark,Wet,Non-Fatal Injury,Angle,D42,117,L'Amoreaux (117),-79.2965,43.8012,-79.2965,43.8012,Y,Kennedy Rd,Finch Ave E,2021-11-09
142655086,2014,00:00.0,1618,16,5800 YONGE ST,NULL,NULL,1,North York,18,32,Intersection,At Intersection,Traffic Signal,Clear,Daylight,Dry,Fatal,Pedestrian Collisions,D32,50,Newtonbrook East (50),-79.4166,43.7843,NULL,NULL,N,NULL,NULL,NULL
916024,2006,00:00.0,2155,21,F G GARDINER XY Ramp W,GARDINER W S KINGSWAY RAMP,NULL,NULL,Toronto and East York,4,11,Exit Ramp Westbound,NULL,No Control,Clear,Dark,Dry,Fatal,SMV Other,D11,85,South Parkdale (85),-79.4715,43.6346,NULL,NULL,N,NULL,NULL,NULL
4002616859,2014,00:00.0,1730,17,WESTLAKE AVE,WESTBROOK AVE,NULL,4,Toronto and East York,19,54,Intersection,At Intersection,Stop Sign,Clear,Daylight,Dry,Non-Fatal Injury,Cyclist Collisions,D54,60,Woodbine-Lumsden (60),-79.3076,43.693,NULL,NULL,N,NULL,NULL,NULL
4002625418,2014,00:00.0,2319,23,SHEPPARD  AVE E,ROBERT WOODHEAD CRES,NULL,1,North York,6,31,Mid-Block,Non Intersection,No Control,Clear,"Dark, artificial",Dry,Non-Fatal Injury,Pedestrian Collisions,D31,26,Downsview-Roding-CFB (26),-79.4829,43.7463,NULL,NULL,N,NULL,NULL,NULL
4001839598,2014,00:00.0,1555,15,ROYAL YORK RD,KINGSGROVE BLVD,NULL,3,Etobicoke York,3,22,Intersection,At Intersection,Stop Sign,Clear,Daylight,Dry,Non-Fatal Injury,Turning Movement,D22,15,Kingsway South (15),-79.514,43.6535,NULL,NULL,N,NULL,NULL,NULL
4002286061,2014,00:00.0,2308,23,STEELES AVE E,DON MILLS RD,NULL,1,North York,17,33,Intersection,At Intersection,Traffic Signal,Clear,Dark,Dry,Non-Fatal Injury,Turning Movement,D33,48,Hillcrest Village (48),-79.3607,43.8111,-79.3607,43.8111,Y,Steeles Ave E,Don Mills Rd,2021-09-13
142300273,2014,00:00.0,827,8,BROADVIEW AVE,FAIRVIEW BLVD,NULL,3,Toronto and East York,14,55,Mid-Block,NULL,No Control,Rain,Daylight,Wet,Fatal,SMV Other,D55,68,North Riverdale (68),-79.3578,43.6751,NULL,NULL,N,NULL,NULL,NULL
4001680945,2014,00:00.0,30,0,QUEEN ST W,SPADINA AVE,NULL,1,Toronto and East York,10,NULL,Intersection,At Intersection,Traffic Signal,Clear,"Dark, artificial",Dry,Non-Fatal Injury,Pedestrian Collisions,D52,77,Waterfront Communities-The Island (77),-79.3963,43.6487,NULL,NULL,N,NULL,NULL,NULL
4001715026,2014,00:00.0,700,7,711 KENNEDY RD,NULL,NULL,1,Scarborough,20,41,Mid-Block,Non Intersection,No Control,Clear,Dark,Dry,Non-Fatal Injury,Pedestrian Collisions,D41,124,Kennedy Park (124),-79.2664,43.7285,NULL,NULL,N,NULL,NULL,NULL
142049204,2014,00:00.0,233,2,DUNDAS ST W,AUGUSTA AVE,NULL,1,Toronto and East York,NULL,14,Intersection,NULL,No Control,Clear,"Dark, artificial",Dry,Fatal,Pedestrian Collisions,D14,78,Kensington-Chinatown (78),-79.4011,43.6522,NULL,NULL,N,NULL,NULL,NULL
4002082136,2014,00:00.0,737,7,FINCH AVE W,WILMINGTON AVE,NULL,1,North York,6,32,Intersection,At Intersection,Traffic Signal,Clear,Daylight,Dry,Non-Fatal Injury,Turning Movement,D32,34,Bathurst Manor (34),-79.4606,43.7701,NULL,NULL,N,NULL,NULL,NULL
4001912926,2014,00:00.0,232,2,DAWES RD,CRESCENT TOWN RD,NULL,3,Toronto and East York,19,54,Intersection,Non Intersection,Traffic Signal,Clear,"Dark, artificial",Dry,Non-Fatal Injury,SMV Other,D54,61,Taylor-Massey (61),-79.2973,43.6965,NULL,NULL,N,NULL,NULL,NULL
5000439931,2015,00:00.0,1445,14,BLOOR ST W,PARKSIDE DR,NULL,1,Toronto and East York,4,11,Intersection,At Intersection,Traffic Signal,Clear,Daylight,Dry,Non-Fatal Injury,Turning Movement,D11,87,High Park-Swansea (87),-79.46,43.6546,NULL,NULL,N,NULL,NULL,NULL
961264,2007,00:00.0,1426,14,DON MILLS RD,DON MILLS N DVP S RAMP RD S,NULL,1,Toronto and East York,14,54,Mid-Block,NULL,No Control,Snow,Daylight,Loose Snow,Non-Fatal Injury,Approaching,D54,58,Old East York (58),-79.3376,43.6996,NULL,NULL,N,NULL,NULL,NULL
4003269360,2014,00:00.0,1356,13,PHARMACY AVE,INNISDALE DR,NULL,3,Scarborough,21,41,Intersection,Intersection Related,Traffic Signal,Clear,Daylight,Dry,Non-Fatal Injury,Rear End,D41,119,Wexford/Maryvale (119),-79.3012,43.7348,NULL,NULL,N,NULL,NULL,NULL
4008024139,2014,00:00.0,1600,16,STEELES AVE W,SHALE GT,NULL,1,North York,6,31,Intersection,At Intersection,Traffic Signal,Clear,Daylight,Dry,Non-Fatal Injury,Cyclist Collisions,D31,27,York University Heights (27),-79.4872,43.7832,NULL,NULL,N,NULL,NULL,NULL
143380193,2014,00:00.0,1420,14,549 COLLEGE ST,NULL,NULL,1,Toronto and East York,11,14,Mid-Block,NULL,No Control,Clear,Daylight,Dry,Fatal,SMV Other,D14,81,Trinity-Bellwoods (81),-79.412,43.6555,NULL,NULL,N,NULL,NULL,NULL
4003149103,2014,00:00.0,2015,20,WILSON AVE,ALLARD AVE,NULL,1,North York,8,32,Intersection,Intersection Related,Stop Sign,Rain,"Dark, artificial",Wet,Non-Fatal Injury,Turning Movement,D32,39,Bedford Park-Nortown (39),-79.4294,43.7378,NULL,NULL,N,NULL,NULL,NULL
4003152521,2014,00:00.0,1145,11,DON VALLEY PARKWAY  S,WYNFORD DR,200 m North of,NULL,North York,16,33,Mid-Block,Non Intersection,No Control,Clear,Daylight,Dry,Non-Fatal Injury,Rear End,D33,42,Banbury-Don Mills (42),-79.3303,43.7284,NULL,NULL,N,NULL,NULL,NULL
5000513611,2015,00:00.0,2053,20,EGLINTON AVE E,VICTORIA PARK AVE,3 m West of,1,North York,NULL,NULL,Intersection,Non Intersection,No Control,Clear,"Dark, artificial",Dry,Fatal,Pedestrian Collisions,D41,119,Wexford/Maryvale (119),-79.3026,43.7247,NULL,NULL,N,NULL,NULL,NULL
5000516977,2015,00:00.0,1238,12,JANE ST,MAPLE LEAF DR,50 m South of,1,Etobicoke York,5,12,Mid-Block,Non Intersection,No Control,Clear,Daylight,Dry,Non-Fatal Injury,Sideswipe,D12,28,Rustic (28),-79.5054,43.7087,NULL,NULL,N,NULL,NULL,NULL
5000580621,2015,00:00.0,1427,14,APEX RD,LAWRENCE AVE W,NULL,1,North York,8,NULL,Intersection,At Intersection,Traffic Signal,Rain,Daylight,Wet,Non-Fatal Injury,Pedestrian Collisions,D13,31,Yorkdale-Glen Park (31),-79.4585,43.7132,NULL,NULL,N,NULL,NULL,NULL
5000589583,2015,00:00.0,304,3,KENNEDY RD,EGLINTON AVE E,NULL,1,Scarborough,NULL,41,Intersection,At Intersection,Traffic Signal,Rain,"Dark, artificial",Wet,Non-Fatal Injury,Angle,D41,124,Kennedy Park (124),-79.2679,43.7321,NULL,NULL,N,NULL,NULL,NULL
5000666173,2015,00:00.0,1402,14,3 RAINIER SQ,NULL,4 m South of,4,Scarborough,22,42,Intersection,Private Driveway,Stop Sign,Clear,Daylight,Dry,Non-Fatal Injury,SMV Other,D42,117,L'Amoreaux (117),-79.303,43.7942,NULL,NULL,N,NULL,NULL,NULL
4003375177,2014,00:00.0,1808,18,GERRARD ST E,VICTORIA PARK AVE,NULL,3,Scarborough,20,41,Mid-Block,Non Intersection,No Control,Clear,"Dark, artificial",Dry,Non-Fatal Injury,Pedestrian Collisions,D41,122,Birchcliffe-Cliffside (122),-79.2859,43.6869,NULL,NULL,N,NULL,NULL,NULL
5001126666,2015,00:00.0,1340,13,FINCH AVE E,GORDON BAKER RD,10 m West of,1,North York,17,33,Intersection,At Intersection,Traffic Signal,Clear,Daylight,Dry,Non-Fatal Injury,Pedestrian Collisions,D33,46,Pleasant View (46),-79.3412,43.7951,-79.3412,43.7951,Y,Finch Ave E,Gordon Baker Rd,2017-11-30
5000922282,2015,00:00.0,1233,12,LAWRENCE AVE E,MCCOWAN RD,NULL,1,Scarborough,NULL,43,Intersection,At Intersection,Traffic Signal,Clear,Daylight,Dry,Fatal,Pedestrian Collisions,D43,137,Woburn (137),-79.2454,43.7555,-79.2454,43.7555,Y,Lawrence Ave E,McCowan Rd,2021-08-16
5000526787,2015,00:00.0,815,8,WARDEN AVE,MCNICOLL AVE,NULL,1,Scarborough,22,42,Mid-Block,Non Intersection,No Control,Clear,Daylight,Wet,Non-Fatal Injury,SMV Other,D42,116,Steeles (116),-79.3207,43.8056,NULL,NULL,N,NULL,NULL,NULL
5000670962,2015,00:00.0,1018,10,VICTORIA PARK AVE,ST CLAIR AVE E,NULL,1,Toronto and East York,NULL,NULL,Intersection,At Intersection,Traffic Controller,Clear,Daylight,Dry,Non-Fatal Injury,Pedestrian Collisions,D41,120,Clairlea-Birchmount (120),-79.2959,43.7087,NULL,NULL,N,NULL,NULL,NULL
4003325282,2014,00:00.0,1804,18,MOORE PARK AVE,HILDA AVE,NULL,2,North York,18,32,Intersection,At Intersection,Stop Sign,Clear,"Dark, artificial",Dry,Non-Fatal Injury,Cyclist Collisions,D32,36,Newtonbrook West (36),-79.4268,43.7921,NULL,NULL,N,NULL,NULL,NULL
4003346463,2014,00:00.0,545,5,WILLIAM R ALLEN RD,SHEPPARD AVE W,200 m South of,1,NULL,6,32,Mid-Block,At/Near Private Drive,No Control,Clear,"Dark, artificial",Dry,Non-Fatal Injury,Turning Movement,D32,26,Downsview-Roding-CFB (26),-79.4628,43.7486,NULL,NULL,N,NULL,NULL,NULL
142510103,2014,00:00.0,1615,16,MCRAE DR,MILLWOOD RD,NULL,2,North York,15,53,Intersection,At Intersection,Traffic Signal,Clear,Daylight,Dry,Fatal,Pedestrian Collisions,D53,56,Leaside-Bennington (56),-79.3681,43.7047,NULL,NULL,N,NULL,NULL,NULL
5001366372,2015,00:00.0,2110,21,MEADOWVALE RD,SHEPPARD AVE E,35 m North of,2,Scarborough,25,42,Mid-Block,Intersection Related,No Control,Clear,"Dark, artificial",Dry,Fatal,Pedestrian Collisions,D42,131,Rouge (131),-79.171,43.8088,NULL,NULL,N,NULL,NULL,NULL
5000423922,2015,00:00.0,1930,19,FALMOUTH AVE,EGLINTON AVE E,NULL,1,Scarborough,NULL,41,Intersection,At Intersection,Traffic Signal,Clear,"Dark, artificial",Dry,Non-Fatal Injury,Pedestrian Collisions,D41,124,Kennedy Park (124),-79.2531,43.7355,NULL,NULL,N,NULL,NULL,NULL
5001750958,2015,00:00.0,1919,19,ISLINGTON AVE,DEERFOOT RD,NULL,1,Etobicoke York,2,23,Intersection,NULL,No Control,Clear,Dark,Dry,Fatal,Pedestrian Collisions,D23,7,Willowridge-Martingrove-Richview (7),-79.5413,43.6852,NULL,NULL,N,NULL,NULL,NULL
5001404706,2015,00:00.0,2152,21,LAKE SHORE BLVD W,JAMESON AVE,NULL,1,Toronto and East York,4,14,Intersection,Non Intersection,No Control,Clear,"Dark, artificial",Dry,Non-Fatal Injury,Approaching,D14,85,South Parkdale (85),-79.4345,43.6333,-79.4345,43.6333,Y,Lake Shore Blvd W,Jameson Ave,2017-07-10
5001518617,2015,00:00.0,736,7,PARK LAWN RD,LAKE SHORE BLVD W,NULL,1,Etobicoke York,3,22,Mid-Block,NULL,No Control,Clear,Daylight,Dry,Fatal,Pedestrian Collisions,D22,17,Mimico (17),-79.4817,43.6231,NULL,NULL,N,NULL,NULL,NULL
5001660901,2015,00:00.0,2058,20,MOUNT PLEASANT RD,STIBBARD AVE,25 m South of,1,North York,15,53,Intersection,Non Intersection,No Control,Clear,"Dark, artificial",Dry,Non-Fatal Injury,SMV Other,D53,99,Mount Pleasant East (99),-79.3936,43.7169,NULL,NULL,N,NULL,NULL,NULL
5001661734,2015,00:00.0,1,0,BURNHAMTHORPE RD,427 C N BURNHAMTHORPE RAMP,NULL,1,Etobicoke York,2,22,Intersection,At Intersection,Traffic Signal,Clear,"Dark, artificial",Dry,Fatal,Turning Movement,D22,14,Islington-City Centre West (14),-79.5616,43.6458,NULL,NULL,N,NULL,NULL,NULL
5001665605,2015,00:00.0,1718,17,DANFORTH AVE,ST DUNSTAN DR,NULL,1,Scarborough,20,41,Intersection,Intersection Related,No Control,Clear,Daylight,Dry,Non-Fatal Injury,Turning Movement,D41,121,Oakridge (121),-79.2855,43.6918,NULL,NULL,N,NULL,NULL,NULL
5001670080,2015,00:00.0,1220,12,HOMEWOOD AVE,WELLESLEY ST E,NULL,3,Toronto and East York,13,51,Intersection,At Intersection,Traffic Signal,Clear,Daylight,Dry,Non-Fatal Injury,Cyclist Collisions,D51,71,Cabbagetown-South St.James Town (71),-79.3758,43.6664,NULL,NULL,N,NULL,NULL,NULL
4003399258,2014,00:00.0,1716,17,1240 WARDEN AVE,NULL,NULL,1,Scarborough,21,41,Mid-Block,Non Intersection,No Control,Clear,"Dark, artificial",Dry,Non-Fatal Injury,Approaching,D41,119,Wexford/Maryvale (119),-79.2967,43.7502,NULL,NULL,N,NULL,NULL,NULL
4003437550,2014,00:00.0,1906,19,BRIMLEY RD,HUNTINGWOOD DR,46 m North of,1,Scarborough,23,42,Mid-Block,Non Intersection,No Control,Clear,"Dark, artificial",Dry,Non-Fatal Injury,SMV Other,D42,129,Agincourt North (129),-79.2736,43.799,NULL,NULL,N,NULL,NULL,NULL
143357519,2014,00:00.0,350,3,DON VALLEY PARKWAY  N,LEASIDE BDGE,NULL,1,Toronto and East York,14,54,Mid-Block,NULL,No Control,Rain,"Dark, artificial",Wet,Fatal,SMV Other,D54,58,Old East York (58),-79.3494,43.6975,NULL,NULL,N,NULL,NULL,NULL
4003538412,2014,00:00.0,1447,14,FINCH AVE W,SENLAC RD,49 m East of,1,North York,18,32,Mid-Block,Non Intersection,No Control,Rain,Daylight,Wet,Non-Fatal Injury,SMV Other,D32,37,Willowdale West (37),-79.4293,43.7766,NULL,NULL,N,NULL,NULL,NULL
5001722553,2015,00:00.0,621,6,MORNINGSIDE AVE,SHEPPARD AVE E,358 m North of,1,Scarborough,25,42,Mid-Block,Non Intersection,No Control,Clear,"Dawn, artificial",Dry,Fatal,Rear End,D42,131,Rouge (131),-79.2008,43.8051,NULL,NULL,N,NULL,NULL,NULL
4002915951,2014,00:00.0,1655,16,HUMBERWOOD BLVD,HULLRICK DR,15 m East of,2,Etobicoke York,1,23,Intersection,Non Intersection,No Control,Rain,Daylight,Wet,Non-Fatal Injury,Approaching,D23,1,West Humber-Clairville (1),-79.6199,43.7236,NULL,NULL,N,NULL,NULL,NULL
5001640604,2015,00:00.0,1751,17,QUEEN ST E,BERKELEY ST,2 m West of,1,Toronto and East York,13,51,Intersection,Intersection Related,No Control,Clear,Daylight,Dry,Fatal,Pedestrian Collisions,D51,73,Moss Park (73),-79.3657,43.6553,NULL,NULL,N,NULL,NULL,NULL
4002874669,2014,00:00.0,1115,11,ANNETTE ST,PACIFIC AVE,NULL,3,Toronto and East York,4,11,Intersection,At Intersection,Traffic Signal,Clear,Daylight,Dry,Non-Fatal Injury,Pedestrian Collisions,D11,90,Junction Area (90),-79.4676,43.6632,NULL,NULL,N,NULL,NULL,NULL
5000020238,2015,00:00.0,1904,19,BATHURST ST,COLLEGE ST,60 m North of,1,Toronto and East York,11,14,Mid-Block,Non Intersection,Pedestrian Crossover,Snow,"Dark, artificial",Wet,Non-Fatal Injury,Pedestrian Collisions,D14,79,University (79),-79.4082,43.6576,NULL,NULL,N,NULL,NULL,NULL
5000716436,2015,00:00.0,1637,16,2628 MCCOWAN RD,NULL,NULL,1,Scarborough,23,42,Mid-Block,Non Intersection,No Control,Clear,Daylight,Dry,Non-Fatal Injury,Approaching,D42,129,Agincourt North (129),-79.2661,43.8071,NULL,NULL,N,NULL,NULL,NULL
5001507362,2015,00:00.0,1400,14,STEELES AVE E,DON MILLS RD,NULL,1,North York,17,33,Intersection,At Intersection,Traffic Signal,Clear,Daylight,Dry,Non-Fatal Injury,Angle,D33,48,Hillcrest Village (48),-79.3607,43.8111,-79.3607,43.8111,Y,Steeles Ave E,Don Mills Rd,2021-09-13
5001603828,2015,00:00.0,1940,19,KENNEDY RD,PERTHSHIRE ST,NULL,1,Scarborough,22,42,Intersection,Intersection Related,No Control,Clear,"Dark, artificial",Dry,Non-Fatal Injury,Pedestrian Collisions,D42,130,Milliken (130),-79.3004,43.8089,NULL,NULL,N,NULL,NULL,NULL
5000679922,2015,00:00.0,1804,18,HUPFIELD TRL,GLANVIL CRES,20 m South of,2,Scarborough,25,42,Intersection,Non Intersection,No Control,Clear,Daylight,Dry,Non-Fatal Injury,SMV Other,D42,132,Malvern (132),-79.2196,43.8139,NULL,NULL,N,NULL,NULL,NULL
948249,2007,00:00.0,1335,13,LAKE SHORE Blvd E,CARLAW Ave,NULL,1,Toronto and East York,14,55,Intersection,At Intersection,Traffic Signal,Clear,Daylight,Dry,Non-Fatal Injury,Rear End,D55,70,South Riverdale (70),-79.3373,43.6549,NULL,NULL,N,NULL,NULL,NULL
4003389037,2014,00:00.0,2245,22,55 BELMONT ST,NULL,NULL,3,Toronto and East York,11,53,Mid-Block,Non Intersection,No Control,Clear,"Dark, artificial",Dry,Non-Fatal Injury,Pedestrian Collisions,D53,95,Annex (95),-79.391,43.6751,NULL,NULL,N,NULL,NULL,NULL
1357700,2013,00:00.0,1314,13,JARVIS St,QUEEN St E,NULL,1,Toronto and East York,13,51,Intersection,At Intersection,Traffic Signal,Clear,Daylight,Dry,Non-Fatal Injury,Pedestrian Collisions,D51,73,Moss Park (73),-79.3732,43.6537,NULL,NULL,N,NULL,NULL,NULL
1353471,2013,00:00.0,1542,15,KINGSTON RD,CELESTE DR,NULL,1,Scarborough,24,43,Intersection,At Intersection,Traffic Signal,Clear,Daylight,Dry,Non-Fatal Injury,Pedestrian Collisions,D43,136,West Hill (136),-79.1992,43.757,NULL,NULL,N,NULL,NULL,NULL
1376894,2013,00:00.0,1627,16,CHURCH ST,HAYDEN ST,NULL,3,Toronto and East York,11,51,Intersection,At Intersection,Stop Sign,Clear,Daylight,Dry,Non-Fatal Injury,Pedestrian Collisions,D51,75,Church-Yonge Corridor (75),-79.3828,43.6701,NULL,NULL,N,NULL,NULL,NULL
1365621,2013,00:00.0,1845,18,FINCH AVE E,MIDLAND AVE,NULL,1,Scarborough,NULL,42,Intersection,At Intersection,Traffic Signal,Clear,Daylight,Dry,Non-Fatal Injury,Pedestrian Collisions,D42,129,Agincourt North (129),-79.2862,43.8037,NULL,NULL,N,NULL,NULL,NULL
1369859,2013,00:00.0,950,9,BATHURST ST,FAIRLAWN AVE,NULL,1,North York,8,32,Intersection,At Intersection,Traffic Signal,Rain,Daylight,Wet,Non-Fatal Injury,Pedestrian Collisions,D32,39,Bedford Park-Nortown (39),-79.431,43.725,NULL,NULL,N,NULL,NULL,NULL
1361068,2013,00:00.0,1336,13,83 MARKHAM ST,NULL,NULL,4,Toronto and East York,10,14,Mid-Block,NULL,No Control,Clear,Daylight,Dry,Non-Fatal Injury,Pedestrian Collisions,D14,81,Trinity-Bellwoods (81),-79.4065,43.6502,NULL,NULL,N,NULL,NULL,NULL
1347681,2013,00:00.0,1030,10,HIGHWAY 427 C  N,BURNHAMTHORPE RD,NULL,NULL,Etobicoke York,2,22,Mid-Block,NULL,No Control,Clear,Daylight,Dry,Non-Fatal Injury,Pedestrian Collisions,D22,14,Islington-City Centre West (14),-79.564,43.6485,NULL,NULL,N,NULL,NULL,NULL
1349360,2013,00:00.0,730,7,15 BESSARION Rd,AT #15,NULL,4,North York,17,33,Mid-Block,NULL,No Control,Clear,Dark,Dry,Non-Fatal Injury,Pedestrian Collisions,D33,52,Bayview Village (52),-79.3759,43.7668,NULL,NULL,N,NULL,NULL,NULL
1353552,2013,00:00.0,2350,23,JARVIS ST,ADELAIDE ST E,NULL,1,Toronto and East York,13,51,Intersection,At Intersection,Traffic Signal,Rain,Dark,Wet,Non-Fatal Injury,Pedestrian Collisions,D51,73,Moss Park (73),-79.3723,43.6515,NULL,NULL,N,NULL,NULL,NULL
1361618,2013,00:00.0,1530,15,PORTLAND ST,WESLEY ST,NULL,2,Etobicoke York,3,22,Intersection,At Intersection,No Control,Clear,Daylight,Dry,Non-Fatal Injury,Pedestrian Collisions,D22,17,Mimico (17),-79.4964,43.6197,NULL,NULL,N,NULL,NULL,NULL
1372188,2013,00:00.0,1117,11,STEELES AVE E,LESLIE ST,NULL,1,North York,17,33,Intersection,At Intersection,Traffic Signal,Clear,Daylight,Dry,Non-Fatal Injury,Turning Movement,D33,49,Bayview Woods-Steeles (49),-79.3724,43.8084,NULL,NULL,N,NULL,NULL,NULL
1373423,2013,00:00.0,1420,14,LAKE SHORE BLVD W,LOWER SIMCOE ST,NULL,8,Toronto and East York,10,52,Intersection,NULL,Traffic Signal,Rain,Daylight,Wet,Non-Fatal Injury,Pedestrian Collisions,D52,77,Waterfront Communities-The Island (77),-79.3831,43.6403,-79.3831,43.6403,Y,Lake Shore Blvd W,Lower Simcoe St,2021-09-13
1352962,2013,00:00.0,843,8,MURRIE ST,ROYAL YORK RD,NULL,3,Etobicoke York,3,22,Intersection,At Intersection,Stop Sign,Rain,Daylight,Wet,Non-Fatal Injury,SMV Other,D22,17,Mimico (17),-79.494,43.6058,NULL,NULL,N,NULL,NULL,NULL
1357570,2013,00:00.0,1624,16,MORNINGSIDE Ave,BEATH St,NULL,1,Scarborough,NULL,43,Intersection,NULL,No Control,Rain,Daylight,Wet,Non-Fatal Injury,Sideswipe,D43,136,West Hill (136),-79.1886,43.7747,NULL,NULL,N,NULL,NULL,NULL
1340591,2013,00:00.0,1626,16,QUEEN ST W,AUGUSTA AVE,NULL,1,Toronto and East York,10,14,Intersection,NULL,Traffic Signal,Clear,Daylight,Dry,Non-Fatal Injury,Cyclist Collisions,D14,77,Waterfront Communities-The Island (77),-79.3996,43.648,NULL,NULL,N,NULL,NULL,NULL
3001002195,2013,00:00.0,1820,18,VICTORIA PARK AVE,SUNRISE AVE,NULL,1,North York,NULL,NULL,Intersection,NULL,Traffic Signal,Clear,"Dark, artificial",Dry,Non-Fatal Injury,Pedestrian Collisions,D41,120,Clairlea-Birchmount (120),-79.3005,43.7197,NULL,NULL,N,NULL,NULL,NULL
1371165,2013,00:00.0,1516,15,KENNEDY RD,CARDWELL AVE,NULL,1,Scarborough,22,42,Intersection,At Intersection,Traffic Signal,Clear,Daylight,Dry,Non-Fatal Injury,Pedestrian Collisions,D42,128,Agincourt South-Malvern West (128),-79.2894,43.7857,NULL,NULL,N,NULL,NULL,NULL
4001426631,2014,00:00.0,1740,17,BRIMLEY RD,HIGHWAY 401 C  W,NULL,1,Scarborough,NULL,NULL,Mid-Block,Non Intersection,No Control,Clear,"Dark, artificial",Dry,Non-Fatal Injury,Approaching,D42,128,Agincourt South-Malvern West (128),-79.2648,43.7795,NULL,NULL,N,NULL,NULL,NULL
1338611,2012,00:00.0,1900,19,WOODFIELD RD,FAIRFORD AVE,NULL,2,Toronto and East York,14,55,Intersection,At Intersection,Stop Sign,Freezing Rain,"Dark, artificial",Wet,Non-Fatal Injury,Pedestrian Collisions,D55,65,Greenwood-Coxwell (65),-79.3248,43.674,NULL,NULL,N,NULL,NULL,NULL
1339123,2012,00:00.0,535,5,LAKE SHORE BLVD W,YORK ST,NULL,1,Toronto and East York,10,52,Intersection,At Intersection,Traffic Signal,Clear,Dark,Dry,Non-Fatal Injury,Pedestrian Collisions,D52,77,Waterfront Communities-The Island (77),-79.3808,43.6414,-79.3808,43.6414,Y,Lake Shore Blvd W,York St,2007-11-09
1368998,2013,00:00.0,2122,21,KEELE ST,WILSON AVE,NULL,1,North York,6,31,Intersection,At Intersection,Traffic Signal,Clear,"Dark, artificial",Dry,Non-Fatal Injury,Turning Movement,D31,26,Downsview-Roding-CFB (26),-79.482,43.7266,-79.482,43.7266,Y,Keele St,Wilson Ave,2017-10-20
1388623,2013,00:00.0,2240,22,BAY ST,LAKE SHORE BLVD W,NULL,1,Toronto and East York,10,52,Mid-Block,NULL,No Control,Clear,"Dark, artificial",Dry,Non-Fatal Injury,Pedestrian Collisions,D52,77,Waterfront Communities-The Island (77),-79.3783,43.6441,NULL,NULL,N,NULL,NULL,NULL
1328386,2012,00:00.0,1053,10,RUNNYMEDE RD,DUNDAS ST W,NULL,1,Toronto and East York,4,11,Intersection,At Intersection,Traffic Signal,Clear,Daylight,Dry,Non-Fatal Injury,Rear End,D11,90,Junction Area (90),-79.482,43.6655,NULL,NULL,N,NULL,NULL,NULL
3000989119,2013,00:00.0,1506,15,MEADOWVALE RD,DEAN PARK  RD,NULL,3,Scarborough,25,42,Intersection,At Intersection,Traffic Signal,Clear,Daylight,Dry,Non-Fatal Injury,Angle,D42,131,Rouge (131),-79.1687,43.8042,-79.1687,43.8042,Y,Meadowvale Rd,Dean Park Rd,2022-03-30