ACCNUM,YEAR,DATE,TIME,HOUR,STREET1,STREET2,OFFSET,ROAD_CLASS,DISTRICT,WARDNUM,DIVISION,LOCCOORD,ACCLOC,TRAFFCTL,VISIBILITY,LIGHT,RDSFCOND,ACCLASS,IMPACTYPE,POLICE_DIVISION,HOOD_ID,NEIGHBOURHOOD,collision_lat,collision_long,red_light_lat,red_light_long,right_light_camera,LINEAR_NAME_FULL_1,LINEAR_NAME_FULL_2,ACTIVATION_DATE
1362428,2013,00:00.0,800,8,VICTORIA PARK AVE,MUSGRAVE ST,NULL,1,Toronto and East York,NULL,NULL,Intersection,At Intersection,Traffic Signal,Clear,Daylight,Dry,Non-Fatal Injury,Pedestrian Collisions,D41,122,Birchcliffe-Cliffside (122),-79.2869,43.6879,NULL,NULL,N,NULL,NULL,NULL
141513588,2014,00:00.0,127,1,DANFORTH RD,HIBBERTS DR,NULL,3,Scarborough,20,41,Intersection,NULL,No Control,Clear,"Dark, artificial",Dry,Fatal,Pedestrian Collisions,D41,120,Clairlea-Birchmount (120),-79.267,43.7087,NULL,NULL,N,NULL,NULL,NULL
4001374034,2014,00:00.0,1702,17,KINGSTON RD,GLEN EVEREST RD,NULL,1,Scarborough,20,41,Intersection,At Intersection,Traffic Signal,Snow,"Dark, artificial",Ice,Non-Fatal Injury,SMV Other,D41,122,Birchcliffe-Cliffside (122),-79.2567,43.6975,NULL,NULL,N,NULL,NULL,NULL
4001608537,2014,00:00.0,1432,14,YONGE ST,BALLIOL ST,NULL,1,Toronto and East York,12,53,Intersection,Non Intersection,No Control,Clear,Daylight,Dry,Non-Fatal Injury,Pedestrian Collisions,D53,104,Mount Pleasant West (104),-79.3964,43.6973,NULL,NULL,N,NULL,NULL,NULL
1336620,2012,00:00.0,650,6,VICTORIA PARK AVE,LAWRENCE AVE E,NULL,1,North York,NULL,NULL,Intersection,At Intersection,Traffic Signal,Clear,"Dawn, artificial",Dry,Non-Fatal Injury,Pedestrian Collisions,D41,119,Wexford/Maryvale (119),-79.3097,43.7421,NULL,NULL,N,NULL,NULL,NULL
1373498,2013,00:00.0,800,8,SENTINEL RD,LAMBERTON BLVD,NULL,2,Etobicoke York,7,31,Intersection,At Intersection,Stop Sign,Clear,Daylight,Dry,Fatal,Pedestrian Collisions,D31,27,York University Heights (27),-79.4995,43.7538,NULL,NULL,N,NULL,NULL,NULL
1388126,2013,00:00.0,1032,10,DANFORTH AVE,CHISHOLM AVE,NULL,1,Toronto and East York,19,NULL,Mid-Block,NULL,No Control,Clear,Daylight,Dry,Non-Fatal Injury,Turning Movement,D55,62,East End-Danforth (62),-79.3033,43.6878,NULL,NULL,N,NULL,NULL,NULL
1383954,2013,00:00.0,45,0,DUFFERIN ST,ST CLAIR AVE W,NULL,1,Toronto and East York,9,13,Intersection,Intersection Related,No Control,Rain,"Dark, artificial",Wet,Non-Fatal Injury,Pedestrian Collisions,D13,92,Corso Italia-Davenport (92),-79.443,43.6778,NULL,NULL,N,NULL,NULL,NULL
4001484501,2014,00:00.0,806,8,LAKE SHORE BLVD W,PRIMROSE AVE,NULL,1,Etobicoke York,3,22,Intersection,Non Intersection,No Control,Clear,Daylight,Wet,Non-Fatal Injury,Angle,D22,17,Mimico (17),-79.4891,43.614,NULL,NULL,N,NULL,NULL,NULL
4001500296,2014,00:00.0,2134,21,2087 ELLESMERE RD,NULL,43 m West of,1,Scarborough,24,43,Mid-Block,Non Intersection,No Control,Clear,"Dark, artificial",Slush,Non-Fatal Injury,Approaching,D43,137,Woburn (137),-79.2328,43.7761,NULL,NULL,N,NULL,NULL,NULL
1384688,2013,00:00.0,1345,13,BLOOR St W,PRINCE EDWARD Dr S,NULL,1,Etobicoke York,3,22,Intersection,At Intersection,Traffic Signal,Clear,Daylight,Dry,Non-Fatal Injury,Turning Movement,D22,16,Stonegate-Queensway (16),-79.5054,43.6486,NULL,NULL,N,NULL,NULL,NULL
1386526,2013,00:00.0,722,7,ROSELAWN AVE,BATHURST ST,NULL,1,North York,8,NULL,Intersection,NULL,Traffic Signal,Clear,Daylight,Dry,Non-Fatal Injury,Angle,D53,102,Forest Hill North (102),-79.4263,43.7051,NULL,NULL,N,NULL,NULL,NULL
4001342712,2014,00:00.0,1518,15,3 BELL ROYAL CRT,NULL,NULL,4,Etobicoke York,2,22,Mid-Block,At/Near Private Drive,No Control,Clear,Daylight,Ice,Non-Fatal Injury,Pedestrian Collisions,D22,9,Edenbridge-Humber Valley (9),-79.5216,43.6724,NULL,NULL,N,NULL,NULL,NULL
4001617003,2014,00:00.0,2049,20,3035 YONGE ST,NULL,NULL,1,North York,NULL,53,Mid-Block,At/Near Private Drive,No Control,Clear,"Dark, artificial",Dry,Non-Fatal Injury,Pedestrian Collisions,D53,103,Lawrence Park South (103),-79.402,43.7242,NULL,NULL,N,NULL,NULL,NULL
3001877674,2013,00:00.0,837,8,YORK MILLS RD,SILVERDALE CRES,NULL,1,North York,16,33,Intersection,At Intersection,Traffic Signal,Rain,"Daylight, artificial",Dry,Non-Fatal Injury,Pedestrian Collisions,D33,45,Parkwoods-Donalda (45),-79.3413,43.757,NULL,NULL,N,NULL,NULL,NULL
1386767,2013,00:00.0,1515,15,1092 KEELE ST,NULL,NULL,4,Etobicoke York,NULL,12,Mid-Block,NULL,No Control,Clear,Daylight,Dry,Non-Fatal Injury,Pedestrian Collisions,D12,91,Weston-Pellam Park (91),-79.4703,43.6791,NULL,NULL,N,NULL,NULL,NULL
4002712534,2014,00:00.0,515,5,KENNEDY RD,BONIS AVE,4 m North of,1,Scarborough,22,42,Intersection,Intersection Related,Traffic Signal,Clear,"Dark, artificial",Dry,Fatal,Pedestrian Collisions,D42,128,Agincourt South-Malvern West (128),-79.2894,43.7857,NULL,NULL,N,NULL,NULL,NULL
131031283,2013,00:00.0,1521,15,100 STEELES AVE W,NULL,NULL,1,North York,18,32,Intersection,NULL,Traffic Signal,Clear,"Dark, artificial",Dry,Fatal,Pedestrian Collisions,D32,36,Newtonbrook West (36),-79.4247,43.7969,NULL,NULL,N,NULL,NULL,NULL
4002160939,2014,00:00.0,755,7,STEELES AVE W,PETER KAISER GT,NULL,1,Etobicoke York,7,31,Mid-Block,Non Intersection,No Control,Clear,Daylight,Dry,Non-Fatal Injury,Cyclist Collisions,D31,24,Black Creek (24),-79.5277,43.7741,NULL,NULL,N,NULL,NULL,NULL
4002721774,2014,00:00.0,1645,16,OSSINGTON AVE,DEWSON ST,NULL,3,Toronto and East York,NULL,14,Intersection,At Intersection,No Control,Clear,Daylight,Dry,Non-Fatal Injury,Turning Movement,D14,80,Palmerston-Little Italy (80),-79.4237,43.657,NULL,NULL,N,NULL,NULL,NULL
4002755635,2014,00:00.0,1805,18,ROYAL YORK RD,ASHLEY RD,NULL,3,Etobicoke York,2,22,Intersection,At Intersection,No Control,Clear,Daylight,Dry,Non-Fatal Injury,Cyclist Collisions,D22,9,Edenbridge-Humber Valley (9),-79.5183,43.6631,NULL,NULL,N,NULL,NULL,NULL
4002788366,2014,00:00.0,1719,17,YONGE ST,HOMEWOOD AVE,NULL,1,North York,18,32,Intersection,Non Intersection,No Control,Clear,Daylight,Dry,Non-Fatal Injury,Rear End,D32,50,Newtonbrook East (50),-79.4183,43.7911,NULL,NULL,N,NULL,NULL,NULL
1388425,2013,00:00.0,1130,11,WARDEN Ave,FINCH Ave E,NULL,1,Scarborough,22,42,Intersection,NULL,Traffic Signal,Clear,Daylight,Dry,Non-Fatal Injury,Turning Movement,D42,117,L'Amoreaux (117),-79.3157,43.7967,-79.3157,43.7967,Y,Finch Ave E,Warden Ave,2021-06-30
1386112,2013,00:00.0,855,8,GERRARD ST W,UNIVERSITY AVE,NULL,3,Toronto and East York,11,52,Mid-Block,NULL,No Control,Clear,Daylight,Wet,Non-Fatal Injury,Pedestrian Collisions,D52,76,Bay Street Corridor (76),-79.3881,43.6578,NULL,NULL,N,NULL,NULL,NULL
131086760,2013,00:00.0,2100,21,MARKLAND DR,BLOOR ST W,NULL,1,Etobicoke York,2,22,Intersection,NULL,Traffic Signal,Clear,"Dark, artificial",Dry,Fatal,Pedestrian Collisions,D22,12,Markland Wood (12),-79.5707,43.6335,NULL,NULL,N,NULL,NULL,NULL
131092293,2013,00:00.0,1847,18,DUMONT ST,OTONABEE AVE,NULL,4,North York,18,32,Intersection,NULL,No Control,Clear,"Dark, artificial",Dry,Fatal,Pedestrian Collisions,D32,50,Newtonbrook East (50),-79.4157,43.7953,NULL,NULL,N,NULL,NULL,NULL
1381694,2013,00:00.0,1130,11,O CONNOR Dr,SUNRISE Ave,NULL,1,Toronto and East York,19,54,Mid-Block,NULL,No Control,Clear,Daylight,Dry,Non-Fatal Injury,Other,D54,43,Victoria Village (43),-79.3045,43.7184,NULL,NULL,N,NULL,NULL,NULL
4002717713,2014,00:00.0,51,0,FINCH AVENUE WEST,ISLINGTON AVENUE,NULL,1,Etobicoke York,NULL,NULL,Intersection,Intersection Related,Traffic Signal,Clear,"Dark, artificial",Dry,Non-Fatal Injury,Angle,D23,21,Humber Summit (21),-79.5686,43.7462,NULL,NULL,N,NULL,NULL,NULL
892658,2006,00:00.0,852,8,BLOOR ST W,DUNDAS ST W,NULL,1,Toronto and East York,4,11,Intersection,At Intersection,Traffic Signal,Clear,Daylight,Dry,Fatal,Pedestrian Collisions,D11,88,High Park North (88),-79.4524,43.6563,-79.4524,43.6563,Y,Dundas St W,Bloor St W,2009-08-11
896606,2006,00:00.0,925,9,BIRCHMOUNT RD,SANWOOD BLVD,NULL,1,Scarborough,22,42,Intersection,At Intersection,Traffic Signal,Clear,Daylight,Dry,Non-Fatal Injury,Turning Movement,D42,116,Steeles (116),-79.3144,43.8162,NULL,NULL,N,NULL,NULL,NULL
908702,2006,00:00.0,2358,23,GOSFORD BLVD,ARTECH CRT,NULL,2,Etobicoke York,7,31,Mid-Block,NULL,No Control,Clear,Dark,Dry,Non-Fatal Injury,SMV Other,D31,24,Black Creek (24),-79.5211,43.7633,NULL,NULL,N,NULL,NULL,NULL
905408,2006,00:00.0,550,5,KENNEDY RD,LAWRENCE AVE E,NULL,1,Scarborough,21,41,Intersection,At Intersection,Traffic Signal,Clear,"Dusk, artificial",Dry,Non-Fatal Injury,SMV Other,D41,126,Dorset Park (126),-79.2748,43.7494,NULL,NULL,N,NULL,NULL,NULL
4002797820,2014,00:00.0,610,6,KINGSTON  RD,WOODBINE AVE,NULL,1,Toronto and East York,19,55,Intersection,At Intersection,Traffic Signal,Clear,Dawn,Dry,Non-Fatal Injury,Turning Movement,D55,63,The Beaches (63),-79.3079,43.6739,NULL,NULL,N,NULL,NULL,NULL
905909,2006,00:00.0,1911,19,MANNING AVE,BLOOR ST W,NULL,4,Toronto and East York,11,14,Mid-Block,NULL,No Control,Clear,Daylight,Dry,Non-Fatal Injury,Pedestrian Collisions,D14,95,Annex (95),-79.4164,43.6653,NULL,NULL,N,NULL,NULL,NULL
899747,2006,00:00.0,1615,16,DUNDAS ST W,BLOOR ST W,NULL,1,Toronto and East York,4,11,Intersection,At Intersection,Traffic Signal,Rain,Daylight,Wet,Non-Fatal Injury,Pedestrian Collisions,D11,88,High Park North (88),-79.4524,43.6563,-79.4524,43.6563,Y,Dundas St W,Bloor St W,2009-08-11
897350,2006,00:00.0,1555,15,KINGSTON RD,EGLINTON AVE E,NULL,1,Scarborough,24,43,Mid-Block,NULL,No Control,Rain,Daylight,Wet,Non-Fatal Injury,Rear End,D43,139,Scarborough Village (139),-79.2095,43.7457,NULL,NULL,N,NULL,NULL,NULL
4002412292,2014,00:00.0,650,6,COXWELL AVE,GERRARD ST E,1 m North of,3,Toronto and East York,NULL,55,Intersection,At Intersection,Traffic Signal,Clear,Daylight,Dry,Non-Fatal Injury,SMV Other,D55,64,Woodbine Corridor (64),-79.3202,43.6752,NULL,NULL,N,NULL,NULL,NULL
917568,2006,00:00.0,1815,18,WINNETT AVE,HURSTING AVE,NULL,4,Toronto and East York,12,13,Mid-Block,NULL,No Control,Clear,Daylight,Dry,Non-Fatal Injury,Cyclist Collisions,D13,107,Oakwood Village (107),-79.4318,43.6862,NULL,NULL,N,NULL,NULL,NULL
893720,2006,00:00.0,343,3,WILLOWDALE AVE,MCKEE AVE,NULL,3,North York,18,32,Intersection,At Intersection,Stop Sign,Clear,Dark,Dry,Non-Fatal Injury,Angle,D32,51,Willowdale East (51),-79.4042,43.7749,NULL,NULL,N,NULL,NULL,NULL
908179,2006,00:00.0,2120,21,STEELES AVE W,SHALE GT,NULL,1,North York,6,31,Mid-Block,NULL,No Control,Clear,Dark,Dry,Non-Fatal Injury,Approaching,D31,27,York University Heights (27),-79.4866,43.7833,NULL,NULL,N,NULL,NULL,NULL
4008009492,2014,00:00.0,1320,13,BIRCHMOUNT RD,BONIS AVE,NULL,1,Scarborough,22,42,Intersection,At Intersection,Traffic Signal,Clear,Daylight,Wet,Non-Fatal Injury,Rear End,D42,118,Tam O'Shanter-Sullivan (118),-79.2993,43.7835,NULL,NULL,N,NULL,NULL,NULL
911913,2006,00:00.0,1624,16,DON MILLS RD,VAN HORNE AVE,NULL,1,North York,17,33,Intersection,At Intersection,Traffic Signal,Clear,Daylight,Dry,Non-Fatal Injury,Angle,D33,47,Don Valley Village (47),-79.3529,43.7873,NULL,NULL,N,NULL,NULL,NULL
902180,2006,00:00.0,1536,15,VAUGHAN RD,LOUISE AVE,NULL,3,Toronto and East York,12,13,Mid-Block,NULL,No Control,Rain,Daylight,Wet,Non-Fatal Injury,Pedestrian Collisions,D13,106,Humewood-Cedarvale (106),-79.4215,43.6849,NULL,NULL,N,NULL,NULL,NULL
891993,2006,00:00.0,2222,22,F G GARDINER XY  W,PARK LAWN RD,NULL,NULL,Etobicoke York,3,22,Mid-Block,NULL,No Control,Clear,Dark,Dry,Fatal,Sideswipe,D22,17,Mimico (17),-79.4814,43.6277,NULL,NULL,N,NULL,NULL,NULL
899914,2006,00:00.0,1825,18,232 VIEWMOUNT AVE,NULL,NULL,4,North York,8,13,Mid-Block,NULL,No Control,Clear,Daylight,Dry,Non-Fatal Injury,Pedestrian Collisions,D13,32,Englemount-Lawrence (32),-79.4391,43.708,NULL,NULL,N,NULL,NULL,NULL
900010,2006,00:00.0,1150,11,4559 SHEPPARD Aven E,NULL,NULL,1,Scarborough,23,42,Mid-Block,NULL,No Control,Clear,Daylight,Dry,Non-Fatal Injury,SMV Other,D42,128,Agincourt South-Malvern West (128),-79.2628,43.7887,NULL,NULL,N,NULL,NULL,NULL
906526,2006,00:00.0,1655,16,BRIMLEY RD,CHARTLAND BLVD S,NULL,1,Scarborough,23,42,Mid-Block,At Intersection,No Control,Clear,Daylight,Dry,Non-Fatal Injury,SMV Other,D42,129,Agincourt North (129),-79.2766,43.8047,NULL,NULL,N,NULL,NULL,NULL
913296,2006,00:00.0,2040,20,29 BLAIR ATHOL Cres,NULL,NULL,4,Etobicoke York,2,22,Mid-Block,NULL,No Control,Clear,Dusk,Dry,Non-Fatal Injury,Other,D22,10,Princess-Rosethorn (10),-79.5446,43.6672,NULL,NULL,N,NULL,NULL,NULL
1387447,2013,00:00.0,1527,15,KINGSTON RD,MIDLAND AVE,NULL,1,Scarborough,20,41,Intersection,NULL,Traffic Signal,Clear,Daylight,Dry,Non-Fatal Injury,Turning Movement,D41,123,Cliffcrest (123),-79.2481,43.7111,NULL,NULL,N,NULL,NULL,NULL
891189,2006,00:00.0,856,8,PAPE AVE,CANNING AVE,NULL,1,Toronto and East York,14,54,Intersection,NULL,No Control,Clear,Daylight,Dry,Non-Fatal Injury,Rear End,D54,66,Danforth (66),-79.346,43.6823,NULL,NULL,N,NULL,NULL,NULL
891178,2006,00:00.0,520,5,EGLINTON AVE W,BLACK CREEK DR,NULL,1,Etobicoke York,5,12,Intersection,At Intersection,Traffic Signal,Clear,Dark,Dry,Non-Fatal Injury,Angle,D12,110,Keelesdale-Eglinton West (110),-79.4828,43.6883,NULL,NULL,N,NULL,NULL,NULL
891641,2006,00:00.0,2159,21,DOVERCOURT RD,NORTHUMBERLAND ST,NULL,3,Toronto and East York,9,14,Mid-Block,NULL,No Control,Rain,Dark,Wet,Non-Fatal Injury,Pedestrian Collisions,D14,93,Dovercourt-Wallace Emerson-Junction (93),-79.4297,43.6625,NULL,NULL,N,NULL,NULL,NULL
920998,2006,00:00.0,916,9,2159 KIPLING AVE,NULL,NULL,1,Etobicoke York,1,23,Mid-Block,NULL,No Control,Clear,Daylight,Dry,Non-Fatal Injury,Pedestrian Collisions,D23,4,Rexdale-Kipling (4),-79.5711,43.7211,NULL,NULL,N,NULL,NULL,NULL
913263,2006,00:00.0,1820,18,KIPLING Aven,NEW TORONTO Stre,NULL,1,Etobicoke York,3,22,Mid-Block,NULL,No Control,Clear,Daylight,Dry,Non-Fatal Injury,SMV Other,D22,18,New Toronto (18),-79.5195,43.6045,NULL,NULL,N,NULL,NULL,NULL
917526,2006,00:00.0,1313,13,MARTIN GROVE RD,LEXINGTON AVE,NULL,3,Etobicoke York,1,23,Intersection,At Intersection,Traffic Signal,Clear,Daylight,Dry,Non-Fatal Injury,Turning Movement,D23,2,Mount Olive-Silverstone-Jamestown (2),-79.5953,43.7442,NULL,NULL,N,NULL,NULL,NULL
913040,2006,00:00.0,1758,17,QUEEN ST E,NEVILLE BLVD,NULL,3,Toronto and East York,19,55,Intersection,NULL,Stop Sign,Clear,Daylight,Dry,Non-Fatal Injury,Pedestrian Collisions,D55,63,The Beaches (63),-79.2818,43.6738,NULL,NULL,N,NULL,NULL,NULL
919641,2006,00:00.0,1335,13,ELLESMERE RD,POLLARD DR,NULL,1,Scarborough,21,41,Intersection,NULL,No Control,Clear,Daylight,Dry,Fatal,Pedestrian Collisions,D41,119,Wexford/Maryvale (119),-79.3129,43.7583,NULL,NULL,N,NULL,NULL,NULL
919517,2006,00:00.0,1040,10,DVP S EGLINTON RAMP E,EGLINTON AVE E,NULL,1,North York,16,NULL,Mid-Block,NULL,No Control,Clear,Daylight,Other,Non-Fatal Injury,Pedestrian Collisions,D54,44,Flemingdon Park (44),-79.3327,43.7221,NULL,NULL,N,NULL,NULL,NULL
921246,2006,00:00.0,236,2,WELLESLEY ST E,CHURCH ST,NULL,3,Toronto and East York,13,51,Intersection,At Intersection,Traffic Signal,Clear,Dark,Dry,Non-Fatal Injury,Pedestrian Collisions,D51,75,Church-Yonge Corridor (75),-79.3809,43.6657,NULL,NULL,N,NULL,NULL,NULL
923965,2006,00:00.0,958,9,100 UNWIN AVE,NULL,NULL,2,Toronto and East York,14,51,Intersection,NULL,Stop Sign,Clear,Daylight,Dry,Non-Fatal Injury,Cyclist Collisions,D51,70,South Riverdale (70),-79.3466,43.639,NULL,NULL,N,NULL,NULL,NULL
919520,2006,00:00.0,1142,11,MCCOWAN RD,SHEPPARD AVE E,NULL,1,Scarborough,23,42,Intersection,At Intersection,Traffic Signal,Clear,Daylight,Dry,Non-Fatal Injury,Pedestrian Collisions,D42,128,Agincourt South-Malvern West (128),-79.2587,43.7896,NULL,NULL,N,NULL,NULL,NULL
882024,2006,00:00.0,2325,23,STEELES AVE E,NINTH LINE ST,NULL,3,Scarborough,25,42,Mid-Block,NULL,No Control,Clear,Dark,Wet,Fatal,Approaching,D42,131,Rouge (131),-79.2247,43.8427,NULL,NULL,N,NULL,NULL,NULL
884714,2006,00:00.0,2220,22,MOUNT PLEASANT RD,WHITEHALL RD,NULL,1,Toronto and East York,11,53,Intersection,At Intersection,No Control,Rain,Dark,Wet,Fatal,Turning Movement,D53,98,Rosedale-Moore Park (98),-79.3834,43.684,NULL,NULL,N,NULL,NULL,NULL
903074,2006,00:00.0,920,9,KINGSTON RD,WARDEN AVE,NULL,1,Scarborough,20,41,Intersection,At Intersection,Traffic Signal,Clear,Daylight,Dry,Non-Fatal Injury,Pedestrian Collisions,D41,122,Birchcliffe-Cliffside (122),-79.2708,43.6877,NULL,NULL,N,NULL,NULL,NULL
893365,2006,00:00.0,607,6,1302 KING ST W,NULL,NULL,1,Toronto and East York,4,14,Intersection,NULL,No Control,Clear,Dark,Dry,Non-Fatal Injury,SMV Other,D14,85,South Parkdale (85),-79.431,43.6382,NULL,NULL,N,NULL,NULL,NULL
941522,2006,00:00.0,3,0,BLOOR ST W,DEVONSHIRE PL,NULL,1,Toronto and East York,11,NULL,Intersection,NULL,Yield Sign,Clear,Dark,Dry,Non-Fatal Injury,Pedestrian Collisions,D53,95,Annex (95),-79.3983,43.6678,NULL,NULL,N,NULL,NULL,NULL
923640,2006,00:00.0,600,6,JOHN ST,QUEEN ST W,NULL,1,Toronto and East York,10,52,Mid-Block,NULL,No Control,Clear,Dawn,Dry,Non-Fatal Injury,Pedestrian Collisions,D52,78,Kensington-Chinatown (78),-79.3911,43.6501,NULL,NULL,N,NULL,NULL,NULL
924041,2006,00:00.0,1536,15,OSLER ST,DAVENPORT RD,NULL,4,Toronto and East York,9,11,Mid-Block,NULL,No Control,Clear,Daylight,Dry,Non-Fatal Injury,Pedestrian Collisions,D11,91,Weston-Pellam Park (91),-79.4599,43.671,NULL,NULL,N,NULL,NULL,NULL
919141,2006,00:00.0,1828,18,RICHMOND ST E,PARLIAMENT ST,NULL,1,Toronto and East York,13,51,Mid-Block,NULL,No Control,Clear,Dark,Dry,Non-Fatal Injury,Pedestrian Collisions,D51,73,Moss Park (73),-79.362,43.655,NULL,NULL,N,NULL,NULL,NULL
934341,2006,00:00.0,830,8,F G GARDINER XY  W,ISLINGTON AVE,NULL,NULL,Etobicoke York,3,22,Mid-Block,NULL,NULL,Other,Daylight,Other,Non-Fatal Injury,Other,D22,17,Mimico (17),-79.5119,43.6206,NULL,NULL,N,NULL,NULL,NULL
900159,2006,00:00.0,857,8,QUEEN ST E,FALLINGBROOK RD,NULL,2,Scarborough,20,41,Intersection,At Intersection,Stop Sign,Clear,Daylight,Dry,Fatal,SMV Other,D41,122,Birchcliffe-Cliffside (122),-79.2763,43.6753,NULL,NULL,N,NULL,NULL,NULL
903839,2006,00:00.0,1900,19,BLACK CREEK DR,TRETHEWEY DR,NULL,1,Etobicoke York,5,12,Mid-Block,NULL,No Control,Clear,Daylight,Dry,Non-Fatal Injury,SMV Other,D12,112,Beechborough-Greenbrook (112),-79.4864,43.6952,NULL,NULL,N,NULL,NULL,NULL
925966,2006,00:00.0,117,1,YONGE ST,BREADALBANE ST,NULL,1,Toronto and East York,13,NULL,Intersection,At Intersection,Stop Sign,Clear,Dark,Dry,Non-Fatal Injury,Cyclist Collisions,D52,75,Church-Yonge Corridor (75),-79.3841,43.6638,NULL,NULL,N,NULL,NULL,NULL
4001988525,2014,00:00.0,1555,15,BLOOR ST W,MILL RD,NULL,1,Etobicoke York,2,22,Intersection,Intersection Related,Traffic Signal,Clear,Daylight,Dry,Non-Fatal Injury,Turning Movement,D22,12,Markland Wood (12),-79.5751,43.632,NULL,NULL,N,NULL,NULL,NULL
920182,2006,00:00.0,1440,14,BLOOR ST W,KENNEDY AVE,NULL,1,Toronto and East York,4,11,Intersection,NULL,No Control,Clear,Daylight,Dry,Non-Fatal Injury,Pedestrian Collisions,D11,87,High Park-Swansea (87),-79.4754,43.6512,NULL,NULL,N,NULL,NULL,NULL
4002524694,2014,00:00.0,2340,23,3900 JANE ST,NULL,NULL,1,Etobicoke York,7,31,Mid-Block,At/Near Private Drive,No Control,Clear,Daylight,Dry,Non-Fatal Injury,Cyclist Collisions,D31,25,Glenfield-Jane Heights (25),-79.5175,43.7566,NULL,NULL,N,NULL,NULL,NULL
4001989403,2014,00:00.0,1822,18,STEELES AVE W,HILDA AVE,NULL,1,North York,18,32,Intersection,At Intersection,Traffic Signal,Rain,Daylight,Wet,Non-Fatal Injury,Other,D32,36,Newtonbrook West (36),-79.4292,43.7959,NULL,NULL,N,NULL,NULL,NULL
4002018320,2014,00:00.0,1009,10,WOODBINE AVE,KINGSTON RD,NULL,1,Toronto and East York,19,55,Intersection,At Intersection,Traffic Signal,Clear,Daylight,Dry,Non-Fatal Injury,Cyclist Collisions,D55,63,The Beaches (63),-79.3079,43.6739,NULL,NULL,N,NULL,NULL,NULL
4002543282,2014,00:00.0,1745,17,DUFFERIN ST,CLOVERLAWN AVE,NULL,1,Toronto and East York,9,13,Intersection,At Intersection,Stop Sign,Clear,Daylight,Dry,Non-Fatal Injury,Turning Movement,D13,92,Corso Italia-Davenport (92),-79.4443,43.6812,NULL,NULL,N,NULL,NULL,NULL
142586405,2014,00:00.0,553,5,HUMBERLINE DR,FINCH AVE W,NULL,1,Etobicoke York,1,23,Intersection,At Intersection,Traffic Signal,Rain,"Dawn, artificial",Wet,Fatal,Pedestrian Collisions,D23,1,West Humber-Clairville (1),-79.6178,43.735,NULL,NULL,N,NULL,NULL,NULL
911355,2006,00:00.0,1325,13,SHUTER ST,BERKELEY ST,NULL,3,Toronto and East York,13,51,Intersection,At Intersection,No Control,Clear,Daylight,Dry,Non-Fatal Injury,Cyclist Collisions,D51,73,Moss Park (73),-79.3662,43.6566,NULL,NULL,N,NULL,NULL,NULL
4002650961,2014,00:00.0,100,1,REXDALE BLVD,HIGHWAY 27  N,17 m West of,1,Etobicoke York,1,23,Intersection,Non Intersection,Traffic Signal,Clear,"Dusk, artificial",Dry,Non-Fatal Injury,SMV Other,D23,1,West Humber-Clairville (1),-79.5956,43.7172,-79.5956,43.7172,Y,NULL,NULL,2021-06-11
942640,2006,00:00.0,1851,18,SHEPPARD AVE E,BARBERRY PL,NULL,1,North York,17,33,Intersection,At Intersection,Traffic Signal,Rain,Dark,Wet,Non-Fatal Injury,Turning Movement,D33,52,Bayview Village (52),-79.3849,43.7674,NULL,NULL,N,NULL,NULL,NULL
942557,2006,00:00.0,1805,18,DIXON Rd,CELESTINE Dr,NULL,1,Etobicoke York,NULL,23,Intersection,At Intersection,Traffic Signal,Rain,Dark,Wet,Non-Fatal Injury,Pedestrian Collisions,D23,7,Willowridge-Martingrove-Richview (7),-79.5624,43.6933,NULL,NULL,N,NULL,NULL,NULL
990835,2007,00:00.0,1855,18,RENFORTH DR,HIGHWAY 401 X  W,NULL,1,Etobicoke York,1,23,Mid-Block,NULL,No Control,Clear,Dark,Dry,Non-Fatal Injury,Cyclist Collisions,D23,1,West Humber-Clairville (1),-79.5913,43.669,NULL,NULL,N,NULL,NULL,NULL
957751,2007,00:00.0,1939,19,EGLINTON AVE W,BLACK CREEK DR,NULL,1,Etobicoke York,5,12,Intersection,At Intersection,Traffic Signal,Clear,Dark,Dry,Non-Fatal Injury,Turning Movement,D12,110,Keelesdale-Eglinton West (110),-79.4828,43.6883,NULL,NULL,N,NULL,NULL,NULL
4001659738,2014,00:00.0,2053,20,LOWER JARVIS ST,LAKE SHORE BLVD E,NULL,1,Toronto and East York,10,51,Intersection,At Intersection,Traffic Signal,Clear,"Dark, artificial",Dry,Non-Fatal Injury,Pedestrian Collisions,D51,77,Waterfront Communities-The Island (77),-79.3698,43.6455,NULL,NULL,N,NULL,NULL,NULL
4001700272,2014,00:00.0,1545,15,YORK ST,YORK ST GARDINER W  RAMP,NULL,1,Toronto and East York,10,52,Intersection,At Intersection,Traffic Signal,Clear,Daylight,Dry,Non-Fatal Injury,Pedestrian Collisions,D52,77,Waterfront Communities-The Island (77),-79.3808,43.6414,-79.3808,43.6414,Y,Lake Shore Blvd W,York St,2007-11-09
4001738828,2014,00:00.0,126,1,321 SCARBOROUGH GOLF CLUB RD,NULL,NULL,3,Scarborough,24,43,Mid-Block,Non Intersection,No Control,Clear,"Dark, artificial",Loose Sand or Gravel,Non-Fatal Injury,SMV Other,D43,137,Woburn (137),-79.212,43.7526,NULL,NULL,N,NULL,NULL,NULL