ACCNUM,YEAR,DATE,TIME,HOUR,STREET1,STREET2,OFFSET,ROAD_CLASS,DISTRICT,WARDNUM,DIVISION,LOCCOORD,ACCLOC,TRAFFCTL,VISIBILITY,LIGHT,RDSFCOND,ACCLASS,IMPACTYPE,POLICE_DIVISION,HOOD_ID,NEIGHBOURHOOD,collision_lat,collision_long,red_light_lat,red_light_long,right_light_camera,LINEAR_NAME_FULL_1,LINEAR_NAME_FULL_2,ACTIVATION_DATE
4001787575,2014,00:00.0,236,2,455 MILNER AVE,NULL,NULL,3,Scarborough,23,42,Mid-Block,Non Intersection,No Control,Clear,"Dark, artificial",Dry,Non-Fatal Injury,SMV Other,D42,132,Malvern (132),-79.2283,43.7916,NULL,NULL,N,NULL,NULL,NULL
142041479,2014,00:00.0,2108,21,RENFORTH DR,ERINGATE DR,NULL,3,Etobicoke York,2,22,Mid-Block,NULL,No Control,Clear,"Dusk, artificial",Dry,Fatal,Turning Movement,D22,11,Eringate-Centennial-West Deane (11),-79.5835,43.6604,NULL,NULL,N,NULL,NULL,NULL
4002056901,2014,00:00.0,1033,10,DUFFERIN ST,BRIDGELAND AVE,NULL,1,North York,8,32,Intersection,Intersection Related,Traffic Signal,Clear,Daylight,Dry,Non-Fatal Injury,Pedestrian Collisions,D32,31,Yorkdale-Glen Park (31),-79.4576,43.7269,NULL,NULL,N,NULL,NULL,NULL
921174,2006,00:00.0,1826,18,DON MILLS RD,FRESHMEADOW DR,NULL,1,North York,17,33,Intersection,At Intersection,Stop Sign,Clear,Daylight,Dry,Non-Fatal Injury,Cyclist Collisions,D33,48,Hillcrest Village (48),-79.3589,43.8089,NULL,NULL,N,NULL,NULL,NULL
4000008445,2014,00:00.0,1050,10,5450 LAWRENCE AVE E,NULL,NULL,3,Scarborough,25,43,Mid-Block,At/Near Private Drive,No Control,Clear,Daylight,Dry,Non-Fatal Injury,Cyclist Collisions,D43,133,Centennial Scarborough (133),-79.1395,43.7789,NULL,NULL,N,NULL,NULL,NULL
941532,2006,00:00.0,2046,20,ST CLAIR AVE W,JANE ST,NULL,1,Etobicoke York,5,NULL,Intersection,NULL,Traffic Signal,Clear,Dark,Dry,Non-Fatal Injury,SMV Other,D11,111,Rockcliffe-Smythe (111),-79.4917,43.6671,-79.4917,43.6671,Y,Jane St,St Clair Ave W,2021-08-16
4002628533,2014,00:00.0,1330,13,BURNHAMTHORPE RD,MILL RD,NULL,1,Etobicoke York,2,22,Intersection,Intersection Related,Traffic Signal,Clear,Daylight,Dry,Non-Fatal Injury,Turning Movement,D22,12,Markland Wood (12),-79.5843,43.6391,NULL,NULL,N,NULL,NULL,NULL
5000630061,2015,00:00.0,1540,15,LAKE SHORE BLVD E,LOWER JARVIS ST,NULL,1,Toronto and East York,10,51,Intersection,At Intersection,Traffic Signal,Clear,Daylight,Dry,Non-Fatal Injury,Turning Movement,D51,77,Waterfront Communities-The Island (77),-79.3698,43.6455,NULL,NULL,N,NULL,NULL,NULL
5000656009,2015,00:00.0,2123,21,FINCH AVE E,WAYSIDE AVE,10 m East of,1,Scarborough,22,42,Intersection,Intersection Related,Traffic Signal,Clear,"Dark, artificial",Dry,Non-Fatal Injury,Rear End,D42,117,L'Amoreaux (117),-79.2996,43.8005,NULL,NULL,N,NULL,NULL,NULL
4002084310,2014,00:00.0,1908,19,BLOOR ST W,DUNDAS ST W,NULL,1,Toronto and East York,4,11,Intersection,At Intersection,Traffic Signal,Rain,Dusk,Wet,Non-Fatal Injury,Pedestrian Collisions,D11,86,Roncesvalles (86),-79.4524,43.6563,-79.4524,43.6563,Y,Dundas St W,Bloor St W,2009-08-11
5000542079,2015,00:00.0,1615,16,ISLINGTON AVE,AYLESBURY RD,6 m South of,1,Etobicoke York,2,22,Intersection,Intersection Related,No Control,Clear,Daylight,Dry,Non-Fatal Injury,Rear End,D22,9,Edenbridge-Humber Valley (9),-79.5329,43.6663,NULL,NULL,N,NULL,NULL,NULL
5001160138,2015,00:00.0,1407,14,BAYVIEW AVE,WYCLIFFE CRES,26 m South of,1,North York,NULL,NULL,Intersection,Non Intersection,No Control,Clear,Daylight,Dry,Non-Fatal Injury,Rear End,D33,52,Bayview Village (52),-79.3899,43.7752,NULL,NULL,N,NULL,NULL,NULL
5001197879,2015,00:00.0,429,4,1500 EGLINTON AVE W,NULL,NULL,1,North York,NULL,13,Mid-Block,At/Near Private Drive,No Control,Clear,Dark,Dry,Non-Fatal Injury,Pedestrian Collisions,D13,108,Briar Hill-Belgravia (108),-79.4408,43.6977,NULL,NULL,N,NULL,NULL,NULL
5001648951,2015,00:00.0,110,1,LAKE SHORE BLVD W,ROYAL YORK RD,40 m West of,1,Etobicoke York,3,22,Mid-Block,Non Intersection,No Control,Clear,"Dark, artificial",Dry,Non-Fatal Injury,SMV Other,D22,17,Mimico (17),-79.4937,43.6033,NULL,NULL,N,NULL,NULL,NULL
5001136090,2015,00:00.0,8,0,KIPLING AVE,JUTLAND RD,NULL,1,Etobicoke York,3,22,Intersection,Intersection Related,No Control,Clear,"Dark, artificial",Dry,Fatal,Turning Movement,D22,14,Islington-City Centre West (14),-79.5288,43.6262,NULL,NULL,N,NULL,NULL,NULL
4001802886,2014,00:00.0,1715,17,AVENUE RD,FAIRLAWN AVE,NULL,1,North York,8,32,Intersection,At Intersection,Traffic Signal,Clear,Daylight,Dry,Non-Fatal Injury,Pedestrian Collisions,D32,39,Bedford Park-Nortown (39),-79.4179,43.7278,NULL,NULL,N,NULL,NULL,NULL
5001375207,2015,00:00.0,920,9,ANNETTE ST,KEELE ST,NULL,1,Toronto and East York,4,11,Intersection,At Intersection,Traffic Signal,Clear,Daylight,Dry,Non-Fatal Injury,Cyclist Collisions,D11,90,Junction Area (90),-79.4637,43.6636,NULL,NULL,N,NULL,NULL,NULL
4003176267,2014,00:00.0,2335,23,LAKE SHORE BLVD E,LOWER JARVIS ST,27 m East of,1,Toronto and East York,10,51,Intersection,At Intersection,Traffic Signal,Clear,"Dark, artificial",Dry,Non-Fatal Injury,Rear End,D51,77,Waterfront Communities-The Island (77),-79.3698,43.6455,NULL,NULL,N,NULL,NULL,NULL
4003213460,2014,00:00.0,1845,18,REXDALE BLVD,HIGHWAY 27  S,NULL,1,Etobicoke York,1,23,Intersection,At Intersection,Traffic Signal,Rain,"Dark, artificial",Wet,Non-Fatal Injury,Cyclist Collisions,D23,1,West Humber-Clairville (1),-79.5956,43.7172,-79.5956,43.7172,Y,NULL,NULL,2021-06-11
4001933544,2014,00:00.0,2201,22,VICTORIA PARK AVE,LAWRENCE AVE E,NULL,1,North York,NULL,NULL,Intersection,Intersection Related,Traffic Signal,Clear,"Dark, artificial",Dry,Non-Fatal Injury,Pedestrian Collisions,D33,119,Wexford/Maryvale (119),-79.3097,43.7421,NULL,NULL,N,NULL,NULL,NULL
5000456484,2015,00:00.0,1050,10,LAWRENCE AVE W,KEELE ST,98 m West of,1,Etobicoke York,5,12,Mid-Block,Non Intersection,No Control,Clear,Daylight,Dry,Non-Fatal Injury,Pedestrian Collisions,D12,30,Brookhaven-Amesbury (30),-79.4791,43.7082,NULL,NULL,N,NULL,NULL,NULL
941748,2006,00:00.0,1352,13,FINCH AVE W,ISLINGTON AVE,NULL,1,Etobicoke York,NULL,NULL,Intersection,At Intersection,Traffic Signal,Clear,Daylight,Dry,Non-Fatal Injury,Turning Movement,D23,21,Humber Summit (21),-79.5685,43.7462,NULL,NULL,N,NULL,NULL,NULL
942131,2006,00:00.0,2115,21,ST CLAIR AVE W,JANE ST,NULL,1,Etobicoke York,5,NULL,Intersection,NULL,Traffic Signal,Clear,Dark,Dry,Non-Fatal Injury,Angle,D11,111,Rockcliffe-Smythe (111),-79.4917,43.6671,-79.4917,43.6671,Y,Jane St,St Clair Ave W,2021-08-16
4003249661,2014,00:00.0,1130,11,BICKNELL AVE,WESTBURY CRES,NULL,2,Etobicoke York,5,12,Intersection,Non Intersection,Stop Sign,Clear,Daylight,Dry,Non-Fatal Injury,Pedestrian Collisions,D12,110,Keelesdale-Eglinton West (110),-79.4749,43.6845,NULL,NULL,N,NULL,NULL,NULL
7001157981,2017,00:00.0,1800,18,DANFORTH AVE,WOODYCREST AVE,33 m West of,1,Toronto and East York,14,NULL,Mid-Block,At/Near Private Drive,No Control,Clear,Daylight,Dry,Non-Fatal Injury,Cyclist Collisions,D55,69,Blake-Jones (69),-79.3421,43.6794,NULL,NULL,N,NULL,NULL,NULL
6002255305,2016,00:00.0,230,2,JARVIS ST,GERRARD ST E,84 m South of,1,Toronto and East York,13,51,Mid-Block,Non Intersection,No Control,Clear,"Dark, artificial",Wet,Non-Fatal Injury,Sideswipe,D51,73,Moss Park (73),-79.3755,43.6596,NULL,NULL,N,NULL,NULL,NULL
7001580093,2017,00:00.0,2141,21,YONGE ST,YONGE BLVD,NULL,1,North York,NULL,32,Intersection,At Intersection,Traffic Controller,Clear,"Daylight, artificial",Dry,Non-Fatal Injury,Cyclist Collisions,D32,41,Bridle Path-Sunnybrook-York Mills (41),-79.4045,43.7342,NULL,NULL,N,NULL,NULL,NULL
6002050023,2016,00:00.0,1354,13,BLOOR ST W,RENFORTH DR,10 m West of,1,Etobicoke York,2,22,Intersection,Intersection Related,No Control,Clear,Daylight,Dry,Non-Fatal Injury,Pedestrian Collisions,D22,13,Etobicoke West Mall (13),-79.5637,43.6352,NULL,NULL,N,NULL,NULL,NULL
6002260647,2016,00:00.0,2030,20,BIRCHMOUNT RD,CHALDEAN ST,9 m South of,1,Scarborough,22,42,Intersection,Intersection Related,Stop Sign,Clear,"Dark, artificial",Wet,Non-Fatal Injury,Pedestrian Collisions,D42,117,L'Amoreaux (117),-79.3034,43.7932,NULL,NULL,N,NULL,NULL,NULL
1036453,2008,00:00.0,1646,16,437 DANFORTH Ave,NULL,NULL,1,Toronto and East York,14,NULL,Mid-Block,NULL,No Control,Clear,Daylight,Dry,Non-Fatal Injury,Pedestrian Collisions,D55,68,North Riverdale (68),-79.3503,43.6777,NULL,NULL,N,NULL,NULL,NULL
7000342920,2017,00:00.0,615,6,KING ST W,JAMESON AVE,8 m East of,1,Toronto and East York,4,14,Intersection,At Intersection,Traffic Signal,Rain,Dawn,Wet,Non-Fatal Injury,Pedestrian Collisions,D14,85,South Parkdale (85),-79.4359,43.6371,NULL,NULL,N,NULL,NULL,NULL
6002160952,2016,00:00.0,712,7,BATHURST ST,REINER RD,NULL,1,North York,6,32,Mid-Block,At Intersection,No Control,Clear,Daylight,Dry,Fatal,Pedestrian Collisions,D32,38,Lansing-Westgate (38),-79.4377,43.7526,NULL,NULL,N,NULL,NULL,NULL
7001559045,2017,00:00.0,1845,18,OSSINGTON  AVE,HARBORD ST,30 m North of,3,Toronto and East York,NULL,14,Intersection,Intersection Related,No Control,Clear,Daylight,Dry,Non-Fatal Injury,Turning Movement,D14,80,Palmerston-Little Italy (80),-79.4242,43.6584,NULL,NULL,N,NULL,NULL,NULL
7001512799,2017,00:00.0,1634,16,SPADINA CRES,RUSSELL ST,30 m South of,1,Toronto and East York,11,52,Intersection,At Intersection,No Control,Clear,Daylight,Dry,Non-Fatal Injury,Cyclist Collisions,D52,79,University (79),-79.3999,43.6597,NULL,NULL,N,NULL,NULL,NULL
7001489490,2017,00:00.0,2245,22,WHITE HEATHER BLVD,LONGSWORD  DR,10 m South of,2,Scarborough,23,42,Intersection,At Intersection,No Control,Clear,"Dark, artificial",Dry,Non-Fatal Injury,SMV Other,D42,129,Agincourt North (129),-79.266,43.8154,NULL,NULL,N,NULL,NULL,NULL
1045205,2008,00:00.0,1840,18,ST CLAIR AVE W,VAUGHAN RD,NULL,1,Toronto and East York,12,13,Intersection,At Intersection,Traffic Signal,Clear,Daylight,Dry,Non-Fatal Injury,Rear End,D13,94,Wychwood (94),-79.4201,43.6827,NULL,NULL,N,NULL,NULL,NULL
7000090444,2017,00:00.0,2033,20,YONGE  ST,ALBERTUS AVE,6 m South of,1,North York,NULL,53,Intersection,Intersection Related,No Control,Clear,"Dark, artificial",Dry,Non-Fatal Injury,Pedestrian Collisions,D53,99,Mount Pleasant East (99),-79.3999,43.7144,NULL,NULL,N,NULL,NULL,NULL
1037840,2008,00:00.0,1700,17,HAVELOCK Stre,DEWSON Stre,NULL,2,Toronto and East York,9,14,Intersection,At Intersection,Stop Sign,Clear,Daylight,Dry,Non-Fatal Injury,Cyclist Collisions,D14,83,Dufferin Grove (83),-79.4304,43.6555,NULL,NULL,N,NULL,NULL,NULL
1033770,2008,00:00.0,2225,22,STEELES AVE W,YONGE ST,NULL,1,North York,18,32,Intersection,At Intersection,Traffic Signal,Clear,Daylight,Dry,Non-Fatal Injury,Rear End,D32,50,Newtonbrook East (50),-79.42,43.7979,-79.42,43.7979,Y,NULL,NULL,2017-08-11
1027306,2008,00:00.0,1025,10,BIRCHMOUNT RD,STEELES AVE E,NULL,1,Scarborough,22,42,Intersection,At Intersection,Traffic Signal,Clear,Daylight,Dry,Fatal,Angle,D42,116,Steeles (116),-79.3168,43.8213,NULL,NULL,N,NULL,NULL,NULL
7001538094,2017,00:00.0,1204,12,EGLINTON AVE E,TORRANCE RD,12 m East of,1,Scarborough,NULL,43,Intersection,At Intersection,Traffic Signal,Clear,Daylight,Dry,Non-Fatal Injury,SMV Other,D43,138,Eglinton East (138),-79.2352,43.7394,NULL,NULL,N,NULL,NULL,NULL
1058466,2008,00:00.0,745,7,ST CLAIR AVE W,WINONA DR,NULL,1,Toronto and East York,9,13,Mid-Block,NULL,No Control,Clear,Daylight,Dry,Non-Fatal Injury,Cyclist Collisions,D13,94,Wychwood (94),-79.4329,43.6801,NULL,NULL,N,NULL,NULL,NULL
1038512,2008,00:00.0,950,9,RATHBURN Road,THE EAST MALL,NULL,3,Etobicoke York,2,22,Intersection,At Intersection,Traffic Signal,Clear,Daylight,Dry,Non-Fatal Injury,Turning Movement,D22,11,Eringate-Centennial-West Deane (11),-79.5642,43.6549,NULL,NULL,N,NULL,NULL,NULL
1038516,2008,00:00.0,1428,14,FINCH AVE W,SENLAC RD,NULL,1,North York,18,32,Intersection,At Intersection,Traffic Signal,Clear,"Daylight, artificial",Dry,Non-Fatal Injury,Turning Movement,D32,37,Willowdale West (37),-79.4302,43.7764,NULL,NULL,N,NULL,NULL,NULL
1037827,2008,00:00.0,1217,12,PAPE AVE,WOODVILLE AVE,NULL,1,Toronto and East York,14,54,Intersection,NULL,Stop Sign,Clear,Daylight,Dry,Non-Fatal Injury,Angle,D54,58,Old East York (58),-79.3498,43.6923,NULL,NULL,N,NULL,NULL,NULL
1038340,2008,00:00.0,2030,20,EGLINTON AVE E,CREDIT UNION DR,NULL,1,North York,16,NULL,Mid-Block,NULL,No Control,Clear,Dark,Dry,Fatal,Approaching,D33,43,Victoria Village (43),-79.3193,43.7259,NULL,NULL,N,NULL,NULL,NULL
1094026,2009,00:00.0,828,8,LESMILL Road,DUNCAN MILL Road,NULL,2,North York,16,33,Intersection,At Intersection,No Control,Clear,Daylight,Dry,Non-Fatal Injury,Pedestrian Collisions,D33,40,St.Andrew-Windfields (40),-79.3584,43.7606,NULL,NULL,N,NULL,NULL,NULL
1114459,2009,00:00.0,8,0,SHEPPARD AVE E,MCCOWAN RD,NULL,1,Scarborough,23,42,Mid-Block,NULL,No Control,Clear,Dark,Dry,Non-Fatal Injury,Turning Movement,D42,128,Agincourt South-Malvern West (128),-79.2518,43.791,NULL,NULL,N,NULL,NULL,NULL
1113455,2009,00:00.0,1206,12,THE QUEENSWAY,CHARTWELL Road,NULL,1,Etobicoke York,3,22,Intersection,At Intersection,No Control,Clear,Daylight,Dry,Non-Fatal Injury,Turning Movement,D22,16,Stonegate-Queensway (16),-79.5104,43.6245,NULL,NULL,N,NULL,NULL,NULL
1108205,2009,00:00.0,2128,21,PARKSIDE DR,CONSTANCE ST,NULL,1,Toronto and East York,4,11,Intersection,NULL,No Control,Clear,Dark,Dry,Non-Fatal Injury,Pedestrian Collisions,D11,87,High Park-Swansea (87),-79.4576,43.6482,NULL,NULL,N,NULL,NULL,NULL
1024623,2008,00:00.0,1530,15,WESTON RD,STARVIEW LANE,NULL,1,Etobicoke York,7,31,Intersection,NULL,No Control,Snow,Daylight,Slush,Fatal,Approaching,D31,23,Pelmo Park-Humberlea (23),-79.5355,43.7264,NULL,NULL,N,NULL,NULL,NULL
1089553,2009,00:00.0,938,9,LAWRENCE Aven E,MOSSBANK Driv,NULL,1,Scarborough,24,43,Mid-Block,At Intersection,No Control,Snow,Daylight,Loose Snow,Non-Fatal Injury,Pedestrian Collisions,D43,137,Woburn (137),-79.2116,43.7626,NULL,NULL,N,NULL,NULL,NULL
1034751,2008,00:00.0,1430,14,KENNEDY RD,401 C E KENNEDY N RAMP RD E,NULL,1,Scarborough,21,41,Intersection,NULL,Traffic Signal,Clear,Daylight,Dry,Non-Fatal Injury,Angle,D41,126,Dorset Park (126),-79.2838,43.7731,-79.2838,43.7731,Y,Kennedy Rd,401 C E Kennedy Rd Ramp,2017-12-19
1092879,2009,00:00.0,905,9,YORK MILLS RD,HARRISON RD,NULL,1,North York,15,33,Intersection,At Intersection,Traffic Signal,Clear,Daylight,Dry,Non-Fatal Injury,Pedestrian Collisions,D33,40,St.Andrew-Windfields (40),-79.3787,43.7497,NULL,NULL,N,NULL,NULL,NULL
1098588,2009,00:00.0,1840,18,BLACK CREEK DR,EGLINTON AVE W,NULL,1,Etobicoke York,5,12,Mid-Block,At Intersection,No Control,Clear,Daylight,Dry,Non-Fatal Injury,Rear End,D12,112,Beechborough-Greenbrook (112),-79.4834,43.6902,NULL,NULL,N,NULL,NULL,NULL
1076123,2008,00:00.0,1754,17,RIVER ST,SHUTER ST,NULL,3,Toronto and East York,13,51,Intersection,At Intersection,Traffic Signal,Rain,Dark,Wet,Non-Fatal Injury,Pedestrian Collisions,D51,72,Regent Park (72),-79.3574,43.6595,NULL,NULL,N,NULL,NULL,NULL
1090380,2009,00:00.0,955,9,DON MILLS RD,OVERLEA BLVD,NULL,1,North York,NULL,54,Mid-Block,NULL,No Control,Clear,Daylight,Dry,Non-Fatal Injury,Other,D54,44,Flemingdon Park (44),-79.3341,43.7094,NULL,NULL,N,NULL,NULL,NULL
1072541,2008,00:00.0,1714,17,WARDEN AVE,FINCH AVE E,NULL,1,Scarborough,22,42,Mid-Block,NULL,No Control,Rain,Dark,Wet,Fatal,Pedestrian Collisions,D42,117,L'Amoreaux (117),-79.3149,43.7948,NULL,NULL,N,NULL,NULL,NULL
1105683,2009,00:00.0,1247,12,LAKE SHORE BLVD W,BATHURST ST,NULL,1,Toronto and East York,10,14,Intersection,At Intersection,Traffic Signal,Clear,Daylight,Dry,Non-Fatal Injury,Approaching,D14,77,Waterfront Communities-The Island (77),-79.3995,43.6364,NULL,NULL,N,NULL,NULL,NULL
1100023,2009,00:00.0,2250,22,HIGHWAY 27  N,HUMBER COLLEGE BLVD,NULL,1,Etobicoke York,1,23,Mid-Block,NULL,No Control,Clear,Dark,Dry,Non-Fatal Injury,Rear End,D23,1,West Humber-Clairville (1),-79.6016,43.7311,NULL,NULL,N,NULL,NULL,NULL
1114683,2009,00:00.0,1725,17,AMSTERDAM AVE,O CONNOR DR,NULL,1,Toronto and East York,19,54,Intersection,NULL,No Control,Clear,Daylight,Dry,Non-Fatal Injury,Approaching,D54,54,O'Connor-Parkview (54),-79.3059,43.7142,NULL,NULL,N,NULL,NULL,NULL
1126624,2009,00:00.0,2040,20,4660 KINGSTON Road,NULL,NULL,1,Scarborough,25,43,Intersection,NULL,No Control,Clear,Dark,Dry,Non-Fatal Injury,Cyclist Collisions,D43,136,West Hill (136),-79.175,43.7754,NULL,NULL,N,NULL,NULL,NULL
1068403,2008,00:00.0,1705,17,IAN MACDONALD BLVD,FOUNDERS RD,NULL,5,Etobicoke York,7,31,Mid-Block,NULL,No Control,Clear,Daylight,Dry,Non-Fatal Injury,Sideswipe,D31,27,York University Heights (27),-79.5031,43.7778,NULL,NULL,N,NULL,NULL,NULL
1128196,2009,00:00.0,2020,20,4777 YONGE ST,NULL,NULL,1,North York,18,32,Mid-Block,NULL,No Control,Clear,Dark,Dry,Non-Fatal Injury,Pedestrian Collisions,D32,51,Willowdale East (51),-79.4106,43.7603,NULL,NULL,N,NULL,NULL,NULL
1080485,2009,00:00.0,1848,18,KEELE ST,NASHVILLE AVE,NULL,1,Etobicoke York,5,12,Intersection,At Intersection,No Control,Clear,Dark,Dry,Non-Fatal Injury,Sideswipe,D12,110,Keelesdale-Eglinton West (110),-79.4722,43.6837,NULL,NULL,N,NULL,NULL,NULL
1114902,2009,00:00.0,1137,11,WOODBINE AVE,MORTIMER AVE,NULL,1,Toronto and East York,19,54,Intersection,At Intersection,Traffic Signal,Clear,Daylight,Dry,Fatal,Pedestrian Collisions,D54,60,Woodbine-Lumsden (60),-79.3158,43.6927,NULL,NULL,N,NULL,NULL,NULL
1125153,2009,00:00.0,1350,13,YONGE ST,STEELES AVE E,NULL,1,North York,18,32,Intersection,At Intersection,Traffic Signal,Clear,Daylight,Dry,Non-Fatal Injury,Pedestrian Collisions,D32,50,Newtonbrook East (50),-79.42,43.7979,-79.42,43.7979,Y,NULL,NULL,2017-08-11
1125917,2009,00:00.0,1057,10,3150 PHARMACY AVE,NULL,NULL,3,Scarborough,22,42,Mid-Block,NULL,Pedestrian Crossover,Clear,Daylight,Dry,Non-Fatal Injury,Pedestrian Collisions,D42,117,L'Amoreaux (117),-79.3282,43.7987,NULL,NULL,N,NULL,NULL,NULL
1123704,2009,00:00.0,1452,14,KINGSTON Rd,LEE Ave,NULL,1,Toronto and East York,19,55,Intersection,At Intersection,Pedestrian Crossover,Clear,Daylight,Dry,Non-Fatal Injury,Pedestrian Collisions,D55,63,The Beaches (63),-79.3011,43.6781,NULL,NULL,N,NULL,NULL,NULL
1124221,2009,00:00.0,2009,20,VICTORIA PARK AVE,ARNCLIFFE CRES,NULL,1,North York,NULL,NULL,Intersection,At Intersection,Traffic Signal,Clear,Dark,Dry,Fatal,Pedestrian Collisions,D41,119,Wexford/Maryvale (119),-79.3055,43.7318,NULL,NULL,N,NULL,NULL,NULL
1111047,2009,00:00.0,1205,12,KENNEDY RD,ANTRIM CRES,NULL,1,Scarborough,21,41,Intersection,At Intersection,Traffic Signal,Clear,Daylight,Dry,Non-Fatal Injury,Pedestrian Collisions,D41,126,Dorset Park (126),-79.2832,43.7717,NULL,NULL,N,NULL,NULL,NULL
1105521,2009,00:00.0,1525,15,KING Stre E,ASHBY Plac,NULL,1,Toronto and East York,13,51,Intersection,NULL,No Control,Clear,Daylight,Dry,Non-Fatal Injury,Pedestrian Collisions,D51,73,Moss Park (73),-79.3576,43.6559,NULL,NULL,N,NULL,NULL,NULL
1127178,2009,00:00.0,715,7,ELLESMERE RD,BRIMLEY RD,NULL,1,Scarborough,21,NULL,Intersection,At Intersection,Traffic Signal,Rain,Daylight,Wet,Non-Fatal Injury,Turning Movement,D43,127,Bendale (127),-79.2612,43.77,NULL,NULL,N,NULL,NULL,NULL
128407,2009,00:00.0,2140,21,PICKERING TOWN LINE,STEELES AVE E,NULL,4,Scarborough,25,42,Mid-Block,NULL,No Control,Clear,Dark,Dry,Non-Fatal Injury,SMV Other,D42,131,Rouge (131),-79.1696,43.8541,NULL,NULL,N,NULL,NULL,NULL
1107752,2009,00:00.0,1646,16,WILLIAM R ALLEN RD N,LAWRENCE W ALLEN X N RAMP W,NULL,NULL,North York,8,32,Mid-Block,NULL,No Control,Clear,Daylight,Dry,Non-Fatal Injury,Rear End,D32,31,Yorkdale-Glen Park (31),-79.4451,43.7181,NULL,NULL,N,NULL,NULL,NULL
1121495,2009,00:00.0,1050,10,BLOOR ST W,PALMERSTON BLVD,NULL,1,Toronto and East York,11,14,Mid-Block,NULL,No Control,Clear,Daylight,Dry,Non-Fatal Injury,Cyclist Collisions,D14,95,Annex (95),-79.413,43.6647,NULL,NULL,N,NULL,NULL,NULL
1075169,2008,00:00.0,1020,10,DUPONT ST,MADISON AVE,NULL,1,Toronto and East York,11,53,Intersection,NULL,No Control,Rain,Daylight,Wet,Non-Fatal Injury,Rear End,D53,95,Annex (95),-79.4059,43.6751,NULL,NULL,N,NULL,NULL,NULL
1122296,2009,00:00.0,1647,16,WOODBINE AVE,MILVERTON BLVD,NULL,1,Toronto and East York,19,54,Intersection,At Intersection,Pedestrian Crossover,Clear,Daylight,Dry,Non-Fatal Injury,Pedestrian Collisions,D54,60,Woodbine-Lumsden (60),-79.3142,43.689,NULL,NULL,N,NULL,NULL,NULL
7001774140,2017,00:00.0,1311,13,ROGERS  RD,MCROBERTS AVE,99 m East of,3,Etobicoke York,9,13,Mid-Block,Non Intersection,No Control,Clear,Daylight,Dry,Non-Fatal Injury,Rear End,D13,109,Caledonia-Fairbank (109),-79.4554,43.6832,NULL,NULL,N,NULL,NULL,NULL
7001731321,2017,00:00.0,0,0,YONGE ST,CENTRE AVE,80 m South of,1,North York,18,32,Mid-Block,Non Intersection,No Control,Clear,"Dark, artificial",Dry,Non-Fatal Injury,Pedestrian Collisions,D32,50,Newtonbrook East (50),-79.4182,43.7909,NULL,NULL,N,NULL,NULL,NULL
1069560,2008,00:00.0,1151,11,EGLINTON AVE W,KEELE ST,NULL,1,Etobicoke York,5,12,Intersection,At Intersection,No Control,Clear,Daylight,Dry,Non-Fatal Injury,Pedestrian Collisions,D12,112,Beechborough-Greenbrook (112),-79.4738,43.6904,NULL,NULL,N,NULL,NULL,NULL
8001221845,2018,00:00.0,1030,10,917 QUEEN ST W,NULL,NULL,1,Toronto and East York,10,14,Mid-Block,Non Intersection,No Control,Clear,Daylight,Dry,Non-Fatal Injury,Cyclist Collisions,D14,82,Niagara (82),-79.4123,43.6454,NULL,NULL,N,NULL,NULL,NULL
1075887,2008,00:00.0,1930,19,BARKWIN DR,ISLINGTON AVE,NULL,1,Etobicoke York,1,23,Intersection,At Intersection,Stop Sign,Clear,Dark,Dry,Non-Fatal Injury,Cyclist Collisions,D23,3,Thistletown-Beaumond Heights (3),-79.5656,43.7381,NULL,NULL,N,NULL,NULL,NULL
8001626185,2018,00:00.0,1712,17,MARKHAM RD,STEELES AVE E,8 m South of,1,Scarborough,23,42,Intersection,Intersection Related,No Control,Clear,"Daylight, artificial",Wet,Non-Fatal Injury,Rear End,D42,131,Rouge (131),-79.2511,43.8365,-79.2511,43.8365,Y,Steeles Ave E,Markham Rd,2021-06-30
1111668,2009,00:00.0,1011,10,SHEPPARD AVE W,YEOMANS RD,NULL,1,North York,6,32,Intersection,NULL,No Control,Clear,Daylight,Dry,Non-Fatal Injury,Pedestrian Collisions,D32,33,Clanton Park (33),-79.4431,43.7545,NULL,NULL,N,NULL,NULL,NULL
7003133766,2017,00:00.0,557,5,DUFFERIN ST,COLLEGE ST,NULL,1,Toronto and East York,9,NULL,Intersection,At Intersection,Traffic Signal,Rain,"Dark, artificial",Wet,Non-Fatal Injury,Angle,D14,84,Little Portugal (84),-79.4325,43.6524,NULL,NULL,N,NULL,NULL,NULL
7003147948,2017,00:00.0,705,7,PARLIAMENT ST,HOWARD ST,37 m South of,3,Toronto and East York,13,51,Mid-Block,Non Intersection,No Control,Clear,"Dark, artificial",Dry,Non-Fatal Injury,Pedestrian Collisions,D51,71,Cabbagetown-South St.James Town (71),-79.3706,43.6708,NULL,NULL,N,NULL,NULL,NULL
7003200949,2017,00:00.0,1237,12,CHURCH ST,WELLINGTON ST E,NULL,3,Toronto and East York,13,51,Intersection,At Intersection,Traffic Signal,Other,Daylight,Other,Fatal,Pedestrian Collisions,D51,77,Waterfront Communities-The Island (77),-79.3738,43.6485,NULL,NULL,N,NULL,NULL,NULL