ACCNUM,YEAR,DATE,TIME,HOUR,STREET1,STREET2,OFFSET,ROAD_CLASS,DISTRICT,WARDNUM,DIVISION,LOCCOORD,ACCLOC,TRAFFCTL,VISIBILITY,LIGHT,RDSFCOND,ACCLASS,IMPACTYPE,POLICE_DIVISION,HOOD_ID,NEIGHBOURHOOD,collision_lat,collision_long,red_light_lat,red_light_long,right_light_camera,LINEAR_NAME_FULL_1,LINEAR_NAME_FULL_2,ACTIVATION_DATE
1111585,2009,00:00.0,1345,13,BRIMLEY RD,ELLESMERE RD,NULL,1,Scarborough,21,NULL,Intersection,At Intersection,Traffic Signal,Clear,Daylight,Dry,Non-Fatal Injury,Angle,D43,127,Bendale (127),-79.2612,43.77,NULL,NULL,N,NULL,NULL,NULL
8000471582,2018,00:00.0,226,2,COLLEGE ST,HURON ST,NULL,1,Toronto and East York,11,52,Intersection,At Intersection,Traffic Signal,Clear,"Dark, artificial",Dry,Fatal,Pedestrian Collisions,D52,78,Kensington-Chinatown (78),-79.3981,43.6581,NULL,NULL,N,NULL,NULL,NULL
7002034653,2017,00:00.0,900,9,YONGE ST,CHURCH AVE,NULL,1,North York,18,32,Intersection,At Intersection,Traffic Signal,Clear,Daylight,Wet,Non-Fatal Injury,Pedestrian Collisions,D32,51,Willowdale East (51),-79.4139,43.7737,NULL,NULL,N,NULL,NULL,NULL
8000931824,2018,00:00.0,2325,23,KINGSTON RD,DANFORTH AVE,8 m South of,1,Scarborough,20,41,Mid-Block,Non Intersection,No Control,Clear,"Dark, artificial",Dry,Non-Fatal Injury,SMV Other,D41,122,Birchcliffe-Cliffside (122),-79.2541,43.7023,NULL,NULL,N,NULL,NULL,NULL
1089526,2009,00:00.0,613,6,MCNICOLL Aven,MIDLAND Aven,NULL,1,Scarborough,NULL,42,Intersection,At Intersection,Traffic Controller,Clear,Dark,Dry,Non-Fatal Injury,Pedestrian Collisions,D42,130,Milliken (130),-79.2921,43.8146,NULL,NULL,N,NULL,NULL,NULL
8001059223,2018,00:00.0,1700,17,ROYAL YORK  RD,DARTMOUTH  CRES,NULL,3,Etobicoke York,3,22,Mid-Block,Non Intersection,No Control,Clear,Daylight,Dry,Non-Fatal Injury,Cyclist Collisions,D22,17,Mimico (17),-79.4938,43.6053,NULL,NULL,N,NULL,NULL,NULL
8001081100,2018,00:00.0,1645,16,EGLINTON AVE W,JANE ST,NULL,1,Etobicoke York,5,12,Intersection,At Intersection,Traffic Signal,Clear,Daylight,Dry,Non-Fatal Injury,Turning Movement,D12,115,Mount Dennis (115),-79.4987,43.6844,NULL,NULL,N,NULL,NULL,NULL
8001105642,2018,00:00.0,844,8,KIPLING  AVE,BLOOR ST W,50 m North of,1,Etobicoke York,NULL,22,Mid-Block,Non Intersection,No Control,Clear,Daylight,Dry,Non-Fatal Injury,Approaching,D22,14,Islington-City Centre West (14),-79.5355,43.6422,NULL,NULL,N,NULL,NULL,NULL
8000787702,2018,00:00.0,1616,16,KINGSTON RD,RYLANDER BLVD,NULL,1,Scarborough,25,42,Intersection,At Intersection,Traffic Signal,Clear,Daylight,Dry,Non-Fatal Injury,Turning Movement,D42,133,Centennial Scarborough (133),-79.1491,43.7969,NULL,NULL,N,NULL,NULL,NULL
8008069034,2018,00:00.0,2354,23,DIXON RD,27 S DIXON W RAMP,NULL,1,Etobicoke York,1,23,Mid-Block,Overpass or Bridge,No Control,NULL,Dark,NULL,Fatal,Pedestrian Collisions,D23,1,West Humber-Clairville (1),-79.5839,43.6884,NULL,NULL,N,NULL,NULL,NULL
8001655857,2018,00:00.0,729,7,DON MILLS RD,SHEPPARD AVE E,NULL,1,North York,17,33,Intersection,At Intersection,Traffic Signal,Clear,Daylight,Dry,Non-Fatal Injury,Pedestrian Collisions,D33,53,Henry Farm (53),-79.347,43.775,NULL,NULL,N,NULL,NULL,NULL
8001903113,2018,00:00.0,940,9,555 ST CLAIR AVE W,NULL,2 m South of,1,Toronto and East York,12,13,Mid-Block,Non Intersection,No Control,Rain,Daylight,Wet,Non-Fatal Injury,Pedestrian Collisions,D13,94,Wychwood (94),-79.421,43.6825,NULL,NULL,N,NULL,NULL,NULL
8001140010,2018,00:00.0,205,2,FINCH AVE W,TOBERMORY DR,NULL,1,North York,7,31,Intersection,At Intersection,Traffic Signal,Rain,"Dark, artificial",Wet,Non-Fatal Injury,Pedestrian Collisions,D31,25,Glenfield-Jane Heights (25),-79.5078,43.7592,NULL,NULL,N,NULL,NULL,NULL
8001174329,2018,00:00.0,1024,10,BAYVIEW S 401 C W RAMP,BAYVIEW AVE,20 m South of,9,North York,NULL,NULL,Mid-Block,Non Intersection,No Control,Clear,Daylight,Dry,Non-Fatal Injury,Pedestrian Collisions,D32,51,Willowdale East (51),-79.3879,43.7636,NULL,NULL,N,NULL,NULL,NULL
8000954337,2018,00:00.0,1010,10,BENSON AVE,CHRISTIE ST,10 m West of,3,Toronto and East York,12,13,Intersection,Intersection Related,No Control,Clear,Daylight,Dry,Non-Fatal Injury,Pedestrian Collisions,D13,94,Wychwood (94),-79.425,43.68,NULL,NULL,N,NULL,NULL,NULL
8000212340,2018,00:00.0,403,4,PARLIAMENT ST,CARLTON ST,20 m North of,3,Toronto and East York,13,51,Intersection,At Intersection,Traffic Signal,Clear,"Dark, artificial",Dry,Non-Fatal Injury,Pedestrian Collisions,D51,71,Cabbagetown-South St.James Town (71),-79.3679,43.6642,NULL,NULL,N,NULL,NULL,NULL
8000348646,2018,00:00.0,849,8,ROYAL YORK RD,STRATH HUMBER CRT,15 m South of,3,Etobicoke York,2,22,Intersection,At Intersection,No Control,Clear,Daylight,Dry,Non-Fatal Injury,Pedestrian Collisions,D22,9,Edenbridge-Humber Valley (9),-79.5175,43.6613,NULL,NULL,N,NULL,NULL,NULL
8000388134,2018,00:00.0,649,6,DON VALLEY PARKWAY  S,LAWRENCE AVE E,200 m South of,8,North York,16,33,Mid-Block,Non Intersection,No Control,Clear,Daylight,Wet,Non-Fatal Injury,Rear End,D33,42,Banbury-Don Mills (42),-79.3322,43.7375,NULL,NULL,N,NULL,NULL,NULL
8001679287,2018,00:00.0,1957,19,MIDDLEFIELD RD,MCNICOLL AVE,1 m North of,3,Scarborough,23,42,Intersection,At Intersection,Traffic Signal,Rain,"Dusk, artificial",Wet,Non-Fatal Injury,Cyclist Collisions,D42,130,Milliken (130),-79.262,43.82,NULL,NULL,N,NULL,NULL,NULL
8001690114,2018,00:00.0,1205,12,DUFFERIN ST,ROGERS RD,NULL,1,North York,NULL,13,Intersection,At Intersection,Traffic Signal,Clear,Daylight,Dry,Non-Fatal Injury,Pedestrian Collisions,D13,107,Oakwood Village (107),-79.446,43.6854,NULL,NULL,N,NULL,NULL,NULL
8000395977,2018,00:00.0,1111,11,WELLINGTON ST W,YORK ST,52 m East of,3,Toronto and East York,10,52,Mid-Block,Non Intersection,No Control,Clear,Daylight,Dry,Non-Fatal Injury,Turning Movement,D52,76,Bay Street Corridor (76),-79.3822,43.6466,NULL,NULL,N,NULL,NULL,NULL
8001265172,2018,00:00.0,1820,18,WILSON AVE,AVENUE RD,NULL,1,North York,8,32,Intersection,At Intersection,Traffic Signal,Clear,Daylight,Dry,Non-Fatal Injury,Pedestrian Collisions,D32,39,Bedford Park-Nortown (39),-79.4216,43.7397,NULL,NULL,N,NULL,NULL,NULL
8001715339,2018,00:00.0,408,4,LAWSON RD,ST MAGNUS DR,60 m West of,2,Scarborough,25,43,Mid-Block,Non Intersection,No Control,Clear,"Dark, artificial",Dry,Non-Fatal Injury,SMV Other,D43,133,Centennial Scarborough (133),-79.15,43.7875,NULL,NULL,N,NULL,NULL,NULL
8001732179,2018,00:00.0,1850,18,KEELE ST,AILEEN AVE,NULL,1,Etobicoke York,5,12,Intersection,At Intersection,No Control,Clear,Daylight,Dry,Fatal,Turning Movement,D12,110,Keelesdale-Eglinton West (110),-79.472,43.6831,NULL,NULL,N,NULL,NULL,NULL
8001179636,2018,00:00.0,123,1,STEELES AVE W,KIPLING AVE,NULL,1,Etobicoke York,1,23,Intersection,At Intersection,Traffic Signal,Clear,"Dark, artificial",Dry,Fatal,Pedestrian Collisions,D23,2,Mount Olive-Silverstone-Jamestown (2),-79.5898,43.7595,NULL,NULL,N,NULL,NULL,NULL
1122775,2009,00:00.0,740,7,MERTON ST,PAILTON CRES,NULL,2,Toronto and East York,12,53,Intersection,NULL,No Control,Clear,Daylight,Dry,Non-Fatal Injury,SMV Unattended Vehicle,D53,104,Mount Pleasant West (104),-79.3887,43.6976,NULL,NULL,N,NULL,NULL,NULL
8000066808,2018,00:00.0,1727,17,YONGE ST,EGLINTON AVE E,NULL,1,Toronto and East York,NULL,53,Intersection,At Intersection,Traffic Signal,Rain,"Dark, artificial",Wet,Non-Fatal Injury,Pedestrian Collisions,D53,104,Mount Pleasant West (104),-79.3983,43.7066,NULL,NULL,N,NULL,NULL,NULL
1079532,2008,00:00.0,1134,11,EGLINTON AVE E,ST DENNIS EGLINTON E RAMP,NULL,1,North York,16,NULL,Mid-Block,NULL,No Control,Clear,Daylight,Dry,Non-Fatal Injury,Pedestrian Collisions,D54,44,Flemingdon Park (44),-79.3231,43.7249,NULL,NULL,N,NULL,NULL,NULL
8001395482,2018,00:00.0,1755,17,STEELES AVE W,YONGE ST,260 m West of,1,North York,18,32,Mid-Block,Non Intersection,No Control,Clear,Daylight,Dry,Non-Fatal Injury,Pedestrian Collisions,D32,36,Newtonbrook West (36),-79.4226,43.7973,NULL,NULL,N,NULL,NULL,NULL
1156323,2010,00:00.0,115,1,QUEENS PARK CRES E,ST JOSEPH ST,NULL,1,Toronto and East York,11,52,Mid-Block,NULL,No Control,Clear,Dark,Wet,Non-Fatal Injury,SMV Other,D52,76,Bay Street Corridor (76),-79.3915,43.6657,NULL,NULL,N,NULL,NULL,NULL
8001304642,2018,00:00.0,1506,15,WARDEN AVE,CIVIC RD,1 m West of,1,Scarborough,20,41,Intersection,At Intersection,Stop Sign,Clear,Daylight,Dry,Non-Fatal Injury,Cyclist Collisions,D41,120,Clairlea-Birchmount (120),-79.2872,43.7268,NULL,NULL,N,NULL,NULL,NULL
1146660,2010,00:00.0,1810,18,FINCH AVE W,YORK GATE BLVD,NULL,1,Etobicoke York,7,31,Mid-Block,At Intersection,No Control,Clear,Dark,Dry,Fatal,Pedestrian Collisions,D31,24,Black Creek (24),-79.5198,43.7569,NULL,NULL,N,NULL,NULL,NULL
8001758272,2018,00:00.0,1635,16,EGLINTON AVE E,MARKHAM RD,100 m East of,1,Scarborough,24,43,Mid-Block,At/Near Private Drive,Stop Sign,Clear,Daylight,Dry,Non-Fatal Injury,Turning Movement,D43,139,Scarborough Village (139),-79.2172,43.7434,NULL,NULL,N,NULL,NULL,NULL
1157528,2010,00:00.0,2020,20,HILLBORN AVE,SYMES RD,NULL,4,Etobicoke York,5,12,Mid-Block,NULL,No Control,Clear,Dark,Dry,Non-Fatal Injury,SMV Unattended Vehicle,D12,111,Rockcliffe-Smythe (111),-79.4808,43.6745,NULL,NULL,N,NULL,NULL,NULL
1117084,2009,00:00.0,1240,12,ROSEDALE VALLEY RD,BAYVIEW S ROSEDALE VL RAMP,NULL,3,Toronto and East York,NULL,51,Mid-Block,NULL,No Control,Clear,Daylight,Dry,Non-Fatal Injury,Approaching,D51,71,Cabbagetown-South St.James Town (71),-79.3608,43.67,NULL,NULL,N,NULL,NULL,NULL
1171570,2010,00:00.0,730,7,BALDWIN ST,SPADINA AVE,NULL,1,Toronto and East York,11,NULL,Intersection,At Intersection,Stop Sign,Clear,Dawn,Dry,Non-Fatal Injury,Cyclist Collisions,D52,78,Kensington-Chinatown (78),-79.3987,43.6549,NULL,NULL,N,NULL,NULL,NULL
1157556,2010,00:00.0,1915,19,BATHURST Stre,VAUGHAN Road,NULL,1,Toronto and East York,12,13,Intersection,NULL,No Control,Other,Dark,Other,Non-Fatal Injury,Pedestrian Collisions,D13,96,Casa Loma (96),-79.4174,43.681,NULL,NULL,N,NULL,NULL,NULL
1171639,2010,00:00.0,310,3,KING ST W,JOE SHUSTER WAY,NULL,1,Toronto and East York,10,14,Intersection,At Intersection,Traffic Signal,Clear,Dark,Dry,Non-Fatal Injury,Rear End,D14,85,South Parkdale (85),-79.4235,43.6397,NULL,NULL,N,NULL,NULL,NULL
1078876,2009,00:00.0,2011,20,BRIDLETOWNE CRCL,FINCH AVE E,NULL,3,Scarborough,22,42,Mid-Block,NULL,No Control,Snow,Dark,Other,Non-Fatal Injury,SMV Other,D42,117,L'Amoreaux (117),-79.3124,43.7979,NULL,NULL,N,NULL,NULL,NULL
1162012,2010,00:00.0,559,5,STEELES AVE E,BIRCHMOUNT RD,NULL,1,Scarborough,22,42,Intersection,At Intersection,Traffic Signal,Clear,Dawn,Dry,Fatal,Angle,D42,116,Steeles (116),-79.3168,43.8213,NULL,NULL,N,NULL,NULL,NULL
8000535071,2018,00:00.0,1914,19,JANE ST,SHOREHAM DR,70 m South of,1,North York,7,31,Mid-Block,Non Intersection,No Control,Clear,Daylight,Dry,Non-Fatal Injury,Approaching,D31,24,Black Creek (24),-79.5201,43.7677,NULL,NULL,N,NULL,NULL,NULL
1143343,2009,00:00.0,1920,19,MAGNETIC Driv,ALNESS Stre,NULL,3,North York,6,32,Intersection,At Intersection,Stop Sign,Clear,Dark,Wet,Non-Fatal Injury,Turning Movement,D32,27,York University Heights (27),-79.4792,43.7825,NULL,NULL,N,NULL,NULL,NULL
1158874,2010,00:00.0,42,0,GERRARD ST E,DON VALLEY PARKWAY Stre S,NULL,3,Toronto and East York,14,55,Mid-Block,NULL,No Control,Clear,Dark,Dry,Non-Fatal Injury,Pedestrian Collisions,D55,68,North Riverdale (68),-79.3558,43.6646,NULL,NULL,N,NULL,NULL,NULL
1163442,2010,00:00.0,845,8,ROYAL YORK Road,NEWCASTLE Stre,NULL,3,Etobicoke York,3,22,Intersection,At Intersection,Traffic Signal,Clear,Daylight,Dry,Non-Fatal Injury,Pedestrian Collisions,D22,17,Mimico (17),-79.4988,43.6174,NULL,NULL,N,NULL,NULL,NULL
1182235,2010,00:00.0,2345,23,LAWRENCE Ave W,PINE St,NULL,1,Etobicoke York,5,12,Intersection,NULL,Traffic Signal,Clear,Dark,Dry,Non-Fatal Injury,Turning Movement,D12,113,Weston (113),-79.5082,43.7019,NULL,NULL,N,NULL,NULL,NULL
1171997,2010,00:00.0,822,8,UNIVERSITY AVE,ORDE ST,NULL,1,Toronto and East York,11,52,Intersection,NULL,No Control,Rain,Daylight,Wet,Fatal,Pedestrian Collisions,D52,76,Bay Street Corridor (76),-79.3899,43.6587,NULL,NULL,N,NULL,NULL,NULL
1158873,2010,00:00.0,0,0,SHEPPARD Aven E,TWYN RIVERS Driv,NULL,3,Scarborough,25,42,Mid-Block,NULL,No Control,Clear,Dark,Wet,Non-Fatal Injury,SMV Other,D42,131,Rouge (131),-79.1676,43.809,NULL,NULL,N,NULL,NULL,NULL
1143058,2009,00:00.0,630,6,1050 ELLESMERE Rd,NULL,NULL,1,Scarborough,21,41,Mid-Block,NULL,No Control,Rain,Dark,Wet,Non-Fatal Injury,Cyclist Collisions,D41,126,Dorset Park (126),-79.2732,43.7674,NULL,NULL,N,NULL,NULL,NULL
1159418,2010,00:00.0,1625,16,STEELES Aven E,BIRCHMOUNT Road,NULL,1,Scarborough,22,42,Intersection,At Intersection,Traffic Signal,Clear,Daylight,Dry,Non-Fatal Injury,Turning Movement,D42,116,Steeles (116),-79.3168,43.8213,NULL,NULL,N,NULL,NULL,NULL
1160348,2010,00:00.0,1605,16,LAKE SHORE Boul W,JAMESON Aven,NULL,1,Toronto and East York,4,14,Mid-Block,NULL,No Control,Clear,Daylight,Dry,Non-Fatal Injury,Turning Movement,D14,85,South Parkdale (85),-79.4343,43.632,NULL,NULL,N,NULL,NULL,NULL
1169755,2010,00:00.0,1008,10,ELLESMERE Road,BRIMLEY Road,NULL,1,Scarborough,21,NULL,Intersection,At Intersection,Traffic Controller,Clear,Daylight,Dry,Non-Fatal Injury,Turning Movement,D43,127,Bendale (127),-79.2612,43.77,NULL,NULL,N,NULL,NULL,NULL
1179395,2010,00:00.0,1115,11,MARKHAM RD,STEELES AVE E,NULL,1,Scarborough,23,42,Intersection,At Intersection,Traffic Signal,Clear,Daylight,Dry,Non-Fatal Injury,Angle,D42,131,Rouge (131),-79.2511,43.8365,-79.2511,43.8365,Y,Steeles Ave E,Markham Rd,2021-06-30
1148773,2010,00:00.0,700,7,DUFFERIN ST,PRESTON RD,NULL,1,Toronto and East York,NULL,13,Mid-Block,At Intersection,No Control,Clear,Dark,Dry,Fatal,Pedestrian Collisions,D13,107,Oakwood Village (107),-79.4484,43.6913,NULL,NULL,N,NULL,NULL,NULL
1157272,2010,00:00.0,523,5,ROYAL DR,DON VALLEY PARKWAY  N,NULL,NULL,Toronto and East York,14,55,Mid-Block,NULL,No Control,Clear,Dark,Dry,Fatal,SMV Other,D55,68,North Riverdale (68),-79.3587,43.6727,NULL,NULL,N,NULL,NULL,NULL
1138372,2009,00:00.0,1950,19,MIDLAND AVE,WOLFE AVE,NULL,3,Scarborough,20,41,Mid-Block,NULL,No Control,Clear,Dark,Dry,Non-Fatal Injury,Pedestrian Collisions,D41,124,Kennedy Park (124),-79.255,43.7274,NULL,NULL,N,NULL,NULL,NULL
1136780,2009,00:00.0,2348,23,1421 MILITARY TRL,NULL,NULL,3,Scarborough,25,43,Mid-Block,NULL,No Control,Clear,Dark,Dry,Non-Fatal Injury,SMV Other,D43,134,Highland Creek (134),-79.1765,43.7825,NULL,NULL,N,NULL,NULL,NULL
1137408,2009,00:00.0,1450,14,STEELES Aven W,WESTON Road,NULL,1,Etobicoke York,7,31,Intersection,NULL,Traffic Signal,Clear,Daylight,Dry,Non-Fatal Injury,Pedestrian Collisions,D31,21,Humber Summit (21),-79.5464,43.7702,NULL,NULL,N,NULL,NULL,NULL
1137502,2009,00:00.0,1607,16,RONALD AVE,SCHELL AVE,NULL,2,North York,8,13,Mid-Block,NULL,No Control,Clear,Daylight,Dry,Non-Fatal Injury,Pedestrian Collisions,D13,108,Briar Hill-Belgravia (108),-79.459,43.6981,NULL,NULL,N,NULL,NULL,NULL
1176855,2010,00:00.0,2326,23,LAKE SHORE BLVD W,NEWFOUNDLAND RD,NULL,1,Toronto and East York,10,14,Intersection,At Intersection,Traffic Signal,Clear,Dark,Dry,Non-Fatal Injury,SMV Other,D14,82,Niagara (82),-79.4107,43.6324,NULL,NULL,N,NULL,NULL,NULL
1143350,2009,00:00.0,1510,15,LOWER JARVIS Stre,LAKE SHORE Boul E,NULL,1,Toronto and East York,10,51,Mid-Block,NULL,No Control,Clear,Daylight,Dry,Non-Fatal Injury,Rear End,D51,77,Waterfront Communities-The Island (77),-79.37,43.6461,NULL,NULL,N,NULL,NULL,NULL
1165188,2010,00:00.0,1635,16,DUNDAS St W,YONGE St,NULL,1,Toronto and East York,NULL,NULL,Intersection,NULL,Streetcar (Stop for),Clear,Daylight,Dry,Non-Fatal Injury,Pedestrian Collisions,D52,75,Church-Yonge Corridor (75),-79.3808,43.6563,NULL,NULL,N,NULL,NULL,NULL
1174310,2010,00:00.0,2110,21,LAKE SHORE BLVD W,FOURTH ST,NULL,1,Etobicoke York,3,22,Intersection,At Intersection,No Control,Clear,"Dark, artificial",Dry,Non-Fatal Injury,Pedestrian Collisions,D22,18,New Toronto (18),-79.5018,43.6015,NULL,NULL,N,NULL,NULL,NULL
1152926,2010,00:00.0,144,1,BLOOR ST W,LAUREL AVE,NULL,1,Etobicoke York,NULL,22,Intersection,NULL,Stop Sign,Clear,Dark,Dry,Non-Fatal Injury,Angle,D22,14,Islington-City Centre West (14),-79.5514,43.6381,NULL,NULL,N,NULL,NULL,NULL
1136343,2009,00:00.0,1452,14,MACDONELL AVE,PEARSON AVE,NULL,4,Toronto and East York,4,11,Intersection,NULL,Stop Sign,Clear,Daylight,Dry,Non-Fatal Injury,Cyclist Collisions,D11,86,Roncesvalles (86),-79.4391,43.6435,NULL,NULL,N,NULL,NULL,NULL
1141557,2009,00:00.0,2120,21,ELLESMERE Road,BRIMLEY Road,NULL,1,Scarborough,21,NULL,Intersection,At Intersection,Traffic Signal,Clear,Dark,Dry,Non-Fatal Injury,Pedestrian Collisions,D43,127,Bendale (127),-79.2612,43.77,NULL,NULL,N,NULL,NULL,NULL
1139818,2009,00:00.0,1716,17,LAWRENCE AVE W,BRUCEWOOD CRES,NULL,1,North York,8,NULL,Mid-Block,At Intersection,No Control,Clear,Dark,Dry,Non-Fatal Injury,Pedestrian Collisions,D13,32,Englemount-Lawrence (32),-79.4309,43.7189,NULL,NULL,N,NULL,NULL,NULL
8000546560,2018,00:00.0,1604,16,BRIDLETOWNE CRCL,BEVERLY GLEN BLVD,NULL,3,Scarborough,22,42,Intersection,At Intersection,Traffic Signal,Clear,Daylight,Dry,Non-Fatal Injury,Pedestrian Collisions,D42,117,L'Amoreaux (117),-79.32,43.7994,NULL,NULL,N,NULL,NULL,NULL
8000569238,2018,00:00.0,2226,22,DON MILLS RD,SHEPPARD AVE E,NULL,1,North York,17,33,Intersection,At Intersection,Traffic Controller,Rain,"Daylight, artificial",Wet,Non-Fatal Injury,Pedestrian Collisions,D33,53,Henry Farm (53),-79.347,43.775,NULL,NULL,N,NULL,NULL,NULL
8000743389,2018,00:00.0,105,1,SCARLETT RD,LAWRENCE AVE W,NULL,1,Etobicoke York,2,23,Intersection,At Intersection,Traffic Signal,Rain,"Dark, artificial",Wet,Non-Fatal Injury,Turning Movement,D23,8,Humber Heights-Westmount (8),-79.5232,43.6981,NULL,NULL,N,NULL,NULL,NULL
8000725279,2018,00:00.0,1220,12,BAY ST,GROSVENOR ST,NULL,1,Toronto and East York,NULL,52,Intersection,At Intersection,Traffic Signal,Clear,Daylight,Dry,Non-Fatal Injury,Pedestrian Collisions,D52,76,Bay Street Corridor (76),-79.3863,43.6623,NULL,NULL,N,NULL,NULL,NULL
7001844786,2017,00:00.0,1847,18,GERRARD  ST E,SHERBOURNE ST,22 m West of,3,Toronto and East York,13,51,Intersection,At Intersection,Traffic Signal,Clear,"Dark, artificial",Dry,Non-Fatal Injury,SMV Other,D51,73,Moss Park (73),-79.3721,43.6611,NULL,NULL,N,NULL,NULL,NULL
7001845018,2017,00:00.0,1928,19,OLD PARK  RD,WEMBLEY  RD,4 m West of,2,North York,8,13,Intersection,At Intersection,Stop Sign,Rain,"Dark, artificial",Wet,Non-Fatal Injury,Pedestrian Collisions,D13,102,Forest Hill North (102),-79.4313,43.7006,NULL,NULL,N,NULL,NULL,NULL
7001814947,2017,00:00.0,1825,18,SHEPPARD  AVE E,PROVOST DR,NULL,1,North York,17,33,Intersection,At Intersection,Traffic Signal,Clear,Daylight,Dry,Non-Fatal Injury,Pedestrian Collisions,D33,52,Bayview Village (52),-79.3712,43.7702,NULL,NULL,N,NULL,NULL,NULL
7001824954,2017,00:00.0,1230,12,F G GARDINER XY  E,GARDINER E LOWER JARVIS RAMP,3 m North of,1,Toronto and East York,10,52,Mid-Block,Non Intersection,No Control,Clear,Daylight,Dry,Non-Fatal Injury,Rear End,D52,77,Waterfront Communities-The Island (77),-79.3798,43.6419,NULL,NULL,N,NULL,NULL,NULL
1132051,2009,00:00.0,1010,10,CHURCH ST,GOULD ST,NULL,3,Toronto and East York,13,51,Mid-Block,NULL,No Control,Clear,Daylight,Dry,Non-Fatal Injury,Cyclist Collisions,D51,75,Church-Yonge Corridor (75),-79.378,43.6587,NULL,NULL,N,NULL,NULL,NULL
5001677716,2015,00:00.0,1755,17,OSSINGTON AVE,DEWSON ST,42 m South of,3,Toronto and East York,NULL,14,Mid-Block,Non Intersection,No Control,Clear,Daylight,Dry,Non-Fatal Injury,Pedestrian Collisions,D14,80,Palmerston-Little Italy (80),-79.4235,43.6565,NULL,NULL,N,NULL,NULL,NULL
5001682517,2015,00:00.0,1325,13,RIVER ST,QUEEN ST E,33 m East of,1,Toronto and East York,13,51,Intersection,At Intersection,Traffic Signal,Other,Daylight,Other,Non-Fatal Injury,Turning Movement,D51,73,Moss Park (73),-79.3565,43.6573,NULL,NULL,N,NULL,NULL,NULL
5001263243,2015,00:00.0,1518,15,RENFORTH DR,SILVER DART DR,NULL,1,Etobicoke York,1,23,Intersection,Intersection Related,Traffic Signal,Clear,Daylight,Dry,Non-Fatal Injury,Angle,D23,1,West Humber-Clairville (1),-79.5932,43.6764,NULL,NULL,N,NULL,NULL,NULL
5000009507,2015,00:00.0,1830,18,BAYVIEW AVE,SHEPPARD AVE E,NULL,1,North York,NULL,NULL,Intersection,At Intersection,Traffic Signal,Clear,"Dark, artificial",Dry,Non-Fatal Injury,Turning Movement,D33,52,Bayview Village (52),-79.388,43.7665,-79.388,43.7665,Y,Sheppard Ave E,Bayview Ave,2017-07-14
4003393065,2014,00:00.0,1306,13,DON VALLEY PARKWAY  S,LEASIDE BDGE,NULL,1,Toronto and East York,14,54,Mid-Block,Non Intersection,No Control,Clear,Daylight,Dry,Non-Fatal Injury,Pedestrian Collisions,D54,58,Old East York (58),-79.3497,43.698,NULL,NULL,N,NULL,NULL,NULL
4002881159,2014,00:00.0,1030,10,ST CLAIR AVE E,KENNEDY RD,NULL,1,Scarborough,20,41,Intersection,Intersection Related,No Control,Clear,Daylight,Dry,Non-Fatal Injury,SMV Other,D41,120,Clairlea-Birchmount (120),-79.2613,43.7164,NULL,NULL,N,NULL,NULL,NULL
4003482087,2014,00:00.0,324,3,OSSINGTON AVE,DUNDAS ST W,NULL,1,Toronto and East York,NULL,14,Intersection,Non Intersection,No Control,Clear,"Dark, artificial",Dry,Non-Fatal Injury,Pedestrian Collisions,D14,81,Trinity-Bellwoods (81),-79.4207,43.6493,NULL,NULL,N,NULL,NULL,NULL
4003521992,2014,00:00.0,1410,14,OSSINGTON AVE,BLOOR ST W,15 m South of,1,Toronto and East York,NULL,14,Intersection,Non Intersection,No Control,Clear,Daylight,Dry,Non-Fatal Injury,Cyclist Collisions,D14,80,Palmerston-Little Italy (80),-79.4256,43.6619,-79.4256,43.6619,Y,Bloor St W,Ossington Ave,2011-11-22
4003439452,2014,00:00.0,215,2,EGLINTON AVE E,PHARMACY AVE,NULL,1,Scarborough,NULL,41,Intersection,Intersection Related,Traffic Signal,Clear,"Dark, artificial",Dry,Non-Fatal Injury,Turning Movement,D41,119,Wexford/Maryvale (119),-79.2975,43.7256,NULL,NULL,N,NULL,NULL,NULL
4003405816,2014,00:00.0,1811,18,EGLINTON AVE E,HANNA RD,58 m West of,1,North York,15,53,Intersection,Non Intersection,Traffic Signal,Clear,"Dark, artificial",Dry,Non-Fatal Injury,Approaching,D53,56,Leaside-Bennington (56),-79.3731,43.7118,NULL,NULL,N,NULL,NULL,NULL
5001401225,2015,00:00.0,1047,10,OLD WESTON RD,ROGERS RD,NULL,3,Etobicoke York,NULL,12,Intersection,At Intersection,Traffic Signal,Clear,Daylight,Dry,Non-Fatal Injury,Approaching,D12,110,Keelesdale-Eglinton West (110),-79.4676,43.6818,NULL,NULL,N,NULL,NULL,NULL
5001652822,2015,00:00.0,1715,17,BOOTH AVE,LAKE SHORE BLVD E,1 m North of,1,Toronto and East York,14,55,Intersection,At Intersection,Stop Sign,Clear,Daylight,Dry,Non-Fatal Injury,Cyclist Collisions,D55,70,South Riverdale (70),-79.3407,43.6535,NULL,NULL,N,NULL,NULL,NULL