ACCNUM,YEAR,DATE,TIME,HOUR,STREET1,STREET2,OFFSET,ROAD_CLASS,DISTRICT,WARDNUM,DIVISION,LOCCOORD,ACCLOC,TRAFFCTL,VISIBILITY,LIGHT,RDSFCOND,ACCLASS,IMPACTYPE,POLICE_DIVISION,HOOD_ID,NEIGHBOURHOOD,collision_lat,collision_long,red_light_lat,red_light_long,right_light_camera,LINEAR_NAME_FULL_1,LINEAR_NAME_FULL_2,ACTIVATION_DATE
5001711803,2015,00:00.0,910,9,THE KINGSWAY,ANGLESEY BLVD,NULL,2,Etobicoke York,2,22,Intersection,At Intersection,Stop Sign,Clear,Daylight,Dry,Non-Fatal Injury,Cyclist Collisions,D22,9,Edenbridge-Humber Valley (9),-79.5217,43.6639,NULL,NULL,N,NULL,NULL,NULL
5001723026,2015,00:00.0,810,8,COXWELL AVE,EARL HAIG AVE,NULL,3,Toronto and East York,NULL,55,Intersection,Intersection Related,Pedestrian Crossover,Clear,Daylight,Dry,Non-Fatal Injury,Pedestrian Collisions,D55,64,Woodbine Corridor (64),-79.3226,43.6811,NULL,NULL,N,NULL,NULL,NULL
5001649654,2015,00:00.0,636,6,THE QUEENSWAY,GLENDALE AVE,57 m East of,1,Toronto and East York,4,11,Mid-Block,At Intersection,No Control,Clear,"Dark, artificial",Dry,Fatal,Pedestrian Collisions,D11,87,High Park-Swansea (87),-79.4505,43.6391,NULL,NULL,N,NULL,NULL,NULL
5001013446,2015,00:00.0,2049,20,BAYVIEW BLOOR DVP RAMP,DON VALLEY PARKWAY  N,NULL,NULL,Toronto and East York,14,54,Mid-Block,Underpass or Tunnel,No Control,Clear,Dusk,Dry,Non-Fatal Injury,SMV Other,D54,57,Broadview North (57),-79.3623,43.6828,NULL,NULL,N,NULL,NULL,NULL
4003410596,2014,00:00.0,1335,13,CIVIC RD,SINNOTT RD,NULL,2,Scarborough,20,41,Intersection,At Intersection,Stop Sign,Clear,Daylight,Dry,Non-Fatal Injury,Pedestrian Collisions,D41,120,Clairlea-Birchmount (120),-79.2803,43.7284,NULL,NULL,N,NULL,NULL,NULL
4003419867,2014,00:00.0,2153,21,ALBION RD,THISTLE DOWN BLVD,100 m East of,1,Etobicoke York,1,23,Mid-Block,Non Intersection,No Control,Clear,"Dark, artificial",Dry,Non-Fatal Injury,Approaching,D23,3,Thistletown-Beaumond Heights (3),-79.5598,43.7346,NULL,NULL,N,NULL,NULL,NULL
5000950977,2015,00:00.0,2316,23,169 SHAW ST,NULL,NULL,2,Toronto and East York,10,14,Mid-Block,Non Intersection,No Control,Clear,"Dark, artificial",Dry,Non-Fatal Injury,Cyclist Collisions,D14,81,Trinity-Bellwoods (81),-79.4169,43.6463,NULL,NULL,N,NULL,NULL,NULL
5000961885,2015,00:00.0,1915,19,PATON RD,LANSDOWNE AVE,NULL,3,Toronto and East York,9,11,Intersection,At Intersection,Stop Sign,Other,Daylight,Other,Non-Fatal Injury,Angle,D11,93,Dovercourt-Wallace Emerson-Junction (93),-79.4436,43.6606,NULL,NULL,N,NULL,NULL,NULL
5001034900,2015,00:00.0,155,1,CARLTON ST,HOMEWOOD AVE,NULL,3,Toronto and East York,13,51,Intersection,At Intersection,Stop Sign,Clear,"Dark, artificial",Dry,Non-Fatal Injury,Cyclist Collisions,D51,73,Moss Park (73),-79.3743,43.6629,NULL,NULL,N,NULL,NULL,NULL
5001077682,2015,00:00.0,1652,16,SHEPPARD AVE E,SHAUGHNESSY BLVD,5 m West of,1,North York,17,33,Intersection,Intersection Related,Traffic Signal,Clear,Daylight,Dry,Non-Fatal Injury,Turning Movement,D33,53,Henry Farm (53),-79.3533,43.7737,NULL,NULL,N,NULL,NULL,NULL
5001672708,2015,00:00.0,2136,21,336 BIRCHMOUNT RD,NULL,3 m South of,3,Scarborough,20,41,Mid-Block,Non Intersection,No Control,Clear,"Dark, artificial",Dry,Non-Fatal Injury,Cyclist Collisions,D41,122,Birchcliffe-Cliffside (122),-79.2647,43.6989,NULL,NULL,N,NULL,NULL,NULL
940482,2006,00:00.0,1700,17,1568 MIDLAND Ave,NULL,NULL,1,Scarborough,21,41,Mid-Block,NULL,Pedestrian Crossover,Clear,Dark,Wet,Non-Fatal Injury,Pedestrian Collisions,D41,127,Bendale (127),-79.2664,43.7554,NULL,NULL,N,NULL,NULL,NULL
936726,2006,00:00.0,203,2,KENNEDY RD,EGLINTON AVE E,NULL,1,Scarborough,NULL,41,Intersection,At Intersection,Traffic Signal,Rain,Dark,Wet,Non-Fatal Injury,Pedestrian Collisions,D41,124,Kennedy Park (124),-79.2678,43.7321,NULL,NULL,N,NULL,NULL,NULL
968451,2007,00:00.0,1309,13,BOOTH AVE,LAKE SHORE BLVD E,NULL,1,Toronto and East York,14,55,Intersection,At Intersection,Stop Sign,Clear,Daylight,Dry,Non-Fatal Injury,Pedestrian Collisions,D55,70,South Riverdale (70),-79.3407,43.6535,NULL,NULL,N,NULL,NULL,NULL
5000001915,2015,00:00.0,624,6,KEELE ST,COLVILLE RD,NULL,1,Etobicoke York,5,12,Intersection,At Intersection,No Control,Clear,"Dawn, artificial",Dry,Non-Fatal Injury,Approaching,D12,30,Brookhaven-Amesbury (30),-79.4774,43.7061,NULL,NULL,N,NULL,NULL,NULL
946102,2006,00:00.0,30,0,YONGE ST,MC NAIRN AVE,NULL,1,North York,NULL,32,Mid-Block,NULL,No Control,Clear,Dark,Dry,Non-Fatal Injury,Approaching,D32,41,Bridle Path-Sunnybrook-York Mills (41),-79.4048,43.7357,NULL,NULL,N,NULL,NULL,NULL
966951,2007,00:00.0,910,9,CENTRAL PARK RDWY Road,CORDOVA AVE,NULL,2,Etobicoke York,3,22,Intersection,At Intersection,Stop Sign,Clear,Daylight,Dry,Non-Fatal Injury,Pedestrian Collisions,D22,14,Islington-City Centre West (14),-79.5268,43.6478,NULL,NULL,N,NULL,NULL,NULL
971396,2007,00:00.0,1050,10,DON MILLS Road,FINCH Aven E,NULL,1,North York,17,33,Intersection,At Intersection,Traffic Signal,Clear,Daylight,Dry,Non-Fatal Injury,Pedestrian Collisions,D33,47,Don Valley Village (47),-79.3546,43.7926,NULL,NULL,N,NULL,NULL,NULL
948029,2007,00:00.0,355,3,PARKSIDE DR,HIGH PARK BLVD,NULL,1,Toronto and East York,4,11,Intersection,NULL,Traffic Signal,Rain,Dark,Wet,Non-Fatal Injury,Pedestrian Collisions,D11,87,High Park-Swansea (87),-79.4562,43.6448,NULL,NULL,N,NULL,NULL,NULL
945089,2007,00:00.0,1750,17,VICTORIA PARK AVE,HARE GT,NULL,1,North York,NULL,NULL,Intersection,At Intersection,No Control,Clear,Dark,Dry,Fatal,Pedestrian Collisions,D33,117,L'Amoreaux (117),-79.3326,43.7959,NULL,NULL,N,NULL,NULL,NULL
950128,2006,00:00.0,1933,19,STEELES AVE E,REDLEA AVE,NULL,1,Scarborough,22,42,Mid-Block,NULL,No Control,Clear,Dark,Dry,Non-Fatal Injury,Pedestrian Collisions,D42,130,Milliken (130),-79.305,43.8241,NULL,NULL,N,NULL,NULL,NULL
944085,2006,00:00.0,2205,22,EGLINTON AVE E,KENNEDY RD,NULL,1,Scarborough,NULL,41,Intersection,At Intersection,Traffic Signal,Rain,Dark,Wet,Non-Fatal Injury,Pedestrian Collisions,D41,124,Kennedy Park (124),-79.2678,43.7321,NULL,NULL,N,NULL,NULL,NULL
5000706229,2015,00:00.0,40,0,MARTIN GROVE RD,DIXON RD,NULL,1,Etobicoke York,NULL,23,Intersection,At Intersection,Traffic Signal,Clear,"Dark, artificial",Dry,Non-Fatal Injury,Pedestrian Collisions,D23,1,West Humber-Clairville (1),-79.5708,43.6915,-79.5708,43.6915,Y,Dixon Rd,Martin Grove Rd,2017-07-10
967321,2007,00:00.0,1645,16,ABITIBI AVE,YONGE ST,NULL,4,North York,18,32,Mid-Block,NULL,No Control,Clear,Daylight,Dry,Non-Fatal Injury,Pedestrian Collisions,D32,50,Newtonbrook East (50),-79.419,43.7964,NULL,NULL,N,NULL,NULL,NULL
944792,2006,00:00.0,1958,19,F G GARDINER XY  E,GRAND AVE,NULL,NULL,Etobicoke York,3,22,Mid-Block (Abnormal),NULL,No Control,Rain,Dark,Wet,Non-Fatal Injury,SMV Other,D22,17,Mimico (17),-79.4883,43.6257,NULL,NULL,N,NULL,NULL,NULL
956968,2007,00:00.0,819,8,DON MILLS RD,SENECA HILL DR,NULL,1,North York,17,33,Intersection,At Intersection,Traffic Signal,Clear,Daylight,Dry,Non-Fatal Injury,Pedestrian Collisions,D33,47,Don Valley Village (47),-79.3541,43.7902,NULL,NULL,N,NULL,NULL,NULL
935412,2006,00:00.0,2308,23,GILROY DR,BRIGSTOCK RD,NULL,4,Scarborough,21,41,Intersection,NULL,No Control,Clear,Dark,Dry,Non-Fatal Injury,Pedestrian Collisions,D41,126,Dorset Park (126),-79.2809,43.7609,NULL,NULL,N,NULL,NULL,NULL
970082,2007,00:00.0,1924,19,FINCH AVE W,EDITHVALE DR,NULL,1,North York,18,32,Mid-Block,At Intersection,Pedestrian Crossover,Clear,Daylight,Dry,Non-Fatal Injury,Pedestrian Collisions,D32,36,Newtonbrook West (36),-79.4264,43.7773,NULL,NULL,N,NULL,NULL,NULL
931113,2006,00:00.0,1055,10,KIPLING AVE,PENLEA AVE,NULL,1,Etobicoke York,1,23,Mid-Block,NULL,Pedestrian Crossover,Clear,Daylight,Wet,Non-Fatal Injury,Pedestrian Collisions,D23,3,Thistletown-Beaumond Heights (3),-79.581,43.7412,NULL,NULL,N,NULL,NULL,NULL
950308,2007,00:00.0,1513,15,HUMBERWOOD BLVD,HULLRICK DR,NULL,2,Etobicoke York,1,23,Mid-Block,NULL,No Control,Clear,Daylight,Slush,Non-Fatal Injury,Approaching,D23,1,West Humber-Clairville (1),-79.6152,43.7239,NULL,NULL,N,NULL,NULL,NULL
985348,2007,00:00.0,226,2,BROADVIEW AVE,BAIN AVE,NULL,3,Toronto and East York,14,55,Mid-Block,NULL,No Control,Clear,Dark,Dry,Non-Fatal Injury,SMV Other,D55,68,North Riverdale (68),-79.3543,43.6709,NULL,NULL,N,NULL,NULL,NULL
970666,2007,00:00.0,237,2,DON VALLEY PARKWAY  N,BEECHWOOD DR,NULL,4,Toronto and East York,14,54,Mid-Block,NULL,No Control,Clear,Dark,Dry,Non-Fatal Injury,SMV Other,D54,57,Broadview North (57),-79.3536,43.6962,NULL,NULL,N,NULL,NULL,NULL
950302,2007,00:00.0,1735,17,DIXON RD,ISLINGTON AVE,NULL,1,Etobicoke York,NULL,23,Intersection,At Intersection,Traffic Signal,Clear,Dark,Dry,Non-Fatal Injury,Turning Movement,D23,6,Kingsview Village-The Westway (6),-79.5466,43.697,NULL,NULL,N,NULL,NULL,NULL
950372,2007,00:00.0,1559,15,EGLINTON AVE E,HOLLY ST,NULL,1,Toronto and East York,12,53,Mid-Block,NULL,No Control,Snow,Daylight,Packed Snow,Non-Fatal Injury,Pedestrian Collisions,D53,104,Mount Pleasant West (104),-79.3961,43.7071,NULL,NULL,N,NULL,NULL,NULL
4003465091,2014,00:00.0,1100,11,SHEPPARD AVE E,DON MILLS RD,NULL,1,North York,17,33,Mid-Block,Non Intersection,No Control,Snow,Daylight,Packed Snow,Non-Fatal Injury,Sideswipe,D33,53,Henry Farm (53),-79.3518,43.774,NULL,NULL,N,NULL,NULL,NULL
946202,2007,00:00.0,1336,13,FINCH AVE E,MARKHAM RD,NULL,1,Scarborough,23,42,Mid-Block,Non Intersection,No Control,Clear,Daylight,Dry,Non-Fatal Injury,SMV Other,D42,129,Agincourt North (129),-79.2504,43.8113,NULL,NULL,N,NULL,NULL,NULL
5000935132,2015,00:00.0,1255,12,COMMISSIONERS ST,BOUCHETTE ST,80 m East of,2,Toronto and East York,14,55,Mid-Block,Non Intersection,No Control,Clear,Daylight,Dry,Non-Fatal Injury,SMV Other,D55,70,South Riverdale (70),-79.339,43.651,NULL,NULL,N,NULL,NULL,NULL
941100,2006,00:00.0,2240,22,CHURCH ST,BLOOR ST E,NULL,1,Toronto and East York,11,NULL,Intersection,NULL,Traffic Signal,Rain,Dusk,Wet,Non-Fatal Injury,Pedestrian Collisions,D51,98,Rosedale-Moore Park (98),-79.3831,43.671,NULL,NULL,N,NULL,NULL,NULL
931108,2006,00:00.0,1728,17,STEELES AVE W,KEELE ST,NULL,1,North York,6,31,Mid-Block,NULL,No Control,Clear,Daylight,Dry,Non-Fatal Injury,Pedestrian Collisions,D31,27,York University Heights (27),-79.4939,43.7816,NULL,NULL,N,NULL,NULL,NULL
974158,2007,00:00.0,52,0,OSSINGTON AVE,CHURCHILL AVE,NULL,3,Toronto and East York,NULL,14,Intersection,At Intersection,Traffic Signal,Clear,Dark,Dry,Non-Fatal Injury,Pedestrian Collisions,D14,81,Trinity-Bellwoods (81),-79.4217,43.6519,NULL,NULL,N,NULL,NULL,NULL
929168,2006,00:00.0,2019,20,QUEEN ST E,KENILWORTH AVE,NULL,3,Toronto and East York,19,55,Mid-Block,NULL,No Control,Clear,Daylight,Dry,Non-Fatal Injury,Cyclist Collisions,D55,63,The Beaches (63),-79.3014,43.6696,NULL,NULL,N,NULL,NULL,NULL
957966,2007,00:00.0,1724,17,O CONNOR DR,PAPE AVE,NULL,1,Toronto and East York,14,54,Intersection,At Intersection,Traffic Signal,Clear,Dusk,Dry,Fatal,Pedestrian Collisions,D54,58,Old East York (58),-79.3502,43.6932,-79.3502,43.6932,Y,NULL,NULL,2022-03-17
940647,2006,00:00.0,1630,16,PARK RD,ROSEDALE VALLEY RD,NULL,3,Toronto and East York,11,53,Intersection,At Intersection,Stop Sign,Clear,Daylight,Dry,Non-Fatal Injury,Rear End,D53,98,Rosedale-Moore Park (98),-79.384,43.6734,NULL,NULL,N,NULL,NULL,NULL
944350,2006,00:00.0,20,0,LAWRENCE AVE W,ROSEWELL AVE,NULL,1,North York,8,NULL,Mid-Block,NULL,No Control,Clear,Dark,Dry,Non-Fatal Injury,Pedestrian Collisions,D32,105,Lawrence Park North (105),-79.4126,43.7229,NULL,NULL,N,NULL,NULL,NULL
976441,2007,00:00.0,1044,10,ALBION RD,WESTMORE DR,NULL,1,Etobicoke York,1,23,Intersection,At Intersection,Traffic Controller,Clear,Daylight,Dry,Non-Fatal Injury,Turning Movement,D23,1,West Humber-Clairville (1),-79.6038,43.7436,NULL,NULL,N,NULL,NULL,NULL
935297,2006,00:00.0,2325,23,ADELAIDE ST E,YONGE ST,NULL,1,Toronto and East York,13,NULL,Intersection,At Intersection,Traffic Signal,Clear,Dark,Dry,Non-Fatal Injury,Cyclist Collisions,D52,75,Church-Yonge Corridor (75),-79.3784,43.6504,NULL,NULL,N,NULL,NULL,NULL
950847,2007,00:00.0,710,7,WALSH AVE,KELVIN AVE,NULL,1,Etobicoke York,7,31,Intersection,NULL,Stop Sign,Clear,Dark,Dry,Non-Fatal Injury,Pedestrian Collisions,D31,23,Pelmo Park-Humberlea (23),-79.5315,43.7157,NULL,NULL,N,NULL,NULL,NULL
952422,2007,00:00.0,832,8,QUEEN ST E,MC GEE ST,NULL,3,Toronto and East York,14,55,Intersection,NULL,No Control,Clear,Daylight,Wet,Non-Fatal Injury,Pedestrian Collisions,D55,70,South Riverdale (70),-79.3444,43.66,NULL,NULL,N,NULL,NULL,NULL
962645,2007,00:00.0,1354,13,DAVENPORT RD,DOVERCOURT RD,NULL,3,Toronto and East York,9,13,Intersection,At Intersection,Stop Sign,Clear,Daylight,Dry,Non-Fatal Injury,Pedestrian Collisions,D13,94,Wychwood (94),-79.4346,43.6742,NULL,NULL,N,NULL,NULL,NULL
958634,2007,00:00.0,305,3,BATHURST ST,COLLEGE ST,NULL,1,Toronto and East York,11,14,Mid-Block,NULL,Pedestrian Crossover,Clear,Dark,Wet,Non-Fatal Injury,Sideswipe,D14,79,University (79),-79.4081,43.6576,NULL,NULL,N,NULL,NULL,NULL
5000998310,2015,00:00.0,1409,14,TRETHEWEY DR,CLEARVIEW HTS,5 m West of,3,Etobicoke York,5,12,Intersection,At Intersection,No Control,Rain,Daylight,Wet,Non-Fatal Injury,Approaching,D12,112,Beechborough-Greenbrook (112),-79.4831,43.6933,NULL,NULL,N,NULL,NULL,NULL
932096,2006,00:00.0,1406,14,SPADINA AVE,BALDWIN ST,NULL,1,Toronto and East York,11,NULL,Mid-Block,NULL,No Control,Rain,Daylight,Wet,Non-Fatal Injury,Pedestrian Collisions,D52,78,Kensington-Chinatown (78),-79.399,43.6555,NULL,NULL,N,NULL,NULL,NULL
939968,2006,00:00.0,1230,12,BLOOR ST W,OSSINGTON AVE,NULL,1,Toronto and East York,NULL,14,Intersection,NULL,No Control,Rain,Daylight,Wet,Non-Fatal Injury,Pedestrian Collisions,D14,80,Palmerston-Little Italy (80),-79.4256,43.6619,-79.4256,43.6619,Y,Bloor St W,Ossington Ave,2011-11-22
987827,2007,00:00.0,2212,22,DUNDAS ST E,RIVER ST,NULL,1,Toronto and East York,13,51,Mid-Block,NULL,No Control,Clear,Dark,Dry,Non-Fatal Injury,Sideswipe,D51,72,Regent Park (72),-79.3575,43.6613,NULL,NULL,N,NULL,NULL,NULL
930421,2006,00:00.0,2255,22,STEELES AVE W,KEELE ST,NULL,1,Etobicoke York,NULL,31,Intersection,At Intersection,Traffic Signal,Rain,Dark,Wet,Non-Fatal Injury,Pedestrian Collisions,D31,27,York University Heights (27),-79.4944,43.7815,NULL,NULL,N,NULL,NULL,NULL
929542,2006,00:00.0,1210,12,LAKE SHORE BLVD W,LEGION RD,NULL,1,Etobicoke York,3,22,Mid-Block,NULL,No Control,Clear,Daylight,Dry,Non-Fatal Injury,Pedestrian Collisions,D22,17,Mimico (17),-79.4837,43.6202,NULL,NULL,N,NULL,NULL,NULL
954826,2007,00:00.0,1915,19,POTTERY RD,TODMORDEN MILLS RD,NULL,3,Toronto and East York,14,54,Mid-Block,NULL,No Control,Snow,Dark,Ice,Non-Fatal Injury,SMV Other,D54,57,Broadview North (57),-79.3602,43.6868,NULL,NULL,N,NULL,NULL,NULL
951783,2007,00:00.0,1012,10,DUNDAS ST W,427 C N DUNDAS RAMP S,NULL,1,Etobicoke York,3,22,Intersection,At Intersection,Traffic Signal,Clear,Daylight,Dry,Non-Fatal Injury,Turning Movement,D22,14,Islington-City Centre West (14),-79.5548,43.6289,NULL,NULL,N,NULL,NULL,NULL
996101,2007,00:00.0,1510,15,DON MILLS RD,EGLINTON AVE E,NULL,1,North York,16,NULL,Intersection,NULL,Traffic Signal,Clear,Daylight,Dry,Non-Fatal Injury,Turning Movement,D54,44,Flemingdon Park (44),-79.3388,43.7204,NULL,NULL,N,NULL,NULL,NULL
1013134,2007,00:00.0,525,5,WILSON AVE,DUFFERIN ST,NULL,1,North York,6,32,Mid-Block,NULL,No Control,Clear,Dark,Dry,Non-Fatal Injury,Turning Movement,D32,26,Downsview-Roding-CFB (26),-79.4572,43.7324,NULL,NULL,N,NULL,NULL,NULL
991215,2007,00:00.0,1655,16,TRITON RD,BOROUGH DR,NULL,5,Scarborough,21,43,Mid-Block,NULL,No Control,Clear,Daylight,Dry,Non-Fatal Injury,Pedestrian Collisions,D43,127,Bendale (127),-79.2529,43.7753,NULL,NULL,N,NULL,NULL,NULL
983273,2007,00:00.0,2051,20,EGLINTON AVE W,ISLINGTON AVE,NULL,1,Etobicoke York,2,NULL,Mid-Block,NULL,No Control,Rain,Dusk,Wet,Non-Fatal Injury,Sideswipe,D23,7,Willowridge-Martingrove-Richview (7),-79.5336,43.6809,NULL,NULL,N,NULL,NULL,NULL
1023759,2007,00:00.0,1820,18,DUFFERIN ST,BRIAR HILL AVE,NULL,1,North York,8,13,Intersection,At Intersection,Traffic Signal,Clear,Dark,Dry,Non-Fatal Injury,Pedestrian Collisions,D13,108,Briar Hill-Belgravia (108),-79.452,43.7023,NULL,NULL,N,NULL,NULL,NULL
1014571,2007,00:00.0,647,6,STEELES AVE W,NORFINCH DR,NULL,1,Etobicoke York,7,31,Intersection,At Intersection,Traffic Signal,Snow,Dark,Loose Snow,Non-Fatal Injury,Sideswipe,D31,24,Black Creek (24),-79.5317,43.7733,NULL,NULL,N,NULL,NULL,NULL
991154,2007,00:00.0,1308,13,AVOCA AVE,ST CLAIR AVE E,NULL,1,Toronto and East York,12,53,Intersection,At Intersection,School Guard,Clear,Daylight,Dry,Non-Fatal Injury,Pedestrian Collisions,D53,98,Rosedale-Moore Park (98),-79.3898,43.6889,NULL,NULL,N,NULL,NULL,NULL
997688,2007,00:00.0,120,1,YONGE ST,GREENFIELD AVE,NULL,1,North York,18,32,Intersection,At Intersection,Traffic Signal,Clear,Dark,Dry,Non-Fatal Injury,Pedestrian Collisions,D32,51,Willowdale East (51),-79.4113,43.7632,NULL,NULL,N,NULL,NULL,NULL
1012988,2008,00:00.0,1935,19,SANDWELL DR,THE WESTWAY,NULL,4,Etobicoke York,2,23,Mid-Block,NULL,No Control,Clear,Dark,Wet,Fatal,Pedestrian Collisions,D23,7,Willowridge-Martingrove-Richview (7),-79.5649,43.6843,NULL,NULL,N,NULL,NULL,NULL
1015408,2008,00:00.0,1608,16,KENNEDY Road,HAVENDALE Road,NULL,1,Scarborough,22,42,Intersection,At Intersection,Traffic Signal,Clear,Daylight,Dry,Non-Fatal Injury,Turning Movement,D42,128,Agincourt South-Malvern West (128),-79.2916,43.791,NULL,NULL,N,NULL,NULL,NULL
997046,2007,00:00.0,457,4,ST CLAIR AVE W,DUFFERIN ST,NULL,1,Toronto and East York,9,13,Intersection,At Intersection,Traffic Signal,Clear,Dark,Dry,Non-Fatal Injury,Angle,D13,92,Corso Italia-Davenport (92),-79.443,43.6779,NULL,NULL,N,NULL,NULL,NULL
993424,2007,00:00.0,830,8,QUEEN ST W,GLADSTONE AVE,NULL,1,Toronto and East York,9,14,Intersection,NULL,Traffic Signal,Clear,Daylight,Dry,Non-Fatal Injury,Cyclist Collisions,D14,84,Little Portugal (84),-79.4271,43.6425,NULL,NULL,N,NULL,NULL,NULL
927027,2006,00:00.0,2042,20,BLOOR ST W,THE WEST MALL,NULL,1,Etobicoke York,2,22,Intersection,NULL,Traffic Signal,Rain,Dark,Wet,Non-Fatal Injury,Turning Movement,D22,13,Etobicoke West Mall (13),-79.5622,43.6356,NULL,NULL,N,NULL,NULL,NULL
5000359442,2015,00:00.0,1104,11,MARKHAM RD,PROGRESS AVE,NULL,1,Scarborough,24,43,Mid-Block,Non Intersection,No Control,Clear,Daylight,Dry,Non-Fatal Injury,Pedestrian Collisions,D43,137,Woburn (137),-79.2334,43.7807,NULL,NULL,N,NULL,NULL,NULL
5000858647,2015,00:00.0,1030,10,MARINE PARADE DR,PARK LAWN RD,NULL,1,Etobicoke York,3,22,Intersection,At Intersection,Traffic Signal,Clear,Daylight,Dry,Non-Fatal Injury,Cyclist Collisions,D22,17,Mimico (17),-79.4811,43.6229,NULL,NULL,N,NULL,NULL,NULL
5000873570,2015,00:00.0,1828,18,MORNINGSIDE AVE,SHEPPARD AVE E,NULL,1,Scarborough,25,42,Intersection,Intersection Related,Traffic Signal,Clear,Daylight,Dry,Non-Fatal Injury,Turning Movement,D42,131,Rouge (131),-79.1997,43.8019,-79.1997,43.8019,Y,Sheppard Ave E,Morningside Ave,2017-03-10
985456,2007,00:00.0,1341,13,MADELAINE AVE,DANFORTH AVE,NULL,1,Scarborough,20,41,Intersection,NULL,No Control,Clear,Daylight,Dry,Non-Fatal Injury,Pedestrian Collisions,D41,121,Oakridge (121),-79.2844,43.692,NULL,NULL,N,NULL,NULL,NULL
1008571,2007,00:00.0,724,7,LAKE SHORE BLVD W,LONG BRANCH AVE,NULL,1,Etobicoke York,3,22,Intersection,At Intersection,Traffic Signal,Clear,Daylight,Dry,Non-Fatal Injury,Pedestrian Collisions,D22,19,Long Branch (19),-79.5339,43.5943,NULL,NULL,N,NULL,NULL,NULL
5000887145,2015,00:00.0,2120,21,TANGAMO RD,MOFORD CRES,17 m North of,4,Etobicoke York,2,23,Intersection,Non Intersection,Stop Sign,Clear,"Dark, artificial",Dry,Fatal,SMV Other,D23,7,Willowridge-Martingrove-Richview (7),-79.5594,43.6904,NULL,NULL,N,NULL,NULL,NULL
5000897486,2015,00:00.0,1230,12,THE QUEENSWAY,VIBE RD,33 m West of,1,Etobicoke York,3,22,Intersection,At/Near Private Drive,No Control,Clear,Daylight,Dry,Non-Fatal Injury,Angle,D22,14,Islington-City Centre West (14),-79.5234,43.6216,NULL,NULL,N,NULL,NULL,NULL
982126,2007,00:00.0,1730,17,LAWRENCE AVE W,DUVAL DR,NULL,1,Etobicoke York,5,12,Intersection,At Intersection,Traffic Signal,Clear,Daylight,Dry,Non-Fatal Injury,Cyclist Collisions,D12,29,Maple Leaf (29),-79.4745,43.7097,NULL,NULL,N,NULL,NULL,NULL
6001171035,2016,00:00.0,2055,20,KIPLING AVE,WESTHUMBER BLVD,NULL,1,Etobicoke York,1,23,Intersection,At Intersection,Traffic Signal,Clear,"Dusk, artificial",Dry,Fatal,Pedestrian Collisions,D23,4,Rexdale-Kipling (4),-79.5746,43.7281,NULL,NULL,N,NULL,NULL,NULL
5000212905,2015,00:00.0,1701,17,750 DANFORTH RD,NULL,NULL,1,Scarborough,20,41,Mid-Block,NULL,No Control,Clear,"Daylight, artificial",Wet,Fatal,Pedestrian Collisions,D41,124,Kennedy Park (124),-79.2574,43.7204,NULL,NULL,N,NULL,NULL,NULL
5000324381,2015,00:00.0,1327,13,BLEECKER ST,WELLESLEY ST E,NULL,3,Toronto and East York,13,51,Intersection,Intersection Related,Stop Sign,Clear,Daylight,Wet,Non-Fatal Injury,Pedestrian Collisions,D51,71,Cabbagetown-South St.James Town (71),-79.3737,43.6672,NULL,NULL,N,NULL,NULL,NULL
6000995123,2016,00:00.0,1048,10,DON VALLEY PARKWAY  N,BAYVIEW BLOOR DVP N RAMP,120 m South of,NULL,Toronto and East York,14,54,Mid-Block,Non Intersection,No Control,Clear,Daylight,Dry,Non-Fatal Injury,SMV Other,D54,57,Broadview North (57),-79.3612,43.6845,NULL,NULL,N,NULL,NULL,NULL
6001025245,2016,00:00.0,2223,22,BLOOR ST W,ISLINGTON AVE,NULL,1,Etobicoke York,3,22,Intersection,At Intersection,Traffic Signal,Clear,"Dark, artificial",Dry,Non-Fatal Injury,Angle,D22,16,Stonegate-Queensway (16),-79.5234,43.6446,-79.5234,43.6446,Y,Bloor St W,Islington Ave,2018-11-28
5000901118,2015,00:00.0,2,0,DUNDAS ST W,EDNA AVE,2 m North of,3,Toronto and East York,4,11,Intersection,At Intersection,No Control,Clear,"Dark, artificial",Dry,Non-Fatal Injury,Cyclist Collisions,D11,88,High Park North (88),-79.4526,43.6572,NULL,NULL,N,NULL,NULL,NULL
4002954632,2014,00:00.0,1542,15,2715 LAWRENCE AVE E,NULL,50 m West of,1,Scarborough,21,41,Mid-Block,At/Near Private Drive,No Control,Clear,Daylight,Dry,Non-Fatal Injury,Turning Movement,D41,127,Bendale (127),-79.259,43.7526,NULL,NULL,N,NULL,NULL,NULL
6001192088,2016,00:00.0,2304,23,EGLINTON AVE E,SWIFT DR,12 m West of,1,North York,16,NULL,Intersection,Intersection Related,Traffic Signal,Clear,"Dark, artificial",Dry,Non-Fatal Injury,Pedestrian Collisions,D54,43,Victoria Village (43),-79.3182,43.7261,NULL,NULL,N,NULL,NULL,NULL
6001200915,2016,00:00.0,930,9,CHURCH ST,BLOOR ST E,NULL,1,Toronto and East York,11,NULL,Intersection,Intersection Related,Traffic Signal,Clear,Daylight,Dry,Non-Fatal Injury,Turning Movement,D51,75,Church-Yonge Corridor (75),-79.3831,43.671,NULL,NULL,N,NULL,NULL,NULL
4003102605,2014,00:00.0,1448,14,BRIDLETOWNE CRCL,FINCH AVE E,NULL,1,Scarborough,22,42,Intersection,At Intersection,Traffic Signal,Clear,Daylight,Dry,Non-Fatal Injury,Turning Movement,D42,117,L'Amoreaux (117),-79.3193,43.7958,NULL,NULL,N,NULL,NULL,NULL