ACCNUM,YEAR,DATE,TIME,HOUR,STREET1,STREET2,OFFSET,ROAD_CLASS,DISTRICT,WARDNUM,DIVISION,LOCCOORD,ACCLOC,TRAFFCTL,VISIBILITY,LIGHT,RDSFCOND,ACCLASS,IMPACTYPE,POLICE_DIVISION,HOOD_ID,NEIGHBOURHOOD,collision_lat,collision_long,red_light_lat,red_light_long,right_light_camera,LINEAR_NAME_FULL_1,LINEAR_NAME_FULL_2,ACTIVATION_DATE
6001416564,2016,00:00.0,1603,16,WESTHUMBER BLVD,KIPLING AVE,NULL,1,Etobicoke York,1,23,Intersection,At Intersection,Traffic Signal,Clear,Daylight,Dry,Non-Fatal Injury,Pedestrian Collisions,D23,4,Rexdale-Kipling (4),-79.5746,43.728,NULL,NULL,N,NULL,NULL,NULL
6001228387,2016,00:00.0,1413,14,JANE ST,WILLIAM CRAGG DR,NULL,1,Etobicoke York,NULL,31,Intersection,Intersection Related,No Control,Clear,Daylight,Dry,Non-Fatal Injury,Turning Movement,D31,26,Downsview-Roding-CFB (26),-79.5089,43.7223,NULL,NULL,N,NULL,NULL,NULL
6001300022,2016,00:00.0,1349,13,VICTORIA PARK AVE,HIGHWAY 401 C  W,5 m South of,1,North York,NULL,NULL,Mid-Block,Non Intersection,No Control,Clear,Daylight,Dry,Non-Fatal Injury,Cyclist Collisions,D33,118,Tam O'Shanter-Sullivan (118),-79.3197,43.7683,NULL,NULL,N,NULL,NULL,NULL
6001084832,2016,00:00.0,1621,16,81 JANRAY DR,NULL,NULL,4,Scarborough,24,43,Mid-Block,Private Driveway,No Control,Clear,Daylight,Dry,Non-Fatal Injury,Pedestrian Collisions,D43,137,Woburn (137),-79.218,43.7652,NULL,NULL,N,NULL,NULL,NULL
6001086045,2016,00:00.0,2030,20,SHEPPARD AVE W,NORTHOVER ST,100 m West of,1,Etobicoke York,NULL,31,Mid-Block,Non Intersection,No Control,Clear,Daylight,Dry,Non-Fatal Injury,Rear End,D31,25,Glenfield-Jane Heights (25),-79.5028,43.7411,NULL,NULL,N,NULL,NULL,NULL
6001220813,2016,00:00.0,1235,12,PAPE AVE,COSBURN AVE,15 m South of,1,Toronto and East York,14,54,Intersection,Non Intersection,Traffic Signal,Clear,Daylight,Dry,Non-Fatal Injury,Cyclist Collisions,D54,58,Old East York (58),-79.3488,43.6894,NULL,NULL,N,NULL,NULL,NULL
5001905504,2015,00:00.0,2310,23,DON VALLEY PARKWAY  S,LEASIDE BDGE,NULL,1,Toronto and East York,14,54,Mid-Block,Non Intersection,No Control,Clear,"Dark, artificial",Dry,Non-Fatal Injury,Pedestrian Collisions,D54,58,Old East York (58),-79.3497,43.698,NULL,NULL,N,NULL,NULL,NULL
6001474436,2016,00:00.0,1323,13,SHEPPARD AVE W,JANE ST,NULL,1,Etobicoke York,NULL,31,Intersection,At Intersection,Traffic Signal,Clear,Daylight,Dry,Non-Fatal Injury,Approaching,D31,25,Glenfield-Jane Heights (25),-79.5131,43.7393,NULL,NULL,N,NULL,NULL,NULL
5001837340,2015,00:00.0,1925,19,EGLINTON AVE E,DANFORTH RD,NULL,1,Scarborough,NULL,43,Intersection,At Intersection,Traffic Signal,Clear,"Dark, artificial",Dry,Non-Fatal Injury,Pedestrian Collisions,D43,138,Eglinton East (138),-79.2461,43.737,-79.2461,43.737,Y,Eglinton Ave E,Danforth Rd,2017-03-10
6001345276,2016,00:00.0,1355,13,MORNINGSIDE AVE,ELLESMERE RD,282 m South of,1,Scarborough,NULL,43,Mid-Block,Non Intersection,No Control,Rain,Daylight,Wet,Non-Fatal Injury,Turning Movement,D43,134,Highland Creek (134),-79.1923,43.7829,NULL,NULL,N,NULL,NULL,NULL
5002000710,2015,00:00.0,2110,21,EGLINTON AVE W,MUNICIPAL DR,19 m East of,1,Etobicoke York,5,12,Intersection,Non Intersection,No Control,Rain,"Dark, artificial",Wet,Non-Fatal Injury,Pedestrian Collisions,D12,110,Keelesdale-Eglinton West (110),-79.4771,43.6896,NULL,NULL,N,NULL,NULL,NULL
5002065903,2015,00:00.0,1419,14,LAWRENCE AVE W,BATHURST ST,1 m West of,1,North York,8,NULL,Intersection,Intersection Related,Traffic Signal,Clear,Daylight,Dry,Fatal,Pedestrian Collisions,D53,39,Bedford Park-Nortown (39),-79.4298,43.7192,-79.4298,43.7192,Y,Bathurst St,Lawrence Ave W,2008-08-11
5002074254,2015,00:00.0,2038,20,KINGSTON RD,FAIRCROFT BLVD,119 m West of,1,Scarborough,20,43,Mid-Block,Non Intersection,No Control,Clear,"Dark, artificial",Dry,Fatal,SMV Unattended Vehicle,D43,123,Cliffcrest (123),-79.2274,43.7294,NULL,NULL,N,NULL,NULL,NULL
6001553958,2016,00:00.0,2230,22,BAY ST,HARBOUR ST,NULL,1,Toronto and East York,10,52,Intersection,Intersection Related,Traffic Signal,Clear,"Dark, artificial",Dry,Fatal,Turning Movement,D52,77,Waterfront Communities-The Island (77),-79.3774,43.642,NULL,NULL,N,NULL,NULL,NULL
5002189475,2015,00:00.0,911,9,SHERBOURNE ST,CARLTON ST,NULL,3,Toronto and East York,13,51,Intersection,At Intersection,Traffic Controller,Rain,Daylight,Wet,Non-Fatal Injury,Cyclist Collisions,D51,73,Moss Park (73),-79.373,43.6631,NULL,NULL,N,NULL,NULL,NULL
5001842724,2015,00:00.0,1750,17,VICTORIA PARK AVE,HUNTINGWOOD DR,100 m North of,1,North York,NULL,NULL,Mid-Block,Non Intersection,No Control,Clear,"Dark, artificial",Dry,Non-Fatal Injury,Approaching,D42,117,L'Amoreaux (117),-79.3258,43.7813,NULL,NULL,N,NULL,NULL,NULL
5001891795,2015,00:00.0,1755,17,HIGHWAY 27  N,VICE REGENT BLVD,NULL,1,Etobicoke York,1,23,Intersection,Intersection Related,No Control,Clear,"Dark, artificial",Dry,Fatal,Cyclist Collisions,D23,1,West Humber-Clairville (1),-79.5927,43.7113,NULL,NULL,N,NULL,NULL,NULL
5002031524,2015,00:00.0,2226,22,THE QUEENSWAY,COLBORNE LODGE DR,134 m West of,1,Toronto and East York,4,11,Mid-Block,Non Intersection,No Control,Clear,"Dark, artificial",Dry,Non-Fatal Injury,Pedestrian Collisions,D11,87,High Park-Swansea (87),-79.4609,43.6392,NULL,NULL,N,NULL,NULL,NULL
5002032713,2015,00:00.0,532,5,EGLINTON AVE W,BATHURST ST,NULL,1,North York,NULL,NULL,Intersection,At Intersection,Traffic Signal,Clear,Dark,Dry,Fatal,Pedestrian Collisions,D13,102,Forest Hill North (102),-79.4255,43.7009,NULL,NULL,N,NULL,NULL,NULL
6001053517,2016,00:00.0,303,3,DANFORTH RD,ST CLAIR AVE E,92.1 m south,3,Scarborough,20,41,Mid-Block,Non Intersection,No Control,Clear,"Dark, artificial",Dry,Fatal,Pedestrian Collisions,D41,120,Clairlea-Birchmount (120),-79.2603,43.7156,NULL,NULL,N,NULL,NULL,NULL
6000759323,2016,00:00.0,1912,19,SCOTTFIELD DR,FINCH AVE E,80 m South of,4,Scarborough,23,42,Mid-Block,Non Intersection,No Control,Clear,Daylight,Dry,Non-Fatal Injury,SMV Other,D42,129,Agincourt North (129),-79.2525,43.81,NULL,NULL,N,NULL,NULL,NULL
5002127671,2015,00:00.0,646,6,QUEEN ST E,VICTORIA ST,2 m West of,1,Toronto and East York,13,51,Intersection,Intersection Related,Traffic Signal,Clear,"Dark, artificial",Dry,Non-Fatal Injury,Pedestrian Collisions,D51,75,Church-Yonge Corridor (75),-79.378,43.6526,NULL,NULL,N,NULL,NULL,NULL
5002131445,2015,00:00.0,1941,19,JANE ST,WEATHERELL ST,NULL,1,Toronto and East York,4,11,Intersection,At Intersection,No Control,Clear,"Dark, artificial",Dry,Non-Fatal Injury,Sideswipe,D11,89,Runnymede-Bloor West Village (89),-79.4854,43.6516,NULL,NULL,N,NULL,NULL,NULL
5001934875,2015,00:00.0,950,9,DUNMAIL DR,BLUE EAGLE TRL,15 m West of,4,Scarborough,23,42,Intersection,Non Intersection,No Control,Clear,Daylight,Dry,Non-Fatal Injury,Cyclist Collisions,D42,129,Agincourt North (129),-79.2848,43.8047,NULL,NULL,N,NULL,NULL,NULL
6000004050,2016,00:00.0,1904,19,MOUNT PLEASANT RD,DAVISVILLE AVE,NULL,1,North York,NULL,53,Intersection,At Intersection,Traffic Signal,Clear,"Dark, artificial",Dry,Non-Fatal Injury,Pedestrian Collisions,D53,99,Mount Pleasant East (99),-79.3869,43.7003,NULL,NULL,N,NULL,NULL,NULL
5001826352,2015,00:00.0,1909,19,MORNINGSIDE AVE,SEWELLS RD,NULL,3,Scarborough,25,42,Intersection,At Intersection,Traffic Signal,Clear,"Dark, artificial",Dry,Non-Fatal Injury,Pedestrian Collisions,D42,131,Rouge (131),-79.2111,43.8162,NULL,NULL,N,NULL,NULL,NULL
6000091975,2016,00:00.0,748,7,STEELES AVE W,ALCIDE ST,70 m East of,1,Etobicoke York,1,23,Mid-Block,Non Intersection,No Control,Clear,Daylight,Wet,Non-Fatal Injury,Approaching,D23,1,West Humber-Clairville (1),-79.6335,43.7512,NULL,NULL,N,NULL,NULL,NULL
5002181080,2015,00:00.0,1726,17,KING ST W,FRASER AVE,2 m West of,1,Toronto and East York,10,14,Intersection,At Intersection,Streetcar (Stop for),Rain,"Dark, artificial",Wet,Non-Fatal Injury,Pedestrian Collisions,D14,85,South Parkdale (85),-79.4248,43.6393,NULL,NULL,N,NULL,NULL,NULL
990178,2007,00:00.0,928,9,LAWRENCE Aven E,CENTENNIAL Road,NULL,3,Scarborough,25,43,Intersection,At Intersection,Traffic Signal,Clear,Daylight,Dry,Non-Fatal Injury,Angle,D43,133,Centennial Scarborough (133),-79.1465,43.7773,NULL,NULL,N,NULL,NULL,NULL
6000581980,2016,00:00.0,835,8,SHEPPARD AVE E,GATEFORTH DR,15 m West of,1,Scarborough,23,42,Intersection,Intersection Related,Traffic Signal,Clear,Daylight,Dry,Non-Fatal Injury,Pedestrian Collisions,D42,132,Malvern (132),-79.2303,43.7955,NULL,NULL,N,NULL,NULL,NULL
6000691297,2016,00:00.0,356,3,JANE ST,HUMBERVIEW RD,NULL,1,Toronto and East York,4,11,Intersection,Non Intersection,No Control,Other,Dark,Other,Fatal,SMV Other,D11,89,Runnymede-Bloor West Village (89),-79.4864,43.6539,NULL,NULL,N,NULL,NULL,NULL
6000125863,2016,00:00.0,1917,19,FINCH AVE W,WESTON RD,90 m West of,1,Etobicoke York,7,31,Mid-Block,Non Intersection,No Control,Clear,"Dark, artificial",Dry,Non-Fatal Injury,Pedestrian Collisions,D31,21,Humber Summit (21),-79.5435,43.7518,NULL,NULL,N,NULL,NULL,NULL
1003217,2007,00:00.0,1836,18,BUSHBY DR,MCCOWAN RD,NULL,1,Scarborough,NULL,43,Intersection,NULL,Traffic Signal,Rain,Dusk,Wet,Non-Fatal Injury,Pedestrian Collisions,D43,137,Woburn (137),-79.2521,43.7745,NULL,NULL,N,NULL,NULL,NULL
5002234344,2015,00:00.0,1824,18,CARLTON ST,SHERBOURNE ST,NULL,3,Toronto and East York,13,51,Intersection,At Intersection,Traffic Signal,Clear,Dark,Dry,Non-Fatal Injury,Pedestrian Collisions,D51,73,Moss Park (73),-79.373,43.6631,NULL,NULL,N,NULL,NULL,NULL
996032,2007,00:00.0,1946,19,FINCH AVE E,BRIDLETOWNE CRCL,NULL,1,Scarborough,22,42,Mid-Block,NULL,No Control,Rain,Dark,Wet,Fatal,Pedestrian Collisions,D42,117,L'Amoreaux (117),-79.3184,43.796,NULL,NULL,N,NULL,NULL,NULL
6002213025,2016,00:00.0,1036,10,PARK RD,CHURCH ST,NULL,1,Toronto and East York,11,53,Intersection,At Intersection,Traffic Signal,Clear,Daylight,Dry,Non-Fatal Injury,Pedestrian Collisions,D53,98,Rosedale-Moore Park (98),-79.3847,43.672,NULL,NULL,N,NULL,NULL,NULL
6001750735,2016,00:00.0,1058,10,EGLINTON AVE E,WINTER AVE,NULL,1,Scarborough,NULL,41,Intersection,Intersection Related,Stop Sign,Clear,Daylight,Dry,Fatal,Pedestrian Collisions,D41,138,Eglinton East (138),-79.2543,43.7353,NULL,NULL,N,NULL,NULL,NULL
1063278,2008,00:00.0,1655,16,JANE St,HOMEVIEW Ave,NULL,1,Etobicoke York,5,12,Intersection,NULL,No Control,Clear,Daylight,Dry,Non-Fatal Injury,Pedestrian Collisions,D12,111,Rockcliffe-Smythe (111),-79.4923,43.6686,NULL,NULL,N,NULL,NULL,NULL
1062269,2008,00:00.0,1620,16,BEVERLEY St,COLLEGE St,NULL,3,Toronto and East York,11,52,Mid-Block,NULL,No Control,Clear,Daylight,Dry,Non-Fatal Injury,Cyclist Collisions,D52,78,Kensington-Chinatown (78),-79.3955,43.6579,NULL,NULL,N,NULL,NULL,NULL
1018347,2008,00:00.0,1440,14,DON MILLS RD E,GODSTONE RD,NULL,1,North York,17,33,Intersection,At Intersection,Traffic Signal,Clear,Daylight,Dry,Fatal,SMV Other,D33,47,Don Valley Village (47),-79.349,43.7827,NULL,NULL,N,NULL,NULL,NULL
6001864838,2016,00:00.0,823,8,MIDWEST RD,MIDLAND AVE,NULL,1,Scarborough,21,41,Intersection,Intersection Related,Stop Sign,Rain,Daylight,Wet,Non-Fatal Injury,Pedestrian Collisions,D41,127,Bendale (127),-79.2658,43.7539,NULL,NULL,N,NULL,NULL,NULL
6001682532,2016,00:00.0,1735,17,ST CLAIR AVE W,RUSHTON RD,23 m West of,1,Toronto and East York,12,13,Intersection,Intersection Related,No Control,Clear,Daylight,Dry,Fatal,Pedestrian Collisions,D13,94,Wychwood (94),-79.4276,43.6812,NULL,NULL,N,NULL,NULL,NULL
7000607486,2017,00:00.0,1549,15,NASSAU ST,BATHURST ST,NULL,1,Toronto and East York,11,14,Intersection,At Intersection,Traffic Signal,Rain,Daylight,Wet,Non-Fatal Injury,Pedestrian Collisions,D14,78,Kensington-Chinatown (78),-79.4067,43.6542,NULL,NULL,N,NULL,NULL,NULL
7000680975,2017,00:00.0,1503,15,SHEPPARD AVE W,BATHURST ST,20 m West of,1,North York,6,32,Intersection,At/Near Private Drive,No Control,Clear,Daylight,Dry,Non-Fatal Injury,Cyclist Collisions,D32,38,Lansing-Westgate (38),-79.4384,43.7553,NULL,NULL,N,NULL,NULL,NULL
7000689594,2017,00:00.0,2045,20,EGLINTON AVE E,COMMONWEALTH AVE,29 m East of,1,Scarborough,NULL,41,Intersection,At Intersection,No Control,Clear,"Dark, artificial",Dry,Non-Fatal Injury,Pedestrian Collisions,D41,124,Kennedy Park (124),-79.2568,43.7347,NULL,NULL,N,NULL,NULL,NULL
1046411,2008,00:00.0,1750,17,EGLINTON AVE W,GABIAN WAY,NULL,1,Etobicoke York,5,12,Mid-Block,NULL,No Control,Clear,Daylight,Dry,Non-Fatal Injury,Pedestrian Collisions,D12,110,Keelesdale-Eglinton West (110),-79.4657,43.6918,NULL,NULL,N,NULL,NULL,NULL
7001383604,2017,00:00.0,1648,16,YONGE  ST,WEDGEWOOD  DR,NULL,1,North York,18,32,Intersection,At Intersection,No Control,Clear,Daylight,Dry,Non-Fatal Injury,Turning Movement,D32,50,Newtonbrook East (50),-79.4177,43.7889,NULL,NULL,N,NULL,NULL,NULL
1052983,2008,00:00.0,800,8,RIVERDALE Ave,PAPE Ave,NULL,4,Toronto and East York,14,55,Mid-Block,NULL,No Control,Clear,Daylight,Dry,Non-Fatal Injury,Cyclist Collisions,D55,69,Blake-Jones (69),-79.3411,43.6713,NULL,NULL,N,NULL,NULL,NULL
6001719331,2016,00:00.0,2040,20,1058 GERRARD ST E,NULL,5 m South of,3,Toronto and East York,14,55,Mid-Block,Non Intersection,No Control,Clear,"Dark, artificial",Dry,Non-Fatal Injury,Pedestrian Collisions,D55,70,South Riverdale (70),-79.336,43.669,NULL,NULL,N,NULL,NULL,NULL
6001868616,2016,00:00.0,1922,19,EGLINTON AVE E,HANNA RD,NULL,1,North York,15,53,Intersection,Non Intersection,No Control,Rain,Dark,Wet,Fatal,Pedestrian Collisions,D53,56,Leaside-Bennington (56),-79.372,43.712,NULL,NULL,N,NULL,NULL,NULL
6001873015,2016,00:00.0,1314,13,DUNDAS ST W,DUFFERIN ST,NULL,3,Toronto and East York,9,NULL,Intersection,At Intersection,Traffic Signal,Rain,Daylight,Wet,Non-Fatal Injury,Pedestrian Collisions,D14,84,Little Portugal (84),-79.4314,43.6496,NULL,NULL,N,NULL,NULL,NULL
6001585257,2016,00:00.0,28,0,DANFORTH RD,BARRYMORE RD,18 m North of,1,Scarborough,21,43,Mid-Block,Non Intersection,No Control,Clear,"Dark, artificial",Dry,Non-Fatal Injury,Pedestrian Collisions,D43,127,Bendale (127),-79.2444,43.7503,NULL,NULL,N,NULL,NULL,NULL
6001605609,2016,00:00.0,2305,23,BATHURST ST,COCKSFIELD AVE,20 m South of,1,North York,6,32,Mid-Block,Non Intersection,No Control,Clear,"Dark, artificial",Dry,Non-Fatal Injury,Pedestrian Collisions,D32,34,Bathurst Manor (34),-79.4387,43.7567,NULL,NULL,N,NULL,NULL,NULL
6001760592,2016,00:00.0,2143,21,THORNCLIFFE PARK DR,OVERLEA DR,131 m South of,2,North York,15,53,Mid-Block,At/Near Private Drive,No Control,Clear,"Dark, artificial",Dry,Non-Fatal Injury,Turning Movement,D53,55,Thorncliffe Park (55),-79.343,43.7062,NULL,NULL,N,NULL,NULL,NULL
7001052989,2017,00:00.0,1606,16,5085 SHEPPARD AVE E,NULL,NULL,1,Scarborough,23,42,Mid-Block,Non Intersection,No Control,Clear,Daylight,Dry,Fatal,Turning Movement,D42,128,Agincourt South-Malvern West (128),-79.24,43.7935,NULL,NULL,N,NULL,NULL,NULL
6000362720,2016,00:00.0,1117,11,BATHURST ST,NINA ST,NULL,1,Toronto and East York,12,13,Intersection,Intersection Related,Traffic Signal,Snow,Daylight,Loose Snow,Non-Fatal Injury,Pedestrian Collisions,D13,96,Casa Loma (96),-79.4169,43.6798,-79.4169,43.6798,Y,Bathurst St,Nina St,2020-12-03
7000585076,2017,00:00.0,1053,10,THE EAST MALL,BURNHAMTHORPE RD,NULL,1,Etobicoke York,2,22,Intersection,Intersection Related,Traffic Signal,Clear,Daylight,Dry,Non-Fatal Injury,Pedestrian Collisions,D22,14,Islington-City Centre West (14),-79.5599,43.6462,NULL,NULL,N,NULL,NULL,NULL
7000795019,2017,00:00.0,2359,23,MORNINGSIDE AVE,SEWELLS RD,north of,3,Scarborough,25,42,Mid-Block,Non Intersection,No Control,Clear,"Dark, artificial",NULL,Fatal,Approaching,D42,131,Rouge (131),-79.2116,43.8166,NULL,NULL,N,NULL,NULL,NULL
7000831003,2017,00:00.0,1550,15,DANFORTH AVE,FERRIER AVE,2 m West of,1,Toronto and East York,14,NULL,Intersection,Intersection Related,No Control,Clear,Daylight,Dry,Non-Fatal Injury,Cyclist Collisions,D55,68,North Riverdale (68),-79.3482,43.6781,NULL,NULL,N,NULL,NULL,NULL
7000832770,2017,00:00.0,2100,21,LANSDOWNE AVE,COLLEGE ST,5 m North of,3,Toronto and East York,9,11,Intersection,At Intersection,Traffic Signal,Clear,"Dusk, artificial",Dry,Non-Fatal Injury,Pedestrian Collisions,D11,83,Dufferin Grove (83),-79.4399,43.6509,NULL,NULL,N,NULL,NULL,NULL
7000838415,2017,00:00.0,1723,17,3160 STEELES AVE E,NULL,26 m West of,1,North York,17,33,Mid-Block,Intersection Related,No Control,Clear,Daylight,Dry,Non-Fatal Injury,Rear End,D33,48,Hillcrest Village (48),-79.3449,43.8147,NULL,NULL,N,NULL,NULL,NULL
7000256158,2017,00:00.0,1003,10,QUEEN ST E,SHERBOURNE ST,5 m East of,1,Toronto and East York,13,51,Intersection,At Intersection,Traffic Signal,Clear,Daylight,Dry,Non-Fatal Injury,Pedestrian Collisions,D51,73,Moss Park (73),-79.3694,43.6544,NULL,NULL,N,NULL,NULL,NULL
6002001573,2016,00:00.0,1732,17,BRIMLEY RD,GAGE AVE,NULL,1,Scarborough,21,NULL,Mid-Block,Non Intersection,No Control,Clear,"Dark, artificial",Dry,Fatal,Pedestrian Collisions,D41,127,Bendale (127),-79.2541,43.7504,NULL,NULL,N,NULL,NULL,NULL
7001604333,2017,00:00.0,30,0,715 MILNER AVE,NULL,30 m East of,3,Scarborough,25,42,Mid-Block,At/Near Private Drive,No Control,Clear,"Dark, artificial",Dry,Non-Fatal Injury,SMV Other,D42,132,Malvern (132),-79.2101,43.796,NULL,NULL,N,NULL,NULL,NULL
7000264793,2017,00:00.0,2021,20,STEELES AVE W,ISLINGTON AVE,177 m West of,1,Etobicoke York,7,31,Mid-Block,Non Intersection,No Control,Clear,"Dark, artificial",Dry,Non-Fatal Injury,Approaching,D31,21,Humber Summit (21),-79.5766,43.7638,NULL,NULL,N,NULL,NULL,NULL
7000670017,2017,00:00.0,1659,16,MARTIN GROVE RD,TOLLINGTON RD,2 m North of,1,Etobicoke York,NULL,23,Intersection,At Intersection,No Control,Clear,Daylight,Dry,Non-Fatal Injury,Rear End,D23,7,Willowridge-Martingrove-Richview (7),-79.5685,43.6865,NULL,NULL,N,NULL,NULL,NULL
7000452997,2017,00:00.0,1405,14,CALEDONIA RD,BRIDGELAND AVE,176 m South of,3,North York,8,32,Mid-Block,Non Intersection,No Control,Snow,Daylight,Wet,Non-Fatal Injury,Rear End,D32,31,Yorkdale-Glen Park (31),-79.4693,43.7225,NULL,NULL,N,NULL,NULL,NULL
7000852096,2017,00:00.0,2230,22,DANFORTH RD,BARRYMORE RD,12 m North of,1,Scarborough,21,43,Intersection,Intersection Related,No Control,Clear,"Dark, artificial",Dry,Non-Fatal Injury,Pedestrian Collisions,D43,127,Bendale (127),-79.2444,43.7503,NULL,NULL,N,NULL,NULL,NULL
7000863403,2017,00:00.0,1535,15,CORBETT  AVE,MOULD  AVE,NULL,4,Etobicoke York,5,12,Intersection,At Intersection,No Control,Clear,Daylight,Dry,Non-Fatal Injury,Pedestrian Collisions,D12,111,Rockcliffe-Smythe (111),-79.4883,43.6713,NULL,NULL,N,NULL,NULL,NULL
7000750134,2017,00:00.0,205,2,KIPLING AVE,STEVENSON  RD,80 m North of,1,Etobicoke York,1,23,Mid-Block,Non Intersection,No Control,Clear,"Dark, artificial",Dry,Non-Fatal Injury,Approaching,D23,2,Mount Olive-Silverstone-Jamestown (2),-79.5829,43.7451,NULL,NULL,N,NULL,NULL,NULL
7000003346,2017,00:00.0,1405,14,57 BIMINI CRES,NULL,9 m South of,4,Etobicoke York,7,31,Mid-Block,Non Intersection,No Control,Clear,Daylight,Other,Non-Fatal Injury,SMV Other,D31,24,Black Creek (24),-79.5261,43.7665,NULL,NULL,N,NULL,NULL,NULL
7000010890,2017,00:00.0,10,0,F G GARDINER XY  E,KIPLING AVE,900 m West of,NULL,Etobicoke York,3,22,Mid-Block,Non Intersection,No Control,Rain,"Dark, artificial",Wet,Non-Fatal Injury,Rear End,D22,20,Alderwood (20),-79.5352,43.6158,NULL,NULL,N,NULL,NULL,NULL
7000044336,2017,00:00.0,1311,13,BATHURST ST,NINA ST,NULL,1,Toronto and East York,12,13,Intersection,At Intersection,Traffic Signal,Clear,Daylight,Dry,Non-Fatal Injury,Pedestrian Collisions,D13,96,Casa Loma (96),-79.4169,43.6798,-79.4169,43.6798,Y,Bathurst St,Nina St,2020-12-03
6001951366,2016,00:00.0,1948,19,486 COLLEGE ST,NULL,NULL,1,Toronto and East York,11,14,Mid-Block,Non Intersection,No Control,Rain,"Dark, artificial",Wet,Fatal,Pedestrian Collisions,D14,81,Trinity-Bellwoods (81),-79.4094,43.656,NULL,NULL,N,NULL,NULL,NULL
7000366630,2017,00:00.0,2311,23,215 HURON ST,NULL,20 m South of,4,Toronto and East York,11,52,Mid-Block,Non Intersection,No Control,Clear,"Dark, artificial",Dry,Non-Fatal Injury,Cyclist Collisions,D52,79,University (79),-79.3985,43.6591,NULL,NULL,N,NULL,NULL,NULL
7000940892,2017,00:00.0,1025,10,66 BLACKSMITH CRES,NULL,2 m West of,4,North York,7,31,Mid-Block,Non Intersection,No Control,Clear,Daylight,Dry,Non-Fatal Injury,SMV Unattended Vehicle,D31,24,Black Creek (24),-79.5245,43.7716,NULL,NULL,N,NULL,NULL,NULL
7000244602,2017,00:00.0,1510,15,4 THE DONWAY  E,GUYTOI CRT,3 m North of,3,North York,16,33,Intersection,At/Near Private Drive,No Control,Clear,Daylight,Dry,Non-Fatal Injury,Pedestrian Collisions,D33,42,Banbury-Don Mills (42),-79.3414,43.7323,NULL,NULL,N,NULL,NULL,NULL
7000084276,2017,00:00.0,1902,19,NEILSON RD,CROW TRL,NULL,3,Scarborough,NULL,42,Intersection,At Intersection,Traffic Signal,Clear,"Dark, artificial",Dry,Non-Fatal Injury,Turning Movement,D42,132,Malvern (132),-79.2257,43.8121,NULL,NULL,N,NULL,NULL,NULL
7000117079,2017,00:00.0,1755,17,COLLINSGROVE RD,LAWRENCE AV E,113 m North of,2,Scarborough,25,43,Mid-Block,Non Intersection,No Control,Clear,"Dark, artificial",Dry,Non-Fatal Injury,Pedestrian Collisions,D43,136,West Hill (136),-79.1831,43.7699,NULL,NULL,N,NULL,NULL,NULL
7000501083,2017,00:00.0,845,8,LAKE SHORE BLVD E,DON ROADWAY,16 m East of,1,Toronto and East York,14,NULL,Intersection,At Intersection,Traffic Signal,Clear,Daylight,Dry,Non-Fatal Injury,Cyclist Collisions,D51,70,South Riverdale (70),-79.3469,43.6508,NULL,NULL,N,NULL,NULL,NULL
7001616713,2017,00:00.0,2040,20,GERRARD ST E,HANNAFORD ST,NULL,3,Toronto and East York,19,55,Intersection,At Intersection,No Control,Clear,"Dark, artificial",Dry,Non-Fatal Injury,Cyclist Collisions,D55,62,East End-Danforth (62),-79.2934,43.6853,NULL,NULL,N,NULL,NULL,NULL
7000178331,2017,00:00.0,200,2,OAKDALE RD,EDDYSTONE AVE,350 m North of,3,NULL,7,31,Mid-Block,Non Intersection,No Control,Clear,"Dark, artificial",Dry,Non-Fatal Injury,SMV Other,D31,25,Glenfield-Jane Heights (25),-79.5269,43.7495,NULL,NULL,N,NULL,NULL,NULL
7001424545,2017,00:00.0,555,5,JANE ST,ALLIANCE AVE,NULL,1,Etobicoke York,5,12,Intersection,At Intersection,Traffic Signal,Clear,Dark,Dry,Non-Fatal Injury,Turning Movement,D12,111,Rockcliffe-Smythe (111),-79.4956,43.6761,NULL,NULL,N,NULL,NULL,NULL
6002071995,2016,00:00.0,649,6,DEANS DR,WARDEN AVE,NULL,1,Scarborough,20,41,Intersection,At Intersection,Traffic Signal,Clear,"Dark, artificial",Wet,Non-Fatal Injury,Pedestrian Collisions,D41,120,Clairlea-Birchmount (120),-79.2827,43.7161,NULL,NULL,N,NULL,NULL,NULL
6002108596,2016,00:00.0,124,1,1595 BATHURST ST,LONSMOUNT DR,63 m North of,1,Toronto and East York,12,13,Mid-Block,Non Intersection,No Control,Clear,"Dark, artificial",Dry,Non-Fatal Injury,Pedestrian Collisions,D13,101,Forest Hill South (101),-79.421,43.6897,NULL,NULL,N,NULL,NULL,NULL