ACCNUM,YEAR,DATE,TIME,HOUR,STREET1,STREET2,OFFSET,ROAD_CLASS,DISTRICT,WARDNUM,DIVISION,LOCCOORD,ACCLOC,TRAFFCTL,VISIBILITY,LIGHT,RDSFCOND,ACCLASS,IMPACTYPE,POLICE_DIVISION,HOOD_ID,NEIGHBOURHOOD,collision_lat,collision_long,red_light_lat,red_light_long,right_light_camera,LINEAR_NAME_FULL_1,LINEAR_NAME_FULL_2,ACTIVATION_DATE
7001442419,2017,00:00.0,1810,18,SHEPPARD AVE E,WATER TOWER GT,30  m East of,1,Scarborough,25,42,Intersection,At Intersection,Traffic Signal,Clear,Daylight,Dry,Fatal,Rear End,D42,131,Rouge (131),-79.1948,43.803,NULL,NULL,N,NULL,NULL,NULL
7001455540,2017,00:00.0,1917,19,BLACK CREEK DR,PHOTOGRAPHY DR,NULL,1,Etobicoke York,5,12,Intersection,At Intersection,Traffic Signal,Clear,Daylight,Dry,Non-Fatal Injury,Turning Movement,D12,110,Keelesdale-Eglinton West (110),-79.4816,43.6857,NULL,NULL,N,NULL,NULL,NULL
7001075427,2017,00:00.0,1820,18,YONGE  ST,ADELAIDE ST W,12 m South of,1,Toronto and East York,13,NULL,Intersection,Intersection Related,No Control,Clear,Daylight,Dry,Non-Fatal Injury,Sideswipe,D51,75,Church-Yonge Corridor (75),-79.3784,43.6503,NULL,NULL,N,NULL,NULL,NULL
7001512006,2017,00:00.0,1414,14,ST CLAIR AVE E,BIRCHMOUNT RD,71 m West of,1,Scarborough,20,41,Mid-Block,At/Near Private Drive,No Control,Clear,Daylight,Dry,Non-Fatal Injury,Angle,D41,120,Clairlea-Birchmount (120),-79.2721,43.7138,NULL,NULL,N,NULL,NULL,NULL
7001457563,2017,00:00.0,237,2,JANE ST,SHOREHAM DR,NULL,1,Etobicoke York,7,31,Intersection,At Intersection,Traffic Signal,Clear,"Dark, artificial",Dry,Non-Fatal Injury,Turning Movement,D31,24,Black Creek (24),-79.5203,43.7687,NULL,NULL,N,NULL,NULL,NULL
1042389,2008,00:00.0,2135,21,CENTENNIAL PARK Rd,RATHBURN Rd,NULL,3,Etobicoke York,2,22,Mid-Block,NULL,No Control,Clear,Dark,Dry,Non-Fatal Injury,Turning Movement,D22,11,Eringate-Centennial-West Deane (11),-79.5814,43.6507,NULL,NULL,N,NULL,NULL,NULL
7000395986,2017,00:00.0,1001,10,SHEPPARD AVE W,MAGELLAN DR,NULL,1,Etobicoke York,NULL,31,Intersection,At Intersection,Traffic Signal,Clear,Daylight,Dry,Fatal,Pedestrian Collisions,D31,25,Glenfield-Jane Heights (25),-79.5096,43.7396,NULL,NULL,N,NULL,NULL,NULL
1058523,2008,00:00.0,1440,14,ST DENNIS DR,DEAUVILLE LANE,NULL,2,North York,16,54,Intersection,At Intersection,Traffic Signal,Clear,Daylight,Dry,Non-Fatal Injury,Angle,D54,44,Flemingdon Park (44),-79.3313,43.7183,NULL,NULL,N,NULL,NULL,NULL
1029220,2008,00:00.0,1332,13,QUEEN ST W,NIAGARA ST,NULL,1,Toronto and East York,10,14,Intersection,At Intersection,Traffic Signal,Clear,Daylight,Dry,Non-Fatal Injury,Cyclist Collisions,D14,82,Niagara (82),-79.4098,43.6459,NULL,NULL,N,NULL,NULL,NULL
1038517,2008,00:00.0,1403,14,AVENUE RD,YORKVILLE AVE,NULL,1,Toronto and East York,11,53,Intersection,At Intersection,Traffic Signal,Clear,Daylight,Dry,Non-Fatal Injury,Pedestrian Collisions,D53,95,Annex (95),-79.3947,43.6703,NULL,NULL,N,NULL,NULL,NULL
1027349,2008,00:00.0,1341,13,55 AVENUE RD,NULL,NULL,1,Toronto and East York,11,53,Intersection,At Intersection,No Control,Clear,Daylight,Dry,Non-Fatal Injury,Pedestrian Collisions,D53,95,Annex (95),-79.395,43.6711,NULL,NULL,N,NULL,NULL,NULL
1027159,2008,00:00.0,1522,15,GUILDWOOD PKWY,PRINCE PHILIP BLVD,NULL,3,Scarborough,24,43,Mid-Block,NULL,No Control,Clear,Daylight,Dry,Non-Fatal Injury,Approaching,D43,140,Guildwood (140),-79.2044,43.7467,NULL,NULL,N,NULL,NULL,NULL
1036983,2008,00:00.0,845,8,ISLINGTON AVE,RATHBURN RD,NULL,1,Etobicoke York,2,22,Intersection,NULL,Traffic Signal,Clear,Daylight,Dry,Non-Fatal Injury,Turning Movement,D22,9,Edenbridge-Humber Valley (9),-79.5311,43.6624,NULL,NULL,N,NULL,NULL,NULL
1037905,2008,00:00.0,712,7,KIPLING Aven,EGLINTON Aven W,NULL,1,Etobicoke York,2,NULL,Intersection,At Intersection,Traffic Signal,Clear,Daylight,Dry,Non-Fatal Injury,Angle,D22,10,Princess-Rosethorn (10),-79.5508,43.6771,NULL,NULL,N,NULL,NULL,NULL
7001542101,2017,00:00.0,1130,11,DUNDAS ST W,GLADSTONE AVE,60 m East of,3,Toronto and East York,9,14,Mid-Block,Non Intersection,No Control,Clear,Dark,Dry,Fatal,Pedestrian Collisions,D14,84,Little Portugal (84),-79.4289,43.6495,NULL,NULL,N,NULL,NULL,NULL
1059535,2008,00:00.0,1333,13,RUNNYMEDE RD,GLENWOOD AVE,NULL,3,Toronto and East York,4,11,Mid-Block,At Intersection,No Control,Clear,Daylight,Dry,Non-Fatal Injury,Cyclist Collisions,D11,88,High Park North (88),-79.4787,43.6571,NULL,NULL,N,NULL,NULL,NULL
1110609,2009,00:00.0,1845,18,JANE Stre,ALLIANCE Aven,NULL,1,Etobicoke York,5,12,Intersection,At Intersection,Traffic Signal,Clear,Daylight,Dry,Non-Fatal Injury,Rear End,D12,111,Rockcliffe-Smythe (111),-79.4956,43.6761,NULL,NULL,N,NULL,NULL,NULL
1123907,2009,00:00.0,2242,22,SHEPPARD Aven E,MEADOWVALE Road,NULL,1,Scarborough,25,42,Intersection,At Intersection,Traffic Signal,Clear,Dark,Dry,Non-Fatal Injury,Angle,D42,131,Rouge (131),-79.1707,43.8083,NULL,NULL,N,NULL,NULL,NULL
1041737,2008,00:00.0,1125,11,1835 YONGE ST,NULL,NULL,1,Toronto and East York,12,53,Mid-Block,NULL,No Control,Clear,Daylight,Dry,Non-Fatal Injury,Approaching,D53,104,Mount Pleasant West (104),-79.3962,43.6966,NULL,NULL,N,NULL,NULL,NULL
1079383,2009,00:00.0,1247,12,VICTORIA PARK AVE,CONSUMERS RD,NULL,1,North York,NULL,NULL,Intersection,NULL,Traffic Signal,Clear,Daylight,Dry,Non-Fatal Injury,Pedestrian Collisions,D42,118,Tam O'Shanter-Sullivan (118),-79.3214,43.7719,NULL,NULL,N,NULL,NULL,NULL
1113980,2009,00:00.0,1631,16,ISLINGTON Ave,ABERLADY Rd,NULL,1,Etobicoke York,3,22,Intersection,NULL,No Control,Clear,Daylight,Dry,Non-Fatal Injury,SMV Other,D22,16,Stonegate-Queensway (16),-79.5173,43.63,NULL,NULL,N,NULL,NULL,NULL
1108724,2009,00:00.0,1546,15,EGLINTON AVE W,OLD PARK RD,NULL,1,North York,NULL,13,Intersection,NULL,Traffic Signal,Clear,Daylight,Dry,Non-Fatal Injury,Pedestrian Collisions,D13,102,Forest Hill North (102),-79.4309,43.6998,NULL,NULL,N,NULL,NULL,NULL
1127732,2009,00:00.0,1800,18,SHEPPARD AVE E,MEADOWVALE RD,NULL,1,Scarborough,25,42,Intersection,At Intersection,Traffic Signal,Clear,Daylight,Dry,Non-Fatal Injury,Turning Movement,D42,131,Rouge (131),-79.1707,43.8083,NULL,NULL,N,NULL,NULL,NULL
1101613,2009,00:00.0,24,0,ELLESMERE RD,KENNEDY RD,NULL,1,Scarborough,21,41,Intersection,At Intersection,Traffic Signal,Clear,Dark,Dry,Non-Fatal Injury,Angle,D41,126,Dorset Park (126),-79.281,43.7657,NULL,NULL,N,NULL,NULL,NULL
1102178,2009,00:00.0,2040,20,DONLANDS AVE,MORTIMER AVE,NULL,3,Toronto and East York,14,54,Intersection,At Intersection,Traffic Signal,Clear,Dark,Dry,Non-Fatal Injury,Pedestrian Collisions,D54,59,Danforth East York (59),-79.3402,43.6876,NULL,NULL,N,NULL,NULL,NULL
1122417,2009,00:00.0,1203,12,SPADINA AVE,NASSAU ST,NULL,1,Toronto and East York,11,NULL,Intersection,NULL,Traffic Signal,Clear,Daylight,Dry,Fatal,Cyclist Collisions,D52,78,Kensington-Chinatown (78),-79.3991,43.6558,NULL,NULL,N,NULL,NULL,NULL
1122431,2009,00:00.0,1715,17,BATHURST ST,BANNOCKBURN AVE,NULL,1,North York,8,32,Intersection,At Intersection,No Control,Clear,Daylight,Dry,Non-Fatal Injury,Pedestrian Collisions,D32,39,Bedford Park-Nortown (39),-79.4324,43.7312,NULL,NULL,N,NULL,NULL,NULL
1128059,2009,00:00.0,2203,22,FINCH AVE W,JAYZEL DR,NULL,1,Etobicoke York,7,31,Mid-Block,NULL,No Control,Clear,Dark,Dry,Non-Fatal Injury,Pedestrian Collisions,D31,21,Humber Summit (21),-79.544,43.7517,NULL,NULL,N,NULL,NULL,NULL
1088236,2009,00:00.0,850,8,MILNER AVE,CINEMART DR,NULL,3,Scarborough,25,42,Intersection,NULL,Stop Sign,Clear,Daylight,Dry,Non-Fatal Injury,Turning Movement,D42,132,Malvern (132),-79.2047,43.7974,NULL,NULL,N,NULL,NULL,NULL
1129523,2009,00:00.0,1413,14,150 GRAYDON HALL DR,NULL,NULL,2,North York,16,33,Mid-Block,NULL,No Control,Clear,Daylight,Dry,Non-Fatal Injury,Turning Movement,D33,45,Parkwoods-Donalda (45),-79.3434,43.7649,NULL,NULL,N,NULL,NULL,NULL
1078881,2009,00:00.0,339,3,JANE St,CHURCH St,NULL,1,Etobicoke York,5,12,Intersection,NULL,Traffic Controller,Clear,Dark,Wet,Non-Fatal Injury,Rear End,D12,28,Rustic (28),-79.5055,43.7092,NULL,NULL,N,NULL,NULL,NULL
1088989,2009,00:00.0,125,1,423 BRIMORTON DR,NULL,NULL,2,Scarborough,24,43,Mid-Block,NULL,No Control,Clear,Dark,Dry,Fatal,SMV Other,D43,137,Woburn (137),-79.2376,43.7689,NULL,NULL,N,NULL,NULL,NULL
1118576,2009,00:00.0,1433,14,TODD BAYLIS Boul,BLACK CREEK Driv,NULL,2,Etobicoke York,5,12,Mid-Block,NULL,No Control,Clear,Daylight,Dry,Non-Fatal Injury,Approaching,D12,112,Beechborough-Greenbrook (112),-79.4847,43.6913,NULL,NULL,N,NULL,NULL,NULL
1121120,2009,00:00.0,1009,10,HARBORD ST,SPADINA AVE,NULL,1,Toronto and East York,11,NULL,Intersection,At Intersection,Traffic Signal,Clear,Daylight,Dry,Non-Fatal Injury,Cyclist Collisions,D52,79,University (79),-79.402,43.663,NULL,NULL,N,NULL,NULL,NULL
1090371,2009,00:00.0,1105,11,BROADWAY Aven,MOUNT PLEASANT Road,NULL,1,North York,NULL,53,Intersection,At Intersection,Traffic Signal,Clear,Daylight,Dry,Non-Fatal Injury,SMV Other,D53,99,Mount Pleasant East (99),-79.3911,43.7111,NULL,NULL,N,NULL,NULL,NULL
1095383,2009,00:00.0,1925,19,KING ST W,BAY ST,NULL,1,Toronto and East York,NULL,52,Intersection,At Intersection,Traffic Signal,Clear,"Dark, artificial",Dry,Non-Fatal Injury,Pedestrian Collisions,D52,76,Bay Street Corridor (76),-79.3802,43.6486,NULL,NULL,N,NULL,NULL,NULL
1067364,2008,00:00.0,817,8,HIGHWAY 2A  E,LAWSON RD,NULL,NULL,Scarborough,25,43,Mid-Block,NULL,No Control,Clear,Daylight,Dry,Fatal,SMV Other,D43,133,Centennial Scarborough (133),-79.1586,43.7886,NULL,NULL,N,NULL,NULL,NULL
1109447,2009,00:00.0,722,7,FRONT ST W,SPADINA AVE,NULL,3,Toronto and East York,10,14,Mid-Block,NULL,No Control,Clear,Daylight,Dry,Non-Fatal Injury,Pedestrian Collisions,D14,77,Waterfront Communities-The Island (77),-79.3956,43.6422,NULL,NULL,N,NULL,NULL,NULL
1154355,2009,00:00.0,820,8,MANOR RD E,MOUNT PLEASANT RD,NULL,1,North York,NULL,53,Intersection,NULL,Traffic Signal,Clear,Daylight,Dry,Non-Fatal Injury,Cyclist Collisions,D53,99,Mount Pleasant East (99),-79.3885,43.7042,NULL,NULL,N,NULL,NULL,NULL
1093203,2009,00:00.0,350,3,HILL CRES,HEATHFIELD DR,NULL,2,Scarborough,24,43,Intersection,NULL,No Control,Rain,Dark,Wet,Fatal,SMV Other,D43,139,Scarborough Village (139),-79.2105,43.7378,NULL,NULL,N,NULL,NULL,NULL
1067165,2008,00:00.0,1836,18,BAY ST,DUNDAS ST W,NULL,1,Toronto and East York,NULL,52,Intersection,At Intersection,Traffic Signal,Clear,Dark,Dry,Non-Fatal Injury,Pedestrian Collisions,D52,76,Bay Street Corridor (76),-79.3837,43.6557,NULL,NULL,N,NULL,NULL,NULL
1124647,2009,00:00.0,1800,18,164 STERLING Road,NULL,NULL,4,Toronto and East York,9,11,Mid-Block,NULL,No Control,Clear,Daylight,Dry,Non-Fatal Injury,SMV Other,D11,83,Dufferin Grove (83),-79.4454,43.6551,NULL,NULL,N,NULL,NULL,NULL
1125870,2009,00:00.0,29,0,QUEEN ST E,KINGSTON RD,NULL,1,Toronto and East York,19,55,Intersection,At Intersection,Traffic Signal,Clear,Dark,Dry,Non-Fatal Injury,Turning Movement,D55,63,The Beaches (63),-79.3125,43.6672,NULL,NULL,N,NULL,NULL,NULL
1121922,2009,00:00.0,2150,21,BLOOR ST W,AVENUE RD,NULL,1,Toronto and East York,11,NULL,Mid-Block,NULL,No Control,Clear,Dark,Dry,Fatal,Pedestrian Collisions,D52,76,Bay Street Corridor (76),-79.3931,43.6688,NULL,NULL,N,NULL,NULL,NULL
1110059,2009,00:00.0,2159,21,KING ST W,SHAW ST,NULL,1,Toronto and East York,10,14,Intersection,NULL,No Control,Clear,Dark,Dry,Non-Fatal Injury,SMV Unattended Vehicle,D14,82,Niagara (82),-79.4151,43.6413,NULL,NULL,N,NULL,NULL,NULL
1072032,2008,00:00.0,50,0,6931 STEELES AVE W,NULL,NULL,1,Etobicoke York,1,23,Mid-Block,NULL,No Control,Clear,Dark,Dry,Non-Fatal Injury,Sideswipe,D23,1,West Humber-Clairville (1),-79.6242,43.7531,NULL,NULL,N,NULL,NULL,NULL
1069861,2008,00:00.0,226,2,DOVERCOURT RD,ARGYLE ST,NULL,2,Toronto and East York,NULL,14,Intersection,NULL,No Control,Clear,Dark,Dry,Non-Fatal Injury,Cyclist Collisions,D14,81,Trinity-Bellwoods (81),-79.4234,43.6461,NULL,NULL,N,NULL,NULL,NULL
1119725,2009,00:00.0,236,2,3330 PHARMACY Aven,NULL,NULL,3,Scarborough,22,42,NULL,NULL,No Control,Clear,Dark,Dry,Non-Fatal Injury,Pedestrian Collisions,D42,116,Steeles (116),-79.3309,43.8044,NULL,NULL,N,NULL,NULL,NULL
1118326,2009,00:00.0,1542,15,QUEEN ST W,CAMERON ST,NULL,1,Toronto and East York,10,14,Intersection,NULL,No Control,Clear,Daylight,Wet,Non-Fatal Injury,Angle,D14,78,Kensington-Chinatown (78),-79.3973,43.6485,NULL,NULL,N,NULL,NULL,NULL
1121910,2009,00:00.0,128,1,DUNDAS ST W,SPADINA AVE,NULL,1,Toronto and East York,NULL,NULL,Intersection,NULL,Traffic Signal,Rain,Dark,Wet,Non-Fatal Injury,Pedestrian Collisions,D52,78,Kensington-Chinatown (78),-79.3979,43.6529,NULL,NULL,N,NULL,NULL,NULL
1351850,2013,00:00.0,900,9,HILLHURST BLVD,AVENUE RD,NULL,1,North York,8,53,Intersection,At Intersection,Traffic Signal,Clear,Daylight,Dry,Fatal,SMV Other,D53,103,Lawrence Park South (103),-79.4116,43.712,NULL,NULL,N,NULL,NULL,NULL
1347648,2013,00:00.0,1447,14,MARKHAM RD,SELECT AVE,NULL,1,Scarborough,23,42,Intersection,NULL,Traffic Signal,Clear,Daylight,Dry,Non-Fatal Injury,Rear End,D42,131,Rouge (131),-79.251,43.8334,NULL,NULL,N,NULL,NULL,NULL
1118330,2009,00:00.0,648,6,ALBION RD,WESTON RD,NULL,1,Etobicoke York,7,31,Mid-Block,NULL,No Control,Clear,Daylight,Dry,Non-Fatal Injury,SMV Other,D31,23,Pelmo Park-Humberlea (23),-79.5383,43.7174,NULL,NULL,N,NULL,NULL,NULL
1118389,2009,00:00.0,1158,11,AVENUE RD,GLENVIEW AVE,NULL,1,North York,8,53,Mid-Block,NULL,No Control,Clear,Daylight,Dry,Non-Fatal Injury,Angle,D53,103,Lawrence Park South (103),-79.4139,43.7174,NULL,NULL,N,NULL,NULL,NULL
7001372110,2017,00:00.0,139,1,BATHURST ST,FINCH AVE W,NULL,1,NULL,NULL,32,Intersection,At Intersection,Traffic Signal,Clear,"Daylight, artificial",Dry,Non-Fatal Injury,Angle,D32,37,Willowdale West (37),-79.4429,43.7737,NULL,NULL,N,NULL,NULL,NULL
7003228725,2017,00:00.0,1651,16,MARTIN GROVE RD,BETHRIDGE RD,NULL,1,Etobicoke York,1,23,Intersection,At Intersection,Traffic Signal,Clear,"Dark, artificial",Dry,Non-Fatal Injury,Angle,D23,1,West Humber-Clairville (1),-79.5781,43.7074,NULL,NULL,N,NULL,NULL,NULL
1070690,2008,00:00.0,1915,19,ELLESMERE RD,DEEP DENE DR,NULL,3,Scarborough,25,43,Intersection,At Intersection,Stop Sign,Clear,Dark,Other,Non-Fatal Injury,Pedestrian Collisions,D43,134,Highland Creek (134),-79.1702,43.7908,NULL,NULL,N,NULL,NULL,NULL
8001565696,2018,00:00.0,1520,15,4331 KINGSTON RD,NULL,5 m South of,1,Scarborough,24,43,Mid-Block,Non Intersection,No Control,Clear,Daylight,Dry,Non-Fatal Injury,Pedestrian Collisions,D43,136,West Hill (136),-79.1922,43.7646,NULL,NULL,N,NULL,NULL,NULL
7001733942,2017,00:00.0,1255,12,DUFFERIN ST,HOPEWELL AVE,1 m South of,1,North York,8,13,Intersection,At Intersection,Stop Sign,Clear,Daylight,Dry,Non-Fatal Injury,Cyclist Collisions,D13,108,Briar Hill-Belgravia (108),-79.4512,43.6986,NULL,NULL,N,NULL,NULL,NULL
7001757365,2017,00:00.0,2125,21,WARDEN AVE,CONTINENTAL PL,NULL,1,Scarborough,21,41,Intersection,At Intersection,No Control,Clear,Dark,Dry,Fatal,Pedestrian Collisions,D41,119,Wexford/Maryvale (119),-79.3012,43.7634,NULL,NULL,N,NULL,NULL,NULL
1096124,2009,00:00.0,1628,16,130 DORIS Ave,NULL,NULL,3,North York,18,32,Intersection,NULL,Pedestrian Crossover,Clear,Daylight,Dry,Non-Fatal Injury,Pedestrian Collisions,D32,51,Willowdale East (51),-79.4091,43.7657,NULL,NULL,N,NULL,NULL,NULL
7001297222,2017,00:00.0,1659,16,ELLESMERE RD,KENNEDY RD,NULL,1,Scarborough,21,41,Intersection,At Intersection,Traffic Signal,Clear,Daylight,Dry,Non-Fatal Injury,Other,D41,126,Dorset Park (126),-79.281,43.7657,NULL,NULL,N,NULL,NULL,NULL
7001784038,2017,00:00.0,645,6,WHITMORE AVE,DUFFERIN ST,NULL,1,North York,8,13,Intersection,At Intersection,Traffic Signal,Clear,Daylight,Dry,Non-Fatal Injury,Pedestrian Collisions,D13,108,Briar Hill-Belgravia (108),-79.451,43.6978,NULL,NULL,N,NULL,NULL,NULL
7001786322,2017,00:00.0,1327,13,SEWELLS RD,STEELES AVE E,NULL,3,Scarborough,25,42,Intersection,At Intersection,Stop Sign,Clear,Daylight,Dry,Non-Fatal Injury,Turning Movement,D42,131,Rouge (131),-79.2092,43.8461,NULL,NULL,N,NULL,NULL,NULL
8001223082,2018,00:00.0,830,8,WESTON RD,KING ST,60 m East of,3,Etobicoke York,5,12,Mid-Block,Non Intersection,No Control,Clear,Daylight,Dry,Non-Fatal Injury,Pedestrian Collisions,D12,113,Weston (113),-79.52,43.7011,NULL,NULL,N,NULL,NULL,NULL
8001649781,2018,00:00.0,1027,10,POST RD,BAYVIEW AVE,60 m East of,2,North York,15,33,Mid-Block,At/Near Private Drive,No Control,Clear,Daylight,Dry,Non-Fatal Injury,Rear End,D33,41,Bridle Path-Sunnybrook-York Mills (41),-79.381,43.7364,NULL,NULL,N,NULL,NULL,NULL
7001653729,2017,00:00.0,1426,14,BIRCHMOUNT RD,WINTERMUTE BLVD,88 m North of,1,Scarborough,22,42,Mid-Block,Non Intersection,No Control,Clear,Daylight,Dry,Non-Fatal Injury,Approaching,D42,116,Steeles (116),-79.3149,43.8171,NULL,NULL,N,NULL,NULL,NULL
7001667796,2017,00:00.0,1601,16,DON MILLS RD,GATEWAY BLVD,NULL,1,North York,16,54,Intersection,At Intersection,Traffic Signal,Clear,Daylight,Dry,Non-Fatal Injury,Turning Movement,D54,44,Flemingdon Park (44),-79.3363,43.7143,NULL,NULL,N,NULL,NULL,NULL
8001547856,2018,00:00.0,2311,23,109 DOWNSVIEW  AVE,NULL,NULL,4,North York,6,31,Mid-Block,Non Intersection,No Control,Rain,"Dark, artificial",Wet,Non-Fatal Injury,SMV Other,D31,26,Downsview-Roding-CFB (26),-79.5002,43.72,NULL,NULL,N,NULL,NULL,NULL
7003055739,2017,00:00.0,1630,16,MILNER  AVE,EXECUTIVE CRT,18 m East of,3,Scarborough,23,42,Intersection,Intersection Related,No Control,Clear,Dusk,Dry,Non-Fatal Injury,Pedestrian Collisions,D42,128,Agincourt South-Malvern West (128),-79.2421,43.7866,NULL,NULL,N,NULL,NULL,NULL
7001212407,2017,00:00.0,2300,23,HIGHWAY 27  N,QUEENS PLATE DR,NULL,1,Etobicoke York,1,23,Intersection,At Intersection,Traffic Signal,Clear,Dark,Dry,Non-Fatal Injury,Turning Movement,D23,1,West Humber-Clairville (1),-79.598,43.7227,NULL,NULL,N,NULL,NULL,NULL
8000842221,2018,00:00.0,955,9,111 BOND ST,NULL,75 m North of,4,Toronto and East York,13,51,Mid-Block,Non Intersection,No Control,Clear,Daylight,Dry,Non-Fatal Injury,Pedestrian Collisions,D51,75,Church-Yonge Corridor (75),-79.3785,43.6568,NULL,NULL,N,NULL,NULL,NULL
8000847454,2018,00:00.0,209,2,2955 KIPLING AVE,NULL,23 m North of,4,Etobicoke York,1,23,Mid-Block,At/Near Private Drive,No Control,Clear,Dark,Dry,Non-Fatal Injury,SMV Other,D23,2,Mount Olive-Silverstone-Jamestown (2),-79.5901,43.7601,NULL,NULL,N,NULL,NULL,NULL
8000877104,2018,00:00.0,1558,15,LAKE SHORE BV W,COLBORNE LODGE DR,NULL,1,Toronto and East York,4,11,Intersection,At Intersection,Traffic Signal,Clear,Daylight,Dry,Fatal,Cyclist Collisions,D11,85,South Parkdale (85),-79.4588,43.6377,NULL,NULL,N,NULL,NULL,NULL
7001725049,2017,00:00.0,50,0,ROCKCLIFFE BLVD,WOOLNER AVE,150 m North of,2,Etobicoke York,5,12,Mid-Block,Non Intersection,No Control,Clear,"Dark, artificial",Dry,Non-Fatal Injury,SMV Other,D12,111,Rockcliffe-Smythe (111),-79.4881,43.6741,NULL,NULL,N,NULL,NULL,NULL
8000264811,2018,00:00.0,1225,12,JANE ST,JOHN ST,NULL,1,Etobicoke York,5,12,Intersection,At Intersection,Traffic Signal,Rain,Daylight,Wet,Non-Fatal Injury,Other,D12,28,Rustic (28),-79.5047,43.7065,NULL,NULL,N,NULL,NULL,NULL
8001610872,2018,00:00.0,911,9,EGLINTON AVE W,ROYAL YORK RD,NULL,1,Etobicoke York,2,NULL,Intersection,At Intersection,Traffic Signal,Clear,Daylight,Dry,Non-Fatal Injury,Turning Movement,D22,9,Edenbridge-Humber Valley (9),-79.5265,43.6822,NULL,NULL,N,NULL,NULL,NULL
8001078053,2018,00:00.0,905,9,CAMERON AVE,YONGE ST,NULL,1,North York,18,32,Intersection,At Intersection,Stop Sign,Clear,Daylight,Dry,Non-Fatal Injury,Pedestrian Collisions,D32,51,Willowdale East (51),-79.4098,43.7572,NULL,NULL,N,NULL,NULL,NULL
8001058650,2018,00:00.0,1537,15,MCROBERTS AVE,INNES AVE,NULL,4,Etobicoke York,9,13,Intersection,At Intersection,Stop Sign,Clear,Daylight,Dry,Non-Fatal Injury,Pedestrian Collisions,D13,92,Corso Italia-Davenport (92),-79.4558,43.6812,NULL,NULL,N,NULL,NULL,NULL
8001067265,2018,00:00.0,1945,19,LAWRENCE AVE E,GALLOWAY RD,87 m East of,1,Scarborough,24,43,Mid-Block,Non Intersection,No Control,Clear,Daylight,Dry,Non-Fatal Injury,Pedestrian Collisions,D43,136,West Hill (136),-79.1955,43.7662,NULL,NULL,N,NULL,NULL,NULL
8000337135,2018,00:00.0,1430,14,AVENUE RD,BRIAR HILL AVE,NULL,1,North York,8,53,Intersection,At Intersection,Stop Sign,Clear,Daylight,Dry,Non-Fatal Injury,Angle,D53,100,Yonge-Eglinton (100),-79.4114,43.7111,NULL,NULL,N,NULL,NULL,NULL
8000340465,2018,00:00.0,118,1,931 PROGRESS AVE,NULL,5 m West of,3,Scarborough,24,43,Intersection,Intersection Related,Traffic Signal,Clear,"Dark, artificial",Dry,Non-Fatal Injury,SMV Other,D43,137,Woburn (137),-79.2318,43.7838,NULL,NULL,N,NULL,NULL,NULL
8001489549,2018,00:00.0,1039,10,PETHERHILL  AVE,WILSON AVE,85 m South of,4,North York,6,31,Mid-Block,Non Intersection,No Control,Clear,Daylight,Dry,Non-Fatal Injury,SMV Unattended Vehicle,D31,26,Downsview-Roding-CFB (26),-79.4908,43.7233,NULL,NULL,N,NULL,NULL,NULL
8001139262,2018,00:00.0,2314,23,RICHMOND ST E,PARLIAMENT ST,NULL,1,Toronto and East York,13,51,Intersection,At Intersection,Traffic Signal,Rain,"Dark, artificial",Wet,Non-Fatal Injury,Angle,D51,73,Moss Park (73),-79.3639,43.6544,NULL,NULL,N,NULL,NULL,NULL
7001798069,2017,00:00.0,830,8,KENNEDY RD,FOXRIDGE DR,NULL,1,Scarborough,20,41,Intersection,At Intersection,No Control,Clear,Daylight,Dry,Non-Fatal Injury,Cyclist Collisions,D41,124,Kennedy Park (124),-79.2644,43.724,NULL,NULL,N,NULL,NULL,NULL
8000136344,2018,00:00.0,1525,15,HANNA RD,SUTHERLAND DR,NULL,4,North York,15,53,Intersection,At Intersection,Stop Sign,Rain,Daylight,Wet,Non-Fatal Injury,Cyclist Collisions,D53,56,Leaside-Bennington (56),-79.3655,43.7014,NULL,NULL,N,NULL,NULL,NULL
8000040229,2018,00:00.0,1816,18,EGLINTON AVE W,ROYAL YORK RD,NULL,1,Etobicoke York,2,NULL,Mid-Block,Non Intersection,Traffic Signal,Other,Daylight,Other,Fatal,Approaching,D22,9,Edenbridge-Humber Valley (9),-79.5297,43.6816,NULL,NULL,N,NULL,NULL,NULL
8000041197,2018,00:00.0,2151,21,STEELES AVE E,EASTVALE  DR,E of,1,Scarborough,23,42,Intersection,Intersection Related,No Control,Other,Dark,Other,Fatal,Pedestrian Collisions,D42,131,Rouge (131),-79.2451,43.8379,NULL,NULL,N,NULL,NULL,NULL
7001234625,2017,00:00.0,1200,12,LYNVALLEY CRES,VICTORIA PARK AVE,NULL,1,North York,NULL,NULL,Intersection,At Intersection,Traffic Signal,Clear,"Daylight, artificial",Dry,Non-Fatal Injury,Pedestrian Collisions,D41,119,Wexford/Maryvale (119),-79.3117,43.7478,NULL,NULL,N,NULL,NULL,NULL
7001781629,2017,00:00.0,1815,18,BLOOR ST W,SPADINA AVE,NULL,1,Toronto and East York,11,NULL,Intersection,At Intersection,Traffic Signal,Clear,Daylight,Dry,Non-Fatal Injury,Cyclist Collisions,D14,79,University (79),-79.4038,43.6665,NULL,NULL,N,NULL,NULL,NULL
7003136062,2017,00:00.0,1232,12,SHEPPARD AVE E,LESLIE ST,31 m East of,1,North York,17,33,Intersection,At Intersection,Traffic Signal,Clear,Daylight,Dry,Non-Fatal Injury,Pedestrian Collisions,D33,53,Henry Farm (53),-79.364,43.7715,NULL,NULL,N,NULL,NULL,NULL