ACCNUM,YEAR,DATE,TIME,HOUR,STREET1,STREET2,OFFSET,ROAD_CLASS,DISTRICT,WARDNUM,DIVISION,LOCCOORD,ACCLOC,TRAFFCTL,VISIBILITY,LIGHT,RDSFCOND,ACCLASS,IMPACTYPE,POLICE_DIVISION,HOOD_ID,NEIGHBOURHOOD,collision_lat,collision_long,red_light_lat,red_light_long,right_light_camera,LINEAR_NAME_FULL_1,LINEAR_NAME_FULL_2,ACTIVATION_DATE
8001007364,2018,00:00.0,2238,22,DANFORTH AVE,GLEDHILL AVE,NULL,1,Toronto and East York,19,NULL,Intersection,At Intersection,Traffic Signal,Clear,Dark,Dry,Non-Fatal Injury,Pedestrian Collisions,D55,62,East End-Danforth (62),-79.3085,43.6865,NULL,NULL,N,NULL,NULL,NULL
8000244860,2018,00:00.0,943,9,HALLAM ST,OSSINGTON AVE,NULL,3,Toronto and East York,NULL,14,Intersection,At Intersection,Traffic Signal,Clear,Daylight,Wet,Non-Fatal Injury,Pedestrian Collisions,D14,93,Dovercourt-Wallace Emerson-Junction (93),-79.4281,43.6678,NULL,NULL,N,NULL,NULL,NULL
7003137830,2017,00:00.0,1646,16,BIRCHMOUNT RD,SHEPPARD AVE E,200 m North of,1,Scarborough,22,42,Mid-Block,At/Near Private Drive,Traffic Signal,Clear,"Dark, artificial",Dry,Non-Fatal Injury,Turning Movement,D42,118,Tam O'Shanter-Sullivan (118),-79.2989,43.7825,NULL,NULL,N,NULL,NULL,NULL
7003199347,2017,00:00.0,757,7,BAMBURGH CRCL,FUNDY BAY  BLVD,50 m East of,2,Scarborough,22,42,Mid-Block,Non Intersection,No Control,Clear,Daylight,Wet,Non-Fatal Injury,Cyclist Collisions,D42,116,Steeles (116),-79.3213,43.8127,NULL,NULL,N,NULL,NULL,NULL
8000810853,2018,00:00.0,1803,18,KEELE ST,COLVILLE RD,77 m South of,1,Etobicoke York,5,12,Mid-Block,Non Intersection,Stop Sign,Clear,Daylight,Dry,Non-Fatal Injury,Pedestrian Collisions,D12,30,Brookhaven-Amesbury (30),-79.4778,43.7078,NULL,NULL,N,NULL,NULL,NULL
8000832716,2018,00:00.0,2140,21,YONGE ST,ANNDALE DR,NULL,1,North York,18,32,Intersection,At Intersection,Traffic Signal,Clear,"Dark, artificial",Dry,Non-Fatal Injury,Sideswipe,D32,51,Willowdale East (51),-79.4105,43.7599,NULL,NULL,N,NULL,NULL,NULL
7001794171,2017,00:00.0,1623,16,SENTINEL RD,ASSINIBOINE RD,15 m South of,3,Etobicoke York,7,31,Intersection,At Intersection,No Control,Clear,Daylight,Dry,Fatal,Pedestrian Collisions,D31,27,York University Heights (27),-79.5016,43.7681,NULL,NULL,N,NULL,NULL,NULL
8000922403,2018,00:00.0,1552,15,DUNDAS ST W,CHELSEA AVE,73 m North of,3,Toronto and East York,4,11,Mid-Block,Non Intersection,No Control,Clear,Daylight,Dry,Non-Fatal Injury,Cyclist Collisions,D11,88,High Park North (88),-79.4531,43.6587,NULL,NULL,N,NULL,NULL,NULL
7001633721,2017,00:00.0,1221,12,MC CAUL ST,QUEEN ST W,NULL,1,Toronto and East York,10,52,Intersection,At Intersection,Traffic Controller,Clear,Daylight,Dry,Non-Fatal Injury,Turning Movement,D52,77,Waterfront Communities-The Island (77),-79.3897,43.6501,NULL,NULL,N,NULL,NULL,NULL
7001799357,2017,00:00.0,1147,11,BLOOR ST W,SPADINA RD,NULL,1,Toronto and East York,11,NULL,Intersection,At Intersection,Traffic Signal,Clear,Daylight,Dry,Non-Fatal Injury,Cyclist Collisions,D14,79,University (79),-79.4038,43.6665,NULL,NULL,N,NULL,NULL,NULL
7003241293,2017,00:00.0,1528,15,KINGSTON RD,WARDEN AVE,NULL,1,Scarborough,20,41,Intersection,At Intersection,Traffic Signal,Other,Daylight,Other,Fatal,Pedestrian Collisions,D41,122,Birchcliffe-Cliffside (122),-79.2708,43.6876,NULL,NULL,N,NULL,NULL,NULL
8001028038,2018,00:00.0,2257,22,KINGSTON RD,RIDGEMOOR AVE,44 m West of,1,Scarborough,20,41,Mid-Block,Non Intersection,Traffic Controller,Clear,"Daylight, artificial",Dry,Non-Fatal Injury,Rear End,D41,122,Birchcliffe-Cliffside (122),-79.2515,43.7058,NULL,NULL,N,NULL,NULL,NULL
8000956490,2018,00:00.0,1700,17,YONGE ST,ISABELLA ST,NULL,1,Toronto and East York,13,NULL,Intersection,At Intersection,No Control,Clear,Daylight,Dry,Non-Fatal Injury,Turning Movement,D51,75,Church-Yonge Corridor (75),-79.3856,43.6674,NULL,NULL,N,NULL,NULL,NULL
8000957140,2018,00:00.0,1907,19,STAINES RD,HEPATICA ST,NULL,4,Scarborough,23,42,Intersection,At Intersection,Stop Sign,Clear,Daylight,Dry,Non-Fatal Injury,Pedestrian Collisions,D42,131,Rouge (131),-79.2299,43.8348,NULL,NULL,N,NULL,NULL,NULL
8001226350,2018,00:00.0,2235,22,RENFORTH DR,HWY 401 WB ON RAMP AVE,NULL,1,Etobicoke York,1,23,Intersection,At Intersection,Traffic Signal,Clear,"Dark, artificial",Dry,Non-Fatal Injury,Turning Movement,D23,1,West Humber-Clairville (1),-79.5915,43.6693,NULL,NULL,N,NULL,NULL,NULL
8001064286,2018,00:00.0,1204,12,ST GEORGE ST,BLOOR ST W,NULL,1,Toronto and East York,11,NULL,Intersection,At Intersection,Traffic Signal,Clear,Daylight,Dry,Fatal,Cyclist Collisions,D52,79,University (79),-79.3997,43.6674,NULL,NULL,N,NULL,NULL,NULL
8001529236,2018,00:00.0,459,4,DANFORTH AVE,ROSEHEATH AVE,NULL,1,Toronto and East York,19,NULL,Intersection,At Intersection,No Control,Clear,"Dark, artificial",Dry,Non-Fatal Injury,Turning Movement,D55,64,Woodbine Corridor (64),-79.3181,43.6844,NULL,NULL,N,NULL,NULL,NULL
8000407023,2018,00:00.0,820,8,DUFFERIN ST,CASTLEFIELD AVE,28 m North of,1,North York,8,13,Intersection,Intersection Related,Traffic Signal,Clear,Daylight,Dry,Non-Fatal Injury,Pedestrian Collisions,D13,108,Briar Hill-Belgravia (108),-79.4517,43.7006,NULL,NULL,N,NULL,NULL,NULL
7003211588,2017,00:00.0,41,0,KINGSTON RD,GUILDWOOD PKWY,NULL,1,Scarborough,24,43,Intersection,At Intersection,Traffic Signal,Other,Dark,Other,Fatal,SMV Other,D43,140,Guildwood (140),-79.2059,43.7495,NULL,NULL,N,NULL,NULL,NULL
8000341044,2018,00:00.0,612,6,EGLINTON AVE W,SCARLETT RD,NULL,1,Etobicoke York,2,NULL,Intersection,Intersection Related,Traffic Signal,Clear,Dark,Dry,Non-Fatal Injury,Pedestrian Collisions,D22,8,Humber Heights-Westmount (8),-79.5114,43.6838,NULL,NULL,N,NULL,NULL,NULL
8000311536,2018,00:00.0,1442,14,401 C E WESTON RD RAMP,WESTON RD,NULL,1,Etobicoke York,5,12,Intersection,At Intersection,Traffic Signal,Clear,Daylight,Dry,Non-Fatal Injury,Turning Movement,D12,23,Pelmo Park-Humberlea (23),-79.5354,43.7117,NULL,NULL,N,NULL,NULL,NULL
8000312731,2018,00:00.0,1827,18,YONGE ST,ROSELAWN AVE,11 m South of,1,North York,NULL,53,Intersection,Intersection Related,No Control,Clear,"Dusk, artificial",Dry,Non-Fatal Injury,Pedestrian Collisions,D53,104,Mount Pleasant West (104),-79.3992,43.7108,NULL,NULL,N,NULL,NULL,NULL
8000370625,2018,00:00.0,1530,15,CANONGATE TRL,OCKWELL MANOR  DR,NULL,2,Scarborough,22,42,Intersection,At Intersection,No Control,Clear,Daylight,Dry,Fatal,Pedestrian Collisions,D42,116,Steeles (116),-79.3068,43.8185,NULL,NULL,N,NULL,NULL,NULL
8000372713,2018,00:00.0,2128,21,ALBION RD,CARRIER DR,50 m East of,1,Etobicoke York,1,23,Mid-Block,Non Intersection,No Control,Clear,"Dark, artificial",Dry,Non-Fatal Injury,Rear End,D23,1,West Humber-Clairville (1),-79.6134,43.7452,NULL,NULL,N,NULL,NULL,NULL
8000981318,2018,00:00.0,755,7,BLOOR ST W,SOUTH KINGSWAY,NULL,1,Etobicoke York,4,11,Intersection,At Intersection,Traffic Signal,Clear,Daylight,Dry,Non-Fatal Injury,Pedestrian Collisions,D11,87,High Park-Swansea (87),-79.4857,43.6482,NULL,NULL,N,NULL,NULL,NULL
8000231465,2018,00:00.0,913,9,CARL HALL RD,CHESSWOOD DR,300 m South of,4,North York,6,32,Mid-Block,Non Intersection,No Control,Clear,Daylight,Wet,Non-Fatal Injury,Approaching,D32,26,Downsview-Roding-CFB (26),-79.4688,43.7485,NULL,NULL,N,NULL,NULL,NULL
8000477164,2018,00:00.0,2150,21,DOVERCOURT RD,DUPONT ST,NULL,1,Etobicoke York,9,14,Intersection,At Intersection,Traffic Signal,Clear,"Dark, artificial",Dry,Non-Fatal Injury,Pedestrian Collisions,D14,93,Dovercourt-Wallace Emerson-Junction (93),-79.4327,43.6696,NULL,NULL,N,NULL,NULL,NULL
8001689735,2018,00:00.0,1115,11,LAWRENCE AVE E,THE DONWAY  W,NULL,1,North York,16,33,Intersection,At Intersection,Traffic Signal,Clear,Daylight,Dry,Non-Fatal Injury,Pedestrian Collisions,D33,42,Banbury-Don Mills (42),-79.3465,43.7364,NULL,NULL,N,NULL,NULL,NULL
8001115863,2018,00:00.0,1700,17,MADAWASKA AVE,WILLOWDALE AVE,NULL,3,North York,18,32,Intersection,At Intersection,Stop Sign,Clear,Daylight,Dry,Non-Fatal Injury,Angle,D32,50,Newtonbrook East (50),-79.4127,43.795,NULL,NULL,N,NULL,NULL,NULL
8001362922,2018,00:00.0,58,0,EGLINTON AVE W,MARLEE AVE,NULL,1,North York,NULL,13,Intersection,At Intersection,Traffic Signal,Clear,Dark,Dry,Fatal,Pedestrian Collisions,D13,107,Oakwood Village (107),-79.4393,43.6979,NULL,NULL,N,NULL,NULL,NULL
8001284576,2018,00:00.0,1457,14,LAWRENCE AVE W,BENTON RD,NULL,1,Etobicoke York,5,12,Intersection,At Intersection,Traffic Signal,Clear,Daylight,Dry,Non-Fatal Injury,Pedestrian Collisions,D12,30,Brookhaven-Amesbury (30),-79.4718,43.7102,NULL,NULL,N,NULL,NULL,NULL
8001299322,2018,00:00.0,1928,19,DUNDAS ST E,PARLIAMENT ST,NULL,1,Toronto and East York,13,51,Intersection,At Intersection,Traffic Signal,Clear,Daylight,Dry,Non-Fatal Injury,Cyclist Collisions,D51,72,Regent Park (72),-79.3659,43.6593,NULL,NULL,N,NULL,NULL,NULL
8001713771,2018,00:00.0,2130,21,JARVIS ST,QUEEN ST E,100 m North of,1,Scarborough,13,51,Mid-Block,Non Intersection,No Control,Clear,"Dark, artificial",Dry,Non-Fatal Injury,Turning Movement,D51,73,Moss Park (73),-79.3736,43.6546,NULL,NULL,N,NULL,NULL,NULL
8001744519,2018,00:00.0,1600,16,DUFFERIN ST,CASTLEFIELD AVE,NULL,1,North York,8,13,Intersection,At Intersection,Traffic Signal,Clear,Daylight,Dry,Fatal,Pedestrian Collisions,D13,108,Briar Hill-Belgravia (108),-79.4517,43.7006,NULL,NULL,N,NULL,NULL,NULL
8000074113,2018,00:00.0,1901,19,MCCOWAN RD,ELLESMERE RD,NULL,1,Scarborough,NULL,43,Intersection,At Intersection,Traffic Signal,Freezing Rain,"Dark, artificial",Ice,Non-Fatal Injury,SMV Other,D43,137,Woburn (137),-79.2514,43.772,NULL,NULL,N,NULL,NULL,NULL
1073546,2008,00:00.0,1222,12,STEELES AVE W,PETROLIA RD,NULL,1,North York,6,31,Intersection,At Intersection,Traffic Signal,Clear,Daylight,Dry,Non-Fatal Injury,Pedestrian Collisions,D31,27,York University Heights (27),-79.49,43.7825,NULL,NULL,N,NULL,NULL,NULL
8000379612,2018,00:00.0,2117,21,FINCH AVE W,HUMBERLINE DR,NULL,1,Etobicoke York,1,23,Intersection,At Intersection,Traffic Signal,Clear,"Dusk, artificial",Dry,Non-Fatal Injury,Pedestrian Collisions,D23,1,West Humber-Clairville (1),-79.6178,43.7349,NULL,NULL,N,NULL,NULL,NULL
1151467,2010,00:00.0,933,9,SENTINEL Road,STILECROFT Driv,NULL,2,North York,6,31,Intersection,At Intersection,Stop Sign,Clear,Daylight,Dry,Non-Fatal Injury,Pedestrian Collisions,D31,27,York University Heights (27),-79.4941,43.7504,NULL,NULL,N,NULL,NULL,NULL
8001330497,2018,00:00.0,529,5,DUPONT ST,OSLER ST,23 m West of,1,Toronto and East York,9,11,Intersection,Intersection Related,No Control,Clear,"Dawn, artificial",Dry,Non-Fatal Injury,SMV Other,D11,93,Dovercourt-Wallace Emerson-Junction (93),-79.4565,43.6644,NULL,NULL,N,NULL,NULL,NULL
1146000,2010,00:00.0,2034,20,ST CLAIR AVE W,YONGE ST,NULL,1,Toronto and East York,12,53,Mid-Block,NULL,No Control,Clear,Dark,Wet,Non-Fatal Injury,SMV Unattended Vehicle,D53,97,Yonge-St.Clair (97),-79.3945,43.6879,NULL,NULL,N,NULL,NULL,NULL
8000514399,2018,00:00.0,1720,17,LAWRENCE AVE W,BENTON RD,10 m East of,1,Etobicoke York,5,12,Intersection,At Intersection,Traffic Signal,Clear,Daylight,Dry,Non-Fatal Injury,Angle,D12,30,Brookhaven-Amesbury (30),-79.4718,43.7102,NULL,NULL,N,NULL,NULL,NULL
8001264786,2018,00:00.0,1720,17,RATHBURN  RD,RENFORTH DR,NULL,3,Etobicoke York,2,22,Intersection,At Intersection,Traffic Signal,Clear,Daylight,Dry,Non-Fatal Injury,Turning Movement,D22,13,Etobicoke West Mall (13),-79.5794,43.6513,NULL,NULL,N,NULL,NULL,NULL
1178852,2010,00:00.0,143,1,DIXON RD,MARTIN GROVE RD,NULL,1,Etobicoke York,NULL,23,Intersection,At Intersection,Traffic Signal,Rain,Dark,Wet,Non-Fatal Injury,Angle,D23,1,West Humber-Clairville (1),-79.5707,43.6915,NULL,NULL,N,NULL,NULL,NULL
1148477,2009,00:00.0,1845,18,LAWRENCE AVE W,BATHURST ST,NULL,1,North York,8,NULL,Intersection,At Intersection,Traffic Signal,Rain,Dark,Wet,Non-Fatal Injury,Pedestrian Collisions,D53,39,Bedford Park-Nortown (39),-79.4297,43.7192,NULL,NULL,N,NULL,NULL,NULL
1147341,2010,00:00.0,1240,12,MARTIN GROVE RD,EGLINTON AVE W,NULL,1,Etobicoke York,NULL,NULL,Intersection,At Intersection,Traffic Signal,Clear,Daylight,Dry,Fatal,Pedestrian Collisions,D22,10,Princess-Rosethorn (10),-79.5631,43.6744,-79.5631,43.6744,Y,Eglinton Ave W,Martin Grove Rd,2017-07-10
1137620,2009,00:00.0,848,8,BATHURST ST,STEELES AVE W,NULL,1,North York,NULL,32,Intersection,At Intersection,No Control,Clear,Daylight,Dry,Non-Fatal Injury,Pedestrian Collisions,D32,36,Newtonbrook West (36),-79.4456,43.7922,NULL,NULL,N,NULL,NULL,NULL
8000460505,2018,00:00.0,1130,11,DUNDAS ST W,HURON ST,20 m West of,1,North York,NULL,52,Intersection,Intersection Related,No Control,Clear,Daylight,Dry,Non-Fatal Injury,Pedestrian Collisions,D52,78,Kensington-Chinatown (78),-79.3961,43.6532,NULL,NULL,N,NULL,NULL,NULL
1117854,2009,00:00.0,1448,14,179 FALLINGBROOK RD,NULL,NULL,2,Scarborough,20,41,Intersection,NULL,No Control,Clear,Daylight,Dry,Fatal,Pedestrian Collisions,D41,122,Birchcliffe-Cliffside (122),-79.2802,43.6846,NULL,NULL,N,NULL,NULL,NULL
1150610,2010,00:00.0,1636,16,OLD KINGSTON RD,MANSE RD,NULL,2,Scarborough,25,43,Mid-Block,NULL,No Control,Clear,Dusk,Dry,Non-Fatal Injury,Rear End,D43,136,West Hill (136),-79.1806,43.7765,NULL,NULL,N,NULL,NULL,NULL
1150809,2010,00:00.0,1629,16,EUCLID AVE,BLOOR ST W,NULL,1,Toronto and East York,11,14,Intersection,At Intersection,Stop Sign,Clear,Daylight,Dry,Non-Fatal Injury,Pedestrian Collisions,D14,95,Annex (95),-79.4148,43.6643,NULL,NULL,N,NULL,NULL,NULL
1149839,2009,00:00.0,322,3,TWYN RIVERS DR,SHEPPARD AVE E,NULL,2,Scarborough,25,42,Mid-Block,NULL,No Control,Snow,Dark,Wet,Non-Fatal Injury,SMV Other,D42,131,Rouge (131),-79.1564,43.8116,NULL,NULL,N,NULL,NULL,NULL
1074265,2008,00:00.0,1450,14,KEELE ST,TORO RD W,NULL,1,Etobicoke York,NULL,31,Mid-Block,At Intersection,No Control,Clear,Daylight,Dry,Non-Fatal Injury,Pedestrian Collisions,D31,27,York University Heights (27),-79.4908,43.7628,NULL,NULL,N,NULL,NULL,NULL
1144503,2009,00:00.0,1420,14,SHUTER ST,SUMACH ST,NULL,3,Toronto and East York,13,51,Intersection,At Intersection,Pedestrian Crossover,Clear,Daylight,Dry,Non-Fatal Injury,Pedestrian Collisions,D51,72,Regent Park (72),-79.3596,43.6581,NULL,NULL,N,NULL,NULL,NULL
1144508,2009,00:00.0,1700,17,SAMMON AVE,DONLANDS AVE,NULL,3,Toronto and East York,14,54,Intersection,At Intersection,No Control,Clear,Daylight,Dry,Non-Fatal Injury,Cyclist Collisions,D54,59,Danforth East York (59),-79.3393,43.6858,NULL,NULL,N,NULL,NULL,NULL
1080111,2008,00:00.0,555,5,FINCH Ave W,OAKDALE Rd,NULL,1,Etobicoke York,7,31,Intersection,At Intersection,Traffic Signal,Clear,Dark,Wet,Non-Fatal Injury,Rear End,D31,24,Black Creek (24),-79.5242,43.7559,NULL,NULL,N,NULL,NULL,NULL
1074689,2008,00:00.0,245,2,F G GARDINER XY Expr W,WICKMAN RD,NULL,NULL,Etobicoke York,3,22,Mid-Block,NULL,No Control,Snow,Dark,Loose Snow,Non-Fatal Injury,SMV Other,D22,14,Islington-City Centre West (14),-79.5297,43.6172,NULL,NULL,N,NULL,NULL,NULL
1179667,2010,00:00.0,1239,12,KENNEDY RD,SHEPPARD AVE E,NULL,1,Scarborough,22,42,Mid-Block,NULL,No Control,Clear,Daylight,Dry,Non-Fatal Injury,Rear End,D42,128,Agincourt South-Malvern West (128),-79.2889,43.7846,NULL,NULL,N,NULL,NULL,NULL
1152152,2010,00:00.0,2150,21,DON MILLS RD,SHEPPARD AVE E,NULL,1,North York,17,33,Intersection,At Intersection,Traffic Signal,Clear,Dark,Wet,Non-Fatal Injury,Angle,D33,47,Don Valley Village (47),-79.3469,43.7751,NULL,NULL,N,NULL,NULL,NULL
8001431981,2018,00:00.0,2137,21,123 CALEDONIA  RD,NULL,50 m North of,3,Etobicoke York,9,13,Mid-Block,At/Near Private Drive,No Control,Clear,"Dark, artificial",Dry,Non-Fatal Injury,Pedestrian Collisions,D13,92,Corso Italia-Davenport (92),-79.4562,43.6788,NULL,NULL,N,NULL,NULL,NULL
1155951,2010,00:00.0,1030,10,DVP S EASTERN AV W RAMP S,EASTERN DIVERSION AVE E,NULL,6,Toronto and East York,NULL,NULL,Mid-Block,NULL,No Control,Snow,Daylight,Packed Snow,Non-Fatal Injury,SMV Other,D51,73,Moss Park (73),-79.3534,43.6567,NULL,NULL,N,NULL,NULL,NULL
1083156,2008,00:00.0,2205,22,QUEEN ST W,BAY ST,NULL,1,Toronto and East York,NULL,52,Intersection,NULL,Traffic Signal,Clear,Dark,Dry,Non-Fatal Injury,Pedestrian Collisions,D52,76,Bay Street Corridor (76),-79.3816,43.6518,NULL,NULL,N,NULL,NULL,NULL
1153473,2010,00:00.0,18,0,PHARMACY AVE,ST BEDES RD,NULL,3,Scarborough,20,41,Intersection,At Intersection,No Control,Clear,Dark,Wet,Fatal,SMV Other,D41,120,Clairlea-Birchmount (120),-79.2886,43.7046,NULL,NULL,N,NULL,NULL,NULL
1173424,2010,00:00.0,1846,18,DOVERCOURT RD,DUPONT ST,NULL,1,Toronto and East York,9,14,Intersection,At Intersection,Traffic Signal,Clear,Daylight,Dry,Non-Fatal Injury,Cyclist Collisions,D14,93,Dovercourt-Wallace Emerson-Junction (93),-79.4327,43.6696,NULL,NULL,N,NULL,NULL,NULL
1181613,2010,00:00.0,1600,16,COLLEGE ST,BAY ST,NULL,1,Toronto and East York,NULL,52,Mid-Block,NULL,No Control,Clear,Daylight,Dry,Non-Fatal Injury,Cyclist Collisions,D52,76,Bay Street Corridor (76),-79.3847,43.661,NULL,NULL,N,NULL,NULL,NULL
1162482,2010,00:00.0,2358,23,DON VALLEY PARKWAY  N,LAWRENCE AVE E,NULL,NULL,North York,16,33,Mid-Block,NULL,No Control,Clear,Dark,Dry,Non-Fatal Injury,Other,D33,42,Banbury-Don Mills (42),-79.332,43.7402,NULL,NULL,N,NULL,NULL,NULL
1165628,2010,00:00.0,1619,16,RUNNYMEDE Rd,ST JOHNS Rd,NULL,3,Toronto and East York,4,11,Intersection,At Intersection,Traffic Signal,Clear,Daylight,Dry,Non-Fatal Injury,Angle,D11,90,Junction Area (90),-79.4813,43.6638,NULL,NULL,N,NULL,NULL,NULL
1131878,2009,00:00.0,1203,12,WILLIAM R ALLEN RD,SHEPPARD AVE W,NULL,1,North York,6,32,Intersection,NULL,Traffic Signal,Clear,Daylight,Dry,Non-Fatal Injury,Turning Movement,D32,27,York University Heights (27),-79.4633,43.7502,-79.4633,43.7502,Y,William R Allen Rd,Sheppard Ave W,2021-06-29
1139232,2009,00:00.0,10,0,HIGHWAY 27  N,HUMBER COLLEGE Boul,NULL,1,Etobicoke York,1,23,Intersection,NULL,Traffic Signal,Clear,Dark,Wet,Non-Fatal Injury,Pedestrian Collisions,D23,1,West Humber-Clairville (1),-79.6013,43.7304,NULL,NULL,N,NULL,NULL,NULL
1167046,2010,00:00.0,2103,21,WILLOWDALE AVE,ELMWOOD AVE,NULL,3,North York,18,32,Intersection,At Intersection,No Control,Clear,Dark,Dry,Non-Fatal Injury,Turning Movement,D32,51,Willowdale East (51),-79.4016,43.7688,NULL,NULL,N,NULL,NULL,NULL
1182348,2010,00:00.0,2126,21,36 MILVAN DR,PENN Driv,NULL,2,Etobicoke York,7,31,Mid-Block,NULL,No Control,Clear,Dark,Dry,Non-Fatal Injury,Turning Movement,D31,21,Humber Summit (21),-79.5536,43.753,NULL,NULL,N,NULL,NULL,NULL
1137790,2009,00:00.0,422,4,MOUNT PLEASANT RD,SOUTH DR,NULL,1,Toronto and East York,11,53,Intersection,NULL,No Control,Clear,Dark,Dry,Non-Fatal Injury,SMV Other,D53,98,Rosedale-Moore Park (98),-79.3806,43.6762,NULL,NULL,N,NULL,NULL,NULL
1135255,2009,00:00.0,1035,10,LOWER SIMCOE ST,BREMNER BLVD,NULL,2,Toronto and East York,10,52,Mid-Block,NULL,No Control,Clear,Daylight,Dry,Non-Fatal Injury,Pedestrian Collisions,D52,77,Waterfront Communities-The Island (77),-79.3843,43.6435,NULL,NULL,N,NULL,NULL,NULL
1163084,2010,00:00.0,1643,16,LAKE SHORE BLVD W,BUDAPEST LANE,NULL,1,Toronto and East York,4,11,Intersection,NULL,Traffic Signal,Clear,Daylight,Dry,Non-Fatal Injury,Pedestrian Collisions,D11,85,South Parkdale (85),-79.4476,43.637,NULL,NULL,N,NULL,NULL,NULL
1126375,2009,00:00.0,2315,23,DON MILLS RD,HAVENBROOK BLVD,NULL,1,North York,17,33,Intersection,At Intersection,Traffic Signal,Clear,Dark,Dry,Non-Fatal Injury,Pedestrian Collisions,D33,53,Henry Farm (53),-79.3464,43.7695,NULL,NULL,N,NULL,NULL,NULL
1130310,2009,00:00.0,2320,23,QUEENS PARK CRES E,GROSVENOR ST,NULL,1,Toronto and East York,11,52,Intersection,NULL,No Control,Clear,Dark,Dry,Non-Fatal Injury,SMV Other,D52,76,Bay Street Corridor (76),-79.3898,43.6617,NULL,NULL,N,NULL,NULL,NULL
1137184,2009,00:00.0,1700,17,BATHURST ST,MARMION AVE,NULL,1,North York,8,32,Intersection,At Intersection,No Control,Clear,Dusk,Dry,Non-Fatal Injury,Pedestrian Collisions,D32,39,Bedford Park-Nortown (39),-79.4313,43.7266,NULL,NULL,N,NULL,NULL,NULL
1175178,2010,00:00.0,1600,16,DUFFERIN ST,EGLINTON AVE W,NULL,1,North York,NULL,13,Intersection,NULL,Traffic Signal,Clear,Daylight,Dry,Non-Fatal Injury,Rear End,D13,107,Oakwood Village (107),-79.4502,43.6956,NULL,NULL,N,NULL,NULL,NULL
1133411,2009,00:00.0,1710,17,MCNICOLL Ave,BIRCHMOUNT Rd,NULL,1,Scarborough,22,42,Intersection,At Intersection,Traffic Signal,Clear,Daylight,Dry,Non-Fatal Injury,Turning Movement,D42,116,Steeles (116),-79.3111,43.8086,-79.3111,43.8086,Y,Birchmount Rd,McNicoll Ave,2017-08-11
1154795,2010,00:00.0,2320,23,THE QUEENSWAY,HIGH ST,NULL,1,Etobicoke York,3,22,Mid-Block,NULL,Traffic Signal,Clear,Dark,Dry,Non-Fatal Injury,Pedestrian Collisions,D22,16,Stonegate-Queensway (16),-79.482,43.6308,NULL,NULL,N,NULL,NULL,NULL
1148052,2009,00:00.0,745,7,MIDLAND Aven,HUNTINGWOOD Driv,NULL,1,Scarborough,NULL,42,Intersection,At Intersection,Traffic Signal,Clear,Daylight,Wet,Non-Fatal Injury,Turning Movement,D42,128,Agincourt South-Malvern West (128),-79.2833,43.797,NULL,NULL,N,NULL,NULL,NULL
1129154,2009,00:00.0,935,9,CENTRE AVE,WILLOWDALE AVE,NULL,3,North York,18,32,Intersection,At Intersection,Stop Sign,Clear,Daylight,Dry,Non-Fatal Injury,Pedestrian Collisions,D32,50,Newtonbrook East (50),-79.4118,43.793,NULL,NULL,N,NULL,NULL,NULL
1143896,2009,00:00.0,631,6,ELLESMERE Rd,CLAUDIUS Gt,NULL,1,Scarborough,21,41,Intersection,NULL,No Control,Clear,Dark,Wet,Non-Fatal Injury,Pedestrian Collisions,D41,119,Wexford/Maryvale (119),-79.3078,43.7595,NULL,NULL,N,NULL,NULL,NULL
1125793,2009,00:00.0,244,2,DUNDAS ST W,DOVERCOURT RD,NULL,3,Toronto and East York,NULL,14,Intersection,At Intersection,Traffic Signal,Clear,Dark,Dry,Non-Fatal Injury,Rear End,D14,81,Trinity-Bellwoods (81),-79.4246,43.6494,NULL,NULL,N,NULL,NULL,NULL
1126015,2009,00:00.0,52,0,MURRAY ROSS PKWY,LEITCH AVE,NULL,2,Etobicoke York,7,31,Intersection,NULL,No Control,Clear,Dark,Wet,Non-Fatal Injury,Pedestrian Collisions,D31,27,York University Heights (27),-79.496,43.7659,NULL,NULL,N,NULL,NULL,NULL
1142556,2009,00:00.0,1835,18,THE QUEENSWAY,THE WEST MALL,NULL,1,Etobicoke York,3,22,Mid-Block,NULL,Traffic Signal,Clear,Dark,Dry,Non-Fatal Injury,Pedestrian Collisions,D22,14,Islington-City Centre West (14),-79.5603,43.6136,NULL,NULL,N,NULL,NULL,NULL
1144668,2009,00:00.0,1740,17,KENNEDY Rd,PARK St,NULL,2,Scarborough,20,41,Mid-Block,NULL,No Control,Clear,Dark,Dry,Non-Fatal Injury,Rear End,D41,122,Birchcliffe-Cliffside (122),-79.2589,43.7103,NULL,NULL,N,NULL,NULL,NULL
1128816,2009,00:00.0,1230,12,LAKE SHORE BLVD E,LOWER JARVIS ST,NULL,1,Toronto and East York,10,51,Mid-Block,NULL,No Control,Clear,Daylight,Dry,Non-Fatal Injury,Sideswipe,D51,77,Waterfront Communities-The Island (77),-79.368,43.6459,NULL,NULL,N,NULL,NULL,NULL