ACCNUM,YEAR,DATE,TIME,HOUR,STREET1,STREET2,OFFSET,ROAD_CLASS,DISTRICT,WARDNUM,DIVISION,LOCCOORD,ACCLOC,TRAFFCTL,VISIBILITY,LIGHT,RDSFCOND,ACCLASS,IMPACTYPE,POLICE_DIVISION,HOOD_ID,NEIGHBOURHOOD,collision_lat,collision_long,red_light_lat,red_light_long,right_light_camera,LINEAR_NAME_FULL_1,LINEAR_NAME_FULL_2,ACTIVATION_DATE
1126214,2009,00:00.0,2220,22,YONGE Stre,GROSVENOR Stre,NULL,1,Toronto and East York,13,NULL,Intersection,At Intersection,Traffic Signal,Clear,Dark,Dry,Non-Fatal Injury,Pedestrian Collisions,D51,75,Church-Yonge Corridor (75),-79.3837,43.663,NULL,NULL,N,NULL,NULL,NULL
1161474,2010,00:00.0,2210,22,DUFFERIN Stre,EGLINTON Aven W,NULL,1,North York,NULL,13,Intersection,NULL,No Control,Clear,Dark,Dry,Non-Fatal Injury,Pedestrian Collisions,D13,107,Oakwood Village (107),-79.4502,43.6956,NULL,NULL,N,NULL,NULL,NULL
1144593,2009,00:00.0,1545,15,DUNDAS Stre W,ELIZABETH Stre,NULL,1,Toronto and East York,NULL,52,Intersection,At Intersection,Stop Sign,Clear,Daylight,Dry,Non-Fatal Injury,Pedestrian Collisions,D52,76,Bay Street Corridor (76),-79.3851,43.6554,NULL,NULL,N,NULL,NULL,NULL
1140739,2009,00:00.0,1255,12,QUEEN Stre W,ST PATRICK Stre,NULL,1,Toronto and East York,10,52,Intersection,At Intersection,Traffic Signal,Clear,Daylight,Dry,Non-Fatal Injury,Pedestrian Collisions,D52,78,Kensington-Chinatown (78),-79.3886,43.6504,NULL,NULL,N,NULL,NULL,NULL
8000560882,2018,00:00.0,1749,17,MOUNT PLEASANT RD,CARSTOWE RD,NULL,1,Toronto and East York,11,53,Mid-Block,Non Intersection,No Control,Clear,Daylight,Dry,Fatal,Turning Movement,D53,98,Rosedale-Moore Park (98),-79.3836,43.6843,NULL,NULL,N,NULL,NULL,NULL
1146277,2009,00:00.0,617,6,6 QUEENS PARK CRES E,NULL,NULL,1,Toronto and East York,11,52,Mid-Block,NULL,No Control,Snow,Dark,Ice,Non-Fatal Injury,SMV Other,D52,76,Bay Street Corridor (76),-79.39,43.6611,NULL,NULL,N,NULL,NULL,NULL
8000743164,2018,00:00.0,2358,23,BLOOR ST W,STERLING RD,2 m North of,1,Toronto and East York,9,11,Intersection,At Intersection,Traffic Signal,Rain,"Dark, artificial",Wet,Non-Fatal Injury,Pedestrian Collisions,D11,83,Dufferin Grove (83),-79.4477,43.6572,NULL,NULL,N,NULL,NULL,NULL
1134906,2009,00:00.0,1047,10,JARVIS ST,ISABELLA ST,NULL,1,Toronto and East York,13,51,Intersection,At Intersection,Traffic Signal,Clear,Daylight,Dry,Non-Fatal Injury,Turning Movement,D51,74,North St.James Town (74),-79.3794,43.6688,-79.3794,43.6688,Y,Jarvis St,Isabella St,2017-03-13
1131025,2009,00:00.0,220,2,225 QUEEN ST W,QUEEN Stre W,NULL,1,Toronto and East York,10,52,Mid-Block,At Intersection,No Control,Clear,Dark,Dry,Non-Fatal Injury,Pedestrian Collisions,D52,77,Waterfront Communities-The Island (77),-79.3879,43.6505,NULL,NULL,N,NULL,NULL,NULL
8000663907,2018,00:00.0,1918,19,THE WESTWAY,KIPLING AVE,11 m South of,1,Etobicoke York,2,23,Intersection,At Intersection,Traffic Signal,Rain,"Dark, artificial",Wet,Non-Fatal Injury,Cyclist Collisions,D23,7,Willowridge-Martingrove-Richview (7),-79.5546,43.6855,NULL,NULL,N,NULL,NULL,NULL
8000710389,2018,00:00.0,1,0,HIGHWAY 2A  E,LAWSON RD,400 m East of,8,Scarborough,25,43,Mid-Block,Non Intersection,No Control,Clear,Dark,Dry,Non-Fatal Injury,Rear End,D43,133,Centennial Scarborough (133),-79.164,43.7851,NULL,NULL,N,NULL,NULL,NULL
7001914819,2017,00:00.0,2007,20,KING  ST W,NIAGARA ST,33 m West of,1,Toronto and East York,10,14,Mid-Block,Non Intersection,No Control,Clear,"Dark, artificial",Dry,Non-Fatal Injury,Pedestrian Collisions,D14,82,Niagara (82),-79.4081,43.6427,NULL,NULL,N,NULL,NULL,NULL
7001980351,2017,00:00.0,1903,19,KEELE ST,WILSON AVE,60 m South of,1,North York,6,31,Mid-Block,Non Intersection,Traffic Controller,Clear,"Daylight, artificial",Wet,Non-Fatal Injury,Pedestrian Collisions,D31,26,Downsview-Roding-CFB (26),-79.4818,43.7259,NULL,NULL,N,NULL,NULL,NULL
6000181395,2016,00:00.0,230,2,DERRYDOWN RD,ROMFIELD DR,NULL,4,Etobicoke York,7,31,Intersection,NULL,Stop Sign,Clear,"Dark, artificial",Wet,Fatal,SMV Other,D31,27,York University Heights (27),-79.4939,43.7603,NULL,NULL,N,NULL,NULL,NULL
1219081,2010,00:00.0,2159,21,DANFORTH AVE,BOWDEN ST,NULL,1,Toronto and East York,14,NULL,Mid-Block,NULL,No Control,Clear,Dark,Dry,Non-Fatal Injury,Pedestrian Collisions,D55,67,Playter Estates-Danforth (67),-79.3545,43.677,NULL,NULL,N,NULL,NULL,NULL
7001831033,2017,00:00.0,1545,15,TRANSIT RD,WILSON AVE,84 m North of,3,North York,6,32,Mid-Block,Non Intersection,No Control,Clear,Daylight,Dry,Non-Fatal Injury,SMV Other,D32,33,Clanton Park (33),-79.4521,43.7351,NULL,NULL,N,NULL,NULL,NULL
8002229899,2018,00:00.0,1932,19,MIDLAND AVE,DORCOT AVE,NULL,1,Scarborough,21,41,Mid-Block,Non Intersection,No Control,Clear,Dark,Dry,Fatal,Pedestrian Collisions,D41,127,Bendale (127),-79.2676,43.7583,NULL,NULL,N,NULL,NULL,NULL
1174844,2010,00:00.0,1732,17,BENNINGTON HEIGHTS DR,MOOREHILL DR,NULL,4,North York,15,53,Intersection,NULL,Yield Sign,Clear,Daylight,Dry,Non-Fatal Injury,Turning Movement,D53,56,Leaside-Bennington (56),-79.3722,43.6931,NULL,NULL,N,NULL,NULL,NULL
9001242183,2019,00:00.0,910,9,PHARMACY AVE,LAWRENCE AVE E,NULL,1,Scarborough,21,41,Intersection,At Intersection,Traffic Signal,Clear,Daylight,Dry,Non-Fatal Injury,Turning Movement,D41,119,Wexford/Maryvale (119),-79.3046,43.7432,-79.3046,43.7432,Y,Lawrence Ave E,Pharmacy Ave,2021-07-29
8002245364,2018,00:00.0,300,3,758 QUEEN ST E,NULL,NULL,3,Toronto and East York,14,55,Mid-Block,Non Intersection,No Control,Drifting Snow,"Dark, artificial",Loose Snow,Non-Fatal Injury,Cyclist Collisions,D55,70,South Riverdale (70),-79.3478,43.6592,NULL,NULL,N,NULL,NULL,NULL
8002245661,2018,00:00.0,600,6,MARTIN GROV RD,REXDALE BLVD,250 m South of,1,Etobicoke York,1,23,Mid-Block,Non Intersection,No Control,Clear,"Dark, artificial",Dry,Non-Fatal Injury,Pedestrian Collisions,D23,1,West Humber-Clairville (1),-79.5801,43.7117,NULL,NULL,N,NULL,NULL,NULL
8002266856,2018,00:00.0,1617,16,SHEPPARD AVE E,KENNEDY RD,100 m East of,1,North York,22,42,Mid-Block,Non Intersection,No Control,Clear,Daylight,Dry,Non-Fatal Injury,Pedestrian Collisions,D42,128,Agincourt South-Malvern West (128),-79.2872,43.7834,NULL,NULL,N,NULL,NULL,NULL
8002306569,2018,00:00.0,2000,20,REXDALE BLVD,QUEENS PLATE DR,NULL,1,Etobicoke York,1,23,Intersection,At Intersection,Traffic Signal,Clear,"Dark, artificial",Dry,Non-Fatal Injury,Pedestrian Collisions,D23,1,West Humber-Clairville (1),-79.6034,43.7191,NULL,NULL,N,NULL,NULL,NULL
8002334933,2018,00:00.0,710,7,MCLEVIN AVE,MALVERN ST,NULL,3,Scarborough,23,42,Intersection,Intersection Related,No Control,Rain,"Dark, artificial",Wet,Non-Fatal Injury,Pedestrian Collisions,D42,132,Malvern (132),-79.2375,43.7998,NULL,NULL,N,NULL,NULL,NULL
9000008532,2019,00:00.0,1405,14,LEXINGTON AVE,SILVERSTONE DR,W of,4,Etobicoke York,1,23,Mid-Block,Non Intersection,No Control,Clear,Daylight,Dry,Fatal,SMV Other,D23,1,West Humber-Clairville (1),-79.6017,43.7441,NULL,NULL,N,NULL,NULL,NULL
1138159,2009,00:00.0,1758,17,DANFORTH RD,HORTON BLVD,NULL,1,Scarborough,20,43,Intersection,At Intersection,No Control,Clear,Dark,Dry,Non-Fatal Injury,Pedestrian Collisions,D43,138,Eglinton East (138),-79.2468,43.7358,NULL,NULL,N,NULL,NULL,NULL
9085345312,2019,00:00.0,2200,22,DANFORTH AVE,CHESTER AVE,22 m East of,1,Toronto and East York,14,NULL,Intersection,Intersection Related,No Control,Clear,"Dark, artificial",Dry,Non-Fatal Injury,Turning Movement,D55,68,North Riverdale (68),-79.3519,43.6774,NULL,NULL,N,NULL,NULL,NULL
1133302,2009,00:00.0,2115,21,MARTIN GROVE Road,EGLINTON Aven W,NULL,1,Etobicoke York,NULL,NULL,Intersection,At Intersection,Traffic Signal,Clear,Dark,Dry,Non-Fatal Injury,Turning Movement,D22,10,Princess-Rosethorn (10),-79.5631,43.6744,-79.5631,43.6744,Y,Eglinton Ave W,Martin Grove Rd,2017-07-10
9000211864,2019,00:00.0,2326,23,945 MIDLAND AVE,NULL,40 m North of,1,Scarborough,21,41,Mid-Block,Non Intersection,No Control,Snow,"Dark, artificial",Wet,Non-Fatal Injury,Approaching,D41,138,Eglinton East (138),-79.2592,43.737,NULL,NULL,N,NULL,NULL,NULL
9000775776,2019,00:00.0,725,7,STAINES RD,SOLSTICE DR,10 m South of,4,Scarborough,23,42,Intersection,Intersection Related,No Control,Clear,Daylight,Dry,Non-Fatal Injury,Pedestrian Collisions,D42,131,Rouge (131),-79.2314,43.8365,NULL,NULL,N,NULL,NULL,NULL
9000795261,2019,00:00.0,1940,19,DUFFERIN ST,GEARY AVE,NULL,1,Etobicoke York,9,13,Intersection,At Intersection,No Control,Clear,Dusk,Dry,Non-Fatal Injury,Turning Movement,D13,93,Dovercourt-Wallace Emerson-Junction (93),-79.4395,43.6695,NULL,NULL,N,NULL,NULL,NULL
9000405023,2019,00:00.0,547,5,HIGHWAY 27  N,HUMBER COLLEGE BLVD,NULL,1,Etobicoke York,1,23,Intersection,At Intersection,Traffic Signal,Clear,"Dark, artificial",Dry,Non-Fatal Injury,Approaching,D23,1,West Humber-Clairville (1),-79.6013,43.7303,NULL,NULL,N,NULL,NULL,NULL
9000671452,2019,00:00.0,151,1,COLLEGE ST,Spadina Ave,20 m East of,1,Toronto and East York,11,NULL,Intersection,Intersection Related,Traffic Signal,Clear,"Dark, artificial",Dry,Non-Fatal Injury,Pedestrian Collisions,D52,79,University (79),-79.4,43.6579,NULL,NULL,N,NULL,NULL,NULL
9000212648,2019,00:00.0,255,2,KINGSTON RD,HUNT CLUB DR,18 m West of,1,Scarborough,20,41,Intersection,Intersection Related,No Control,Rain,"Dark, artificial",Wet,Non-Fatal Injury,Approaching,D41,122,Birchcliffe-Cliffside (122),-79.2769,43.6834,NULL,NULL,N,NULL,NULL,NULL
9000244817,2019,00:00.0,330,3,COLLEGE ST,BAY ST,NULL,1,Toronto and East York,NULL,52,Intersection,At Intersection,Traffic Signal,Clear,"Dark, artificial",Dry,Non-Fatal Injury,Approaching,D52,76,Bay Street Corridor (76),-79.3858,43.6607,NULL,NULL,N,NULL,NULL,NULL
9000865737,2019,00:00.0,2045,20,LAKE SHORE BLVD W,KIPLING AVE,NULL,1,Etobicoke York,3,22,Intersection,At Intersection,Traffic Signal,Rain,"Dark, artificial",Wet,Non-Fatal Injury,Pedestrian Collisions,D22,18,New Toronto (18),-79.5169,43.5981,NULL,NULL,N,NULL,NULL,NULL
9000933967,2019,00:00.0,1439,14,RICHMOND ST W,AUGUSTA AVE,NULL,1,Toronto and East York,10,14,Intersection,At Intersection,No Control,Clear,Daylight,Dry,Non-Fatal Injury,Pedestrian Collisions,D14,77,Waterfront Communities-The Island (77),-79.3993,43.6472,NULL,NULL,N,NULL,NULL,NULL
8002325561,2018,00:00.0,1740,17,85 EDMONTON DR,NULL,2 m East of,4,North York,17,33,Mid-Block,Non Intersection,No Control,Clear,"Dark, artificial",Dry,Non-Fatal Injury,Pedestrian Collisions,D33,46,Pleasant View (46),-79.3399,43.7855,NULL,NULL,N,NULL,NULL,NULL
9001317528,2019,00:00.0,1309,13,LAWRENCE AVE E,TOWNLEY AVE,4 m West of,1,Scarborough,21,41,Intersection,Intersection Related,No Control,Clear,Daylight,Dry,Non-Fatal Injury,Sideswipe,D41,119,Wexford/Maryvale (119),-79.3073,43.7425,NULL,NULL,N,NULL,NULL,NULL
9000365892,2019,00:00.0,602,6,2930 FINCH AVE E,NULL,NULL,1,Scarborough,22,42,Mid-Block,Non Intersection,No Control,Clear,Daylight,Dry,Non-Fatal Injury,Pedestrian Collisions,D42,117,L'Amoreaux (117),-79.3282,43.7937,NULL,NULL,N,NULL,NULL,NULL
9001407321,2019,00:00.0,1630,16,ELLESMERE RD,857 ELLESMERE RD,10 m West of,NULL,NULL,NULL,NULL,Mid-Block,Non Intersection,No Control,Clear,Daylight,Dry,Non-Fatal Injury,Rear End,D41,126,Dorset Park (126),-79.2825,43.7654,NULL,NULL,N,NULL,NULL,NULL
9000097665,2019,00:00.0,1332,13,2350 DUFFERIN ST,NULL,NULL,1,Toronto and East York,NULL,13,Mid-Block,Non Intersection,No Control,Clear,Daylight,Dry,Fatal,Pedestrian Collisions,D13,107,Oakwood Village (107),-79.45,43.6952,NULL,NULL,N,NULL,NULL,NULL
9000121241,2019,00:00.0,515,5,FINCH AVE W,ISLINGTON AVE,300 m East of,1,Etobicoke York,7,31,Mid-Block,Non Intersection,No Control,Snow,"Dark, artificial",Loose Snow,Non-Fatal Injury,Approaching,D23,3,Thistletown-Beaumond Heights (3),-79.572,43.7453,NULL,NULL,N,NULL,NULL,NULL
9001007644,2019,00:00.0,1827,18,DUNDAS ST W,ANNETTE ST,NULL,1,Toronto and East York,4,11,Intersection,At Intersection,Traffic Signal,Clear,Daylight,Dry,Non-Fatal Injury,Cyclist Collisions,D11,90,Junction Area (90),-79.4587,43.6644,NULL,NULL,N,NULL,NULL,NULL
8001795037,2018,00:00.0,1018,10,1277 JANE ST,NULL,4 m North of,1,Etobicoke York,5,12,Intersection,Intersection Related,No Control,Clear,Daylight,Dry,Non-Fatal Injury,Pedestrian Collisions,D12,115,Mount Dennis (115),-79.5009,43.6914,NULL,NULL,N,NULL,NULL,NULL
9000946918,2019,00:00.0,1100,11,KING ST E,BRIGHT ST,NULL,1,Toronto and East York,13,51,Intersection,At Intersection,Stop Sign,Clear,Daylight,Dry,Non-Fatal Injury,Cyclist Collisions,D51,73,Moss Park (73),-79.3589,43.6551,NULL,NULL,N,NULL,NULL,NULL
5001405584,2015,00:00.0,42,0,BELLAMY RD N,LAWRENCE AVE E,NULL,1,Scarborough,NULL,43,Intersection,Intersection Related,Traffic Signal,Clear,"Dark, artificial",Dry,Fatal,Angle,D43,137,Woburn (137),-79.2352,43.7577,-79.2352,43.7577,Y,Lawrence Ave E,Bellamy Rd N,2009-04-01
5001445203,2015,00:00.0,1211,12,1468 VICTORIA PARK AVE,NULL,50 m South of,1,North York,NULL,NULL,Mid-Block,At/Near Private Drive,No Control,Clear,Daylight,Dry,Non-Fatal Injury,SMV Other,D41,120,Clairlea-Birchmount (120),-79.3018,43.7227,NULL,NULL,N,NULL,NULL,NULL
5001448924,2015,00:00.0,43,0,1630 LAWRENCE AVE W,NULL,30 m East of,1,Etobicoke York,5,12,Intersection,At Intersection,Traffic Signal,Clear,Dark,Dry,Non-Fatal Injury,SMV Other,D12,30,Brookhaven-Amesbury (30),-79.4908,43.7055,NULL,NULL,N,NULL,NULL,NULL
5001457314,2015,00:00.0,1325,13,STEELES AVE W,TORRESDALE AVE,1 m East of,1,North York,6,32,Intersection,At Intersection,Traffic Signal,Clear,Daylight,Dry,Fatal,Pedestrian Collisions,D32,35,Westminster-Branson (35),-79.453,43.7908,NULL,NULL,N,NULL,NULL,NULL
5001258434,2015,00:00.0,2011,20,HUNTINGWOOD DR,BRIDLEWOOD BLVD,NULL,3,Scarborough,22,42,Intersection,At Intersection,No Control,Clear,Daylight,Dry,Non-Fatal Injury,Turning Movement,D42,118,Tam O'Shanter-Sullivan (118),-79.3129,43.785,NULL,NULL,N,NULL,NULL,NULL
5001530826,2015,00:00.0,120,1,SEWELLS RD,HUPFIELD TRL,20 m West of,3,Scarborough,25,42,Intersection,Intersection Related,No Control,Clear,"Dark, artificial",Dry,Non-Fatal Injury,SMV Other,D42,132,Malvern (132),-79.2131,43.8145,NULL,NULL,N,NULL,NULL,NULL
4003158007,2014,00:00.0,1229,12,4709 JANE ST,NULL,NULL,1,Etobicoke York,7,31,Intersection,At Intersection,Traffic Signal,Clear,Daylight,Dry,Non-Fatal Injury,Sideswipe,D31,24,Black Creek (24),-79.5208,43.7709,NULL,NULL,N,NULL,NULL,NULL
5000669908,2015,00:00.0,648,6,NEILSON RD,CROW TRL,NULL,3,Scarborough,NULL,42,Intersection,At Intersection,Traffic Signal,Clear,Daylight,Dry,Non-Fatal Injury,Pedestrian Collisions,D42,132,Malvern (132),-79.2257,43.8122,NULL,NULL,N,NULL,NULL,NULL
5001542991,2015,00:00.0,513,5,MARTIN GROVE RD,RICHGROVE DR,4 m South of,1,Etobicoke York,NULL,23,Intersection,At Intersection,Traffic Signal,Clear,Dark,Dry,Non-Fatal Injury,Angle,D23,7,Willowridge-Martingrove-Richview (7),-79.5642,43.6768,NULL,NULL,N,NULL,NULL,NULL
5001573262,2015,00:00.0,2130,21,QUEENS PARK,COLLEGE ST,1 m North of,1,Toronto and East York,11,52,Intersection,At Intersection,Traffic Signal,Rain,"Dark, artificial",Wet,Non-Fatal Injury,Pedestrian Collisions,D52,76,Bay Street Corridor (76),-79.3904,43.6598,NULL,NULL,N,NULL,NULL,NULL
5001784292,2015,00:00.0,1627,16,KING ST W,ED MIRVISH WAY,35 m East of,1,Toronto and East York,10,52,Mid-Block,Non Intersection,No Control,Clear,Daylight,Dry,Non-Fatal Injury,Pedestrian Collisions,D52,77,Waterfront Communities-The Island (77),-79.3874,43.647,NULL,NULL,N,NULL,NULL,NULL
5001063670,2015,00:00.0,1325,13,COXWELL AVE,ROBBINS AVE,5 m South of,3,Toronto and East York,NULL,55,Intersection,Non Intersection,No Control,Clear,Daylight,Dry,Non-Fatal Injury,Cyclist Collisions,D55,64,Woodbine Corridor (64),-79.318,43.6698,NULL,NULL,N,NULL,NULL,NULL
946614,2006,00:00.0,1043,10,MCCOWAN RD,SANDHURST CRCL,NULL,1,Scarborough,23,42,Intersection,NULL,Traffic Signal,Clear,Daylight,Dry,Non-Fatal Injury,Angle,D42,129,Agincourt North (129),-79.2691,43.8116,NULL,NULL,N,NULL,NULL,NULL
943986,2006,00:00.0,1809,18,O CONNOR DR,LEAFY WOODWAY,NULL,1,North York,16,54,Intersection,NULL,No Control,Rain,Dark,Wet,Fatal,Pedestrian Collisions,D54,43,Victoria Village (43),-79.3035,43.7222,NULL,NULL,N,NULL,NULL,NULL
969841,2007,00:00.0,1741,17,BLOOR ST W,HURON ST,NULL,1,Toronto and East York,11,NULL,Intersection,At Intersection,Traffic Signal,Clear,Daylight,Dry,Non-Fatal Injury,Turning Movement,D52,79,University (79),-79.4014,43.6671,NULL,NULL,N,NULL,NULL,NULL
969857,2007,00:00.0,1841,18,MARLEE AVE,WHITMORE AVE,NULL,3,North York,8,13,Intersection,At Intersection,Stop Sign,Clear,Daylight,Dry,Non-Fatal Injury,Turning Movement,D13,102,Forest Hill North (102),-79.44,43.6999,NULL,NULL,N,NULL,NULL,NULL
927542,2006,00:00.0,1340,13,3295 BIRCHMOUNT RD,NULL,NULL,1,Scarborough,22,42,Mid-Block,NULL,No Control,Clear,Daylight,Dry,Non-Fatal Injury,Pedestrian Collisions,D42,116,Steeles (116),-79.3131,43.813,NULL,NULL,N,NULL,NULL,NULL
946585,2006,00:00.0,1200,12,WARDEN AVE,BAMBURGH CRCL,NULL,1,Scarborough,22,42,Intersection,At Intersection,Traffic Signal,Clear,Daylight,Dry,Non-Fatal Injury,Angle,D42,116,Steeles (116),-79.3245,43.8161,NULL,NULL,N,NULL,NULL,NULL
946028,2006,00:00.0,425,4,BIRCHMOUNT RD,ELLESMERE RD,NULL,1,Scarborough,21,41,Intersection,NULL,Traffic Signal,Clear,Dark,Wet,Non-Fatal Injury,Rear End,D41,126,Dorset Park (126),-79.2913,43.7634,NULL,NULL,N,NULL,NULL,NULL
947325,2007,00:00.0,1515,15,HUMBER COLLEGE BLVD,WESTMORE DR,NULL,3,Etobicoke York,1,23,Intersection,NULL,No Control,Clear,Daylight,Dry,Non-Fatal Injury,Pedestrian Collisions,D23,1,West Humber-Clairville (1),-79.5993,43.7309,NULL,NULL,N,NULL,NULL,NULL
944033,2006,00:00.0,820,8,35 BRAYWIN DR,NULL,NULL,4,Etobicoke York,1,23,Mid-Block,NULL,No Control,Clear,Daylight,Dry,Non-Fatal Injury,SMV Other,D23,6,Kingsview Village-The Westway (6),-79.5362,43.7002,NULL,NULL,N,NULL,NULL,NULL
946244,2006,00:00.0,114,1,123 REXDALE BLVD,NULL,NULL,1,Etobicoke York,1,23,Mid-Block,NULL,Stop Sign,Clear,Dark,Dry,Non-Fatal Injury,Turning Movement,D23,1,West Humber-Clairville (1),-79.565,43.712,NULL,NULL,N,NULL,NULL,NULL
5001107596,2015,00:00.0,1525,15,GERRARD ST E,RIVER ST,NULL,3,Toronto and East York,13,51,Intersection,At Intersection,Traffic Signal,Clear,Daylight,Dry,Non-Fatal Injury,Turning Movement,D51,72,Regent Park (72),-79.3592,43.6636,NULL,NULL,N,NULL,NULL,NULL
952260,2007,00:00.0,900,9,ST CLAIR AVE E,BIRCHMOUNT RD,NULL,1,Scarborough,20,41,Mid-Block,NULL,No Control,Clear,Daylight,Dry,Non-Fatal Injury,Rear End,D41,124,Kennedy Park (124),-79.2672,43.7151,NULL,NULL,N,NULL,NULL,NULL
5000620916,2015,00:00.0,658,6,FINCH AVE W,ARROW RD,125 m East of,1,Etobicoke York,7,31,Mid-Block,Non Intersection,No Control,Clear,Daylight,Dry,Non-Fatal Injury,Rear End,D31,22,Humbermede (22),-79.5349,43.7535,NULL,NULL,N,NULL,NULL,NULL
980936,2007,00:00.0,1539,15,DUNDAS Stre E,HIGHFIELD Road,NULL,3,Toronto and East York,14,55,Intersection,At Intersection,No Control,Clear,Daylight,Dry,Non-Fatal Injury,Rear End,D55,65,Greenwood-Coxwell (65),-79.3232,43.6677,NULL,NULL,N,NULL,NULL,NULL
964318,2007,00:00.0,1305,13,FINCH AVE E,DON MILLS RD,NULL,1,North York,17,33,Mid-Block,NULL,No Control,Clear,Daylight,Dry,Non-Fatal Injury,Pedestrian Collisions,D33,48,Hillcrest Village (48),-79.3542,43.7927,NULL,NULL,N,NULL,NULL,NULL
967962,2007,00:00.0,1040,10,KIPLING AVE,BELFIELD RD,NULL,1,Etobicoke York,1,23,Intersection,NULL,Traffic Signal,Clear,Daylight,Dry,Non-Fatal Injury,Angle,D23,1,West Humber-Clairville (1),-79.5634,43.7048,NULL,NULL,N,NULL,NULL,NULL
968566,2007,00:00.0,1928,19,STEELES AVE W,PETER KAISER GT,NULL,1,Etobicoke York,7,31,Mid-Block,NULL,No Control,Clear,Dark,Dry,Non-Fatal Injury,Approaching,D31,24,Black Creek (24),-79.5223,43.7752,NULL,NULL,N,NULL,NULL,NULL
972018,2007,00:00.0,1645,16,GORDON AVE,COLLINGWOOD ST,NULL,4,Scarborough,22,42,Mid-Block,NULL,No Control,Clear,Daylight,Dry,Non-Fatal Injury,Sideswipe,D42,128,Agincourt South-Malvern West (128),-79.2862,43.7823,NULL,NULL,N,NULL,NULL,NULL
944492,2006,00:00.0,645,6,LAKE SHORE BLVD W,AQUATIC DR,NULL,1,Toronto and East York,10,14,Mid-Block,NULL,No Control,Clear,Daylight,Dry,Non-Fatal Injury,SMV Other,D14,82,Niagara (82),-79.4241,43.63,NULL,NULL,N,NULL,NULL,NULL
949724,2007,00:00.0,1715,17,150 DISCO RD,NULL,NULL,2,Etobicoke York,1,23,Mid-Block,NULL,No Control,Freezing Rain,Dark,Slush,Non-Fatal Injury,Approaching,D23,1,West Humber-Clairville (1),-79.6076,43.7006,NULL,NULL,N,NULL,NULL,NULL
943330,2006,00:00.0,1800,18,40 KING St W,NULL,NULL,1,Toronto and East York,13,52,Mid-Block,NULL,No Control,Clear,Dark,Dry,Non-Fatal Injury,Cyclist Collisions,D52,76,Bay Street Corridor (76),-79.3793,43.6488,NULL,NULL,N,NULL,NULL,NULL
943367,2006,00:00.0,1024,10,ST CLAIR Ave W,WINONA Dr,NULL,1,Toronto and East York,NULL,13,Intersection,NULL,Traffic Signal,Clear,Daylight,Dry,Non-Fatal Injury,Sideswipe,D13,94,Wychwood (94),-79.4324,43.6802,NULL,NULL,N,NULL,NULL,NULL
5001484830,2015,00:00.0,2200,22,ALBION RD,FINCH AVE W,NULL,1,Etobicoke York,1,23,Mid-Block,Non Intersection,No Control,Clear,Daylight,Dry,Non-Fatal Injury,Approaching,D23,2,Mount Olive-Silverstone-Jamestown (2),-79.5907,43.7413,NULL,NULL,N,NULL,NULL,NULL
5001012309,2015,00:00.0,1724,17,MARTIN GROVE RD,ROYALCREST RD,11 m South of,3,Etobicoke York,1,23,Intersection,Intersection Related,No Control,Clear,Daylight,Dry,Non-Fatal Injury,Pedestrian Collisions,D23,2,Mount Olive-Silverstone-Jamestown (2),-79.5992,43.7522,NULL,NULL,N,NULL,NULL,NULL
958821,2007,00:00.0,1550,15,HIGHWAY 27  N,ROYALCREST RD,NULL,1,Etobicoke York,1,23,Intersection,At Intersection,Traffic Signal,Clear,Daylight,Dry,Non-Fatal Injury,Turning Movement,D23,1,West Humber-Clairville (1),-79.6104,43.7497,NULL,NULL,N,NULL,NULL,NULL
959779,2007,00:00.0,1941,19,ISLINGTON AVE,LEMSFORD RD,NULL,1,Etobicoke York,1,23,Intersection,At Intersection,Stop Sign,Clear,Dark,Dry,Non-Fatal Injury,Turning Movement,D23,6,Kingsview Village-The Westway (6),-79.55,43.7044,NULL,NULL,N,NULL,NULL,NULL
942452,2006,00:00.0,1922,19,LAKE SHORE BLVD E,LOWER JARVIS ST,NULL,1,Toronto and East York,10,51,Intersection,At Intersection,Traffic Signal,Clear,Dark,Dry,Non-Fatal Injury,Pedestrian Collisions,D51,77,Waterfront Communities-The Island (77),-79.3698,43.6456,NULL,NULL,N,NULL,NULL,NULL
926656,2006,00:00.0,800,8,LAWRENCE AVE E,MCCOWAN RD,NULL,1,Scarborough,NULL,43,Mid-Block,NULL,No Control,Clear,Daylight,Dry,Non-Fatal Injury,Pedestrian Collisions,D43,137,Woburn (137),-79.2434,43.7559,NULL,NULL,N,NULL,NULL,NULL
968157,2007,00:00.0,1103,11,1369 BLOOR ST W,NULL,NULL,1,Toronto and East York,9,11,Mid-Block,NULL,No Control,Clear,Daylight,Dry,Non-Fatal Injury,Pedestrian Collisions,D11,93,Dovercourt-Wallace Emerson-Junction (93),-79.4457,43.6577,NULL,NULL,N,NULL,NULL,NULL
930115,2006,00:00.0,1817,18,LAWRENCE AVE W,BLOSSOMFIELD DR,NULL,1,North York,8,NULL,Intersection,At Intersection,Traffic Signal,Clear,Daylight,Dry,Non-Fatal Injury,Turning Movement,D32,31,Yorkdale-Glen Park (31),-79.4483,43.7152,NULL,NULL,N,NULL,NULL,NULL