ACCNUM,YEAR,DATE,TIME,HOUR,STREET1,STREET2,OFFSET,ROAD_CLASS,DISTRICT,WARDNUM,DIVISION,LOCCOORD,ACCLOC,TRAFFCTL,VISIBILITY,LIGHT,RDSFCOND,ACCLASS,IMPACTYPE,POLICE_DIVISION,HOOD_ID,NEIGHBOURHOOD,collision_lat,collision_long,red_light_lat,red_light_long,right_light_camera,LINEAR_NAME_FULL_1,LINEAR_NAME_FULL_2,ACTIVATION_DATE
952529,2007,00:00.0,202,2,KIPLING AVE,ADVANCE RD,NULL,1,Etobicoke York,3,22,Mid-Block,At Intersection,No Control,Clear,Dark,Dry,Fatal,Pedestrian Collisions,D22,14,Islington-City Centre West (14),-79.5315,43.6326,NULL,NULL,N,NULL,NULL,NULL
1041602,2008,00:00.0,840,8,LAWSON Rd,MEADOWVALE Rd,NULL,2,Scarborough,25,43,Mid-Block,NULL,No Control,Clear,Daylight,Dry,Non-Fatal Injury,Approaching,D43,133,Centennial Scarborough (133),-79.1624,43.7848,NULL,NULL,N,NULL,NULL,NULL
958999,2007,00:00.0,1305,13,THE QUEENSWAY,THE EAST MALL,NULL,1,Etobicoke York,3,22,Intersection,At Intersection,Traffic Signal,Snow,Daylight,Loose Snow,Non-Fatal Injury,Angle,D22,14,Islington-City Centre West (14),-79.5462,43.6164,-79.5462,43.6164,Y,The Queensway,The East Mall,2017-10-06
956470,2007,00:00.0,2305,23,4400 DUFFERIN Stre,NULL,NULL,1,North York,6,32,Mid-Block,At Intersection,Traffic Signal,Clear,Dark,Wet,Non-Fatal Injury,Turning Movement,D32,34,Bathurst Manor (34),-79.4661,43.7654,NULL,NULL,N,NULL,NULL,NULL
955463,2007,00:00.0,1255,12,DUFFERIN ST,CHANDOS AVE,NULL,1,Toronto and East York,9,13,Intersection,At Intersection,No Control,Clear,Daylight,Dry,Non-Fatal Injury,Pedestrian Collisions,D13,93,Dovercourt-Wallace Emerson-Junction (93),-79.4402,43.6712,NULL,NULL,N,NULL,NULL,NULL
964573,2007,00:00.0,2129,21,SHEPPARD AVE E,NEILSON RD,NULL,1,Scarborough,25,42,Mid-Block,NULL,No Control,Snow,Dark,Packed Snow,Non-Fatal Injury,SMV Other,D42,132,Malvern (132),-79.2169,43.7982,NULL,NULL,N,NULL,NULL,NULL
982600,2007,00:00.0,2020,20,DUFFERIN ST,BEAVER AVE,NULL,1,Toronto and East York,9,13,Intersection,At Intersection,Stop Sign,Clear,Daylight,Dry,Non-Fatal Injury,Turning Movement,D13,93,Dovercourt-Wallace Emerson-Junction (93),-79.4405,43.6721,NULL,NULL,N,NULL,NULL,NULL
970906,2007,00:00.0,2157,21,DON VALLEY PARKWAY  S,DUNDAS ST E,NULL,NULL,Toronto and East York,NULL,NULL,Mid-Block,NULL,No Control,Clear,Dark,Dry,Non-Fatal Injury,Pedestrian Collisions,D55,70,South Riverdale (70),-79.3558,43.6642,NULL,NULL,N,NULL,NULL,NULL
940775,2006,00:00.0,1719,17,JANE ST,BEXLEY CRES,NULL,1,Etobicoke York,5,12,Intersection,NULL,No Control,Clear,Dark,Dry,Fatal,Pedestrian Collisions,D12,111,Rockcliffe-Smythe (111),-79.4975,43.6805,NULL,NULL,N,NULL,NULL,NULL
991727,2007,00:00.0,2005,20,AVENUE RD,CASTLEFIELD AVE,NULL,1,North York,8,53,Intersection,At Intersection,Stop Sign,Clear,Dark,Dry,Fatal,Angle,D53,100,Yonge-Eglinton (100),-79.4107,43.7094,NULL,NULL,N,NULL,NULL,NULL
927010,2006,00:00.0,805,8,RONCESVALLES AVE,MARION ST,NULL,3,Toronto and East York,4,11,Intersection,At Intersection,Pedestrian Crossover,Clear,Daylight,Dry,Non-Fatal Injury,Pedestrian Collisions,D11,86,Roncesvalles (86),-79.4469,43.641,NULL,NULL,N,NULL,NULL,NULL
927137,2006,00:00.0,413,4,KENNEDY RD,SHEPPARD AVE E,NULL,1,Scarborough,22,42,Intersection,At Intersection,Traffic Signal,Clear,"Dark, artificial",Wet,Non-Fatal Injury,SMV Other,D42,128,Agincourt South-Malvern West (128),-79.2882,43.7832,-79.2882,43.7832,Y,Kennedy Rd,Sheppard Ave E,2020-05-27
935226,2006,00:00.0,1256,12,FINCH Aven W,WESTMORE Driv,NULL,1,Etobicoke York,1,23,Intersection,At Intersection,Traffic Signal,Clear,Daylight,Dry,Non-Fatal Injury,Angle,D23,1,West Humber-Clairville (1),-79.6009,43.7346,NULL,NULL,N,NULL,NULL,NULL
1015577,2008,00:00.0,1750,17,FINCH AVE E,WILFRED AVE,NULL,1,North York,18,32,Mid-Block,At Intersection,No Control,Snow,Dark,Wet,Non-Fatal Injury,Pedestrian Collisions,D32,50,Newtonbrook East (50),-79.4014,43.7828,NULL,NULL,N,NULL,NULL,NULL
994169,2007,00:00.0,1851,18,PEARSON AVE,RONCESVALLES AVE,NULL,3,Toronto and East York,4,11,Intersection,At Intersection,No Control,Clear,Daylight,Dry,Non-Fatal Injury,Pedestrian Collisions,D11,86,Roncesvalles (86),-79.4472,43.6419,NULL,NULL,N,NULL,NULL,NULL
994300,2007,00:00.0,820,8,AUKLAND RD,SUBWAY CRES W,NULL,1,Etobicoke York,3,22,Mid-Block,NULL,No Control,Clear,Daylight,Dry,Non-Fatal Injury,Pedestrian Collisions,D22,14,Islington-City Centre West (14),-79.5376,43.6383,NULL,NULL,N,NULL,NULL,NULL
993875,2007,00:00.0,1814,18,WILSON AVE,INGLESIDE DR,NULL,1,North York,6,31,Intersection,NULL,No Control,Rain,Daylight,Wet,Non-Fatal Injury,Cyclist Collisions,D31,26,Downsview-Roding-CFB (26),-79.4784,43.7279,NULL,NULL,N,NULL,NULL,NULL
994188,2007,00:00.0,2116,21,DANFORTH RD,ST CLAIR AVE E,NULL,1,Scarborough,20,41,Intersection,At Intersection,Traffic Signal,Clear,Dark,Dry,Non-Fatal Injury,Cyclist Collisions,D41,124,Kennedy Park (124),-79.2598,43.7168,NULL,NULL,N,NULL,NULL,NULL
957650,2007,00:00.0,1805,18,EGLINTON Aven E,MIDLAND Aven,NULL,1,Scarborough,NULL,41,Intersection,At Intersection,Traffic Signal,Clear,Dark,Wet,Non-Fatal Injury,Turning Movement,D41,138,Eglinton East (138),-79.258,43.7345,NULL,NULL,N,NULL,NULL,NULL
986599,2007,00:00.0,2335,23,DANFORTH AVE,PAPE AVE,NULL,1,Toronto and East York,14,NULL,Intersection,NULL,Traffic Signal,Clear,Dark,Dry,Non-Fatal Injury,Cyclist Collisions,D55,69,Blake-Jones (69),-79.3447,43.6789,NULL,NULL,N,NULL,NULL,NULL
1004530,2007,00:00.0,1030,10,MCCOWAN RD,PITFIELD RD,NULL,1,Scarborough,23,42,Intersection,At Intersection,Traffic Signal,Clear,Daylight,Dry,Non-Fatal Injury,Rear End,D42,128,Agincourt South-Malvern West (128),-79.2572,43.7873,NULL,NULL,N,NULL,NULL,NULL
1003629,2007,00:00.0,635,6,YONGE ST,UPPER MADISON AVE,NULL,1,North York,18,32,Mid-Block,NULL,No Control,Clear,Dark,Dry,Non-Fatal Injury,Rear End,D32,51,Willowdale East (51),-79.4117,43.765,NULL,NULL,N,NULL,NULL,NULL
990885,2007,00:00.0,1637,16,FINCH AVE W,WESTON RD,NULL,1,Etobicoke York,7,31,Mid-Block,At Intersection,No Control,Clear,Daylight,Dry,Non-Fatal Injury,Rear End,D31,22,Humbermede (22),-79.5414,43.7521,NULL,NULL,N,NULL,NULL,NULL
984399,2007,00:00.0,1502,15,LAKE SHORE BLVD W,REMEMBRANCE DR,NULL,1,Toronto and East York,10,14,Intersection,At Intersection,Traffic Signal,Clear,Daylight,Dry,Non-Fatal Injury,Cyclist Collisions,D14,82,Niagara (82),-79.4086,43.6344,NULL,NULL,N,NULL,NULL,NULL
1014871,2008,00:00.0,652,6,ROGERS RD,BICKNELL AVE,NULL,3,Etobicoke York,5,12,Mid-Block,At Intersection,No Control,Snow,"Dusk, artificial",Slush,Non-Fatal Injury,Pedestrian Collisions,D12,110,Keelesdale-Eglinton West (110),-79.4719,43.682,NULL,NULL,N,NULL,NULL,NULL
5000851624,2015,00:00.0,822,8,DON MILLS RD,GREEN BELT DR,NULL,1,North York,16,33,Intersection,Intersection Related,Traffic Signal,Clear,Daylight,Dry,Fatal,Pedestrian Collisions,D33,42,Banbury-Don Mills (42),-79.3408,43.7276,NULL,NULL,N,NULL,NULL,NULL
976207,2007,00:00.0,1029,10,BRIMLEY RD,BLUFFERS PARK,NULL,5,Scarborough,20,41,Mid-Block,NULL,No Control,Clear,Daylight,Dry,Non-Fatal Injury,Pedestrian Collisions,D41,123,Cliffcrest (123),-79.2359,43.7061,NULL,NULL,N,NULL,NULL,NULL
5000814405,2015,00:00.0,325,3,BLOOR ST W,INDIAN GRV,50 m West of,1,Toronto and East York,4,11,Mid-Block,Non Intersection,No Control,Clear,"Dark, artificial",Dry,Fatal,Pedestrian Collisions,D11,87,High Park-Swansea (87),-79.4578,43.6551,NULL,NULL,N,NULL,NULL,NULL
1011434,2007,00:00.0,904,9,3495 LAWRENCE Aven E,NULL,NULL,1,Scarborough,24,43,NULL,NULL,Traffic Signal,Clear,Daylight,Dry,Non-Fatal Injury,Pedestrian Collisions,D43,137,Woburn (137),-79.2283,43.759,NULL,NULL,N,NULL,NULL,NULL
1000055,2007,00:00.0,924,9,DUNDAS ST E,SHERBOURNE ST,NULL,1,Toronto and East York,13,51,Mid-Block,NULL,No Control,Clear,Daylight,Dry,Non-Fatal Injury,Pedestrian Collisions,D51,73,Moss Park (73),-79.3702,43.6584,NULL,NULL,N,NULL,NULL,NULL
5000865695,2015,00:00.0,1413,14,BATHURST ST,ULSTER ST,35 m North of,1,Toronto and East York,11,14,Intersection,Non Intersection,Traffic Signal,Clear,Daylight,Other,Non-Fatal Injury,SMV Other,D14,79,University (79),-79.409,43.6597,NULL,NULL,N,NULL,NULL,NULL
5000891503,2015,00:00.0,1420,14,BATHURST ST,FRONT ST W,25 m South of,1,Toronto and East York,10,14,Mid-Block,Non Intersection,No Control,Clear,Daylight,Dry,Non-Fatal Injury,Cyclist Collisions,D14,77,Waterfront Communities-The Island (77),-79.4016,43.6412,NULL,NULL,N,NULL,NULL,NULL
982822,2007,00:00.0,1045,10,STEELES AVE E,REESOR RD,NULL,3,Scarborough,25,42,Intersection,At Intersection,Traffic Signal,Clear,Daylight,Dry,Non-Fatal Injury,Turning Movement,D42,131,Rouge (131),-79.1992,43.8484,NULL,NULL,N,NULL,NULL,NULL
980737,2007,00:00.0,2250,22,YONGE ST,SHEPPARD AVE W,NULL,1,North York,18,32,Mid-Block,NULL,No Control,Clear,Daylight,Dry,Non-Fatal Injury,Pedestrian Collisions,D32,51,Willowdale East (51),-79.4109,43.7618,NULL,NULL,N,NULL,NULL,NULL
5000207057,2015,00:00.0,1838,18,273 MANNING AVE,NULL,NULL,4,Toronto and East York,11,14,Mid-Block,Non Intersection,No Control,Snow,"Dark, artificial",Packed Snow,Non-Fatal Injury,SMV Other,D14,81,Trinity-Bellwoods (81),-79.4114,43.6525,NULL,NULL,N,NULL,NULL,NULL
5000221204,2015,00:00.0,7,0,TANGIERS RD,FINCH AVE W,NULL,1,Etobicoke York,NULL,31,Mid-Block,Non Intersection,No Control,Clear,"Dark, artificial",Wet,Non-Fatal Injury,Other,D31,27,York University Heights (27),-79.4908,43.7626,NULL,NULL,N,NULL,NULL,NULL
5000264661,2015,00:00.0,903,9,MCNICOLL AVE,BRAMBLEBROOK AVE,120 m West of,3,Scarborough,23,42,Mid-Block,Non Intersection,No Control,Snow,Daylight,Wet,Non-Fatal Injury,Approaching,D42,130,Milliken (130),-79.2882,43.814,NULL,NULL,N,NULL,NULL,NULL
5000304693,2015,00:00.0,45,0,MCCOWAN RD,TOWN CENTRE CRT,NULL,1,Scarborough,NULL,43,Intersection,At Intersection,Traffic Signal,Clear,"Dark, artificial",Dry,Non-Fatal Injury,Pedestrian Collisions,D43,137,Woburn (137),-79.2522,43.7745,NULL,NULL,N,NULL,NULL,NULL
988595,2007,00:00.0,728,7,MORNINGSIDE AVE,LAWRENCE AVE E,NULL,1,Scarborough,NULL,43,Intersection,At Intersection,Traffic Signal,Clear,Daylight,Dry,Non-Fatal Injury,Turning Movement,D43,136,West Hill (136),-79.1861,43.7684,NULL,NULL,N,NULL,NULL,NULL
6001001689,2016,00:00.0,1030,10,VICTORIA ST,SHUTER ST,58 m South of,2,Toronto and East York,13,51,Mid-Block,Non Intersection,No Control,Clear,Daylight,Dry,Non-Fatal Injury,Pedestrian Collisions,D51,75,Church-Yonge Corridor (75),-79.3785,43.6537,NULL,NULL,N,NULL,NULL,NULL
4002949644,2014,00:00.0,2003,20,SKYWAY AVE,MERIDIAN RD,220 m South of,3,Etobicoke York,1,23,Mid-Block,Non Intersection,No Control,Clear,"Dark, artificial",Dry,Non-Fatal Injury,SMV Other,D23,1,West Humber-Clairville (1),-79.5811,43.6809,NULL,NULL,N,NULL,NULL,NULL
4002952213,2014,00:00.0,700,7,STEELES AVE W,BATHURST ST,NULL,1,North York,NULL,32,Intersection,At Intersection,Traffic Signal,Rain,Daylight,Wet,Non-Fatal Injury,Pedestrian Collisions,D32,36,Newtonbrook West (36),-79.4457,43.7923,NULL,NULL,N,NULL,NULL,NULL
6001066822,2016,00:00.0,20,0,ELLESMERE RD,WARDEN AVE,NULL,1,Scarborough,21,41,Intersection,Intersection Related,Traffic Signal,Clear,"Dark, artificial",Dry,Non-Fatal Injury,Angle,D41,119,Wexford/Maryvale (119),-79.3007,43.7611,-79.3007,43.7611,Y,Warden Ave,Ellesmere Rd,2021-06-11
6001076116,2016,00:00.0,1307,13,ORMEROD ST,VERNE CRES,32 m East of,4,Scarborough,23,42,Intersection,Intersection Related,No Control,Clear,Daylight,Dry,Non-Fatal Injury,Cyclist Collisions,D42,132,Malvern (132),-79.2373,43.7951,NULL,NULL,N,NULL,NULL,NULL
4002973211,2014,00:00.0,1151,11,551 THE WEST MALL,NULL,NULL,3,Etobicoke York,2,22,Mid-Block,Non Intersection,No Control,Clear,Daylight,Dry,Non-Fatal Injury,SMV Other,D22,13,Etobicoke West Mall (13),-79.57,43.6518,NULL,NULL,N,NULL,NULL,NULL
4002986275,2014,00:00.0,918,9,REDPATH AVE,BROADWAY AVE,NULL,2,North York,NULL,53,Intersection,At Intersection,Stop Sign,Clear,Daylight,Dry,Non-Fatal Injury,Pedestrian Collisions,D53,104,Mount Pleasant West (104),-79.3938,43.7105,NULL,NULL,N,NULL,NULL,NULL
6001301961,2016,00:00.0,2030,20,DANFORTH AVE,BIRCHMOUNT RD,130 m East of,3,Scarborough,20,41,Mid-Block,Non Intersection,No Control,Clear,Dusk,Dry,Non-Fatal Injury,Other,D41,122,Birchcliffe-Cliffside (122),-79.2624,43.6974,NULL,NULL,N,NULL,NULL,NULL
6001309573,2016,00:00.0,2359,23,KENNEDY RD,MERRIAN RD,NULL,1,Scarborough,20,41,Intersection,At Intersection,Traffic Signal,Clear,"Dark, artificial",Dry,Non-Fatal Injury,Cyclist Collisions,D41,124,Kennedy Park (124),-79.2658,43.7273,NULL,NULL,N,NULL,NULL,NULL
4003101857,2014,00:00.0,1255,12,KENNEDY RD,GLAMORGAN AVE,NULL,1,Scarborough,21,41,Intersection,At Intersection,Traffic Signal,Clear,Daylight,Wet,Non-Fatal Injury,Turning Movement,D41,126,Dorset Park (126),-79.2822,43.7694,NULL,NULL,N,NULL,NULL,NULL
5000204308,2015,00:00.0,400,4,SOUTH STATION ST,LAWRENCE AVE W,NULL,4,Etobicoke York,5,12,Mid-Block,Non Intersection,No Control,Clear,Dark,Dry,Non-Fatal Injury,Pedestrian Collisions,D12,113,Weston (113),-79.5156,43.7009,NULL,NULL,N,NULL,NULL,NULL
6000946578,2016,00:00.0,240,2,LAKE SHORE BLVD W,MILES RD,30 m West of,1,Etobicoke York,3,22,Intersection,At Intersection,No Control,Clear,"Dark, artificial",Dry,Non-Fatal Injury,SMV Other,D22,17,Mimico (17),-79.4903,43.6082,NULL,NULL,N,NULL,NULL,NULL
6000963645,2016,00:00.0,1430,14,LAWRENCE AVE W,MARLEE AVE,NULL,1,North York,8,NULL,Intersection,At Intersection,Traffic Signal,Clear,Daylight,Dry,Non-Fatal Injury,Rear End,D13,31,Yorkdale-Glen Park (31),-79.4465,43.7156,-79.4465,43.7156,Y,Lawrence Ave W,Marlee Ave,2008-03-19
5000163823,2015,00:00.0,1450,14,MIDLAND AVE,SILVER STAR BLVD,NULL,1,Scarborough,NULL,42,Intersection,At Intersection,Traffic Signal,Clear,Daylight,Dry,Non-Fatal Injury,Pedestrian Collisions,D42,129,Agincourt North (129),-79.2887,43.807,NULL,NULL,N,NULL,NULL,NULL
6001378926,2016,00:00.0,1829,18,REXDALE BLVD,HUMBERWOOD BLVD,NULL,1,Etobicoke York,1,23,Mid-Block,Non Intersection,No Control,Clear,Daylight,Dry,Fatal,Approaching,D23,1,West Humber-Clairville (1),-79.6113,43.7205,NULL,NULL,N,NULL,NULL,NULL
6001250602,2016,00:00.0,2111,21,STEELES AVE E,BESTVIEW DR,2 m North of,1,North York,17,33,Intersection,Intersection Related,No Control,Clear,"Dusk, artificial",Dry,Non-Fatal Injury,Turning Movement,D33,49,Bayview Woods-Steeles (49),-79.3833,43.806,NULL,NULL,N,NULL,NULL,NULL
6001286776,2016,00:00.0,1223,12,ST CLAIR AVE W,WESTON RD,NULL,1,Etobicoke York,5,NULL,Intersection,At Intersection,Traffic Signal,Clear,Daylight,Dry,Non-Fatal Injury,Pedestrian Collisions,D11,90,Junction Area (90),-79.4675,43.6724,NULL,NULL,N,NULL,NULL,NULL
6001466377,2016,00:00.0,904,9,FINCH AVE E,SKYMARK DR,NULL,1,North York,17,33,Intersection,Intersection Related,Traffic Signal,Clear,Daylight,Dry,Fatal,Pedestrian Collisions,D33,47,Don Valley Village (47),-79.3522,43.7931,NULL,NULL,N,NULL,NULL,NULL
6001509218,2016,00:00.0,2153,21,DIXON RD,ISLINGTON AVE,NULL,1,Etobicoke York,NULL,23,Intersection,At Intersection,Traffic Signal,Clear,"Dark, artificial",Dry,Non-Fatal Injury,Pedestrian Collisions,D23,6,Kingsview Village-The Westway (6),-79.5466,43.6969,NULL,NULL,N,NULL,NULL,NULL
6001455596,2016,00:00.0,1606,16,KEELE ST,MURRAY ROSS PKWY,219 m North of,1,Etobicoke York,NULL,31,Mid-Block,Non Intersection,No Control,Clear,Daylight,Dry,Non-Fatal Injury,Approaching,D31,27,York University Heights (27),-79.4923,43.7686,NULL,NULL,N,NULL,NULL,NULL
6000956129,2016,00:00.0,2005,20,RICHMOND ST W,UNIVERSITY AVE,NULL,1,Toronto and East York,10,52,Intersection,At Intersection,Traffic Signal,Clear,Daylight,Dry,Non-Fatal Injury,Cyclist Collisions,D52,76,Bay Street Corridor (76),-79.3862,43.65,-79.3862,43.65,Y,University Ave,Richmond St W,2017-07-24
6000864386,2016,00:00.0,2008,20,FINCH AVE E,MARKHAM RD,NULL,1,Scarborough,23,42,Intersection,Intersection Related,Traffic Signal,Clear,Daylight,Dry,Non-Fatal Injury,Rear End,D42,132,Malvern (132),-79.243,43.8128,NULL,NULL,N,NULL,NULL,NULL
6000875073,2016,00:00.0,1300,13,REESOR RD,OLD FINCH AVE,400 m North of,2,Scarborough,25,42,Mid-Block,Non Intersection,No Control,Clear,Daylight,Dry,Non-Fatal Injury,SMV Other,D42,131,Rouge (131),-79.1904,43.8286,NULL,NULL,N,NULL,NULL,NULL
6000746605,2016,00:00.0,2033,20,AVENUE RD,FELBRIGGE AVE,NULL,1,North York,8,32,Mid-Block,Non Intersection,No Control,Rain,"Dark, artificial",Wet,Fatal,Pedestrian Collisions,D32,39,Bedford Park-Nortown (39),-79.4197,43.7344,NULL,NULL,N,NULL,NULL,NULL
6000143198,2016,00:00.0,2010,20,THE QUEENSWAY,NORTH QUEEN ST,NULL,1,Etobicoke York,3,22,Intersection,At Intersection,Traffic Signal,Clear,"Dark, artificial",Dry,Non-Fatal Injury,Cyclist Collisions,D22,14,Islington-City Centre West (14),-79.5561,43.6141,NULL,NULL,N,NULL,NULL,NULL
988599,2007,00:00.0,300,3,LAKE SHORE BLVD W,STRACHAN AVE,NULL,1,Toronto and East York,10,14,Intersection,At Intersection,Traffic Signal,Clear,Dark,Dry,Non-Fatal Injury,Turning Movement,D14,82,Niagara (82),-79.4086,43.6344,NULL,NULL,N,NULL,NULL,NULL
5001928023,2015,00:00.0,2005,20,PORTLAND ST,ROYAL YORK RD,11 m South of,3,Etobicoke York,3,22,Intersection,Non Intersection,No Control,Clear,"Dark, artificial",Dry,Non-Fatal Injury,Pedestrian Collisions,D22,17,Mimico (17),-79.4995,43.619,NULL,NULL,N,NULL,NULL,NULL
5001995659,2015,00:00.0,55,0,UNDERHILL DR,ROANOKE RD,NULL,2,North York,16,33,Intersection,Intersection Related,Stop Sign,Clear,"Dark, artificial",Dry,Non-Fatal Injury,Turning Movement,D33,45,Parkwoods-Donalda (45),-79.3251,43.7419,NULL,NULL,N,NULL,NULL,NULL
5001998431,2015,00:00.0,1344,13,LAWRENCE AVE E,ELINOR AVE,NULL,1,Scarborough,21,41,Intersection,At Intersection,Traffic Signal,Rain,Daylight,Wet,Non-Fatal Injury,Pedestrian Collisions,D41,119,Wexford/Maryvale (119),-79.3005,43.744,NULL,NULL,N,NULL,NULL,NULL
5002192601,2015,00:00.0,1830,18,DUFFERIN ST,1 AUTUMN AVE,NULL,1,North York,8,13,Intersection,At Intersection,No Control,Clear,"Dark, artificial",Dry,Non-Fatal Injury,Pedestrian Collisions,D13,31,Yorkdale-Glen Park (31),-79.4524,43.7035,NULL,NULL,N,NULL,NULL,NULL
5001812233,2015,00:00.0,1327,13,KEELE ST,TILBURY DR,NULL,1,North York,6,31,Intersection,Intersection Related,Traffic Signal,Clear,Daylight,Dry,Non-Fatal Injury,SMV Other,D31,26,Downsview-Roding-CFB (26),-79.4829,43.7303,NULL,NULL,N,NULL,NULL,NULL
7001094601,2017,00:00.0,1543,15,MARKHAM RD,PROGRESS AVE,NULL,1,Scarborough,24,43,Intersection,At Intersection,Traffic Signal,Clear,Daylight,Dry,Non-Fatal Injury,Turning Movement,D43,137,Woburn (137),-79.2338,43.7816,NULL,NULL,N,NULL,NULL,NULL
6001099708,2016,00:00.0,1949,19,DUNDAS ST W,SHORNCLIFFE RD,NULL,1,Etobicoke York,3,22,Intersection,At Intersection,Traffic Controller,Clear,Daylight,Dry,Non-Fatal Injury,Pedestrian Collisions,D22,14,Islington-City Centre West (14),-79.5446,43.6321,NULL,NULL,N,NULL,NULL,NULL
5002201232,2015,00:00.0,845,8,LAWRENCE AVE E,RAILSIDE RD,NULL,1,North York,16,33,Intersection,At Intersection,Traffic Signal,Clear,Daylight,Dry,Non-Fatal Injury,Pedestrian Collisions,D33,43,Victoria Village (43),-79.3192,43.7411,NULL,NULL,N,NULL,NULL,NULL
5001954714,2015,00:00.0,825,8,1996 BATHURST ST,NULL,NULL,1,Toronto and East York,12,13,Mid-Block,Non Intersection,No Control,Clear,Daylight,Dry,Fatal,Pedestrian Collisions,D13,101,Forest Hill South (101),-79.4249,43.6994,NULL,NULL,N,NULL,NULL,NULL
6000500403,2016,00:00.0,2015,20,KING ST E,PRINCESS ST,10 m East of,1,Toronto and East York,13,51,Mid-Block,Intersection Related,No Control,Freezing Rain,"Dark, artificial",Wet,Fatal,Pedestrian Collisions,D51,73,Moss Park (73),-79.367,43.6514,NULL,NULL,N,NULL,NULL,NULL
6000501397,2016,00:00.0,42,0,KINGSTON RD,SHEPPARD AVE E,NULL,1,Scarborough,25,42,Intersection,At Intersection,Traffic Signal,Freezing Rain,"Dark, artificial",Slush,Non-Fatal Injury,Angle,D42,131,Rouge (131),-79.1462,43.7989,-79.1462,43.7989,Y,Kingston Rd,Port Union Rd,2008-03-18
6001104795,2016,00:00.0,1445,14,720 RENFORTH DR,NULL,3 m South of,3,Etobicoke York,2,22,Mid-Block,At/Near Private Drive,Pedestrian Crossover,Clear,Daylight,Dry,Non-Fatal Injury,Pedestrian Collisions,D22,11,Eringate-Centennial-West Deane (11),-79.5851,43.6639,NULL,NULL,N,NULL,NULL,NULL
6000584121,2016,00:00.0,1440,14,ROYAL YORK  RD,SAUNDERS  CRES,3 m North of,3,Etobicoke York,3,22,Intersection,Non Intersection,No Control,Clear,Daylight,Dry,Non-Fatal Injury,Pedestrian Collisions,D22,16,Stonegate-Queensway (16),-79.5033,43.6281,NULL,NULL,N,NULL,NULL,NULL
6000705795,2016,00:00.0,1510,15,LESLIE ST,VAN HORNE AVE,NULL,1,North York,17,33,Intersection,At Intersection,Traffic Signal,Clear,Daylight,Dry,Non-Fatal Injury,Pedestrian Collisions,D33,47,Don Valley Village (47),-79.3665,43.7836,NULL,NULL,N,NULL,NULL,NULL
6000720268,2016,00:00.0,1805,18,LAKE SHORE BLVD W,BRITISH COLUMBIA RD,324 m East of,1,Toronto and East York,10,14,Mid-Block,Non Intersection,No Control,Clear,Daylight,Dry,Non-Fatal Injury,Approaching,D14,82,Niagara (82),-79.4257,43.63,NULL,NULL,N,NULL,NULL,NULL
6000731601,2016,00:00.0,1325,13,DUFFERIN ST,CROATIA ST,NULL,1,Toronto and East York,9,NULL,Intersection,At Intersection,Stop Sign,Clear,Daylight,Dry,Non-Fatal Injury,Cyclist Collisions,D14,83,Dufferin Grove (83),-79.4347,43.6583,NULL,NULL,N,NULL,NULL,NULL
6000733806,2016,00:00.0,1930,19,MILLWOOD RD,MCRAE DR,63 m West of,2,North York,15,53,Mid-Block,Non Intersection,No Control,Clear,Daylight,Dry,Non-Fatal Injury,Other,D53,56,Leaside-Bennington (56),-79.369,43.7048,NULL,NULL,N,NULL,NULL,NULL
1000028,2007,00:00.0,126,1,OAKWOOD AVE,ROSEMOUNT AVE,NULL,3,Toronto and East York,9,13,Intersection,At Intersection,Stop Sign,Rain,Dark,Wet,Non-Fatal Injury,Angle,D13,94,Wychwood (94),-79.4352,43.6779,NULL,NULL,N,NULL,NULL,NULL
993300,2007,00:00.0,310,3,MARKHAM RD,PASSMORE AVE,NULL,1,Scarborough,23,42,Mid-Block,At Intersection,No Control,Clear,Dark,Dry,Non-Fatal Injury,Rear End,D42,131,Rouge (131),-79.2508,43.8315,NULL,NULL,N,NULL,NULL,NULL
6000607400,2016,00:00.0,326,3,JANE ST,SHEPPARD AVE W,NULL,1,Etobicoke York,NULL,31,Intersection,Intersection Related,Traffic Signal,Clear,"Dark, artificial",Dry,Fatal,Rear End,D31,25,Glenfield-Jane Heights (25),-79.5132,43.7393,-79.5132,43.7393,Y,Sheppard Ave W,Jane St,2021-05-14
6000608721,2016,00:00.0,1130,11,QUEEN ST W,UNIVERSITY AVE,14 m West of,1,Toronto and East York,10,52,Mid-Block,Non Intersection,Streetcar (Stop for),Clear,Daylight,Dry,Non-Fatal Injury,Pedestrian Collisions,D52,76,Bay Street Corridor (76),-79.3866,43.6508,-79.3866,43.6508,Y,University Ave,Queen St W,2017-08-31
6000530490,2016,00:00.0,901,9,FINCH AVE E,SKYMARK DR,NULL,1,North York,17,33,Intersection,Intersection Related,Traffic Signal,Clear,Daylight,Dry,Fatal,Pedestrian Collisions,D33,47,Don Valley Village (47),-79.3522,43.7931,NULL,NULL,N,NULL,NULL,NULL