ACCNUM,YEAR,DATE,TIME,HOUR,STREET1,STREET2,OFFSET,ROAD_CLASS,DISTRICT,WARDNUM,DIVISION,LOCCOORD,ACCLOC,TRAFFCTL,VISIBILITY,LIGHT,RDSFCOND,ACCLASS,IMPACTYPE,POLICE_DIVISION,HOOD_ID,NEIGHBOURHOOD,collision_lat,collision_long,red_light_lat,red_light_long,right_light_camera,LINEAR_NAME_FULL_1,LINEAR_NAME_FULL_2,ACTIVATION_DATE
984384,2007,00:00.0,2230,22,SEWELLS RD,OLD FINCH AVE,NULL,2,Scarborough,25,42,Intersection,At Intersection,Stop Sign,Clear,Dark,Dry,Non-Fatal Injury,Turning Movement,D42,131,Rouge (131),-79.1995,43.8252,NULL,NULL,N,NULL,NULL,NULL
6000092951,2016,00:00.0,1137,11,BATHURST ST,DUNDAS ST W,57 m North of,1,Toronto and East York,11,14,Mid-Block,Non Intersection,No Control,Clear,Daylight,Dry,Non-Fatal Injury,Turning Movement,D14,78,Kensington-Chinatown (78),-79.4062,43.6529,NULL,NULL,N,NULL,NULL,NULL
6000131463,2016,00:00.0,1811,18,135 TYNDALL AVE,NULL,85 m South of,4,Toronto and East York,4,14,Mid-Block,At/Near Private Drive,No Control,Clear,"Dark, artificial",Dry,Non-Fatal Injury,Cyclist Collisions,D14,85,South Parkdale (85),-79.4286,43.6374,NULL,NULL,N,NULL,NULL,NULL
6000780145,2016,00:00.0,2025,20,ADELAIDE ST W,TECUMSETH ST,51 m West of,2,Toronto and East York,10,14,Mid-Block,Non Intersection,No Control,Clear,Dusk,Dry,Non-Fatal Injury,Other,D14,82,Niagara (82),-79.4065,43.6444,NULL,NULL,N,NULL,NULL,NULL
979478,2007,00:00.0,925,9,391 ALTON TOWERS CRCL,NULL,NULL,2,Scarborough,23,42,Mid-Block,NULL,No Control,Clear,Daylight,Dry,Non-Fatal Injury,Pedestrian Collisions,D42,130,Milliken (130),-79.2751,43.8222,NULL,NULL,N,NULL,NULL,NULL
5002075350,2015,00:00.0,109,1,ISABELLA ST,SHERBOURNE ST,70 m West of,2,Toronto and East York,13,51,Mid-Block,Non Intersection,No Control,Clear,Dark,Dry,Non-Fatal Injury,Pedestrian Collisions,D51,74,North St.James Town (74),-79.3766,43.6694,NULL,NULL,N,NULL,NULL,NULL
996853,2007,00:00.0,2033,20,FINCH AVE E,MCCOWAN RD,NULL,1,Scarborough,23,42,Mid-Block,NULL,No Control,Clear,Dark,Dry,Non-Fatal Injury,Pedestrian Collisions,D42,129,Agincourt North (129),-79.2631,43.8087,NULL,NULL,N,NULL,NULL,NULL
1005733,2007,00:00.0,1650,16,MARKET ST,THE ESPLANADE,NULL,4,Toronto and East York,13,51,Mid-Block,At Intersection,No Control,Clear,Dusk,Dry,Non-Fatal Injury,Pedestrian Collisions,D51,77,Waterfront Communities-The Island (77),-79.3719,43.6487,NULL,NULL,N,NULL,NULL,NULL
1043101,2008,00:00.0,1813,18,BATHURST ST,SULTANA AVE,NULL,1,North York,8,32,Intersection,At Intersection,No Control,Clear,Daylight,Dry,Non-Fatal Injury,Pedestrian Collisions,D32,39,Bedford Park-Nortown (39),-79.4319,43.7287,NULL,NULL,N,NULL,NULL,NULL
987500,2007,00:00.0,48,0,SHEPPARD AVE W,SENTINEL RD,NULL,1,North York,6,31,Intersection,NULL,Traffic Signal,Clear,Dark,Dry,Fatal,SMV Other,D31,26,Downsview-Roding-CFB (26),-79.4917,43.7436,NULL,NULL,N,NULL,NULL,NULL
975174,2007,00:00.0,1715,17,BLOOR ST W,THE EAST MALL,NULL,1,Etobicoke York,NULL,22,Intersection,At Intersection,Traffic Signal,Clear,Daylight,Dry,Non-Fatal Injury,Turning Movement,D22,14,Islington-City Centre West (14),-79.5566,43.6369,NULL,NULL,N,NULL,NULL,NULL
6000051992,2016,00:00.0,1750,17,OSSINGTON AVE,PENDRITH ST,130 m South of,3,Toronto and East York,NULL,14,Mid-Block,Non Intersection,No Control,Clear,"Dark, artificial",Wet,Non-Fatal Injury,Other,D14,93,Dovercourt-Wallace Emerson-Junction (93),-79.4269,43.6649,NULL,NULL,N,NULL,NULL,NULL
1005791,2007,00:00.0,2357,23,GERRARD ST E,PARLIAMENT ST,NULL,3,Toronto and East York,13,51,Intersection,At Intersection,Traffic Signal,Clear,Dark,Dry,Non-Fatal Injury,Pedestrian Collisions,D51,72,Regent Park (72),-79.3669,43.6619,NULL,NULL,N,NULL,NULL,NULL
1010140,2007,00:00.0,1250,12,YONGE ST,CHURCH ST,NULL,1,Toronto and East York,11,53,Intersection,At Intersection,Traffic Signal,Clear,Daylight,Dry,Non-Fatal Injury,Pedestrian Collisions,D53,98,Rosedale-Moore Park (98),-79.3878,43.6728,NULL,NULL,N,NULL,NULL,NULL
1011759,2007,00:00.0,1949,19,1073 WARDEN AVE,NULL,NULL,1,Scarborough,21,41,Mid-Block,NULL,No Control,Clear,Dark,Wet,Non-Fatal Injury,Rear End,D41,119,Wexford/Maryvale (119),-79.2931,43.7415,NULL,NULL,N,NULL,NULL,NULL
985171,2007,00:00.0,1700,17,597 MELITA CRES,NULL,NULL,4,Toronto and East York,12,13,Mid-Block,NULL,No Control,Clear,Daylight,Dry,Non-Fatal Injury,Pedestrian Collisions,D13,94,Wychwood (94),-79.4231,43.6726,NULL,NULL,N,NULL,NULL,NULL
1044949,2008,00:00.0,2040,20,136 NEAMES CRES,NULL,NULL,4,Etobicoke York,7,31,Mid-Block,NULL,No Control,Clear,Daylight,Dry,Non-Fatal Injury,Cyclist Collisions,D31,26,Downsview-Roding-CFB (26),-79.5125,43.7282,NULL,NULL,N,NULL,NULL,NULL
1368988,2013,00:00.0,2350,23,STEELES AVE W,IRONDALE DR,NULL,1,Etobicoke York,7,31,NULL,NULL,No Control,Clear,Dark,Dry,Non-Fatal Injury,SMV Other,D31,21,Humber Summit (21),-79.549,43.7697,NULL,NULL,N,NULL,NULL,NULL
1066823,2008,00:00.0,1013,10,DIXON RD,KIPLING AVE,NULL,1,Etobicoke York,NULL,23,Intersection,NULL,Traffic Signal,Clear,Daylight,Dry,Non-Fatal Injury,Turning Movement,D23,6,Kingsview Village-The Westway (6),-79.5585,43.6942,NULL,NULL,N,NULL,NULL,NULL
1049415,2008,00:00.0,853,8,KING Stre W,BATHURST Stre,NULL,1,Toronto and East York,10,14,Intersection,At Intersection,Traffic Signal,Clear,Daylight,Dry,Non-Fatal Injury,Cyclist Collisions,D14,77,Waterfront Communities-The Island (77),-79.4026,43.6439,NULL,NULL,N,NULL,NULL,NULL
1046692,2008,00:00.0,2236,22,ROSE VALLEY CRES,WOODGATE DR,NULL,4,Etobicoke York,5,12,Mid-Block,NULL,No Control,Clear,Dark,Dry,Non-Fatal Injury,Other,D12,111,Rockcliffe-Smythe (111),-79.5022,43.6766,NULL,NULL,N,NULL,NULL,NULL
981405,2007,00:00.0,855,8,DIXON RD,KIPLING AVE,NULL,1,Etobicoke York,NULL,23,Intersection,At Intersection,Traffic Signal,Clear,Daylight,Dry,Non-Fatal Injury,Angle,D23,6,Kingsview Village-The Westway (6),-79.5585,43.6942,NULL,NULL,N,NULL,NULL,NULL
1041453,2008,00:00.0,1230,12,SENLAC RD,SHEPPARD AVE W,NULL,1,North York,18,32,Intersection,At Intersection,Traffic Signal,Rain,Daylight,Wet,Non-Fatal Injury,Pedestrian Collisions,D32,38,Lansing-Westgate (38),-79.4225,43.7589,NULL,NULL,N,NULL,NULL,NULL
974270,2007,00:00.0,1038,10,STEELES AVE W,CACTUS AVE,NULL,1,North York,18,32,Intersection,At Intersection,Traffic Signal,Clear,Daylight,Dry,Non-Fatal Injury,Pedestrian Collisions,D32,36,Newtonbrook West (36),-79.4365,43.7944,NULL,NULL,N,NULL,NULL,NULL
1069547,2008,00:00.0,1927,19,COXWELL AVE,COSBURN AVE,NULL,3,Toronto and East York,NULL,54,Intersection,At Intersection,Traffic Signal,Clear,Dark,Dry,Non-Fatal Injury,Cyclist Collisions,D54,58,Old East York (58),-79.3279,43.6941,NULL,NULL,N,NULL,NULL,NULL
1004413,2007,00:00.0,250,2,KINGSTON RD,HIGHVIEW AVE,NULL,1,Scarborough,20,41,Mid-Block,At Intersection,No Control,Clear,Dark,Dry,Non-Fatal Injury,SMV Other,D41,122,Birchcliffe-Cliffside (122),-79.2531,43.7034,NULL,NULL,N,NULL,NULL,NULL
1059312,2008,00:00.0,151,1,DANFORTH Aven,BASTEDO Aven,NULL,1,Toronto and East York,19,NULL,Intersection,NULL,No Control,Clear,Dark,Dry,Non-Fatal Injury,Sideswipe,D54,66,Danforth (66),-79.3191,43.6843,NULL,NULL,N,NULL,NULL,NULL
1047683,2008,00:00.0,2018,20,19 LYNDHURST CRT,NULL,NULL,4,Toronto and East York,12,13,Mid-Block,NULL,No Control,Clear,Dusk,Dry,Fatal,Pedestrian Collisions,D13,96,Casa Loma (96),-79.4121,43.6776,NULL,NULL,N,NULL,NULL,NULL
1051188,2008,00:00.0,2000,20,JANE ST,TRETHEWEY DR,NULL,1,Etobicoke York,5,12,Intersection,At Intersection,Traffic Signal,Clear,Daylight,Dry,Non-Fatal Injury,Turning Movement,D12,30,Brookhaven-Amesbury (30),-79.5023,43.6975,NULL,NULL,N,NULL,NULL,NULL
1032022,2008,00:00.0,1743,17,43 MILNER AVE,NULL,NULL,3,Scarborough,23,42,Mid-Block,NULL,No Control,Clear,Daylight,Dry,Non-Fatal Injury,Turning Movement,D42,128,Agincourt South-Malvern West (128),-79.2538,43.7853,NULL,NULL,N,NULL,NULL,NULL
1051168,2008,00:00.0,2330,23,BLOOR ST W,BATHURST ST,NULL,1,Toronto and East York,11,14,Intersection,At Intersection,Traffic Signal,Rain,Dark,Wet,Non-Fatal Injury,Pedestrian Collisions,D14,95,Annex (95),-79.4111,43.6651,NULL,NULL,N,NULL,NULL,NULL
1053153,2008,00:00.0,1659,16,AMHERST AVE,GLENHOLME AVE,NULL,4,Toronto and East York,12,13,Mid-Block,NULL,No Control,Clear,Daylight,Dry,Non-Fatal Injury,Pedestrian Collisions,D13,107,Oakwood Village (107),-79.4409,43.6912,NULL,NULL,N,NULL,NULL,NULL
1053809,2008,00:00.0,320,3,4982 YONGE ST,NULL,NULL,1,North York,18,32,Mid-Block,NULL,No Control,Rain,Dark,Wet,Non-Fatal Injury,Pedestrian Collisions,D32,51,Willowdale East (51),-79.412,43.7659,NULL,NULL,N,NULL,NULL,NULL
1017679,2008,00:00.0,1940,19,EVANS AVE,SHERWAY GT,NULL,1,Etobicoke York,3,22,Intersection,NULL,Traffic Signal,Clear,Dark,Dry,Non-Fatal Injury,Pedestrian Collisions,D22,14,Islington-City Centre West (14),-79.5563,43.6089,NULL,NULL,N,NULL,NULL,NULL
1017943,2008,00:00.0,2355,23,EGLINTON AVE W,ENNERDALE RD,NULL,1,North York,NULL,13,Mid-Block,NULL,No Control,Rain,Dark,Wet,Non-Fatal Injury,Rear End,D13,108,Briar Hill-Belgravia (108),-79.4531,43.695,NULL,NULL,N,NULL,NULL,NULL
1057170,2008,00:00.0,1737,17,DANFORTH Road,DANFORTH Aven,NULL,1,Scarborough,20,41,Intersection,At Intersection,Traffic Signal,Clear,Daylight,Dry,Non-Fatal Injury,Rear End,D41,121,Oakridge (121),-79.2772,43.6936,NULL,NULL,N,NULL,NULL,NULL
6000332112,2016,00:00.0,912,9,FINCH AVE E,DON MILLS RD,NULL,1,North York,17,33,Intersection,At Intersection,Traffic Signal,Freezing Rain,Daylight,Wet,Non-Fatal Injury,Pedestrian Collisions,D33,47,Don Valley Village (47),-79.3546,43.7925,NULL,NULL,N,NULL,NULL,NULL
1064337,2008,00:00.0,840,8,SILVERSTONE DR,MARTIN GROVE RD,NULL,3,Etobicoke York,1,23,Intersection,At Intersection,Traffic Signal,Clear,Daylight,Dry,Non-Fatal Injury,Pedestrian Collisions,D23,2,Mount Olive-Silverstone-Jamestown (2),-79.5985,43.7508,NULL,NULL,N,NULL,NULL,NULL
1024000,2008,00:00.0,1651,16,JANE ST,BLACK CR N JANE RAMP ST,NULL,1,Etobicoke York,5,12,Mid-Block,NULL,No Control,Snow,Dark,Wet,Non-Fatal Injury,Pedestrian Collisions,D12,28,Rustic (28),-79.507,43.7151,NULL,NULL,N,NULL,NULL,NULL
1020139,2008,00:00.0,1000,10,LOCKSLEY AVE,BRIAR HILL AVE,NULL,4,North York,8,13,Intersection,NULL,Stop Sign,Clear,Daylight,Wet,Non-Fatal Injury,Pedestrian Collisions,D13,108,Briar Hill-Belgravia (108),-79.4489,43.7032,NULL,NULL,N,NULL,NULL,NULL
7000948522,2017,00:00.0,1343,13,OAKWOOD AVE,VAUGHAN RD,NULL,3,Toronto and East York,12,13,Intersection,At Intersection,Traffic Signal,Clear,Daylight,Dry,Non-Fatal Injury,Turning Movement,D13,107,Oakwood Village (107),-79.4408,43.6925,NULL,NULL,N,NULL,NULL,NULL
1068648,2008,00:00.0,1219,12,KINGSTON RD,GALLOWAY RD,NULL,1,Scarborough,24,43,Intersection,At Intersection,Traffic Signal,Clear,Daylight,Dry,Non-Fatal Injury,Angle,D43,136,West Hill (136),-79.1946,43.762,NULL,NULL,N,NULL,NULL,NULL
1026360,2008,00:00.0,845,8,YORK MILLS RD,NESS DR,NULL,2,North York,16,33,Intersection,NULL,Pedestrian Crossover,Clear,Daylight,Wet,Non-Fatal Injury,Pedestrian Collisions,D33,45,Parkwoods-Donalda (45),-79.3228,43.7617,NULL,NULL,N,NULL,NULL,NULL
1056289,2008,00:00.0,2007,20,CALEDONIA Road,JOYCE Park,NULL,3,North York,8,13,Intersection,At Intersection,Stop Sign,Clear,Daylight,Dry,Non-Fatal Injury,Turning Movement,D13,31,Yorkdale-Glen Park (31),-79.466,43.7093,NULL,NULL,N,NULL,NULL,NULL
6001650779,2016,00:00.0,1955,19,O CONNOR DR,DOHME AVE,50 m North of,1,Toronto and East York,19,54,Mid-Block,Non Intersection,No Control,Clear,"Dark, artificial",Dry,Non-Fatal Injury,Rear End,D54,54,O'Connor-Parkview (54),-79.3085,43.7108,NULL,NULL,N,NULL,NULL,NULL
6000440482,2016,00:00.0,300,3,SHEPPARD AVE W,WESTON RD,2 m West of,1,Etobicoke York,7,31,Intersection,Intersection Related,Traffic Signal,Rain,"Dark, artificial",Wet,Non-Fatal Injury,SMV Other,D31,23,Pelmo Park-Humberlea (23),-79.5382,43.7337,NULL,NULL,N,NULL,NULL,NULL
6001576323,2016,00:00.0,1600,16,KINGSTON RD,FALLINGBROOK RD,NULL,1,Scarborough,20,41,Intersection,At Intersection,Traffic Signal,Clear,Daylight,Dry,Non-Fatal Injury,Turning Movement,D41,122,Birchcliffe-Cliffside (122),-79.2792,43.6821,NULL,NULL,N,NULL,NULL,NULL
1045157,2008,00:00.0,815,8,VICTORIA PARK AVE,PEARD RD,NULL,1,Toronto and East York,NULL,NULL,Mid-Block,At Intersection,No Control,Clear,Daylight,Dry,Non-Fatal Injury,Pedestrian Collisions,D54,120,Clairlea-Birchmount (120),-79.2967,43.7106,NULL,NULL,N,NULL,NULL,NULL
6000294353,2016,00:00.0,2230,22,MACDONELL AVE,LN n QUEEEN E FULLER,1 m South of,4,Toronto and East York,4,11,Intersection,At Intersection,No Control,Clear,Dark,Dry,Fatal,Pedestrian Collisions,D11,86,Roncesvalles (86),-79.438,43.6407,NULL,NULL,N,NULL,NULL,NULL
1021293,2008,00:00.0,2307,23,BRIMLEY RD,CHARTLAND BLVD S,NULL,1,Scarborough,23,42,Mid-Block,NULL,No Control,Snow,Dark,Slush,Non-Fatal Injury,Approaching,D42,129,Agincourt North (129),-79.2761,43.8044,NULL,NULL,N,NULL,NULL,NULL
6001864618,2016,00:00.0,730,7,KEELE ST,HOLWOOD AV,NULL,1,Etobicoke York,5,12,Intersection,At Intersection,No Control,Rain,"Dawn, artificial",Wet,Non-Fatal Injury,Pedestrian Collisions,D12,110,Keelesdale-Eglinton West (110),-79.4742,43.6883,NULL,NULL,N,NULL,NULL,NULL
6000307200,2016,00:00.0,147,1,THE QUEENSWAY K,KIPLING AVE,81 m West of,1,Etobicoke York,3,22,Mid-Block,At/Near Private Drive,No Control,Clear,"Dark, artificial",Dry,Non-Fatal Injury,Pedestrian Collisions,D22,14,Islington-City Centre West (14),-79.5279,43.6206,NULL,NULL,N,NULL,NULL,NULL
7000203536,2017,00:00.0,219,2,BRIMLEY RD,ELGAR AVE,NULL,1,Scarborough,21,NULL,Intersection,At Intersection,Stop Sign,Clear,Dark,Wet,Fatal,Turning Movement,D43,138,Eglinton East (138),-79.2501,43.741,NULL,NULL,N,NULL,NULL,NULL
6001699155,2016,00:00.0,903,9,MIDLAND AVE,SHEPPARD AVE E,NULL,1,Scarborough,NULL,42,Intersection,At Intersection,Traffic Signal,Clear,Daylight,Dry,Non-Fatal Injury,Cyclist Collisions,D42,128,Agincourt South-Malvern West (128),-79.2785,43.7852,NULL,NULL,N,NULL,NULL,NULL
7000659290,2017,00:00.0,1805,18,SPADINA AVE,SULLIVAN ST,50 m North,1,Toronto and East York,10,NULL,Mid-Block,Non Intersection,No Control,Clear,Daylight,Dry,Fatal,Pedestrian Collisions,D52,78,Kensington-Chinatown (78),-79.3974,43.6513,NULL,NULL,N,NULL,NULL,NULL
6001753301,2016,00:00.0,1940,19,EGLINTON AVE E,MIDLAND AVE,NULL,1,Scarborough,NULL,41,Intersection,Non Intersection,No Control,Rain,"Dark, artificial",Wet,Fatal,Pedestrian Collisions,D41,124,Kennedy Park (124),-79.2601,43.734,NULL,NULL,N,NULL,NULL,NULL
6001798296,2016,00:00.0,1747,17,LAWRENCE AVE W,WILLIAM R ALLEN RD N,5 m West of,1,North York,8,NULL,Intersection,At Intersection,Traffic Signal,Clear,Daylight,Dry,Non-Fatal Injury,Turning Movement,D13,32,Englemount-Lawrence (32),-79.4431,43.7162,NULL,NULL,N,NULL,NULL,NULL
6001979162,2016,00:00.0,935,9,AVENUE RD,ROXBOROUGH ST W,NULL,1,Toronto and East York,11,53,Intersection,At Intersection,No Control,Clear,Daylight,Dry,Non-Fatal Injury,Pedestrian Collisions,D53,95,Annex (95),-79.3973,43.6766,NULL,NULL,N,NULL,NULL,NULL
7000566327,2017,00:00.0,1050,10,PASSMORE  AVE,SILVER STAR  BLVD,NULL,2,Scarborough,22,42,Intersection,At Intersection,Traffic Signal,Clear,Daylight,Dry,Non-Fatal Injury,Turning Movement,D42,130,Milliken (130),-79.298,43.8198,NULL,NULL,N,NULL,NULL,NULL
7000701050,2017,00:00.0,1530,15,HALFMOON SQ,CANMORE BLVD,north of,2,Scarborough,25,43,Intersection,Intersection Related,No Control,Clear,"Daylight, artificial",Dry,Fatal,Pedestrian Collisions,D43,134,Highland Creek (134),-79.179,43.7937,NULL,NULL,N,NULL,NULL,NULL
7000781355,2017,00:00.0,2142,21,DON VALLEY PARKWAY  N,LAWRENCE AVE E,400 m North of,NULL,North York,16,33,Mid-Block,Non Intersection,No Control,Clear,"Dark, artificial",Dry,Non-Fatal Injury,Pedestrian Collisions,D33,45,Parkwoods-Donalda (45),-79.3322,43.7429,NULL,NULL,N,NULL,NULL,NULL
7000576786,2017,00:00.0,4,0,MARTIN GROVE RD,JEFFCOAT DR,120 m South of,1,Etobicoke York,1,23,Mid-Block,Non Intersection,No Control,Clear,"Dark, artificial",Dry,Non-Fatal Injury,SMV Other,D23,1,West Humber-Clairville (1),-79.5828,43.7176,NULL,NULL,N,NULL,NULL,NULL
7001568713,2017,00:00.0,846,8,FINCH AVE W,HUMBER COLLEGE BLVD,23 m West of,1,Etobicoke York,1,23,Mid-Block,Intersection Related,No Control,Clear,Daylight,Dry,Non-Fatal Injury,Rear End,D23,1,West Humber-Clairville (1),-79.6098,43.734,NULL,NULL,N,NULL,NULL,NULL
7001383874,2017,00:00.0,1735,17,GRANGE AVE,LARCH ST,3 m West of,4,Toronto and East York,10,52,Intersection,At Intersection,No Control,Clear,Daylight,Dry,Non-Fatal Injury,Cyclist Collisions,D52,78,Kensington-Chinatown (78),-79.3965,43.652,NULL,NULL,N,NULL,NULL,NULL
6002241239,2016,00:00.0,2236,22,SB DON VALLEY PKWY,POTTERY RD,400 m North of,NULL,Toronto and East York,14,54,Mid-Block,Non Intersection,No Control,Clear,"Dark, artificial",Dry,Non-Fatal Injury,Pedestrian Collisions,D54,57,Broadview North (57),-79.3616,43.6839,NULL,NULL,N,NULL,NULL,NULL
7001001490,2017,00:00.0,825,8,BAYVIEW AVE,POTTERY RD,3 m South of,1,North York,NULL,53,Mid-Block,Non Intersection,No Control,Rain,Daylight,Wet,Non-Fatal Injury,SMV Other,D53,56,Leaside-Bennington (56),-79.3637,43.6886,NULL,NULL,N,NULL,NULL,NULL
7001007889,2017,00:00.0,715,7,DUNDAS ST W,ELIZABETH ST,NULL,1,Toronto and East York,NULL,52,Intersection,At Intersection,No Control,Clear,Daylight,Dry,Non-Fatal Injury,Cyclist Collisions,D52,76,Bay Street Corridor (76),-79.3851,43.6553,NULL,NULL,N,NULL,NULL,NULL
7001065894,2017,00:00.0,1200,12,MORNINGVIEW TRL,BLACKHURST CRT,3 m South of,4,Scarborough,25,42,Intersection,Intersection Related,No Control,Clear,Daylight,Dry,Non-Fatal Injury,Pedestrian Collisions,D42,131,Rouge (131),-79.2002,43.8189,NULL,NULL,N,NULL,NULL,NULL
7000264756,2017,00:00.0,2011,20,MIDLAND  AVE,SHEPPARD  AVE E,NULL,1,Scarborough,NULL,42,Intersection,At Intersection,Traffic Signal,Clear,"Dark, artificial",Wet,Non-Fatal Injury,Pedestrian Collisions,D42,128,Agincourt South-Malvern West (128),-79.2785,43.7852,NULL,NULL,N,NULL,NULL,NULL
7000844451,2017,00:00.0,1625,16,SPADINA AVENUE,BALDWIN STREET,2 m North of,1,Toronto and East York,11,NULL,Intersection,Intersection Related,No Control,Clear,Daylight,Dry,Non-Fatal Injury,Pedestrian Collisions,D52,78,Kensington-Chinatown (78),-79.3988,43.6551,NULL,NULL,N,NULL,NULL,NULL
7000846259,2017,00:00.0,2246,22,BATHURST ST,AVENAL DR,NULL,1,Toronto and East York,12,13,Intersection,At Intersection,No Control,Clear,"Dark, artificial",Dry,Non-Fatal Injury,Pedestrian Collisions,D13,101,Forest Hill South (101),-79.4235,43.696,NULL,NULL,N,NULL,NULL,NULL
7000857576,2017,00:00.0,1806,18,JANE ST,DALRYMPLE DR,NULL,1,Etobicoke York,5,12,Intersection,Non Intersection,No Control,Clear,Daylight,Dry,Non-Fatal Injury,Pedestrian Collisions,D12,111,Rockcliffe-Smythe (111),-79.496,43.6771,NULL,NULL,N,NULL,NULL,NULL
7000867225,2017,00:00.0,752,7,MILLWOOD RD,OVERLEA BLVD,20 m South of,1,North York,15,53,Intersection,Intersection Related,Traffic Signal,Clear,Daylight,Dry,Non-Fatal Injury,Cyclist Collisions,D53,55,Thorncliffe Park (55),-79.3528,43.7019,NULL,NULL,N,NULL,NULL,NULL
7000825036,2017,00:00.0,900,9,COLLEGE  ST,HENRY ST,NULL,1,Toronto and East York,11,52,Intersection,At Intersection,No Control,Clear,Daylight,Dry,Non-Fatal Injury,Cyclist Collisions,D52,78,Kensington-Chinatown (78),-79.3946,43.6588,NULL,NULL,N,NULL,NULL,NULL
6002021851,2016,00:00.0,814,8,ARAGON AVE,SHEPPARD AVE E,NULL,1,Scarborough,22,42,Intersection,At Intersection,Traffic Signal,Clear,Daylight,Dry,Fatal,Pedestrian Collisions,D42,118,Tam O'Shanter-Sullivan (118),-79.3043,43.7794,NULL,NULL,N,NULL,NULL,NULL
7000304579,2017,00:00.0,347,3,DUFFERIN ST,DUPONT ST,NULL,1,Toronto and East York,9,NULL,Intersection,At Intersection,Traffic Signal,Clear,"Dark, artificial",Dry,Non-Fatal Injury,Angle,D14,93,Dovercourt-Wallace Emerson-Junction (93),-79.4389,43.6683,NULL,NULL,N,NULL,NULL,NULL
7000155315,2017,00:00.0,1440,14,FINCH AVE W,WESTON RD,NULL,1,Etobicoke York,7,31,Intersection,At Intersection,Traffic Signal,Clear,Daylight,Wet,Fatal,Angle,D31,22,Humbermede (22),-79.5423,43.752,NULL,NULL,N,NULL,NULL,NULL
7001386186,2017,00:00.0,123,1,BRIMLEY RD,SHEPPARD AVE E,NULL,1,Scarborough,23,42,Intersection,At Intersection,Traffic Signal,Clear,"Dark, artificial",Dry,Non-Fatal Injury,Turning Movement,D42,128,Agincourt South-Malvern West (128),-79.2682,43.7875,NULL,NULL,N,NULL,NULL,NULL
7001559583,2017,00:00.0,2010,20,RENFORTH DR,SILVER DART DR,3 m South of,1,Etobicoke York,1,23,Intersection,At Intersection,Traffic Signal,Clear,"Dark, artificial",Dry,Non-Fatal Injury,SMV Other,D23,1,West Humber-Clairville (1),-79.5931,43.6763,NULL,NULL,N,NULL,NULL,NULL
7000178103,2017,00:00.0,110,1,F G GARDINER XY  E,SPADINA AVE,350 m West,1,Toronto and East York,10,14,Mid-Block,Non Intersection,No Control,Clear,Dark,Dry,Fatal,Pedestrian Collisions,D14,77,Waterfront Communities-The Island (77),-79.3956,43.6379,NULL,NULL,N,NULL,NULL,NULL
7000200382,2017,00:00.0,1415,14,MORNINGSIDE AVE,401 C E MORNINGSIDE AVE S RAMP,NULL,1,Scarborough,NULL,43,Intersection,At Intersection,Traffic Signal,Clear,Daylight,Dry,Non-Fatal Injury,Pedestrian Collisions,D43,134,Highland Creek (134),-79.1964,43.7947,NULL,NULL,N,NULL,NULL,NULL
7000525658,2017,00:00.0,2213,22,FINCH AVE E,DORIS AVE,NULL,1,North York,18,32,Intersection,At Intersection,Traffic Signal,Rain,"Dark, artificial",Wet,Non-Fatal Injury,Cyclist Collisions,D32,51,Willowdale East (51),-79.4122,43.7804,NULL,NULL,N,NULL,NULL,NULL
6002195471,2016,00:00.0,1514,15,BLACK CREEK DR,LAWRENCE AVE W,300 m South of,1,Etobicoke York,5,12,Mid-Block,Non Intersection,No Control,Snow,Daylight,Loose Snow,Non-Fatal Injury,SMV Other,D12,30,Brookhaven-Amesbury (30),-79.4917,43.7033,NULL,NULL,N,NULL,NULL,NULL
7000466331,2017,00:00.0,1658,16,BRIMLEY RD,HUNTINGWOOD DR,NULL,1,Scarborough,23,42,Intersection,At Intersection,Traffic Signal,Clear,Daylight,Dry,Non-Fatal Injury,Angle,D42,129,Agincourt North (129),-79.2733,43.7983,NULL,NULL,N,NULL,NULL,NULL
1114016,2009,00:00.0,1859,18,MCCULLOCH AVE,1 AUTUMN AVE,NULL,4,Etobicoke York,1,23,Mid-Block,NULL,No Control,Clear,Daylight,Dry,Non-Fatal Injury,Sideswipe,D23,1,West Humber-Clairville (1),-79.5724,43.7014,NULL,NULL,N,NULL,NULL,NULL
7001544325,2017,00:00.0,1055,10,3738 ST CLAIR AVE E,NULL,NULL,3,Scarborough,20,41,Mid-Block,Non Intersection,No Control,Clear,Daylight,Dry,Fatal,SMV Other,D41,123,Cliffcrest (123),-79.243,43.7204,NULL,NULL,N,NULL,NULL,NULL
1057950,2008,00:00.0,1220,12,BAY ST,DAVENPORT RD,NULL,1,Toronto and East York,11,53,Intersection,At Intersection,Traffic Signal,Clear,Daylight,Dry,Non-Fatal Injury,Pedestrian Collisions,D53,95,Annex (95),-79.3907,43.6731,NULL,NULL,N,NULL,NULL,NULL
6002208039,2016,00:00.0,1440,14,MIDLAND AVE,KILCULLEN CASTLE GT,NULL,1,Scarborough,NULL,42,Mid-Block,Non Intersection,No Control,Clear,Daylight,Dry,Fatal,Pedestrian Collisions,D42,129,Agincourt North (129),-79.2906,43.8111,NULL,NULL,N,NULL,NULL,NULL