ACCNUM,YEAR,DATE,TIME,HOUR,STREET1,STREET2,OFFSET,ROAD_CLASS,DISTRICT,WARDNUM,DIVISION,LOCCOORD,ACCLOC,TRAFFCTL,VISIBILITY,LIGHT,RDSFCOND,ACCLASS,IMPACTYPE,POLICE_DIVISION,HOOD_ID,NEIGHBOURHOOD,collision_lat,collision_long,red_light_lat,red_light_long,right_light_camera,LINEAR_NAME_FULL_1,LINEAR_NAME_FULL_2,ACTIVATION_DATE
1085413,2009,00:00.0,2140,21,MCLEVIN Aven,FAWCETT Trai,NULL,2,Scarborough,25,42,Intersection,At Intersection,Stop Sign,Other,Dark,Wet,Non-Fatal Injury,Angle,D42,132,Malvern (132),-79.2064,43.8083,NULL,NULL,N,NULL,NULL,NULL
6002081357,2016,00:00.0,1515,15,CENTENNIAL PARK BLVD,EGLINTON AVE W,NULL,1,Etobicoke York,2,22,Intersection,At Intersection,Traffic Signal,Clear,Daylight,Dry,Non-Fatal Injury,Turning Movement,D22,11,Eringate-Centennial-West Deane (11),-79.5983,43.6557,NULL,NULL,N,NULL,NULL,NULL
1093852,2009,00:00.0,1444,14,DUFFERIN ST,BANK ST,NULL,3,Toronto and East York,9,NULL,Intersection,NULL,No Control,Clear,Daylight,Dry,Non-Fatal Injury,Approaching,D14,84,Little Portugal (84),-79.4306,43.6477,NULL,NULL,N,NULL,NULL,NULL
7000036465,2017,00:00.0,16,0,DUFFERIN ST,STEELES AVE W,NULL,1,North York,6,32,Intersection,At Intersection,Traffic Signal,Clear,"Dark, artificial",Dry,Non-Fatal Injury,Angle,D32,34,Bathurst Manor (34),-79.47,43.7872,-79.47,43.7872,Y,Steeles Ave W,Dufferin St,2018-09-05
1025610,2008,00:00.0,1331,13,EGLINTON AVE W,SCARLETT RD,NULL,1,Etobicoke York,5,12,Mid-Block,At Intersection,No Control,Clear,Daylight,Dry,Non-Fatal Injury,SMV Other,D12,115,Mount Dennis (115),-79.508,43.6845,NULL,NULL,N,NULL,NULL,NULL
1096330,2009,00:00.0,2128,21,FRONT ST W,BLUE JAYS WAY,NULL,3,Toronto and East York,10,52,Intersection,At Intersection,Traffic Signal,Rain,Dark,Wet,Fatal,Pedestrian Collisions,D52,77,Waterfront Communities-The Island (77),-79.3912,43.6434,NULL,NULL,N,NULL,NULL,NULL
1100116,2009,00:00.0,1900,19,185 FIFTH ST,NULL,NULL,4,Etobicoke York,3,22,Mid-Block,NULL,No Control,Clear,Daylight,Dry,Non-Fatal Injury,SMV Other,D22,18,New Toronto (18),-79.5038,43.6032,NULL,NULL,N,NULL,NULL,NULL
1026843,2008,00:00.0,920,9,SCARLETT RD,RICHVIEW RD,NULL,1,Etobicoke York,2,23,Intersection,NULL,Stop Sign,Clear,Daylight,Packed Snow,Fatal,Turning Movement,D23,8,Humber Heights-Westmount (8),-79.5124,43.6855,NULL,NULL,N,NULL,NULL,NULL
1026958,2008,00:00.0,2253,22,SHEPPARD AVE W,JOHN DRURY DR,NULL,1,North York,6,31,Mid-Block,NULL,No Control,Clear,Dark,Dry,Non-Fatal Injury,Approaching,D31,26,Downsview-Roding-CFB (26),-79.4827,43.749,NULL,NULL,N,NULL,NULL,NULL
1029779,2008,00:00.0,2219,22,KING ST W,UNIVERSITY AVE,NULL,1,Toronto and East York,10,52,Intersection,NULL,Traffic Signal,Clear,Dark,Dry,Non-Fatal Injury,Rear End,D52,76,Bay Street Corridor (76),-79.3847,43.6476,NULL,NULL,N,NULL,NULL,NULL
1100819,2009,00:00.0,45,0,FINCH Aven W,HIGHWAY 427  N,NULL,1,Etobicoke York,1,23,Mid-Block,At Intersection,No Control,Freezing Rain,Dark,Ice,Non-Fatal Injury,SMV Other,D23,1,West Humber-Clairville (1),-79.6261,43.7343,NULL,NULL,N,NULL,NULL,NULL
1033112,2008,00:00.0,244,2,OSSINGTON AVE,COLLEGE ST,NULL,1,Toronto and East York,NULL,14,Intersection,NULL,Traffic Signal,Rain,Dark,Wet,Fatal,Pedestrian Collisions,D14,81,Trinity-Bellwoods (81),-79.4226,43.6543,NULL,NULL,N,NULL,NULL,NULL
1034749,2008,00:00.0,1110,11,LAMBTON AVE,WESTON RD,NULL,3,Etobicoke York,5,12,Intersection,At Intersection,Traffic Signal,Clear,Daylight,Dry,Non-Fatal Injury,Rear End,D12,111,Rockcliffe-Smythe (111),-79.4839,43.6842,NULL,NULL,N,NULL,NULL,NULL
1040090,2008,00:00.0,1125,11,1835 YONGE ST,NULL,NULL,1,Toronto and East York,12,53,Mid-Block,NULL,No Control,Clear,Daylight,Dry,Non-Fatal Injury,Approaching,D53,104,Mount Pleasant West (104),-79.3963,43.6966,NULL,NULL,N,NULL,NULL,NULL
1086335,2009,00:00.0,831,8,380 CARLINGVIEW DR,NULL,NULL,1,Etobicoke York,1,23,Mid-Block,NULL,No Control,Clear,Daylight,Dry,Non-Fatal Injury,Turning Movement,D23,1,West Humber-Clairville (1),-79.5993,43.6953,NULL,NULL,N,NULL,NULL,NULL
1096633,2009,00:00.0,2337,23,1749 JANE ST,NULL,NULL,1,Etobicoke York,5,12,Mid-Block,At Intersection,No Control,Clear,Dark,Dry,Non-Fatal Injury,Pedestrian Collisions,D12,28,Rustic (28),-79.5042,43.7047,NULL,NULL,N,NULL,NULL,NULL
1097433,2009,00:00.0,1143,11,VICTORIA PARK AVE,FARM GREENWAY,NULL,1,North York,NULL,NULL,Mid-Block,NULL,No Control,Clear,Daylight,Dry,Non-Fatal Injury,SMV Other,D41,119,Wexford/Maryvale (119),-79.3178,43.7638,NULL,NULL,N,NULL,NULL,NULL
1085959,2009,00:00.0,1610,16,FINCH AVE W,WESTON RD,NULL,1,Etobicoke York,7,31,Intersection,At Intersection,Traffic Signal,Clear,Daylight,Dry,Fatal,Pedestrian Collisions,D31,22,Humbermede (22),-79.5423,43.752,NULL,NULL,N,NULL,NULL,NULL
1110888,2009,00:00.0,835,8,WELLINGTON ST W,YORK ST,NULL,3,Toronto and East York,10,52,Intersection,At Intersection,Traffic Signal,Clear,Daylight,Dry,Non-Fatal Injury,Cyclist Collisions,D52,76,Bay Street Corridor (76),-79.3829,43.6465,NULL,NULL,N,NULL,NULL,NULL
1128166,2009,00:00.0,1142,11,741 KENNEDY RD,NULL,NULL,1,Scarborough,20,41,Intersection,NULL,No Control,Clear,Daylight,Dry,Non-Fatal Injury,Pedestrian Collisions,D41,124,Kennedy Park (124),-79.2675,43.7311,NULL,NULL,N,NULL,NULL,NULL
1128346,2009,00:00.0,1501,15,QUEEN ST E,MUNRO PARK AVE,NULL,3,Toronto and East York,19,55,Intersection,At Intersection,No Control,Clear,Daylight,Dry,Non-Fatal Injury,Turning Movement,D55,63,The Beaches (63),-79.2834,43.6734,NULL,NULL,N,NULL,NULL,NULL
1118994,2009,00:00.0,1455,14,YONGE ST,CHAPLIN CRES,NULL,1,Toronto and East York,12,53,Intersection,NULL,Traffic Signal,Clear,Daylight,Dry,Non-Fatal Injury,Pedestrian Collisions,D53,104,Mount Pleasant West (104),-79.3965,43.6982,NULL,NULL,N,NULL,NULL,NULL
1107709,2009,00:00.0,1729,17,610 VAUGHAN RD,NULL,NULL,3,Toronto and East York,12,13,Mid-Block,NULL,No Control,Clear,Daylight,Dry,Non-Fatal Injury,Pedestrian Collisions,D13,107,Oakwood Village (107),-79.4394,43.6918,NULL,NULL,N,NULL,NULL,NULL
1079671,2009,00:00.0,1349,13,SHEPPARD AVE E,REAN DR,NULL,1,North York,17,33,Intersection,At Intersection,Traffic Signal,Clear,Daylight,Dry,Fatal,Pedestrian Collisions,D33,52,Bayview Village (52),-79.383,43.7677,NULL,NULL,N,NULL,NULL,NULL
1106578,2009,00:00.0,1100,11,TRETHEWEY DR,BROOKHAVEN DR,NULL,3,Etobicoke York,5,12,Intersection,At Intersection,No Control,Clear,Daylight,Dry,Non-Fatal Injury,Turning Movement,D12,30,Brookhaven-Amesbury (30),-79.4938,43.6969,NULL,NULL,N,NULL,NULL,NULL
1106499,2009,00:00.0,1534,15,DIXON ROAD,KELFIELD ST,NULL,1,Etobicoke York,1,23,Intersection,At Intersection,Traffic Signal,Rain,Daylight,Wet,Non-Fatal Injury,SMV Other,D23,1,West Humber-Clairville (1),-79.577,43.6902,NULL,NULL,N,NULL,NULL,NULL
1108100,2009,00:00.0,1750,17,EVANS Ave,ISLINGTON Ave,NULL,1,Etobicoke York,3,22,Intersection,At Intersection,Traffic Signal,Clear,Daylight,Dry,Non-Fatal Injury,Angle,D22,17,Mimico (17),-79.5112,43.6183,NULL,NULL,N,NULL,NULL,NULL
1108048,2009,00:00.0,1100,11,4175 LAWRENCE AVE E,NULL,NULL,1,Scarborough,24,43,Mid-Block,NULL,No Control,Clear,Daylight,Dry,Non-Fatal Injury,Pedestrian Collisions,D43,136,West Hill (136),-79.1876,43.768,NULL,NULL,N,NULL,NULL,NULL
1109010,2009,00:00.0,1646,16,KINGSTON Road,OLD KINGSTON Road,NULL,3,Scarborough,25,43,Intersection,At Intersection,Traffic Signal,Clear,Daylight,Dry,Non-Fatal Injury,Turning Movement,D43,133,Centennial Scarborough (133),-79.1687,43.7845,NULL,NULL,N,NULL,NULL,NULL
1081545,2009,00:00.0,1108,11,PASSMORE AVE,MIDLAND AVE,NULL,1,Scarborough,NULL,42,Intersection,At Intersection,Traffic Signal,Clear,Daylight,Dry,Non-Fatal Injury,SMV Other,D42,130,Milliken (130),-79.2948,43.8207,NULL,NULL,N,NULL,NULL,NULL
1084902,2009,00:00.0,2119,21,THE EAST MALL,EVANS Aven,NULL,1,Etobicoke York,3,22,Intersection,NULL,No Control,Clear,Dark,Loose Snow,Non-Fatal Injury,SMV Other,D22,20,Alderwood (20),-79.5437,43.6118,NULL,NULL,N,NULL,NULL,NULL
1124210,2009,00:00.0,745,7,YONGE ST,MILL ST,NULL,1,North York,NULL,32,Intersection,At Intersection,Traffic Signal,Clear,Daylight,Dry,Non-Fatal Injury,SMV Other,D32,41,Bridle Path-Sunnybrook-York Mills (41),-79.4058,43.7403,NULL,NULL,N,NULL,NULL,NULL
1111516,2009,00:00.0,252,2,BARTON Ave,CHRISTIE St,NULL,3,Toronto and East York,11,14,Intersection,NULL,No Control,Clear,Dark,Dry,Non-Fatal Injury,SMV Other,D14,95,Annex (95),-79.4195,43.6665,NULL,NULL,N,NULL,NULL,NULL
1100910,2009,00:00.0,1730,17,77 BOSTON AVE,NULL,NULL,4,Toronto and East York,14,55,Mid-Block,NULL,No Control,Clear,Daylight,Dry,Non-Fatal Injury,Pedestrian Collisions,D55,70,South Riverdale (70),-79.3396,43.6635,NULL,NULL,N,NULL,NULL,NULL
1115921,2009,00:00.0,1030,10,MANNING AVE,BLOOR ST W,NULL,1,Toronto and East York,11,14,Intersection,NULL,Traffic Signal,Clear,Daylight,Dry,Non-Fatal Injury,Pedestrian Collisions,D14,95,Annex (95),-79.416,43.6642,NULL,NULL,N,NULL,NULL,NULL
1095466,2009,00:00.0,730,7,KENNEDY RD,401 C W KENNEDY S RAMP RD,NULL,1,Scarborough,22,42,Intersection,At Intersection,Traffic Signal,Clear,Daylight,Dry,Non-Fatal Injury,Angle,D42,128,Agincourt South-Malvern West (128),-79.2851,43.7763,NULL,NULL,N,NULL,NULL,NULL
1092352,2009,00:00.0,1042,10,RELMAR RD,LONSDALE RD,NULL,4,Toronto and East York,12,13,Intersection,At Intersection,Stop Sign,Clear,Daylight,Dry,Non-Fatal Injury,Pedestrian Collisions,D13,101,Forest Hill South (101),-79.4138,43.6883,NULL,NULL,N,NULL,NULL,NULL
1110667,2009,00:00.0,2135,21,675 ANNETTE Stre,NULL,NULL,3,Toronto and East York,4,11,Mid-Block,NULL,No Control,Clear,Dark,Dry,Non-Fatal Injury,Cyclist Collisions,D11,89,Runnymede-Bloor West Village (89),-79.4842,43.659,NULL,NULL,N,NULL,NULL,NULL
1120288,2009,00:00.0,2355,23,1144 ROYAL YORK RD,NULL,NULL,3,Etobicoke York,2,22,Mid-Block,NULL,No Control,Clear,Dark,Dry,Non-Fatal Injury,Pedestrian Collisions,D22,9,Edenbridge-Humber Valley (9),-79.5173,43.661,NULL,NULL,N,NULL,NULL,NULL
1127797,2009,00:00.0,2111,21,OVERLEA Boul,THORNCLIFFE PARK Driv,NULL,1,North York,15,53,Mid-Block,NULL,No Control,Clear,Dark,Dry,Non-Fatal Injury,Pedestrian Collisions,D53,55,Thorncliffe Park (55),-79.3428,43.7076,NULL,NULL,N,NULL,NULL,NULL
1070099,2008,00:00.0,1620,16,EGLINTON AVE E,LEBOVIC AVE,NULL,1,Scarborough,NULL,41,Intersection,At Intersection,No Control,Rain,Daylight,Wet,Non-Fatal Injury,Pedestrian Collisions,D41,120,Clairlea-Birchmount (120),-79.2914,43.7269,NULL,NULL,N,NULL,NULL,NULL
1107567,2009,00:00.0,1743,17,WOODBINE AVE,DANFORTH AVE,NULL,1,Toronto and East York,19,NULL,Intersection,At Intersection,Traffic Signal,Clear,Daylight,Dry,Non-Fatal Injury,SMV Other,D55,62,East End-Danforth (62),-79.3127,43.6856,NULL,NULL,N,NULL,NULL,NULL
1110977,2009,00:00.0,2144,21,WILLIAM R ALLEN RD S,RIDELLE AVE,NULL,NULL,North York,8,13,Mid-Block,NULL,No Control,Clear,Dark,Dry,Non-Fatal Injury,Rear End,D13,31,Yorkdale-Glen Park (31),-79.439,43.7057,NULL,NULL,N,NULL,NULL,NULL
1096493,2009,00:00.0,1318,13,ROGERS RD,NORTHCLIFFE BLVD,NULL,3,Toronto and East York,NULL,13,Mid-Block,NULL,No Control,Rain,Daylight,Wet,Non-Fatal Injury,Pedestrian Collisions,D13,107,Oakwood Village (107),-79.4432,43.6861,NULL,NULL,N,NULL,NULL,NULL
1071740,2008,00:00.0,1725,17,167 CLEARBROOKE CRCL,NULL,NULL,4,Etobicoke York,1,23,Mid-Block,NULL,No Control,Clear,Daylight,Dry,Non-Fatal Injury,SMV Unattended Vehicle,D23,4,Rexdale-Kipling (4),-79.5677,43.7213,NULL,NULL,N,NULL,NULL,NULL
1071508,2008,00:00.0,840,8,THE WEST MALL,RATHBURN RD,NULL,3,Etobicoke York,2,22,Intersection,At Intersection,Traffic Signal,Clear,Daylight,Dry,Non-Fatal Injury,Pedestrian Collisions,D22,11,Eringate-Centennial-West Deane (11),-79.5724,43.653,NULL,NULL,N,NULL,NULL,NULL
1122274,2009,00:00.0,731,7,MARTIN GROVE RD,BETHRIDGE RD,NULL,1,Etobicoke York,1,23,Mid-Block,NULL,No Control,Clear,Daylight,Dry,Non-Fatal Injury,Approaching,D23,1,West Humber-Clairville (1),-79.5803,43.7122,NULL,NULL,N,NULL,NULL,NULL
1122468,2009,00:00.0,1230,12,WINCOTT DR,SHEFFLEY CRES,NULL,2,Etobicoke York,2,23,Mid-Block,NULL,No Control,Clear,Daylight,Dry,Non-Fatal Injury,Cyclist Collisions,D23,7,Willowridge-Martingrove-Richview (7),-79.5491,43.6864,NULL,NULL,N,NULL,NULL,NULL
8001558608,2018,00:00.0,1455,14,FIRGROVE CRES,JANE ST,13 m East of,1,North York,7,31,Intersection,At Intersection,Traffic Signal,Clear,Daylight,Dry,Non-Fatal Injury,Pedestrian Collisions,D31,25,Glenfield-Jane Heights (25),-79.517,43.7547,NULL,NULL,N,NULL,NULL,NULL
1069315,2008,00:00.0,720,7,PHARMACY AVE,STEELES AVE E,NULL,1,Scarborough,22,42,Intersection,At Intersection,Traffic Signal,Clear,Daylight,Dry,Fatal,Pedestrian Collisions,D42,116,Steeles (116),-79.3364,43.8168,NULL,NULL,N,NULL,NULL,NULL
8001644149,2018,00:00.0,1405,14,TWENTY SIXTH ST,LABURNHAM AVE,17 meters south,4,Etobicoke York,3,22,Mid-Block,Non Intersection,No Control,Clear,Daylight,Dry,Fatal,Pedestrian Collisions,D22,19,Long Branch (19),-79.5256,43.5993,NULL,NULL,N,NULL,NULL,NULL
7001788556,2017,00:00.0,1925,19,STEELES AVE E,LAURELEAF RD S,NULL,1,North York,17,33,Intersection,At Intersection,Traffic Signal,Clear,"Dark, artificial",Dry,Non-Fatal Injury,Pedestrian Collisions,D33,49,Bayview Woods-Steeles (49),-79.3857,43.8054,NULL,NULL,N,NULL,NULL,NULL
7001209887,2017,00:00.0,1547,15,DANFORTH AVE,MAIN ST,90 m West of,1,Toronto and East York,19,NULL,Mid-Block,At/Near Private Drive,No Control,Clear,Daylight,Dry,Non-Fatal Injury,Cyclist Collisions,D55,62,East End-Danforth (62),-79.3025,43.6879,NULL,NULL,N,NULL,NULL,NULL
8001644533,2018,00:00.0,1500,15,OLD WESTON RD,JUNCTION RD,NULL,2,Etobicoke York,NULL,11,Intersection,Intersection Related,No Control,Clear,Daylight,Dry,Non-Fatal Injury,Pedestrian Collisions,D11,91,Weston-Pellam Park (91),-79.4616,43.6687,NULL,NULL,N,NULL,NULL,NULL
8000438104,2018,00:00.0,1745,17,WESTON RD,DENISON RD W,3 m East of,3,Etobicoke York,5,12,Intersection,At Intersection,Traffic Signal,Clear,Daylight,Dry,Non-Fatal Injury,Turning Movement,D12,113,Weston (113),-79.5081,43.6961,NULL,NULL,N,NULL,NULL,NULL
1113959,2009,00:00.0,1825,18,FRONT ST W,SPADINA AVE,NULL,1,Toronto and East York,10,NULL,Intersection,At Intersection,Traffic Signal,Clear,Daylight,Dry,Non-Fatal Injury,Cyclist Collisions,D52,77,Waterfront Communities-The Island (77),-79.3938,43.6427,NULL,NULL,N,NULL,NULL,NULL
7003222099,2017,00:00.0,1735,17,EGLINTON AVE W,WESTON RD,NULL,1,Etobicoke York,5,12,Mid-Block,Non Intersection,No Control,Clear,Daylight,Wet,Fatal,Pedestrian Collisions,D12,115,Mount Dennis (115),-79.4951,43.6854,NULL,NULL,N,NULL,NULL,NULL
7001690052,2017,00:00.0,2358,23,LAKE SHORE BLVD W,REMEMBRANCE DR,NULL,1,Toronto and East York,10,14,Intersection,At Intersection,Traffic Signal,Clear,"Dark, artificial",Dry,Non-Fatal Injury,Cyclist Collisions,D14,82,Niagara (82),-79.4197,43.6303,NULL,NULL,N,NULL,NULL,NULL
7001722344,2017,00:00.0,1632,16,SCARLETT  RD,EAST DR,NULL,3,Etobicoke York,5,12,Intersection,At Intersection,Traffic Signal,Clear,Daylight,Dry,Non-Fatal Injury,Turning Movement,D12,111,Rockcliffe-Smythe (111),-79.5059,43.6767,NULL,NULL,N,NULL,NULL,NULL
948014,2006,00:00.0,1848,18,2540 EGLINTON AVE E,NULL,NULL,1,Scarborough,NULL,41,Mid-Block,NULL,No Control,Rain,Dark,Wet,Non-Fatal Injury,Pedestrian Collisions,D41,124,Kennedy Park (124),-79.256,43.7349,NULL,NULL,N,NULL,NULL,NULL
4003544666,2014,00:00.0,1800,18,ALTON TOWERS CRCL,INGLETON BLVD,NULL,2,Scarborough,23,42,Intersection,At Intersection,Pedestrian Crossover,Rain,"Dark, artificial",Wet,Non-Fatal Injury,Pedestrian Collisions,D42,130,Milliken (130),-79.2724,43.8229,NULL,NULL,N,NULL,NULL,NULL
4003549384,2014,00:00.0,2150,21,MCCOWAN RD,STEELES AVE E,NULL,1,Scarborough,23,42,Intersection,Intersection Related,Traffic Signal,Clear,"Dark, artificial",Dry,Non-Fatal Injury,Turning Movement,D42,130,Milliken (130),-79.2751,43.8309,NULL,NULL,N,NULL,NULL,NULL
969872,2007,00:00.0,2108,21,LAWRENCE AVE W,BRUCEWOOD CRES,NULL,1,North York,8,NULL,Intersection,At Intersection,Traffic Signal,Clear,Dark,Wet,Non-Fatal Injury,Turning Movement,D13,32,Englemount-Lawrence (32),-79.4329,43.7184,NULL,NULL,N,NULL,NULL,NULL
951904,2007,00:00.0,142,1,F G GARDINER XY Expr E,KIPLING AVE,NULL,NULL,Etobicoke York,3,22,Mid-Block,NULL,No Control,Rain,Dark,Wet,Non-Fatal Injury,SMV Other,D22,17,Mimico (17),-79.5248,43.6179,NULL,NULL,N,NULL,NULL,NULL
947143,2006,00:00.0,2248,22,VICTORIA PARK AVE,HUNTINGWOOD DR,NULL,1,North York,NULL,NULL,Intersection,At Intersection,Traffic Signal,Drifting Snow,Dark,Wet,Non-Fatal Injury,Pedestrian Collisions,D42,117,L'Amoreaux (117),-79.3253,43.7803,NULL,NULL,N,NULL,NULL,NULL
940627,2006,00:00.0,1517,15,WHITEWOOD RD,DAVISVILLE AVE,NULL,2,North York,15,53,Intersection,NULL,No Control,Clear,Daylight,Dry,Non-Fatal Injury,Pedestrian Collisions,D53,99,Mount Pleasant East (99),-79.3752,43.7027,NULL,NULL,N,NULL,NULL,NULL
956782,2007,00:00.0,300,3,DON VALLEY PARKWAY  N,SPANBRIDGE RD,NULL,NULL,North York,16,54,Mid-Block,NULL,No Control,Clear,Dark,Dry,Non-Fatal Injury,SMV Other,D54,44,Flemingdon Park (44),-79.3251,43.7153,NULL,NULL,N,NULL,NULL,NULL
963932,2007,00:00.0,1200,12,DUNDAS ST W,GROVE AVE,NULL,3,Toronto and East York,NULL,14,Intersection,NULL,No Control,Clear,Daylight,Dry,Non-Fatal Injury,Pedestrian Collisions,D14,81,Trinity-Bellwoods (81),-79.4232,43.6493,NULL,NULL,N,NULL,NULL,NULL
962798,2007,00:00.0,1444,14,WILSON AVE,FAYWOOD BLVD,NULL,1,North York,6,32,Mid-Block,NULL,No Control,Clear,Daylight,Dry,Non-Fatal Injury,Rear End,D32,33,Clanton Park (33),-79.4459,43.7348,NULL,NULL,N,NULL,NULL,NULL
961870,2007,00:00.0,2120,21,YONGE ST,SCRIVENER SQ,NULL,1,Toronto and East York,11,53,Intersection,At Intersection,No Control,Clear,Dark,Dry,Fatal,Pedestrian Collisions,D53,98,Rosedale-Moore Park (98),-79.3909,43.6804,NULL,NULL,N,NULL,NULL,NULL
950150,2007,00:00.0,1751,17,648 OLD WESTON RD,NULL,NULL,3,Toronto and East York,9,12,Mid-Block,NULL,No Control,Clear,Dark,Wet,Non-Fatal Injury,Pedestrian Collisions,D12,91,Weston-Pellam Park (91),-79.4653,43.6795,NULL,NULL,N,NULL,NULL,NULL
957573,2007,00:00.0,1957,19,EGLINTON AVE W,OAKWOOD AVE,NULL,1,North York,NULL,13,Intersection,At Intersection,Traffic Signal,Clear,Dark,Dry,Non-Fatal Injury,Pedestrian Collisions,D13,107,Oakwood Village (107),-79.4427,43.6972,NULL,NULL,N,NULL,NULL,NULL
968074,2007,00:00.0,751,7,SHEPPARD AVE E,BESSARION RD,NULL,1,North York,17,33,Intersection,At Intersection,Traffic Signal,Clear,Daylight,Dry,Non-Fatal Injury,Angle,D33,52,Bayview Village (52),-79.3765,43.7691,NULL,NULL,N,NULL,NULL,NULL
949483,2007,00:00.0,1331,13,DUFFERIN ST,KING ST W,NULL,1,Toronto and East York,NULL,14,Intersection,NULL,Traffic Signal,Clear,Daylight,Dry,Non-Fatal Injury,Pedestrian Collisions,D14,85,South Parkdale (85),-79.4273,43.6389,NULL,NULL,N,NULL,NULL,NULL
5000976277,2015,00:00.0,24,0,FINCH AVE W,TOBERMORY DR,NULL,1,Etobicoke York,7,31,Intersection,At Intersection,Traffic Signal,Clear,"Dark, artificial",Dry,Fatal,Cyclist Collisions,D31,25,Glenfield-Jane Heights (25),-79.5079,43.7592,NULL,NULL,N,NULL,NULL,NULL
932897,2006,00:00.0,850,8,ST CLAIR AVE W,MOULD AVE,NULL,1,Etobicoke York,5,NULL,Intersection,At Intersection,No Control,Clear,Daylight,Dry,Non-Fatal Injury,Rear End,D11,111,Rockcliffe-Smythe (111),-79.4869,43.6681,NULL,NULL,N,NULL,NULL,NULL
929596,2006,00:00.0,1315,13,2440 DUNDAS ST W,NULL,NULL,3,Toronto and East York,4,11,Mid-Block,NULL,No Control,Clear,Daylight,Dry,Non-Fatal Injury,Pedestrian Collisions,D11,88,High Park North (88),-79.453,43.6585,NULL,NULL,N,NULL,NULL,NULL
925612,2006,00:00.0,1408,14,STEELES AVE W,BLACK HAWKWAY,NULL,1,North York,6,32,Intersection,At Intersection,Traffic Signal,Clear,Daylight,Dry,Non-Fatal Injury,Pedestrian Collisions,D32,35,Westminster-Branson (35),-79.4575,43.7898,NULL,NULL,N,NULL,NULL,NULL
944952,2006,00:00.0,1405,14,YONGE ST,WANLESS AVE,NULL,1,North York,NULL,32,Intersection,At Intersection,Stop Sign,Clear,Daylight,Dry,Non-Fatal Injury,Pedestrian Collisions,D32,105,Lawrence Park North (105),-79.4024,43.7262,NULL,NULL,N,NULL,NULL,NULL
944497,2006,00:00.0,1200,12,CHURCH ST,LOMBARD ST,NULL,1,Toronto and East York,13,51,Mid-Block,NULL,No Control,Rain,Daylight,Wet,Non-Fatal Injury,Approaching,D51,75,Church-Yonge Corridor (75),-79.375,43.6514,NULL,NULL,N,NULL,NULL,NULL
932797,2006,00:00.0,1042,10,RIVERSIDE DR,RIVERSIDE TRL,NULL,4,Toronto and East York,4,11,Mid-Block,NULL,No Control,Rain,Daylight,Wet,Non-Fatal Injury,SMV Other,D11,87,High Park-Swansea (87),-79.4848,43.6435,NULL,NULL,N,NULL,NULL,NULL
953178,2007,00:00.0,700,7,MCNICOLL AVE,WARDEN AVE,NULL,3,Scarborough,22,42,Mid-Block,NULL,No Control,Snow,Dark,Packed Snow,Fatal,Pedestrian Collisions,D42,116,Steeles (116),-79.3221,43.806,NULL,NULL,N,NULL,NULL,NULL
930469,2006,00:00.0,1443,14,EGLINTON AVE W,FAIRBANK AVE,NULL,1,North York,NULL,13,Intersection,NULL,No Control,Clear,Daylight,Dry,Non-Fatal Injury,Pedestrian Collisions,D13,108,Briar Hill-Belgravia (108),-79.4527,43.6951,NULL,NULL,N,NULL,NULL,NULL
930555,2006,00:00.0,1453,14,BATHURST ST,FAIRHOLME AVE,NULL,1,North York,8,NULL,Mid-Block,NULL,No Control,Clear,Daylight,Dry,Non-Fatal Injury,Pedestrian Collisions,D53,39,Bedford Park-Nortown (39),-79.4296,43.7189,NULL,NULL,N,NULL,NULL,NULL
955425,2007,00:00.0,334,3,GARDINER X W 427 X N RAMP E,HIGHWAY 427 X Ramp N,NULL,NULL,Etobicoke York,3,22,Mid-Block,NULL,No Control,Clear,Dark,Dry,Non-Fatal Injury,SMV Other,D22,14,Islington-City Centre West (14),-79.5463,43.6145,NULL,NULL,N,NULL,NULL,NULL
1013236,2008,00:00.0,1702,17,AVENUE RD,CARMICHAEL AVE,NULL,1,North York,8,32,Intersection,At Intersection,Traffic Signal,Clear,Dark,Wet,Fatal,Pedestrian Collisions,D32,39,Bedford Park-Nortown (39),-79.4205,43.7375,NULL,NULL,N,NULL,NULL,NULL
929097,2006,00:00.0,1904,19,GATEWAY BLVD,SUNNY GLENWAY,NULL,3,North York,16,54,Intersection,NULL,Pedestrian Crossover,Rain,Dark,Wet,Non-Fatal Injury,Pedestrian Collisions,D54,44,Flemingdon Park (44),-79.3311,43.7107,NULL,NULL,N,NULL,NULL,NULL
981212,2007,00:00.0,1210,12,OLD KINGSTON RD,MORRISH RD,NULL,3,Scarborough,25,43,Intersection,At Intersection,Stop Sign,Clear,Daylight,Dry,Non-Fatal Injury,SMV Other,D43,133,Centennial Scarborough (133),-79.1706,43.7832,NULL,NULL,N,NULL,NULL,NULL
994868,2007,00:00.0,1053,10,DANFORTH RD,BIRCHMOUNT RD,NULL,3,Scarborough,20,41,Intersection,NULL,Traffic Signal,Clear,Daylight,Dry,Non-Fatal Injury,Cyclist Collisions,D41,120,Clairlea-Birchmount (120),-79.268,43.7069,NULL,NULL,N,NULL,NULL,NULL
1011331,2007,00:00.0,2057,20,QUEEN ST W,DUNN AVE,NULL,1,Toronto and East York,4,NULL,Intersection,At Intersection,Traffic Signal,Clear,Dark,Dry,Non-Fatal Injury,Pedestrian Collisions,D11,86,Roncesvalles (86),-79.4344,43.641,NULL,NULL,N,NULL,NULL,NULL