ACCNUM,YEAR,DATE,TIME,HOUR,STREET1,STREET2,OFFSET,ROAD_CLASS,DISTRICT,WARDNUM,DIVISION,LOCCOORD,ACCLOC,TRAFFCTL,VISIBILITY,LIGHT,RDSFCOND,ACCLASS,IMPACTYPE,POLICE_DIVISION,HOOD_ID,NEIGHBOURHOOD,collision_lat,collision_long,red_light_lat,red_light_long,right_light_camera,LINEAR_NAME_FULL_1,LINEAR_NAME_FULL_2,ACTIVATION_DATE
1002607,2007,00:00.0,1415,14,DANFORTH RD,BIRCHMOUNT RD,NULL,3,Scarborough,20,41,Intersection,At Intersection,Traffic Signal,Clear,Daylight,Wet,Non-Fatal Injury,Pedestrian Collisions,D41,120,Clairlea-Birchmount (120),-79.268,43.7069,NULL,NULL,N,NULL,NULL,NULL
5000754325,2015,00:00.0,1649,16,LAWRENCE AVE W,BRUCEWOOD CRES,1 m North of,1,North York,8,NULL,Intersection,At Intersection,Traffic Signal,Clear,Daylight,Dry,Non-Fatal Injury,Turning Movement,D13,32,Englemount-Lawrence (32),-79.4329,43.7184,NULL,NULL,N,NULL,NULL,NULL
993029,2007,00:00.0,855,8,BAYVIEW AVE,SUNNYDENE CRES,NULL,1,North York,15,53,Intersection,NULL,No Control,Clear,Daylight,Dry,Non-Fatal Injury,Pedestrian Collisions,D53,41,Bridle Path-Sunnybrook-York Mills (41),-79.3786,43.7197,NULL,NULL,N,NULL,NULL,NULL
993657,2007,00:00.0,1110,11,10 MUIRHEAD RD,NULL,NULL,4,North York,17,33,Mid-Block,NULL,No Control,Clear,Daylight,Dry,Non-Fatal Injury,Turning Movement,D33,46,Pleasant View (46),-79.3379,43.7785,NULL,NULL,N,NULL,NULL,NULL
5000756568,2015,00:00.0,115,1,ROSEDALE VALLEY RD,BAYVIEW AVE,NULL,3,Toronto and East York,NULL,51,Mid-Block,Non Intersection,No Control,Clear,"Dark, artificial",Dry,Non-Fatal Injury,SMV Other,D51,71,Cabbagetown-South St.James Town (71),-79.3644,43.6711,NULL,NULL,N,NULL,NULL,NULL
5000778695,2015,00:00.0,1058,10,DON VALLEY PARKWAY  S,LEASIDE BDGE,NULL,NULL,Toronto and East York,14,54,Mid-Block,Non Intersection,No Control,Clear,Daylight,Dry,Non-Fatal Injury,Pedestrian Collisions,D54,58,Old East York (58),-79.3484,43.6979,NULL,NULL,N,NULL,NULL,NULL
5000789698,2015,00:00.0,735,7,25 RACINE RD,NULL,5 m North of,2,Etobicoke York,1,23,Mid-Block,At/Near Private Drive,No Control,Clear,Daylight,Dry,Non-Fatal Injury,Turning Movement,D23,1,West Humber-Clairville (1),-79.575,43.7157,NULL,NULL,N,NULL,NULL,NULL
5000804946,2015,00:00.0,1538,15,DUNVEGAN RD,ST CLAIR AVE W,NULL,4,Toronto and East York,12,53,Mid-Block,Non Intersection,No Control,Clear,Daylight,Dry,Non-Fatal Injury,Cyclist Collisions,D53,96,Casa Loma (96),-79.405,43.6867,NULL,NULL,N,NULL,NULL,NULL
4002987190,2014,00:00.0,1153,11,WILSON AVE,BILLY BISHOP WAY,4 m South of,1,North York,6,32,Intersection,At Intersection,Traffic Signal,Clear,Daylight,Dry,Non-Fatal Injury,Cyclist Collisions,D32,33,Clanton Park (33),-79.4528,43.7333,-79.4528,43.7333,Y,Wilson Ave,Transit Rd,2009-08-21
143022510,2014,00:00.0,1620,16,35 IRWIN RD,NULL,NULL,4,Etobicoke York,1,23,Mid-Block,NULL,No Control,Clear,Daylight,Wet,Fatal,SMV Other,D23,5,Elms-Old Rexdale (5),-79.5551,43.7259,NULL,NULL,N,NULL,NULL,NULL
1180110,2010,00:00.0,700,7,GRANTBROOK ST,CHARLTON BLVD,NULL,2,North York,18,32,Intersection,At Intersection,Stop Sign,Clear,Daylight,Dry,Fatal,Angle,D32,36,Newtonbrook West (36),-79.4328,43.7812,NULL,NULL,N,NULL,NULL,NULL
5000058130,2015,00:00.0,338,3,KINGSTON RD,WARDEN AVE,NULL,1,Scarborough,20,41,Intersection,At Intersection,Traffic Signal,Clear,"Dark, artificial",Dry,Non-Fatal Injury,Cyclist Collisions,D41,122,Birchcliffe-Cliffside (122),-79.2709,43.6877,NULL,NULL,N,NULL,NULL,NULL
4003042543,2014,00:00.0,1730,17,PHARMACY AVE,PRINCEWAY DR,55 m North of,3,Scarborough,21,41,Mid-Block,Non Intersection,No Control,Clear,Daylight,Dry,Non-Fatal Injury,Turning Movement,D41,119,Wexford/Maryvale (119),-79.3088,43.7536,NULL,NULL,N,NULL,NULL,NULL
4003073382,2014,00:00.0,1410,14,WARDEN AVE,MARBLE ARCH CRES,NULL,1,Scarborough,21,41,Intersection,Non Intersection,Traffic Signal,Clear,Daylight,Dry,Fatal,Cyclist Collisions,D41,119,Wexford/Maryvale (119),-79.2906,43.7353,NULL,NULL,N,NULL,NULL,NULL
1013128,2007,00:00.0,455,4,YORK ST,BREMNER BLVD,NULL,1,Toronto and East York,10,52,Mid-Block,NULL,No Control,Clear,Dark,Dry,Non-Fatal Injury,Pedestrian Collisions,D52,77,Waterfront Communities-The Island (77),-79.3821,43.6445,NULL,NULL,N,NULL,NULL,NULL
986972,2007,00:00.0,42,0,MCCOWAN RD,CONSILIUM PL,NULL,1,Scarborough,NULL,43,Intersection,At Intersection,Stop Sign,Clear,Dark,Dry,Non-Fatal Injury,SMV Other,D43,137,Woburn (137),-79.2541,43.7795,NULL,NULL,N,NULL,NULL,NULL
1015680,2008,00:00.0,944,9,FINCH AVE E,CHEROKEE BLVD,NULL,1,North York,17,33,Intersection,NULL,Traffic Signal,Clear,Daylight,Dry,Non-Fatal Injury,Pedestrian Collisions,D33,46,Pleasant View (46),-79.3369,43.7935,NULL,NULL,N,NULL,NULL,NULL
5000897044,2015,00:00.0,1109,11,169 KINGSLAKE RD,NULL,NULL,2,North York,17,33,Intersection,At/Near Private Drive,No Control,Clear,Daylight,Dry,Non-Fatal Injury,Other,D33,47,Don Valley Village (47),-79.3437,43.7892,NULL,NULL,N,NULL,NULL,NULL
5000374925,2015,00:00.0,1855,18,FINCH AVE E,SENECA HILL DR,NULL,1,North York,17,33,Intersection,At Intersection,Traffic Signal,Snow,"Dark, artificial",Wet,Non-Fatal Injury,Pedestrian Collisions,D33,47,Don Valley Village (47),-79.3503,43.7935,NULL,NULL,N,NULL,NULL,NULL
5000375108,2015,00:00.0,1935,19,MILLWICK DR,PLUNKETT RD,NULL,3,Etobicoke York,7,31,Intersection,Intersection Related,Traffic Signal,Clear,"Dark, artificial",Dry,Fatal,Pedestrian Collisions,D31,21,Humber Summit (21),-79.57,43.7604,NULL,NULL,N,NULL,NULL,NULL
6001000870,2016,00:00.0,837,8,ADELAIDE ST W,JOHN ST,NULL,1,Toronto and East York,10,52,Intersection,Intersection Related,Traffic Signal,Clear,Daylight,Dry,Non-Fatal Injury,Cyclist Collisions,D52,77,Waterfront Communities-The Island (77),-79.3902,43.6478,NULL,NULL,N,NULL,NULL,NULL
6001035189,2016,00:00.0,1246,12,58 THE ESPLANADE,NULL,45 m West of,2,Toronto and East York,NULL,51,Mid-Block,Non Intersection,No Control,Clear,Daylight,Dry,Non-Fatal Injury,Cyclist Collisions,D51,77,Waterfront Communities-The Island (77),-79.3741,43.6469,NULL,NULL,N,NULL,NULL,NULL
4002919707,2014,00:00.0,932,9,DVP S DON MILLS S RAMP RD,DON MILLS RD,10 m South of,1,Toronto and East York,14,54,Mid-Block,Overpass or Bridge,No Control,Clear,Daylight,Dry,Non-Fatal Injury,SMV Other,D54,58,Old East York (58),-79.3377,43.7002,NULL,NULL,N,NULL,NULL,NULL
4002973094,2014,00:00.0,1130,11,BANBURY RD,LAWRENCE AVE E,10 m North of,2,North York,15,33,Intersection,Non Intersection,No Control,Clear,Daylight,Dry,Non-Fatal Injury,SMV Other,D33,42,Banbury-Don Mills (42),-79.3574,43.7351,NULL,NULL,N,NULL,NULL,NULL
6000477912,2016,00:00.0,303,3,BAY ST,WELLINGTON ST W,NULL,1,Toronto and East York,NULL,52,Intersection,At Intersection,Traffic Signal,Clear,"Dark, artificial",Dry,Non-Fatal Injury,Angle,D52,76,Bay Street Corridor (76),-79.3797,43.6473,NULL,NULL,N,NULL,NULL,NULL
6001470144,2016,00:00.0,1948,19,CONLINS RD,MILNER AVE,139 m South of,2,Scarborough,25,42,Mid-Block,Non Intersection,No Control,Clear,Daylight,Dry,Non-Fatal Injury,Sideswipe,D42,131,Rouge (131),-79.1882,43.7998,NULL,NULL,N,NULL,NULL,NULL
992822,2007,00:00.0,1330,13,5001 FINCH AVE E,NULL,NULL,1,Scarborough,23,42,Mid-Block,NULL,No Control,Clear,Daylight,Dry,Non-Fatal Injury,Pedestrian Collisions,D42,129,Agincourt North (129),-79.2678,43.8077,NULL,NULL,N,NULL,NULL,NULL
6001283246,2016,00:00.0,2127,21,THE EAST MALL,RATHBURN RD,137 m South of,3,Etobicoke York,2,22,Mid-Block,Non Intersection,No Control,Clear,"Dark, artificial",Dry,Non-Fatal Injury,Cyclist Collisions,D22,14,Islington-City Centre West (14),-79.5634,43.6532,NULL,NULL,N,NULL,NULL,NULL
6001479157,2016,00:00.0,634,6,FINCH AVE E,TRUDY RD,5 m West of,1,North York,17,33,Intersection,Intersection Related,No Control,Clear,Daylight,Dry,Non-Fatal Injury,SMV Other,D33,47,Don Valley Village (47),-79.363,43.7907,NULL,NULL,N,NULL,NULL,NULL
6001481386,2016,00:00.0,1617,16,ALBION RD,HIGHWAY 27  N,NULL,1,Etobicoke York,1,23,Intersection,At Intersection,Traffic Signal,Clear,Daylight,Dry,Non-Fatal Injury,Turning Movement,D23,1,West Humber-Clairville (1),-79.6075,43.7442,NULL,NULL,N,NULL,NULL,NULL
5000144020,2015,00:00.0,756,7,COLLEGE ST,BROCK AVE,2 m West of,3,Toronto and East York,9,11,Intersection,At Intersection,Traffic Signal,Clear,Daylight,Dry,Fatal,Pedestrian Collisions,D11,83,Dufferin Grove (83),-79.4363,43.6518,NULL,NULL,N,NULL,NULL,NULL
6001431942,2016,00:00.0,2223,22,LAKE SHORE BLVD W,LONG BRANCH AVE,40 m West of,1,Etobicoke York,3,22,Mid-Block,Non Intersection,No Control,Clear,"Dark, artificial",Wet,Non-Fatal Injury,SMV Other,D22,19,Long Branch (19),-79.5345,43.5941,NULL,NULL,N,NULL,NULL,NULL
6001174210,2016,00:00.0,1120,11,ALBION RD,ISLINGTON AVE,NULL,1,Etobicoke York,1,23,Intersection,At Intersection,Traffic Signal,Clear,Daylight,Dry,Fatal,Pedestrian Collisions,D23,3,Thistletown-Beaumond Heights (3),-79.5652,43.7371,NULL,NULL,N,NULL,NULL,NULL
6001210944,2016,00:00.0,2240,22,LAKE SHORE BLVD W,MARINE PARADE DR,NULL,1,Etobicoke York,3,22,Intersection,At Intersection,Traffic Signal,Clear,"Dark, artificial",Dry,Non-Fatal Injury,Pedestrian Collisions,D22,17,Mimico (17),-79.4811,43.6228,NULL,NULL,N,NULL,NULL,NULL
6001446484,2016,00:00.0,917,9,WELLESLEY ST E,PARLIAMENT ST,NULL,3,Toronto and East York,13,51,Intersection,At Intersection,Traffic Signal,Rain,Daylight,Wet,Non-Fatal Injury,Pedestrian Collisions,D51,71,Cabbagetown-South St.James Town (71),-79.3695,43.6681,NULL,NULL,N,NULL,NULL,NULL
6000923025,2016,00:00.0,1800,18,THE WEST MALL,WESTSIDE DR,NULL,3,Etobicoke York,3,22,Mid-Block,Non Intersection,No Control,Clear,Daylight,Dry,Fatal,Approaching,D22,14,Islington-City Centre West (14),-79.5644,43.6187,NULL,NULL,N,NULL,NULL,NULL
6001039195,2016,00:00.0,37,0,LAWRENCE AVE E,VALPARAISO AVE,NULL,1,Scarborough,21,43,Mid-Block,Non Intersection,No Control,Clear,"Dark, artificial",Dry,Fatal,Pedestrian Collisions,D43,127,Bendale (127),-79.2474,43.7551,NULL,NULL,N,NULL,NULL,NULL
6000754658,2016,00:00.0,605,6,OAKWOOD AVE,GLENHURST AVE,NULL,3,Toronto and East York,9,13,Intersection,At Intersection,No Control,Clear,"Dawn, artificial",Dry,Non-Fatal Injury,Turning Movement,D13,107,Oakwood Village (107),-79.4365,43.6817,NULL,NULL,N,NULL,NULL,NULL
6001283633,2016,00:00.0,2247,22,JARVIS ST,DUNDAS ST E,7 m North of,1,Toronto and East York,13,51,Intersection,Intersection Related,No Control,Clear,"Dusk, artificial",Dry,Non-Fatal Injury,Pedestrian Collisions,D51,73,Moss Park (73),-79.3745,43.6569,NULL,NULL,N,NULL,NULL,NULL
6000869081,2016,00:00.0,1430,14,EGLINTON AVE W,OAKWOOD AVE,NULL,1,North York,NULL,13,Intersection,At Intersection,Traffic Signal,Clear,"Daylight, artificial",Dry,Non-Fatal Injury,Pedestrian Collisions,D13,107,Oakwood Village (107),-79.4427,43.6972,NULL,NULL,N,NULL,NULL,NULL
5002186255,2015,00:00.0,1720,17,1145 DANFORTH AVE,NULL,NULL,1,Toronto and East York,14,NULL,Mid-Block,Non Intersection,No Control,Rain,"Dark, artificial",Wet,Non-Fatal Injury,Pedestrian Collisions,D55,69,Blake-Jones (69),-79.3336,43.6812,NULL,NULL,N,NULL,NULL,NULL
6001551246,2016,00:00.0,1413,14,ROGERS RD,KANE AVE,NULL,3,Etobicoke York,NULL,12,Intersection,Intersection Related,No Control,Clear,Daylight,Dry,Non-Fatal Injury,Cyclist Collisions,D12,110,Keelesdale-Eglinton West (110),-79.4665,43.682,NULL,NULL,N,NULL,NULL,NULL
6000901714,2016,00:00.0,1525,15,182 JAMESON AVE,NULL,3 m East of,3,Toronto and East York,4,14,Intersection,Non Intersection,No Control,Clear,Daylight,Dry,Non-Fatal Injury,Pedestrian Collisions,D14,85,South Parkdale (85),-79.4366,43.6386,NULL,NULL,N,NULL,NULL,NULL
6000920923,2016,00:00.0,1150,11,JANE ST,MAPLE LEAF DR,NULL,1,Etobicoke York,5,12,Intersection,At Intersection,Traffic Signal,Clear,Daylight,Dry,Non-Fatal Injury,Turning Movement,D12,28,Rustic (28),-79.5055,43.7091,NULL,NULL,N,NULL,NULL,NULL
5001910400,2015,00:00.0,1836,18,WILLIAM R ALLEN RD S,WILSON AVE,90 m North of,NULL,North York,6,32,Mid-Block,Non Intersection,No Control,Clear,"Dark, artificial",Dry,Non-Fatal Injury,Rear End,D32,33,Clanton Park (33),-79.4504,43.7348,NULL,NULL,N,NULL,NULL,NULL
6001569976,2016,00:00.0,1400,14,GERRARD ST E,RIVER ST,80 m East of,3,Toronto and East York,13,51,Mid-Block,Non Intersection,No Control,Clear,Daylight,Dry,Non-Fatal Injury,Cyclist Collisions,D51,72,Regent Park (72),-79.3582,43.6639,NULL,NULL,N,NULL,NULL,NULL
6001157650,2016,00:00.0,1812,18,QUEENS QUAY E,BONNYCASTLE ST,65.6 M E of,3,Toronto and East York,10,51,Mid-Block,Non Intersection,No Control,Clear,Daylight,Dry,Fatal,SMV Other,D51,77,Waterfront Communities-The Island (77),-79.3634,43.6458,NULL,NULL,N,NULL,NULL,NULL
5001806026,2015,00:00.0,1250,12,QUEEN ST W,BEACONSFIELD AVE,60 m West of,1,Toronto and East York,9,14,Intersection,Non Intersection,No Control,Clear,Daylight,Dry,Non-Fatal Injury,Cyclist Collisions,D14,84,Little Portugal (84),-79.4248,43.643,NULL,NULL,N,NULL,NULL,NULL
5001804887,2015,00:00.0,923,9,1245 DUPONT ST,NULL,25 m West of,1,Toronto and East York,9,11,Mid-Block,Non Intersection,No Control,Clear,Daylight,Dry,Non-Fatal Injury,Pedestrian Collisions,D11,93,Dovercourt-Wallace Emerson-Junction (93),-79.4418,43.6681,NULL,NULL,N,NULL,NULL,NULL
6000148806,2016,00:00.0,1915,19,OVERLEA BLVD,WILLIAM MORGAN DR,NULL,1,North York,15,53,Intersection,At Intersection,Traffic Signal,Clear,"Dark, artificial",Dry,Non-Fatal Injury,Pedestrian Collisions,D53,55,Thorncliffe Park (55),-79.3413,43.7079,NULL,NULL,N,NULL,NULL,NULL
5001851224,2015,00:00.0,616,6,KIPLING AVE,GREENING CRES,20 m North of,1,Etobicoke York,2,22,Intersection,Non Intersection,No Control,Rain,"Dark, artificial",Wet,Non-Fatal Injury,Pedestrian Collisions,D22,10,Princess-Rosethorn (10),-79.5422,43.6576,NULL,NULL,N,NULL,NULL,NULL
5001874738,2015,00:00.0,2335,23,WOODBINE AVE,STRATHMORE BLVD,NULL,1,Toronto and East York,19,54,Intersection,Intersection Related,No Control,Rain,"Dark, artificial",Wet,Non-Fatal Injury,Turning Movement,D54,60,Woodbine-Lumsden (60),-79.3131,43.6865,NULL,NULL,N,NULL,NULL,NULL
5001982660,2015,00:00.0,40,0,SHEPPARD AVE E,IDAGROVE GT,NULL,1,Scarborough,25,42,Intersection,At Intersection,Traffic Signal,Rain,"Dark, artificial",Wet,Non-Fatal Injury,Pedestrian Collisions,D42,131,Rouge (131),-79.1755,43.8073,NULL,NULL,N,NULL,NULL,NULL
5002054157,2015,00:00.0,1715,17,BATHURST ST,MARMION AVE,7 m East of,1,North York,8,32,Intersection,Intersection Related,No Control,Clear,"Dark, artificial",Dry,Fatal,Pedestrian Collisions,D32,39,Bedford Park-Nortown (39),-79.4314,43.7266,NULL,NULL,N,NULL,NULL,NULL
6001102094,2016,00:00.0,707,7,THE QUEENSWAY,427 C S QUEENSWAY RAMP,200 m West of,1,Etobicoke York,3,22,Mid-Block,Non Intersection,No Control,Clear,Daylight,Dry,Non-Fatal Injury,SMV Other,D22,14,Islington-City Centre West (14),-79.5544,43.6144,NULL,NULL,N,NULL,NULL,NULL
6000548674,2016,00:00.0,2210,22,OAKWOOD AVE,VAUGHAN RD,2 m South of,3,Toronto and East York,12,13,Intersection,At Intersection,Traffic Signal,Rain,"Dark, artificial",Wet,Non-Fatal Injury,Other,D13,107,Oakwood Village (107),-79.4408,43.6926,NULL,NULL,N,NULL,NULL,NULL
5002206137,2015,00:00.0,819,8,QUEEN ST W,TRINITY DR,1 m East of,1,Toronto and East York,10,14,Intersection,At Intersection,Traffic Signal,Clear,Daylight,Dry,Non-Fatal Injury,Pedestrian Collisions,D14,82,Niagara (82),-79.4131,43.6452,NULL,NULL,N,NULL,NULL,NULL
6000014911,2016,00:00.0,1915,19,1400 KENNEDY RD,NULL,196 m North of,1,Scarborough,21,41,Mid-Block,Non Intersection,No Control,Clear,"Dark, artificial",Dry,Fatal,Pedestrian Collisions,D41,126,Dorset Park (126),-79.2806,43.7644,NULL,NULL,N,NULL,NULL,NULL
5001826215,2015,00:00.0,1841,18,DUNDAS ST W,WATSON AVE,33 m East of,1,Toronto and East York,4,11,Mid-Block,Non Intersection,No Control,Clear,"Dark, artificial",Dry,Non-Fatal Injury,Pedestrian Collisions,D11,89,Runnymede-Bloor West Village (89),-79.4919,43.6656,NULL,NULL,N,NULL,NULL,NULL
6000089379,2016,00:00.0,1858,18,CHAMBERS AVE,ROCKWELL AVE,NULL,2,Toronto and East York,9,12,Intersection,Intersection Related,No Control,Rain,Dark,Wet,Non-Fatal Injury,Pedestrian Collisions,D12,91,Weston-Pellam Park (91),-79.4631,43.6767,NULL,NULL,N,NULL,NULL,NULL
5001904834,2015,00:00.0,2020,20,BAYVIEW AVE,CITATION DR,14 m North of,1,North York,NULL,NULL,Intersection,Intersection Related,Traffic Signal,Clear,"Dawn, artificial",Dry,Non-Fatal Injury,Pedestrian Collisions,D33,52,Bayview Village (52),-79.3897,43.7743,NULL,NULL,N,NULL,NULL,NULL
983702,2007,00:00.0,2157,21,EGLINTON AVE W,WIDDICOMBE HILL BLVD,NULL,1,Etobicoke York,2,NULL,Intersection,At Intersection,Traffic Controller,Clear,Dark,Dry,Non-Fatal Injury,Turning Movement,D23,7,Willowridge-Martingrove-Richview (7),-79.5576,43.6756,NULL,NULL,N,NULL,NULL,NULL
6000775432,2016,00:00.0,755,7,WELLINGTON ST E,YONGE ST,25 m East of,1,Toronto and East York,13,NULL,Intersection,At/Near Private Drive,No Control,Clear,Daylight,Dry,Non-Fatal Injury,Pedestrian Collisions,D51,75,Church-Yonge Corridor (75),-79.3773,43.6478,NULL,NULL,N,NULL,NULL,NULL
977666,2007,00:00.0,1758,17,MCNICOLL AVE,MIDLAND AVE,NULL,1,Scarborough,NULL,42,Intersection,NULL,Traffic Signal,Clear,Daylight,Dry,Non-Fatal Injury,Cyclist Collisions,D42,130,Milliken (130),-79.2921,43.8145,NULL,NULL,N,NULL,NULL,NULL
1008576,2007,00:00.0,1925,19,283 COXWELL AVE,NULL,NULL,3,Toronto and East York,NULL,55,Mid-Block,NULL,No Control,Rain,Dark,Wet,Non-Fatal Injury,Pedestrian Collisions,D55,64,Woodbine Corridor (64),-79.3196,43.6737,NULL,NULL,N,NULL,NULL,NULL
976743,2007,00:00.0,1935,19,LESLIE ST,TOTTENHAM RD,NULL,1,North York,NULL,33,Intersection,At Intersection,No Control,Clear,Daylight,Dry,Non-Fatal Injury,Rear End,D33,42,Banbury-Don Mills (42),-79.3558,43.734,NULL,NULL,N,NULL,NULL,NULL
6000721028,2016,00:00.0,2038,20,JARVIS ST,CARLTON ST,NULL,1,Toronto and East York,13,51,Intersection,At Intersection,Traffic Signal,Clear,"Dark, artificial",Dry,Non-Fatal Injury,Cyclist Collisions,D51,73,Moss Park (73),-79.3766,43.6623,NULL,NULL,N,NULL,NULL,NULL
5002212262,2015,00:00.0,1754,17,DUPONT ST,DELAWARE AVE,16 m East of,1,Toronto and East York,9,14,Intersection,Non Intersection,No Control,Clear,"Dusk, artificial",Dry,Non-Fatal Injury,Pedestrian Collisions,D14,93,Dovercourt-Wallace Emerson-Junction (93),-79.4315,43.6699,NULL,NULL,N,NULL,NULL,NULL
6000605777,2016,00:00.0,2111,21,CUMMER AVE,WILLOWDALE AVE,NULL,3,North York,18,32,Intersection,Intersection Related,Traffic Signal,Clear,Dark,Dry,Fatal,Angle,D32,50,Newtonbrook East (50),-79.4099,43.7886,-79.4099,43.7886,Y,Cummer Ave,Willowdale Ave,2021-05-25
996561,2007,00:00.0,1330,13,MARTIN GROVE RD,FINCH AVE W,NULL,1,Etobicoke York,1,23,Intersection,At Intersection,Traffic Signal,Clear,Daylight,Dry,Non-Fatal Injury,Turning Movement,D23,2,Mount Olive-Silverstone-Jamestown (2),-79.5916,43.7367,NULL,NULL,N,NULL,NULL,NULL
981935,2007,00:00.0,1447,14,DAVENPORT RD,AVENUE RD,NULL,1,Toronto and East York,11,53,Mid-Block,NULL,No Control,Clear,Daylight,Dry,Non-Fatal Injury,Cyclist Collisions,D53,95,Annex (95),-79.3956,43.6749,NULL,NULL,N,NULL,NULL,NULL
983041,2007,00:00.0,1815,18,LAWRENCE AVE W,BLOSSOMFIELD DR,NULL,1,North York,8,NULL,Mid-Block,NULL,No Control,Clear,Daylight,Dry,Non-Fatal Injury,Rear End,D13,31,Yorkdale-Glen Park (31),-79.4472,43.7154,NULL,NULL,N,NULL,NULL,NULL
1006207,2007,00:00.0,2209,22,KIPLING AVE,MOUNT OLIVE DR,NULL,1,Etobicoke York,1,23,Intersection,At Intersection,Traffic Controller,Clear,Dark,Other,Non-Fatal Injury,Turning Movement,D23,2,Mount Olive-Silverstone-Jamestown (2),-79.5837,43.7468,NULL,NULL,N,NULL,NULL,NULL
997965,2007,00:00.0,300,3,MEADOWVALE RD,WANITA RD,NULL,2,Scarborough,25,43,Intersection,At Intersection,Stop Sign,Clear,Dark,Dry,Non-Fatal Injury,Cyclist Collisions,D43,133,Centennial Scarborough (133),-79.1577,43.7784,NULL,NULL,N,NULL,NULL,NULL
6000063108,2016,00:00.0,1618,16,MCNICOLL AVE,MARKHAM RD,NULL,1,Scarborough,23,42,Intersection,At Intersection,No Control,Clear,Dark,Dry,Non-Fatal Injury,Pedestrian Collisions,D42,131,Rouge (131),-79.2478,43.8239,-79.2478,43.8239,Y,Markham Rd,McNicoll Ave,2021-06-11
1005315,2007,00:00.0,1510,15,YONGE St,WELLINGTON St E,NULL,1,Toronto and East York,13,NULL,Intersection,At Intersection,Traffic Signal,Clear,Daylight,Dry,Non-Fatal Injury,Pedestrian Collisions,D52,75,Church-Yonge Corridor (75),-79.3773,43.6478,NULL,NULL,N,NULL,NULL,NULL
987376,2007,00:00.0,2252,22,F G GARDINER XY  W,JAMESON AVE,NULL,NULL,Toronto and East York,4,14,Mid-Block,NULL,No Control,Clear,Dark,Dry,Fatal,SMV Other,D14,85,South Parkdale (85),-79.4337,43.6327,NULL,NULL,N,NULL,NULL,NULL
1042297,2008,00:00.0,1720,17,WESTON Road,FLINDON Road,NULL,1,Etobicoke York,7,31,Mid-Block,NULL,No Control,Clear,Daylight,Dry,Non-Fatal Injury,SMV Other,D31,23,Pelmo Park-Humberlea (23),-79.5373,43.721,NULL,NULL,N,NULL,NULL,NULL
986950,2007,00:00.0,714,7,BISHOP Aven,YONGE Stre,NULL,1,North York,18,32,NULL,NULL,Traffic Signal,Clear,Daylight,Dry,Non-Fatal Injury,Sideswipe,D32,50,Newtonbrook East (50),-79.4159,43.7816,NULL,NULL,N,NULL,NULL,NULL
1040088,2008,00:00.0,1440,14,230 QUEEN ST E,NULL,NULL,1,Toronto and East York,13,51,Intersection,At Intersection,No Control,Clear,Daylight,Dry,Non-Fatal Injury,Approaching,D51,73,Moss Park (73),-79.3689,43.6546,NULL,NULL,N,NULL,NULL,NULL
1005011,2007,00:00.0,2206,22,WARDEN AVE,HUNTINGWOOD DR,NULL,1,Scarborough,22,42,Mid-Block,NULL,No Control,Clear,Dark,Dry,Non-Fatal Injury,Pedestrian Collisions,D42,118,Tam O'Shanter-Sullivan (118),-79.3106,43.7847,NULL,NULL,N,NULL,NULL,NULL
1002149,2007,00:00.0,1825,18,WESTON RD,ST PHILLIPS RD,NULL,1,Etobicoke York,5,12,Intersection,At Intersection,Traffic Signal,Rain,Dark,Wet,Non-Fatal Injury,Pedestrian Collisions,D12,113,Weston (113),-79.5323,43.7062,NULL,NULL,N,NULL,NULL,NULL
1002316,2007,00:00.0,1852,18,COXWELL AVE,EASTWOOD RD,NULL,3,Toronto and East York,NULL,55,Intersection,At Intersection,Traffic Signal,Rain,Dark,Wet,Non-Fatal Injury,Pedestrian Collisions,D55,64,Woodbine Corridor (64),-79.3192,43.6729,NULL,NULL,N,NULL,NULL,NULL
1047045,2008,00:00.0,1840,18,REXDALE BLVD,KIPLING AVE,NULL,1,Etobicoke York,1,23,Intersection,At Intersection,Traffic Signal,Rain,Dark,Wet,Non-Fatal Injury,SMV Other,D23,4,Rexdale-Kipling (4),-79.5666,43.7117,NULL,NULL,N,NULL,NULL,NULL
1009783,2007,00:00.0,144,1,BAY ST,QUEEN ST W,NULL,1,Toronto and East York,NULL,52,Mid-Block,At Intersection,No Control,Rain,Dark,Wet,Non-Fatal Injury,SMV Other,D52,76,Bay Street Corridor (76),-79.3823,43.6523,NULL,NULL,N,NULL,NULL,NULL
1006590,2007,00:00.0,730,7,ISLINGTON Ave,STANMILLS Rd,NULL,1,Etobicoke York,3,22,Intersection,At Intersection,Stop Sign,Strong wind,Daylight,Wet,Non-Fatal Injury,Pedestrian Collisions,D22,16,Stonegate-Queensway (16),-79.5151,43.6246,NULL,NULL,N,NULL,NULL,NULL
1000871,2007,00:00.0,710,7,WARDEN AVE,MANHATTAN DR,NULL,1,Scarborough,21,41,Intersection,At Intersection,Traffic Signal,Clear,Daylight,Dry,Fatal,Pedestrian Collisions,D41,119,Wexford/Maryvale (119),-79.2974,43.752,NULL,NULL,N,NULL,NULL,NULL