ACCNUM,YEAR,DATE,TIME,HOUR,STREET1,STREET2,OFFSET,ROAD_CLASS,DISTRICT,WARDNUM,DIVISION,LOCCOORD,ACCLOC,TRAFFCTL,VISIBILITY,LIGHT,RDSFCOND,ACCLASS,IMPACTYPE,POLICE_DIVISION,HOOD_ID,NEIGHBOURHOOD,collision_lat,collision_long,red_light_lat,red_light_long,right_light_camera,LINEAR_NAME_FULL_1,LINEAR_NAME_FULL_2,ACTIVATION_DATE
1047410,2008,00:00.0,1348,13,DON VALLEY PARKWAY  N,GERRARD ST E,NULL,NULL,Toronto and East York,14,55,Mid-Block,NULL,No Control,Clear,Daylight,Dry,Non-Fatal Injury,Pedestrian Collisions,D55,68,North Riverdale (68),-79.357,43.6691,NULL,NULL,N,NULL,NULL,NULL
1040891,2008,00:00.0,746,7,BAY ST,YORKVILLE AVE,NULL,1,Toronto and East York,11,53,Intersection,NULL,Traffic Signal,Clear,Daylight,Dry,Fatal,Pedestrian Collisions,D53,95,Annex (95),-79.3901,43.6713,NULL,NULL,N,NULL,NULL,NULL
1040898,2008,00:00.0,1138,11,331 TRUDELLE St,NULL,NULL,2,Scarborough,21,43,Intersection,NULL,No Control,Rain,Daylight,Wet,Non-Fatal Injury,Pedestrian Collisions,D43,138,Eglinton East (138),-79.2344,43.7415,NULL,NULL,N,NULL,NULL,NULL
1004306,2007,00:00.0,1947,19,ST CLAIR AVE E,BRIMLEY RD,NULL,3,Scarborough,20,41,Mid-Block,NULL,No Control,Clear,Dark,Other,Fatal,SMV Unattended Vehicle,D41,123,Cliffcrest (123),-79.2425,43.7206,NULL,NULL,N,NULL,NULL,NULL
1065141,2008,00:00.0,850,8,MCCOWAN RD,401 C E MCCOWAN RD RAMP,NULL,1,Scarborough,NULL,43,Intersection,At Intersection,Traffic Signal,Clear,Daylight,Dry,Non-Fatal Injury,Pedestrian Collisions,D43,137,Woburn (137),-79.2541,43.7795,NULL,NULL,N,NULL,NULL,NULL
1042295,2008,00:00.0,1223,12,WARDEN AVE,MANHATTAN DR,NULL,1,Scarborough,21,41,Intersection,At Intersection,Traffic Signal,Clear,Daylight,Dry,Non-Fatal Injury,Angle,D41,119,Wexford/Maryvale (119),-79.2974,43.752,NULL,NULL,N,NULL,NULL,NULL
1046604,2008,00:00.0,902,9,ST CLAIR AVE W,RUSSELL HILL RD,NULL,1,Toronto and East York,12,53,Intersection,At Intersection,Police Control,Clear,Daylight,Dry,Non-Fatal Injury,Pedestrian Collisions,D53,96,Casa Loma (96),-79.4078,43.6853,NULL,NULL,N,NULL,NULL,NULL
1044675,2008,00:00.0,1517,15,HILDA AVE,CROSSEN DR,NULL,2,North York,18,32,Mid-Block,NULL,No Control,Clear,Daylight,Dry,Non-Fatal Injury,Pedestrian Collisions,D32,36,Newtonbrook West (36),-79.4273,43.7932,NULL,NULL,N,NULL,NULL,NULL
1041588,2008,00:00.0,1838,18,PORT UNION Road,KINGSTON Road,NULL,3,Scarborough,25,42,Intersection,At Intersection,No Control,Clear,Daylight,Dry,Non-Fatal Injury,Angle,D42,131,Rouge (131),-79.1457,43.7985,NULL,NULL,N,NULL,NULL,NULL
1045558,2008,00:00.0,120,1,F G GARDINER XY  W,ISLINGTON AVE,NULL,NULL,Etobicoke York,3,22,Mid-Block,NULL,No Control,Clear,Dark,Dry,Non-Fatal Injury,SMV Other,D22,16,Stonegate-Queensway (16),-79.5097,43.6211,NULL,NULL,N,NULL,NULL,NULL
1049787,2008,00:00.0,1302,13,BRIMLEY RD,DEERFIELD RD,NULL,1,Scarborough,21,NULL,Intersection,NULL,Traffic Signal,Clear,Daylight,Dry,Non-Fatal Injury,Turning Movement,D43,127,Bendale (127),-79.2519,43.7454,NULL,NULL,N,NULL,NULL,NULL
1066390,2008,00:00.0,2329,23,DENISON RD E,JANE ST,NULL,2,Etobicoke York,5,12,Mid-Block,NULL,Traffic Gate,Clear,Dark,Dry,Fatal,Pedestrian Collisions,D12,113,Weston (113),-79.5058,43.6967,NULL,NULL,N,NULL,NULL,NULL
1036238,2008,00:00.0,245,2,HUNTINGDALE BLVD,HEATHERSIDE DR,NULL,2,Scarborough,22,42,Mid-Block,NULL,No Control,"Fog, Mist, Smoke, Dust",Dark,Wet,Fatal,SMV Other,D42,117,L'Amoreaux (117),-79.323,43.7965,NULL,NULL,N,NULL,NULL,NULL
1060516,2008,00:00.0,1652,16,HIGHWAY 27  S,DIXON RD,NULL,1,Etobicoke York,1,23,Mid-Block,NULL,No Control,Clear,Daylight,Wet,Fatal,Approaching,D23,1,West Humber-Clairville (1),-79.5801,43.6836,NULL,NULL,N,NULL,NULL,NULL
1064117,2008,00:00.0,600,6,CITY VIEW DR,DIXON RD,NULL,4,Etobicoke York,1,23,Mid-Block,NULL,No Control,Clear,Dawn,Dry,Non-Fatal Injury,Pedestrian Collisions,D23,1,West Humber-Clairville (1),-79.5772,43.6905,NULL,NULL,N,NULL,NULL,NULL
1052487,2008,00:00.0,1110,11,WARDEN AVE,CASS AVE,NULL,1,Scarborough,22,42,Intersection,At Intersection,Stop Sign,Clear,Daylight,Dry,Non-Fatal Injury,Turning Movement,D42,118,Tam O'Shanter-Sullivan (118),-79.3065,43.7759,NULL,NULL,N,NULL,NULL,NULL
1052865,2008,00:00.0,751,7,RICHMOND ST W,DUNCAN ST,NULL,1,Toronto and East York,10,52,Mid-Block,NULL,No Control,Clear,Daylight,Dry,Non-Fatal Injury,Turning Movement,D52,77,Waterfront Communities-The Island (77),-79.3879,43.6497,NULL,NULL,N,NULL,NULL,NULL
1064016,2008,00:00.0,1600,16,ELIZABETH Stre,GERRARD Stre W,NULL,3,Toronto and East York,11,52,NULL,NULL,No Control,Rain,Daylight,Wet,Non-Fatal Injury,Approaching,D52,76,Bay Street Corridor (76),-79.3863,43.6581,NULL,NULL,N,NULL,NULL,NULL
1020812,2008,00:00.0,1651,16,KIPLING AVE,EGLINTON AVE W,NULL,1,Etobicoke York,2,23,Mid-Block,NULL,No Control,Clear,Dusk,Dry,Non-Fatal Injury,Rear End,D23,7,Willowridge-Martingrove-Richview (7),-79.5515,43.6786,NULL,NULL,N,NULL,NULL,NULL
1022016,2008,00:00.0,1015,10,2450 LAWRENCE AVE E,NULL,NULL,1,Scarborough,21,41,Intersection,At Intersection,Stop Sign,Clear,Daylight,Wet,Non-Fatal Injury,Pedestrian Collisions,D41,126,Dorset Park (126),-79.2671,43.751,NULL,NULL,N,NULL,NULL,NULL
1020344,2008,00:00.0,1955,19,HAMILTON ST,GERRARD ST E,NULL,3,Toronto and East York,14,55,Intersection,NULL,No Control,Rain,Dark,Wet,Non-Fatal Injury,Pedestrian Collisions,D55,70,South Riverdale (70),-79.3534,43.6652,NULL,NULL,N,NULL,NULL,NULL
1053990,2008,00:00.0,857,8,416 O CONNOR DR,NULL,NULL,1,Toronto and East York,14,54,Mid-Block,NULL,No Control,Rain,Dark,Wet,Non-Fatal Injury,Rear End,D54,58,Old East York (58),-79.3353,43.6964,NULL,NULL,N,NULL,NULL,NULL
143250160,2014,00:00.0,1254,12,MIDLAND AVE,GILDER DR,NULL,1,Scarborough,21,41,Intersection,At Intersection,Traffic Signal,Clear,Daylight,Dry,Fatal,Pedestrian Collisions,D41,138,Eglinton East (138),-79.2587,43.736,NULL,NULL,N,NULL,NULL,NULL
5000415270,2015,00:00.0,1240,12,3157 BAYVIEW AVE,NULL,10 m South of,1,North York,NULL,NULL,Intersection,Intersection Related,No Control,Clear,Daylight,Dry,Non-Fatal Injury,Rear End,D33,52,Bayview Village (52),-79.3916,43.7828,NULL,NULL,N,NULL,NULL,NULL
4003374622,2014,00:00.0,1625,16,23 CASTOR CRES,NULL,NULL,4,Scarborough,24,43,Mid-Block,At/Near Private Drive,No Control,Clear,Dusk,Dry,Non-Fatal Injury,Cyclist Collisions,D43,137,Woburn (137),-79.2241,43.7814,NULL,NULL,N,NULL,NULL,NULL
5001652684,2015,00:00.0,1520,15,WELLINGTON ST W,YORK ST,3 m East of,3,Toronto and East York,10,52,Intersection,Non Intersection,Traffic Signal,Clear,Daylight,Dry,Non-Fatal Injury,Cyclist Collisions,D52,76,Bay Street Corridor (76),-79.383,43.6465,NULL,NULL,N,NULL,NULL,NULL
4003154882,2014,00:00.0,1803,18,PARKINGTON CRES,ELLESMERE RD,NULL,1,Scarborough,24,43,Intersection,At Intersection,Traffic Signal,Clear,Dusk,Dry,Non-Fatal Injury,Pedestrian Collisions,D43,137,Woburn (137),-79.2462,43.7732,NULL,NULL,N,NULL,NULL,NULL
5001215897,2015,00:00.0,1714,17,FINCH AVE E,MANORCREST DR,NULL,1,North York,18,32,Intersection,Intersection Related,No Control,Clear,Daylight,Dry,Non-Fatal Injury,Rear End,D32,50,Newtonbrook East (50),-79.3946,43.7843,NULL,NULL,N,NULL,NULL,NULL
5000907993,2015,00:00.0,241,2,YONGE ST,SHEPPARD AVE W,NULL,1,North York,18,32,Intersection,At Intersection,Traffic Signal,Rain,"Dark, artificial",Wet,Non-Fatal Injury,Pedestrian Collisions,D32,51,Willowdale East (51),-79.4109,43.7615,NULL,NULL,N,NULL,NULL,NULL
5001332825,2015,00:00.0,1136,11,KEELE STREET,MAPLE LEAF DRIVE,40 m North of,1,Etobicoke York,5,12,Mid-Block,Non Intersection,No Control,Clear,Daylight,Dry,Fatal,Sideswipe,D12,29,Maple Leaf (29),-79.4795,43.7153,NULL,NULL,N,NULL,NULL,NULL
5001281908,2015,00:00.0,1115,11,PHARMACY AVE,CORINTHIAN BLVD,NULL,3,Scarborough,22,42,Intersection,Intersection Related,Traffic Signal,Clear,Daylight,Dry,Non-Fatal Injury,Turning Movement,D42,117,L'Amoreaux (117),-79.3235,43.7894,NULL,NULL,N,NULL,NULL,NULL
4003298111,2014,00:00.0,645,6,BATHURST ST,FAIRHOLME AVE,5 m North of,1,North York,8,NULL,Intersection,At Intersection,No Control,Clear,"Dawn, artificial",Dry,Non-Fatal Injury,Pedestrian Collisions,D53,39,Bedford Park-Nortown (39),-79.4295,43.7183,NULL,NULL,N,NULL,NULL,NULL
143335677,2014,00:00.0,1245,12,2440 DUNDAS ST W,NULL,NULL,3,Toronto and East York,4,11,Intersection,At Intersection,Traffic Signal,Clear,Daylight,Dry,Fatal,Pedestrian Collisions,D11,88,High Park North (88),-79.4529,43.6582,NULL,NULL,N,NULL,NULL,NULL
4003257164,2014,00:00.0,1247,12,DON MILLS RD,FRESHMEADOW DR,NULL,1,North York,17,33,Mid-Block,Non Intersection,No Control,Clear,Daylight,Dry,Fatal,Pedestrian Collisions,D33,48,Hillcrest Village (48),-79.3594,43.8093,NULL,NULL,N,NULL,NULL,NULL
5001404450,2015,00:00.0,2100,21,DUFFERIN ST,HUNTER AVE,NULL,1,Toronto and East York,NULL,13,Intersection,At Intersection,No Control,Clear,"Dark, artificial",Dry,Non-Fatal Injury,Cyclist Collisions,D13,107,Oakwood Village (107),-79.4497,43.6944,NULL,NULL,N,NULL,NULL,NULL
5000611703,2015,00:00.0,1734,17,WILSON AVE,WILLIAM CRAGG DR,NULL,1,North York,6,31,Mid-Block,NULL,No Control,Clear,Daylight,Dry,Fatal,Rear End,D31,26,Downsview-Roding-CFB (26),-79.4998,43.7226,NULL,NULL,N,NULL,NULL,NULL
5001713235,2015,00:00.0,1453,14,COLLEGE ST,MARKHAM ST,NULL,1,Toronto and East York,11,14,Intersection,At Intersection,Stop Sign,Clear,"Dark, artificial",Dry,Non-Fatal Injury,Cyclist Collisions,D14,81,Trinity-Bellwoods (81),-79.4089,43.6562,NULL,NULL,N,NULL,NULL,NULL
5001407837,2015,00:00.0,1210,12,2350 BAYVIEW AVE,NULL,NULL,1,North York,15,NULL,Intersection,Intersection Related,Traffic Signal,Clear,Daylight,Dry,Fatal,Turning Movement,D32,41,Bridle Path-Sunnybrook-York Mills (41),-79.3812,43.7329,NULL,NULL,N,NULL,NULL,NULL
5001433281,2015,00:00.0,1318,13,SOUTH KINGSWAY,BLOOR ST W,NULL,1,Toronto and East York,4,11,Intersection,At Intersection,Traffic Signal,Rain,Daylight,Wet,Non-Fatal Injury,Cyclist Collisions,D11,87,High Park-Swansea (87),-79.4857,43.6483,NULL,NULL,N,NULL,NULL,NULL
4003143526,2014,00:00.0,2229,22,YORK ST,RICHMOND ST W,NULL,1,Toronto and East York,10,52,Intersection,At Intersection,Traffic Signal,Rain,"Dark, artificial",Wet,Non-Fatal Injury,Angle,D52,76,Bay Street Corridor (76),-79.3846,43.6504,NULL,NULL,N,NULL,NULL,NULL
5000932642,2015,00:00.0,242,2,MARKHAM RD,LAWRENCE AVE E,NULL,1,Scarborough,24,43,Intersection,Intersection Related,Traffic Signal,Clear,"Dark, artificial",Dry,Non-Fatal Injury,Rear End,D43,137,Woburn (137),-79.2253,43.7598,-79.2253,43.7598,Y,Lawrence Ave E,Markham Rd,2017-03-24
5000006695,2015,00:00.0,949,9,2211 ST CLAIR AVE W,NULL,23 m East of,1,Etobicoke York,5,NULL,Intersection,Non Intersection,No Control,Clear,Daylight,Dry,Non-Fatal Injury,Turning Movement,D11,90,Junction Area (90),-79.4751,43.6708,NULL,NULL,N,NULL,NULL,NULL
5001667907,2015,00:00.0,54,0,KEELE ST,ANNETTE ST,9 m South of,1,Toronto and East York,4,11,Intersection,Intersection Related,Traffic Signal,Clear,"Dark, artificial",Dry,Non-Fatal Injury,Cyclist Collisions,D11,90,Junction Area (90),-79.4637,43.6636,NULL,NULL,N,NULL,NULL,NULL
4003411081,2014,00:00.0,1450,14,HIGHWAY 27  N,DIXON RD,100 m North of,1,Etobicoke York,1,23,Mid-Block,Non Intersection,No Control,Rain,Daylight,Wet,Non-Fatal Injury,Turning Movement,D23,1,West Humber-Clairville (1),-79.5824,43.6897,NULL,NULL,N,NULL,NULL,NULL
143440580,2014,00:00.0,944,9,KENNEDY RD,RANSTONE GDNS,NULL,1,Scarborough,21,41,Intersection,NULL,Traffic Signal,Clear,Daylight,Dry,Fatal,Approaching,D41,125,Ionview (125),-79.272,43.7421,NULL,NULL,N,NULL,NULL,NULL
4003498374,2014,00:00.0,1850,18,ST CLAIR AVE W,DUFFERIN ST,NULL,1,Toronto and East York,9,13,Intersection,At Intersection,Traffic Signal,Rain,"Dark, artificial",Wet,Non-Fatal Injury,Pedestrian Collisions,D13,92,Corso Italia-Davenport (92),-79.443,43.6778,NULL,NULL,N,NULL,NULL,NULL
4003538995,2014,00:00.0,1638,16,MOUNT PLEASANT RD,MERTON ST,NULL,1,North York,NULL,53,Intersection,At Intersection,Traffic Signal,Rain,Dusk,Wet,Non-Fatal Injury,Pedestrian Collisions,D53,99,Mount Pleasant East (99),-79.3864,43.6981,NULL,NULL,N,NULL,NULL,NULL
4000047040,2014,00:00.0,1700,17,MT PLEASANT RD,MERTON ST,NULL,1,North York,NULL,53,Intersection,At Intersection,Traffic Signal,Clear,"Dark, artificial",Dry,Non-Fatal Injury,Pedestrian Collisions,D53,99,Mount Pleasant East (99),-79.3864,43.6981,NULL,NULL,N,NULL,NULL,NULL
5000047040,2014,00:00.0,1700,17,MOUNT PLEASANT RD,MERTON ST,NULL,1,North York,NULL,53,Intersection,At Intersection,Traffic Signal,Clear,"Dark, artificial",Dry,Non-Fatal Injury,Pedestrian Collisions,D53,99,Mount Pleasant East (99),-79.3864,43.6981,NULL,NULL,N,NULL,NULL,NULL
5001050877,2015,00:00.0,1554,15,6 CARIBOO AVE,NULL,NULL,4,Toronto and East York,9,11,Mid-Block,At/Near Private Drive,No Control,Clear,Daylight,Dry,Non-Fatal Injury,Pedestrian Collisions,D11,93,Dovercourt-Wallace Emerson-Junction (93),-79.4584,43.6666,NULL,NULL,N,NULL,NULL,NULL
5001079056,2015,00:00.0,2150,21,2058 DUFFERIN ST,NULL,NULL,1,Toronto and East York,NULL,13,Mid-Block,NULL,No Control,Clear,"Dark, artificial",Dry,Fatal,Pedestrian Collisions,D13,107,Oakwood Village (107),-79.4466,43.6868,NULL,NULL,N,NULL,NULL,NULL
5001551226,2015,00:00.0,1500,15,JARVIS ST,FRONT ST E,53 m South of,1,Toronto and East York,13,51,Mid-Block,Non Intersection,No Control,Clear,Daylight,Dry,Non-Fatal Injury,Pedestrian Collisions,D51,77,Waterfront Communities-The Island (77),-79.3712,43.6489,NULL,NULL,N,NULL,NULL,NULL
952125,2007,00:00.0,2000,20,621 ROYAL YORK Road,NULL,NULL,3,Etobicoke York,3,22,NULL,NULL,No Control,Clear,Dark,Dry,Non-Fatal Injury,SMV Unattended Vehicle,D22,16,Stonegate-Queensway (16),-79.5032,43.6283,NULL,NULL,N,NULL,NULL,NULL
5000963180,2015,00:00.0,25,0,878 YONGE  ST,NULL,20 m North of,1,Toronto and East York,11,53,Mid-Block,Intersection Related,No Control,Clear,"Dark, artificial",Dry,Non-Fatal Injury,Turning Movement,D53,98,Rosedale-Moore Park (98),-79.3876,43.6724,NULL,NULL,N,NULL,NULL,NULL
5000965386,2015,00:00.0,1047,10,DUNDAS ST W,HURON ST,NULL,1,Toronto and East York,NULL,52,Mid-Block,Non Intersection,No Control,Clear,Daylight,Dry,Non-Fatal Injury,Rear End,D52,78,Kensington-Chinatown (78),-79.397,43.6531,NULL,NULL,N,NULL,NULL,NULL
945654,2006,00:00.0,2000,20,39 WESTHAMPTON DR,NULL,NULL,4,Etobicoke York,1,23,Mid-Block,NULL,No Control,Clear,Dark,Dry,Non-Fatal Injury,SMV Unattended Vehicle,D23,6,Kingsview Village-The Westway (6),-79.5562,43.7029,NULL,NULL,N,NULL,NULL,NULL
945694,2006,00:00.0,1023,10,DUNDAS ST W,PALMERSTON AVE,NULL,1,Toronto and East York,NULL,14,Intersection,At Intersection,Pedestrian Crossover,Clear,Daylight,Dry,Non-Fatal Injury,Pedestrian Collisions,D14,81,Trinity-Bellwoods (81),-79.4084,43.6517,NULL,NULL,N,NULL,NULL,NULL
966448,2007,00:00.0,1305,13,UNIVERSITY AVE,WELLINGTON ST W,NULL,1,Toronto and East York,10,52,Intersection,At Intersection,Traffic Signal,Clear,Daylight,Wet,Non-Fatal Injury,Cyclist Collisions,D52,76,Bay Street Corridor (76),-79.384,43.6463,-79.384,43.6463,Y,University Ave,Wellington St W,2017-09-06
968070,2007,00:00.0,2257,22,BATHURST ST,MARKDALE AVE,NULL,1,Toronto and East York,12,13,Mid-Block,NULL,No Control,Clear,Dark,Dry,Non-Fatal Injury,SMV Unattended Vehicle,D13,101,Forest Hill South (101),-79.4228,43.6943,NULL,NULL,N,NULL,NULL,NULL
968405,2007,00:00.0,1450,14,YONGE Stre,WILLIAM CARSON Cres,NULL,1,North York,NULL,32,Intersection,At Intersection,Traffic Signal,Clear,Daylight,Dry,Non-Fatal Injury,Rear End,D32,40,St.Andrew-Windfields (40),-79.4074,43.7472,NULL,NULL,N,NULL,NULL,NULL
971231,2007,00:00.0,517,5,ALBION RD,FINCH AVE W,NULL,1,Etobicoke York,1,23,Intersection,At Intersection,Traffic Controller,Clear,Daylight,Dry,Non-Fatal Injury,Angle,D23,2,Mount Olive-Silverstone-Jamestown (2),-79.5891,43.741,NULL,NULL,N,NULL,NULL,NULL
5001670423,2015,00:00.0,2230,22,MARKHAM RD,LAWRENCE AVE E,NULL,1,Scarborough,24,43,Intersection,Intersection Related,Traffic Signal,Clear,"Dark, artificial",Dry,Non-Fatal Injury,Turning Movement,D43,137,Woburn (137),-79.2253,43.7598,-79.2253,43.7598,Y,Lawrence Ave E,Markham Rd,2017-03-24
924445,2006,00:00.0,2226,22,MARTIN GROVE RD,LEXINGTON AVE,NULL,3,Etobicoke York,1,23,Intersection,At Intersection,Traffic Signal,Rain,Dark,Wet,Non-Fatal Injury,Angle,D23,2,Mount Olive-Silverstone-Jamestown (2),-79.5953,43.7442,NULL,NULL,N,NULL,NULL,NULL
4003541767,2014,00:00.0,635,6,FINCH AVE E,BRIDLETOWNE CRCL,NULL,1,Scarborough,22,42,Intersection,At Intersection,Traffic Signal,"Fog, Mist, Smoke, Dust","Dark, artificial",Wet,Non-Fatal Injury,Pedestrian Collisions,D42,117,L'Amoreaux (117),-79.3122,43.7973,NULL,NULL,N,NULL,NULL,NULL
5000955442,2015,00:00.0,1830,18,YONGE ST,LAWRENCE AVE E,NULL,1,North York,NULL,NULL,Intersection,At Intersection,Traffic Signal,Clear,Daylight,Dry,Non-Fatal Injury,Cyclist Collisions,D53,103,Lawrence Park South (103),-79.4021,43.725,NULL,NULL,N,NULL,NULL,NULL
941251,2006,00:00.0,1813,18,ASHTONBEE RD,WARDEN AVE,NULL,2,Scarborough,21,41,Mid-Block,NULL,No Control,Clear,Dark,Dry,Non-Fatal Injury,SMV Other,D41,119,Wexford/Maryvale (119),-79.2867,43.7311,NULL,NULL,N,NULL,NULL,NULL
946528,2007,00:00.0,2125,21,DON VALLEY PARKWAY  N,LEASIDE BDGE Road,NULL,1,Toronto and East York,14,54,NULL,NULL,No Control,Clear,Dark,Dry,Non-Fatal Injury,Pedestrian Collisions,D54,58,Old East York (58),-79.3495,43.6978,NULL,NULL,N,NULL,NULL,NULL
5000989979,2015,00:00.0,300,3,F G GARDINER XY  W,ROYAL YORK RD,NULL,NULL,Etobicoke York,3,22,Mid-Block,NULL,No Control,Rain,Dark,Wet,Fatal,SMV Other,D22,16,Stonegate-Queensway (16),-79.5024,43.6226,NULL,NULL,N,NULL,NULL,NULL
5000992370,2015,00:00.0,1423,14,FINCH AVE E,PAGE AVE,NULL,1,North York,17,33,Intersection,At Intersection,Stop Sign,Clear,Daylight,Dry,Non-Fatal Injury,Cyclist Collisions,D33,52,Bayview Village (52),-79.3843,43.7866,NULL,NULL,N,NULL,NULL,NULL
949730,2007,00:00.0,1458,14,DON MILLS RD,DON MILLS N DVP S RAMP RD S,NULL,1,Toronto and East York,14,54,Mid-Block,NULL,No Control,Rain,Daylight,Slush,Non-Fatal Injury,Approaching,D54,58,Old East York (58),-79.3367,43.7018,NULL,NULL,N,NULL,NULL,NULL
957566,2007,00:00.0,1027,10,STEELES AVE W,GIHON SPRING DR,NULL,1,Etobicoke York,1,23,Intersection,NULL,No Control,Clear,Daylight,Other,Fatal,Approaching,D23,2,Mount Olive-Silverstone-Jamestown (2),-79.5968,43.7593,NULL,NULL,N,NULL,NULL,NULL
923895,2006,00:00.0,2101,21,THE WEST MALL,BURNHAMTHORPE RD,NULL,1,Etobicoke York,2,22,Intersection,At Intersection,Traffic Signal,Clear,Dark,Dry,Non-Fatal Injury,Turning Movement,D22,13,Etobicoke West Mall (13),-79.5671,43.6445,NULL,NULL,N,NULL,NULL,NULL
961628,2007,00:00.0,853,8,ADELAIDE ST E,BERKELEY ST,NULL,1,Toronto and East York,13,51,Intersection,At Intersection,Traffic Signal,Clear,Daylight,Wet,Non-Fatal Injury,Sideswipe,D51,73,Moss Park (73),-79.3647,43.6529,NULL,NULL,N,NULL,NULL,NULL
967864,2007,00:00.0,1615,16,QUEEN ST E,CARLAW AVE,NULL,3,Toronto and East York,14,55,Intersection,At Intersection,Traffic Signal,Clear,Daylight,Dry,Non-Fatal Injury,Turning Movement,D55,70,South Riverdale (70),-79.34,43.661,NULL,NULL,N,NULL,NULL,NULL
964433,2007,00:00.0,658,6,OLD WESTON RD,TURNBERRY AVE,NULL,3,Toronto and East York,9,12,Mid-Block,NULL,No Control,Clear,Daylight,Dry,Non-Fatal Injury,SMV Unattended Vehicle,D12,91,Weston-Pellam Park (91),-79.4654,43.6795,NULL,NULL,N,NULL,NULL,NULL
973511,2007,00:00.0,1930,19,MARTIN GROVE RD,GARFELLA DR,NULL,3,Etobicoke York,1,23,Intersection,At Intersection,Traffic Signal,Clear,Daylight,Dry,Non-Fatal Injury,Angle,D23,2,Mount Olive-Silverstone-Jamestown (2),-79.5953,43.7442,NULL,NULL,N,NULL,NULL,NULL
939973,2006,00:00.0,1348,13,OSSINGTON AVE,DEWSON ST,NULL,3,Toronto and East York,NULL,14,Intersection,NULL,Pedestrian Crossover,Clear,Daylight,Dry,Non-Fatal Injury,Rear End,D14,80,Palmerston-Little Italy (80),-79.4237,43.657,NULL,NULL,N,NULL,NULL,NULL
959250,2007,00:00.0,617,6,72 HINTON RD,NULL,NULL,4,Etobicoke York,1,23,Mid-Block,NULL,No Control,Clear,Dark,Dry,Non-Fatal Injury,Pedestrian Collisions,D23,4,Rexdale-Kipling (4),-79.5711,43.7263,NULL,NULL,N,NULL,NULL,NULL
954405,2007,00:00.0,1358,13,SPADINA AVE,WILLISON SQ,NULL,1,Toronto and East York,10,NULL,Intersection,NULL,No Control,Clear,Daylight,Wet,Fatal,Pedestrian Collisions,D52,78,Kensington-Chinatown (78),-79.3977,43.6523,NULL,NULL,N,NULL,NULL,NULL
929172,2006,00:00.0,310,3,STEELES AVE E,ASPENWOOD DR,NULL,1,North York,17,33,Mid-Block,NULL,No Control,"Fog, Mist, Smoke, Dust",Dark,Dry,Non-Fatal Injury,Approaching,D33,48,Hillcrest Village (48),-79.3669,43.8097,NULL,NULL,N,NULL,NULL,NULL
959650,2007,00:00.0,112,1,NEILSON RD,FINCH AVE E,NULL,2,Scarborough,NULL,42,Mid-Block,NULL,No Control,Clear,Dark,Dry,Non-Fatal Injury,SMV Other,D42,131,Rouge (131),-79.2279,43.817,NULL,NULL,N,NULL,NULL,NULL
5000995174,2015,00:00.0,2320,23,AVENUE RD,DAVENPORT RD,NULL,1,Toronto and East York,11,53,Intersection,At Intersection,Traffic Signal,Clear,"Dark, artificial",Dry,Fatal,Cyclist Collisions,D53,95,Annex (95),-79.3965,43.6747,NULL,NULL,N,NULL,NULL,NULL
932044,2006,00:00.0,743,7,CARSLAKE CRES,DANFORTH RD,NULL,1,Scarborough,21,43,Intersection,At Intersection,Stop Sign,Clear,Daylight,Dry,Non-Fatal Injury,Cyclist Collisions,D43,127,Bendale (127),-79.2445,43.7471,NULL,NULL,N,NULL,NULL,NULL
932578,2006,00:00.0,805,8,THE WEST MALL,BURNHAMTHORPE RD,NULL,1,Etobicoke York,2,22,Intersection,At Intersection,Traffic Signal,Clear,Daylight,Dry,Non-Fatal Injury,Pedestrian Collisions,D22,13,Etobicoke West Mall (13),-79.5671,43.6445,NULL,NULL,N,NULL,NULL,NULL
926327,2006,00:00.0,1525,15,ELLESMERE RD,POLLARD DR,NULL,1,Scarborough,21,41,Mid-Block,NULL,No Control,Clear,Daylight,Dry,Non-Fatal Injury,Rear End,D41,119,Wexford/Maryvale (119),-79.311,43.7588,NULL,NULL,N,NULL,NULL,NULL
954013,2007,00:00.0,1435,14,496 BIRCHMOUNT RD,NULL,NULL,3,Scarborough,20,41,Mid-Block,NULL,No Control,Clear,Daylight,Dry,Non-Fatal Injury,Pedestrian Collisions,D41,120,Clairlea-Birchmount (120),-79.2685,43.7081,NULL,NULL,N,NULL,NULL,NULL
954398,2007,00:00.0,1802,18,MCLEVIN AVE,NEILSON RD,NULL,3,Scarborough,NULL,42,Intersection,At Intersection,Traffic Signal,Snow,Dark,Wet,Non-Fatal Injury,Pedestrian Collisions,D42,132,Malvern (132),-79.2216,43.8091,-79.2216,43.8091,Y,Neilson Rd,McLevin Ave,2017-06-05
959973,2007,00:00.0,830,8,ST CLAIR AVE E,WARDEN AVE,NULL,1,Scarborough,20,41,Intersection,At Intersection,Traffic Signal,Clear,Daylight,Dry,Non-Fatal Injury,Pedestrian Collisions,D41,120,Clairlea-Birchmount (120),-79.2809,43.712,NULL,NULL,N,NULL,NULL,NULL
972774,2007,00:00.0,1840,18,DON MILLS RD W,ESTERBROOKE AVE,NULL,1,North York,17,33,Mid-Block,NULL,No Control,Clear,Daylight,Dry,Non-Fatal Injury,SMV Other,D33,47,Don Valley Village (47),-79.35,43.7801,NULL,NULL,N,NULL,NULL,NULL