ACCNUM,YEAR,DATE,TIME,HOUR,STREET1,STREET2,OFFSET,ROAD_CLASS,DISTRICT,WARDNUM,DIVISION,LOCCOORD,ACCLOC,TRAFFCTL,VISIBILITY,LIGHT,RDSFCOND,ACCLASS,IMPACTYPE,POLICE_DIVISION,HOOD_ID,NEIGHBOURHOOD,collision_lat,collision_long,red_light_lat,red_light_long,right_light_camera,LINEAR_NAME_FULL_1,LINEAR_NAME_FULL_2,ACTIVATION_DATE
1011634,2007,00:00.0,1800,18,ISLINGTON AVE,KINGSVIEW BLVD,NULL,1,Etobicoke York,1,23,Intersection,NULL,Stop Sign,Snow,Dark,Packed Snow,Non-Fatal Injury,Turning Movement,D23,6,Kingsview Village-The Westway (6),-79.5479,43.6997,NULL,NULL,N,NULL,NULL,NULL
1011055,2007,00:00.0,1905,19,JARVIS ST,CARLTON ST,NULL,1,Toronto and East York,13,51,Mid-Block,NULL,No Control,Clear,Dark,Dry,Non-Fatal Injury,Pedestrian Collisions,D51,71,Cabbagetown-South St.James Town (71),-79.3768,43.6629,NULL,NULL,N,NULL,NULL,NULL
930768,2006,00:00.0,1910,19,MARTIN GROVE RD,ALBION RD,NULL,1,Etobicoke York,1,23,Intersection,At Intersection,Traffic Signal,Rain,Daylight,Wet,Non-Fatal Injury,Pedestrian Collisions,D23,2,Mount Olive-Silverstone-Jamestown (2),-79.5941,43.7419,NULL,NULL,N,NULL,NULL,NULL
992576,2007,00:00.0,950,9,STEELES AVE E,VICTORIA PARK AVE,NULL,1,Scarborough,22,42,Mid-Block,At Intersection,No Control,Clear,Daylight,Dry,Non-Fatal Injury,Pedestrian Collisions,D42,116,Steeles (116),-79.3369,43.8167,NULL,NULL,N,NULL,NULL,NULL
982611,2007,00:00.0,2038,20,PARKSIDE DR,GARDEN AVE,NULL,1,Toronto and East York,4,11,Mid-Block,NULL,No Control,Clear,Daylight,Wet,Non-Fatal Injury,Pedestrian Collisions,D11,87,High Park-Swansea (87),-79.4549,43.6419,NULL,NULL,N,NULL,NULL,NULL
1019958,2008,00:00.0,328,3,VAUGHAN RD,KENWOOD AVE,NULL,3,Toronto and East York,12,13,Intersection,At Intersection,Traffic Signal,Rain,Dark,Wet,Non-Fatal Injury,Angle,D13,106,Humewood-Cedarvale (106),-79.4236,43.6876,NULL,NULL,N,NULL,NULL,NULL
986221,2007,00:00.0,316,3,COLLEGE ST,BRUNSWICK AVE,NULL,1,Toronto and East York,11,14,Intersection,NULL,No Control,Clear,Dark,Dry,Non-Fatal Injury,Pedestrian Collisions,D14,78,Kensington-Chinatown (78),-79.4037,43.6572,NULL,NULL,N,NULL,NULL,NULL
999776,2007,00:00.0,945,9,TECUMSETH ST,RICHMOND ST W,NULL,4,Toronto and East York,10,14,Intersection,At Intersection,Stop Sign,Clear,Daylight,Dry,Non-Fatal Injury,Pedestrian Collisions,D14,82,Niagara (82),-79.4062,43.6459,NULL,NULL,N,NULL,NULL,NULL
998025,2007,00:00.0,1350,13,SIGNET Driv,FINCH Aven W,NULL,1,Etobicoke York,7,31,Intersection,At Intersection,Traffic Signal,Clear,Daylight,Dry,Non-Fatal Injury,Approaching,D31,22,Humbermede (22),-79.5362,43.7532,NULL,NULL,N,NULL,NULL,NULL
979559,2007,00:00.0,2227,22,ALBION RD,MARTIN GROVE RD,NULL,1,Etobicoke York,1,23,Intersection,At Intersection,Traffic Signal,Clear,Dark,Dry,Non-Fatal Injury,Angle,D23,2,Mount Olive-Silverstone-Jamestown (2),-79.5941,43.7419,NULL,NULL,N,NULL,NULL,NULL
940858,2006,00:00.0,2250,22,BAY ST,YORKVILLE AVE,NULL,1,Toronto and East York,11,53,Mid-Block,NULL,No Control,Clear,Dark,Dry,Non-Fatal Injury,Approaching,D53,95,Annex (95),-79.3903,43.6719,NULL,NULL,N,NULL,NULL,NULL
995498,2007,00:00.0,1920,19,MOUNT PLEASANT RD,HEATH ST E,NULL,1,Toronto and East York,11,53,Intersection,At Intersection,No Control,Clear,Daylight,Dry,Non-Fatal Injury,Cyclist Collisions,D53,98,Rosedale-Moore Park (98),-79.384,43.6922,NULL,NULL,N,NULL,NULL,NULL
929545,2006,00:00.0,830,8,ISLINGTON AVE,ELMHURST DR,NULL,1,Etobicoke York,1,23,Intersection,NULL,Traffic Signal,Clear,Daylight,Dry,Non-Fatal Injury,Angle,D23,5,Elms-Old Rexdale (5),-79.5588,43.7231,NULL,NULL,N,NULL,NULL,NULL
1012088,2007,00:00.0,935,9,VICTORIA PARK Aven,ST CLAIR Aven E,NULL,1,Toronto and East York,NULL,NULL,Intersection,NULL,No Control,Clear,Daylight,Wet,Non-Fatal Injury,Pedestrian Collisions,D41,120,Clairlea-Birchmount (120),-79.2961,43.7093,NULL,NULL,N,NULL,NULL,NULL
1018105,2008,00:00.0,720,7,FINCH AVE W,RUMIKE RD,NULL,1,Etobicoke York,7,31,Mid-Block,NULL,No Control,Snow,Daylight,Loose Snow,Non-Fatal Injury,Pedestrian Collisions,D31,21,Humber Summit (21),-79.5496,43.7505,NULL,NULL,N,NULL,NULL,NULL
1015222,2008,00:00.0,950,9,WESTON RD,401 C W WESTON RD RAMP  E,NULL,1,Etobicoke York,7,31,Intersection,NULL,Traffic Signal,Clear,Daylight,Dry,Non-Fatal Injury,Approaching,D31,23,Pelmo Park-Humberlea (23),-79.5366,43.7147,NULL,NULL,N,NULL,NULL,NULL
5000756531,2015,00:00.0,100,1,ROSEDALE VALLEY RD,BAYVIEW AVE,NULL,3,Toronto and East York,NULL,51,Mid-Block,Non Intersection,No Control,Clear,"Dark, artificial",Dry,Fatal,SMV Other,D51,71,Cabbagetown-South St.James Town (71),-79.3658,43.6716,NULL,NULL,N,NULL,NULL,NULL
5000760761,2015,00:00.0,1631,16,MARKHAM RD,GREENCREST CRCT,2 m North of,1,Scarborough,24,43,Intersection,At Intersection,Traffic Signal,Clear,Daylight,Dry,Non-Fatal Injury,Pedestrian Collisions,D43,137,Woburn (137),-79.2246,43.7577,NULL,NULL,N,NULL,NULL,NULL
5000832268,2015,00:00.0,823,8,ROXBOROUGH ST E,WRENTHAM PL,NULL,2,Toronto and East York,11,53,Intersection,NULL,Stop Sign,Clear,"Daylight, artificial",Dry,Fatal,Cyclist Collisions,D53,98,Rosedale-Moore Park (98),-79.3823,43.6794,NULL,NULL,N,NULL,NULL,NULL
5000841080,2015,00:00.0,1453,14,HIGH PARK AVE,ANNETTE ST,NULL,3,Toronto and East York,4,11,Intersection,Intersection Related,Traffic Signal,Clear,Daylight,Dry,Non-Fatal Injury,Pedestrian Collisions,D11,90,Junction Area (90),-79.4692,43.6628,NULL,NULL,N,NULL,NULL,NULL
5000780857,2015,00:00.0,1830,18,50 CARLTON ST,NULL,4 m South of,1,North York,13,51,Mid-Block,Non Intersection,No Control,Clear,Daylight,Dry,Non-Fatal Injury,Cyclist Collisions,D51,75,Church-Yonge Corridor (75),-79.3801,43.6616,NULL,NULL,N,NULL,NULL,NULL
5000800766,2015,00:00.0,2208,22,DANFORTH RD,BRIMLEY RD,NULL,1,Scarborough,20,NULL,Intersection,At Intersection,Traffic Signal,Clear,Dark,Dry,Fatal,Pedestrian Collisions,D43,138,Eglinton East (138),-79.2473,43.7351,-79.2473,43.7351,Y,Danforth Rd,Brimley Rd,2017-03-10
986752,2007,00:00.0,914,9,KIPLING AVE,HUNTING RIDGE,NULL,1,Etobicoke York,2,23,Intersection,At Intersection,Traffic Signal,Clear,Daylight,Dry,Non-Fatal Injury,Angle,D23,7,Willowridge-Martingrove-Richview (7),-79.5527,43.6813,NULL,NULL,N,NULL,NULL,NULL
1008573,2007,00:00.0,205,2,ROMAC DR,CAMOR CRT,NULL,4,Scarborough,25,43,Mid-Block,NULL,No Control,Clear,Dark,Dry,Non-Fatal Injury,Pedestrian Collisions,D43,134,Highland Creek (134),-79.1703,43.7876,NULL,NULL,N,NULL,NULL,NULL
984087,2007,00:00.0,845,8,QUEENS QUAY W,YORK ST,NULL,3,Toronto and East York,10,NULL,Intersection,At Intersection,Traffic Signal,Clear,Daylight,Dry,Non-Fatal Injury,Pedestrian Collisions,D52,77,Waterfront Communities-The Island (77),-79.3801,43.6399,NULL,NULL,N,NULL,NULL,NULL
4003074555,2014,00:00.0,1745,17,KING ST W,JAMESON AVE,14 m West of,1,Toronto and East York,4,14,Mid-Block,Intersection Related,No Control,Clear,Dusk,Dry,Fatal,Pedestrian Collisions,D14,85,South Parkdale (85),-79.4365,43.637,NULL,NULL,N,NULL,NULL,NULL
993458,2007,00:00.0,535,5,QUEENS PARK CRES W,QUEENS PARK,NULL,1,Toronto and East York,11,52,Mid-Block,NULL,Traffic Signal,Rain,Dark,Wet,Non-Fatal Injury,SMV Other,D52,76,Bay Street Corridor (76),-79.3933,43.6657,NULL,NULL,N,NULL,NULL,NULL
5000220860,2015,00:00.0,2231,22,TRANSIT RD,WILLIAM R ALLEN RD S,NULL,1,North York,6,32,Intersection,At Intersection,Traffic Signal,Clear,"Dark, artificial",Dry,Non-Fatal Injury,Turning Movement,D32,33,Clanton Park (33),-79.4542,43.7418,NULL,NULL,N,NULL,NULL,NULL
6001526094,2016,00:00.0,2315,23,18 CORTLEIGH BLVD,NULL,NULL,4,North York,8,53,Mid-Block,Non Intersection,No Control,Clear,Dark,Dry,Non-Fatal Injury,Other,D53,103,Lawrence Park South (103),-79.4074,43.7134,NULL,NULL,N,NULL,NULL,NULL
6000947584,2016,00:00.0,836,8,LAWRENCE AVE E,MOSSBANK DR,20 m West of,1,Scarborough,24,43,Intersection,At Intersection,Traffic Signal,Clear,Daylight,Dry,Non-Fatal Injury,Rear End,D43,137,Woburn (137),-79.211,43.7628,NULL,NULL,N,NULL,NULL,NULL
992577,2007,00:00.0,1711,17,HOWLAND AVE,BRUNSWICK AVE,NULL,1,Toronto and East York,11,14,Mid-Block,NULL,No Control,Clear,Daylight,Dry,Non-Fatal Injury,SMV Unattended Vehicle,D14,95,Annex (95),-79.4108,43.6738,NULL,NULL,N,NULL,NULL,NULL
6001074563,2016,00:00.0,910,9,540 BRIMLEY RD,NULL,1 m North of,1,Scarborough,21,NULL,Intersection,At/Near Private Drive,No Control,Clear,Daylight,Dry,Non-Fatal Injury,Turning Movement,D41,138,Eglinton East (138),-79.2488,43.7378,NULL,NULL,N,NULL,NULL,NULL
1008986,2007,00:00.0,1212,12,LAWRENCE AVE E,MOSSBANK DR,NULL,1,Scarborough,24,43,Intersection,NULL,No Control,Snow,Daylight,Loose Snow,Fatal,Pedestrian Collisions,D43,137,Woburn (137),-79.211,43.7628,NULL,NULL,N,NULL,NULL,NULL
6001310916,2016,00:00.0,836,8,WILSON HEIGHTS BLVD,CODSELL AVE,5 m South of,2,North York,6,32,Intersection,At Intersection,Stop Sign,Clear,Daylight,Dry,Non-Fatal Injury,Turning Movement,D32,34,Bathurst Manor (34),-79.4589,43.7541,NULL,NULL,N,NULL,NULL,NULL
6001231273,2016,00:00.0,2205,22,UNIVERSITY AVE,GERRARD ST W,4 m North of,1,Toronto and East York,11,52,Intersection,Non Intersection,Traffic Signal,Clear,"Dark, artificial",Dry,Non-Fatal Injury,Turning Movement,D52,76,Bay Street Corridor (76),-79.3894,43.6575,NULL,NULL,N,NULL,NULL,NULL
6001239571,2016,00:00.0,630,6,BAMBURGH CRCL,MONTAGUE PL,NULL,2,Scarborough,22,42,Intersection,At Intersection,No Control,Clear,Daylight,Dry,Non-Fatal Injury,Pedestrian Collisions,D42,116,Steeles (116),-79.3224,43.8118,NULL,NULL,N,NULL,NULL,NULL
6001535813,2016,00:00.0,630,6,WARDEN AVE,FINCH AVE E,25M,1,Scarborough,22,42,Intersection,At Intersection,Traffic Signal,Clear,Daylight,Dry,Fatal,Rear End,D42,117,L'Amoreaux (117),-79.3157,43.7967,-79.3157,43.7967,Y,Finch Ave E,Warden Ave,2021-06-30
5002176400,2015,00:00.0,2220,22,YONGE ST,SHELDRAKE BLVD,NULL,1,North York,NULL,53,Intersection,At Intersection,Stop Sign,Clear,"Dark, artificial",Dry,Non-Fatal Injury,Pedestrian Collisions,D53,99,Mount Pleasant East (99),-79.4,43.7149,NULL,NULL,N,NULL,NULL,NULL
5000133972,2015,00:00.0,1415,14,GLEBEMOUNT AVE,MORTIMER AVE,NULL,3,Toronto and East York,19,54,Intersection,At Intersection,Traffic Signal,Clear,Daylight,Dry,Non-Fatal Injury,Angle,D54,59,Danforth East York (59),-79.3206,43.6913,NULL,NULL,N,NULL,NULL,NULL
6001363275,2016,00:00.0,1154,11,STEELES AVE W,HILDA AVE,5 m North of,1,North York,18,32,Intersection,At Intersection,Traffic Signal,Clear,Daylight,Dry,Non-Fatal Injury,Turning Movement,D32,36,Newtonbrook West (36),-79.4292,43.7959,NULL,NULL,N,NULL,NULL,NULL
1011231,2007,00:00.0,2135,21,FINCH AVE E,ALAMOSA DR,NULL,1,North York,17,33,Intersection,NULL,Traffic Signal,Clear,Dark,Dry,Fatal,Pedestrian Collisions,D33,52,Bayview Village (52),-79.3732,43.7891,NULL,NULL,N,NULL,NULL,NULL
6001186326,2016,00:00.0,654,6,HIGHWAY 27  N,CARRIER DR,NULL,1,Etobicoke York,1,23,Intersection,At Intersection,Traffic Signal,Clear,Daylight,Dry,Non-Fatal Injury,Rear End,D23,1,West Humber-Clairville (1),-79.6054,43.739,NULL,NULL,N,NULL,NULL,NULL
6001486402,2016,00:00.0,1312,13,DUFFERIN ST,DUNDAS ST W,NULL,3,Toronto and East York,9,NULL,Intersection,At Intersection,Traffic Signal,Clear,Daylight,Dry,Non-Fatal Injury,Pedestrian Collisions,D14,84,Little Portugal (84),-79.4314,43.6495,NULL,NULL,N,NULL,NULL,NULL
6001511108,2016,00:00.0,850,8,LOWER JARVIS ST,LAKE SHORE BLVD E,NULL,1,Toronto and East York,10,51,Intersection,At Intersection,Traffic Signal,Clear,Daylight,Dry,Non-Fatal Injury,Pedestrian Collisions,D51,77,Waterfront Communities-The Island (77),-79.3698,43.6455,NULL,NULL,N,NULL,NULL,NULL
6001210183,2016,00:00.0,2024,20,WARDEN AVE,FINCH AVE E,105 m North of,1,Scarborough,22,42,Intersection,Non Intersection,Traffic Signal,Clear,Daylight,Dry,Non-Fatal Injury,Turning Movement,D42,117,L'Amoreaux (117),-79.3157,43.7967,-79.3157,43.7967,Y,Finch Ave E,Warden Ave,2021-06-30
6001211373,2016,00:00.0,27,0,429 DUNDAS ST E,NULL,15 m North of,1,Toronto and East York,13,51,Intersection,Intersection Related,No Control,Clear,"Dark, artificial",Dry,Non-Fatal Injury,Cyclist Collisions,D51,73,Moss Park (73),-79.3666,43.6592,NULL,NULL,N,NULL,NULL,NULL
6001249776,2016,00:00.0,1821,18,MARKHAM RD,LAWRENCE AVE E,18 m South of,1,Scarborough,24,43,Intersection,Non Intersection,No Control,Clear,Daylight,Dry,Non-Fatal Injury,Pedestrian Collisions,D43,137,Woburn (137),-79.2253,43.7598,-79.2253,43.7598,Y,Lawrence Ave E,Markham Rd,2017-03-24
6000861848,2016,00:00.0,1200,12,JANE ST,400 S JANE ST RAMP,NULL,1,Etobicoke York,5,12,Intersection,At Intersection,Traffic Signal,Clear,Daylight,Dry,Non-Fatal Injury,Turning Movement,D12,28,Rustic (28),-79.5059,43.7109,NULL,NULL,N,NULL,NULL,NULL
6001410250,2016,00:00.0,1603,16,MARCELLA ST,ANGORA ST,NULL,4,Scarborough,24,43,Intersection,At Intersection,Stop Sign,Clear,Daylight,Dry,Non-Fatal Injury,Angle,D43,137,Woburn (137),-79.2138,43.759,NULL,NULL,N,NULL,NULL,NULL
6000936557,2016,00:00.0,1728,17,4 EWART AVE,NULL,NULL,4,Etobicoke York,5,12,Intersection,Non Intersection,No Control,Clear,Daylight,Dry,Fatal,Other,D12,110,Keelesdale-Eglinton West (110),-79.4674,43.6881,NULL,NULL,N,NULL,NULL,NULL
6001117319,2016,00:00.0,1300,13,MCCOWAN RD,MCNICOLL AVE,NULL,1,Scarborough,23,42,Intersection,At Intersection,Traffic Signal,Clear,Daylight,Dry,Non-Fatal Injury,Sideswipe,D42,130,Milliken (130),-79.2719,43.8178,NULL,NULL,N,NULL,NULL,NULL
6001174772,2016,00:00.0,1247,12,740 DUPONT ST,NULL,NULL,1,Toronto and East York,11,14,Mid-Block,Non Intersection,No Control,Clear,Daylight,Dry,Fatal,Cyclist Collisions,D14,93,Dovercourt-Wallace Emerson-Junction (93),-79.4237,43.6711,NULL,NULL,N,NULL,NULL,NULL
6000929645,2016,00:00.0,1755,17,SPADINA RD,BERNARD AVE,90 m South of,3,Toronto and East York,11,NULL,Mid-Block,At/Near Private Drive,No Control,Clear,Daylight,Dry,Non-Fatal Injury,Turning Movement,D53,95,Annex (95),-79.4056,43.6712,NULL,NULL,N,NULL,NULL,NULL
8002248508,2018,00:00.0,1520,15,1750 MIDLAND AVE,NULL,NULL,1,Scarborough,21,41,Mid-Block,Non Intersection,No Control,Clear,Daylight,Dry,Non-Fatal Injury,Rear End,D41,127,Bendale (127),-79.2687,43.7611,NULL,NULL,N,NULL,NULL,NULL
6001219608,2016,00:00.0,910,9,AVENUE RD,CHAPLIN CRES,58 m South of,1,Toronto and East York,12,53,Intersection,Non Intersection,Traffic Signal,Clear,Daylight,Dry,Non-Fatal Injury,Cyclist Collisions,D53,100,Yonge-Eglinton (100),-79.4061,43.6987,NULL,NULL,N,NULL,NULL,NULL
6000143502,2016,00:00.0,2141,21,EGLINTON AVE E,MASON RD,NULL,1,Scarborough,NULL,43,Intersection,At Intersection,Traffic Signal,Clear,"Dark, artificial",Dry,Non-Fatal Injury,Pedestrian Collisions,D43,139,Scarborough Village (139),-79.2251,43.7417,NULL,NULL,N,NULL,NULL,NULL
5001792532,2015,00:00.0,145,1,LAKE SHORE BLVD W,THIRTY SEVENTH ST,51 m East of,1,Etobicoke York,3,22,Mid-Block,Non Intersection,No Control,Clear,"Dark, artificial",Dry,Non-Fatal Injury,SMV Other,D22,19,Long Branch (19),-79.5375,43.5935,NULL,NULL,N,NULL,NULL,NULL
5002013764,2015,00:00.0,603,6,MCCOWAN RD,KENHATCH BLVD,NULL,1,Scarborough,23,42,Intersection,At Intersection,Traffic Signal,Snow,Dark,Wet,Fatal,Pedestrian Collisions,D42,129,Agincourt North (129),-79.2637,43.8014,NULL,NULL,N,NULL,NULL,NULL
6000493980,2016,00:00.0,1936,19,PROGRESS AVE,KENNEDY RD,NULL,1,Scarborough,21,41,Intersection,Intersection Related,Traffic Signal,Rain,"Dusk, artificial",Wet,Non-Fatal Injury,Pedestrian Collisions,D41,126,Dorset Park (126),-79.2822,43.7693,NULL,NULL,N,NULL,NULL,NULL
6000498147,2016,00:00.0,1313,13,400 NUGGET AVE,NULL,110 m South of,3,Scarborough,23,42,Mid-Block,At/Near Private Drive,No Control,Clear,Daylight,Dry,Non-Fatal Injury,Turning Movement,D42,128,Agincourt South-Malvern West (128),-79.2487,43.7966,NULL,NULL,N,NULL,NULL,NULL
5002054612,2015,00:00.0,1833,18,FLORENCE AVE,BOTHAM RD,NULL,2,North York,18,32,Intersection,At Intersection,Stop Sign,Clear,"Dark, artificial",Dry,Non-Fatal Injury,Pedestrian Collisions,D32,38,Lansing-Westgate (38),-79.4137,43.7573,NULL,NULL,N,NULL,NULL,NULL
5002137387,2015,00:00.0,2013,20,DUFFERIN ST,CARTWRIGHT AVE,7 m North of,1,North York,8,32,Intersection,At Intersection,No Control,Clear,"Dark, artificial",Dry,Non-Fatal Injury,Pedestrian Collisions,D32,31,Yorkdale-Glen Park (31),-79.4568,43.7237,NULL,NULL,N,NULL,NULL,NULL
6000755736,2016,00:00.0,948,9,3 SPRUCE HILL RD,NULL,NULL,4,Toronto and East York,19,55,Mid-Block,Non Intersection,No Control,Clear,Daylight,Dry,Fatal,Pedestrian Collisions,D55,63,The Beaches (63),-79.2889,43.6727,NULL,NULL,N,NULL,NULL,NULL
6000789815,2016,00:00.0,1133,11,BROADVIEW AVE,JACK LAYTON WAY,NULL,3,Toronto and East York,14,55,Intersection,Intersection Related,No Control,Clear,Daylight,Dry,Non-Fatal Injury,Sideswipe,D55,68,North Riverdale (68),-79.3529,43.6661,NULL,NULL,N,NULL,NULL,NULL
6000800445,2016,00:00.0,648,6,FINCH AVE W,SIGNET DR,25 m East of,1,Etobicoke York,7,31,Intersection,At Intersection,Traffic Signal,Clear,Daylight,Dry,Non-Fatal Injury,Cyclist Collisions,D31,22,Humbermede (22),-79.5362,43.7532,NULL,NULL,N,NULL,NULL,NULL
6000848793,2016,00:00.0,1414,14,JANE ST,TROUTBROOKE DR,NULL,1,Etobicoke York,NULL,31,Intersection,At Intersection,Traffic Signal,Clear,Daylight,Dry,Fatal,Turning Movement,D31,26,Downsview-Roding-CFB (26),-79.5112,43.7318,NULL,NULL,N,NULL,NULL,NULL
6000707918,2016,00:00.0,2139,21,EGLINTON AVE E,BEACHELL ST,NULL,1,Scarborough,NULL,43,Mid-Block,Non Intersection,No Control,Rain,Dark,Wet,Fatal,Pedestrian Collisions,D43,139,Scarborough Village (139),-79.2229,43.7422,NULL,NULL,N,NULL,NULL,NULL
6000713724,2016,00:00.0,1910,19,CARRIER DR,WOODBINE DOWNS BLVD,NULL,2,Etobicoke York,1,23,Intersection,At Intersection,Stop Sign,Clear,Daylight,Dry,Non-Fatal Injury,Angle,D23,1,West Humber-Clairville (1),-79.6075,43.7385,NULL,NULL,N,NULL,NULL,NULL
6000522644,2016,00:00.0,2153,21,MONOGRAM PL,ISLINGTON AVE,NULL,1,Etobicoke York,1,23,Intersection,At Intersection,Traffic Signal,Clear,"Dark, artificial",Dry,Non-Fatal Injury,Turning Movement,D23,6,Kingsview Village-The Westway (6),-79.5504,43.7051,NULL,NULL,N,NULL,NULL,NULL
1000339,2007,00:00.0,610,6,STEELES AVE W,NORTHWEST GT,NULL,1,Etobicoke York,7,31,Intersection,At Intersection,No Control,Clear,Dark,Dry,Non-Fatal Injury,Pedestrian Collisions,D31,27,York University Heights (27),-79.511,43.7777,NULL,NULL,N,NULL,NULL,NULL
998724,2007,00:00.0,2200,22,FINCH AVE W,DRIFTWOOD AVE,NULL,1,Etobicoke York,7,31,Intersection,At Intersection,Traffic Signal,Clear,Dark,Dry,Non-Fatal Injury,Turning Movement,D31,25,Glenfield-Jane Heights (25),-79.5133,43.758,NULL,NULL,N,NULL,NULL,NULL
979400,2007,00:00.0,2013,20,MCCOWAN RD,BRIDLEGROVE DR,NULL,3,Scarborough,20,43,Mid-Block,NULL,No Control,Clear,Daylight,Dry,Fatal,Pedestrian Collisions,D43,123,Cliffcrest (123),-79.2366,43.7352,NULL,NULL,N,NULL,NULL,NULL
993820,2007,00:00.0,605,6,YONGE ST,GLENFOREST RD,NULL,1,North York,NULL,32,Intersection,At Intersection,No Control,Clear,Dark,Dry,Fatal,Pedestrian Collisions,D32,105,Lawrence Park North (105),-79.4035,43.7302,NULL,NULL,N,NULL,NULL,NULL
995439,2007,00:00.0,1129,11,227 EGLINTON AVE W,NULL,NULL,1,North York,NULL,53,Mid-Block,NULL,No Control,Clear,Daylight,Dry,Non-Fatal Injury,Angle,D53,100,Yonge-Eglinton (100),-79.4055,43.7052,NULL,NULL,N,NULL,NULL,NULL
1005351,2007,00:00.0,735,7,DON VALLEY PARKWAY  N,DON MILLS Road,NULL,NULL,Toronto and East York,14,54,Mid-Block,NULL,No Control,Clear,Daylight,Dry,Non-Fatal Injury,SMV Other,D54,58,Old East York (58),-79.337,43.7005,NULL,NULL,N,NULL,NULL,NULL
972948,2007,00:00.0,2358,23,LAKE SHORE BLVD W,YONGE ST,NULL,1,Toronto and East York,10,NULL,Intersection,NULL,Traffic Signal,Clear,Dark,Dry,Non-Fatal Injury,Turning Movement,D52,77,Waterfront Communities-The Island (77),-79.3757,43.644,NULL,NULL,N,NULL,NULL,NULL
998916,2007,00:00.0,142,1,BAYVIEW AVE,POTTERY RD,NULL,1,North York,NULL,53,Intersection,At Intersection,Traffic Signal,Clear,Dark,Dry,Non-Fatal Injury,Turning Movement,D53,56,Leaside-Bennington (56),-79.3635,43.6879,NULL,NULL,N,NULL,NULL,NULL
1001270,2007,00:00.0,643,6,ALBION RD,MARTIN GROVE N ALBION E RAMP,NULL,1,Etobicoke York,1,23,Intersection,At Intersection,No Control,Clear,Daylight,Dry,Non-Fatal Injury,Pedestrian Collisions,D23,2,Mount Olive-Silverstone-Jamestown (2),-79.5893,43.7411,NULL,NULL,N,NULL,NULL,NULL
1000423,2007,00:00.0,1955,19,BATHURST Stre,WOLSELEY Stre,NULL,1,Toronto and East York,10,14,Mid-Block,NULL,No Control,Clear,Dark,Dry,Non-Fatal Injury,Approaching,D14,78,Kensington-Chinatown (78),-79.4044,43.6483,NULL,NULL,N,NULL,NULL,NULL
996538,2007,00:00.0,1900,19,LESLIE ST,LAWRENCE AVE E,NULL,1,North York,NULL,33,Intersection,At Intersection,Traffic Signal,Clear,Dark,Dry,Non-Fatal Injury,Turning Movement,D33,42,Banbury-Don Mills (42),-79.3559,43.7345,-79.3559,43.7345,Y,Leslie St,Lawrence Ave E,2008-05-29
1004974,2007,00:00.0,1803,18,5810 SHEPPARD AVE E,NULL,NULL,1,Scarborough,23,42,Mid-Block,At Intersection,No Control,Clear,Dark,Dry,Non-Fatal Injury,Pedestrian Collisions,D42,132,Malvern (132),-79.2297,43.7956,NULL,NULL,N,NULL,NULL,NULL
1030828,2008,00:00.0,1350,13,LAWRENCE AVE E,HOWDEN RD,NULL,1,Scarborough,21,41,Intersection,At Intersection,Traffic Signal,Clear,Daylight,Dry,Non-Fatal Injury,Pedestrian Collisions,D41,119,Wexford/Maryvale (119),-79.2879,43.7468,-79.2879,43.7468,Y,Lawrence Ave E,Howden Rd,2021-12-16
1003447,2007,00:00.0,2014,20,ST CLAIR AVE W,CHRISTIE ST,NULL,1,Toronto and East York,12,13,Intersection,NULL,Traffic Signal,Rain,Dark,Wet,Non-Fatal Injury,Cyclist Collisions,D13,94,Wychwood (94),-79.4256,43.6817,NULL,NULL,N,NULL,NULL,NULL
1001761,2007,00:00.0,1810,18,JANE ST,FIRGROVE CRES,NULL,1,Etobicoke York,7,31,Intersection,At Intersection,Traffic Signal,Rain,Dark,Wet,Fatal,Pedestrian Collisions,D31,25,Glenfield-Jane Heights (25),-79.517,43.7548,NULL,NULL,N,NULL,NULL,NULL
1000312,2007,00:00.0,200,2,LAKE SHORE BLVD W,LONG BRANCH AVE,NULL,1,Etobicoke York,3,22,Intersection,NULL,Traffic Signal,Clear,Dark,Dry,Non-Fatal Injury,SMV Other,D22,19,Long Branch (19),-79.5339,43.5943,NULL,NULL,N,NULL,NULL,NULL
1250312,2011,00:00.0,203,2,PORT UNION RD,ADENMORE RD,NULL,3,Scarborough,25,43,Mid-Block,NULL,No Control,Clear,Dark,Dry,Non-Fatal Injury,SMV Other,D43,131,Rouge (131),-79.1382,43.7833,NULL,NULL,N,NULL,NULL,NULL
980194,2007,00:00.0,1029,10,ST CLAIR AVE W,GREENLAW AVE,NULL,1,Toronto and East York,9,13,Mid-Block,NULL,No Control,Clear,Daylight,Dry,Non-Fatal Injury,Turning Movement,D13,92,Corso Italia-Davenport (92),-79.4477,43.6769,NULL,NULL,N,NULL,NULL,NULL
975246,2007,00:00.0,425,4,MCROBERTS Aven,KITCHENER Aven,NULL,4,Toronto and East York,9,13,Intersection,At Intersection,Stop Sign,Clear,Dark,Dry,Non-Fatal Injury,Pedestrian Collisions,D13,109,Caledonia-Fairbank (109),-79.4591,43.6893,NULL,NULL,N,NULL,NULL,NULL
1044158,2008,00:00.0,1031,10,EGLINTON AVE E,BELLAMY RD N,NULL,1,Scarborough,NULL,43,Intersection,At Intersection,Traffic Signal,Clear,Daylight,Dry,Non-Fatal Injury,Pedestrian Collisions,D43,138,Eglinton East (138),-79.232,43.7402,NULL,NULL,N,NULL,NULL,NULL