ACCNUM,YEAR,DATE,TIME,HOUR,STREET1,STREET2,OFFSET,ROAD_CLASS,DISTRICT,WARDNUM,DIVISION,LOCCOORD,ACCLOC,TRAFFCTL,VISIBILITY,LIGHT,RDSFCOND,ACCLASS,IMPACTYPE,POLICE_DIVISION,HOOD_ID,NEIGHBOURHOOD,collision_lat,collision_long,red_light_lat,red_light_long,right_light_camera,LINEAR_NAME_FULL_1,LINEAR_NAME_FULL_2,ACTIVATION_DATE
1021846,2008,00:00.0,1058,10,910 MARKHAM Rd,PAINTED POST Driv,NULL,1,Scarborough,24,43,Mid-Block,NULL,No Control,Rain,Daylight,Wet,Non-Fatal Injury,Approaching,D43,137,Woburn (137),-79.2289,43.769,NULL,NULL,N,NULL,NULL,NULL
6000074879,2016,00:00.0,1320,13,EGLINTON AVE E,CREDIT UNION DR,NULL,1,North York,16,NULL,Intersection,At Intersection,Traffic Signal,Clear,Daylight,Dry,Non-Fatal Injury,Turning Movement,D54,43,Victoria Village (43),-79.3182,43.7261,NULL,NULL,N,NULL,NULL,NULL
1015759,2007,00:00.0,1657,16,JANE BLACK CR S RAMP ST,JANE ST,NULL,1,Etobicoke York,5,12,Intersection,NULL,Traffic Signal,Clear,Daylight,Dry,Non-Fatal Injury,Rear End,D12,28,Rustic (28),-79.5059,43.711,NULL,NULL,N,NULL,NULL,NULL
980783,2007,00:00.0,1637,16,1210 MARKHAM RD,NULL,NULL,1,Scarborough,24,43,Mid-Block,NULL,No Control,Clear,Daylight,Dry,Non-Fatal Injury,Pedestrian Collisions,D43,137,Woburn (137),-79.2323,43.7782,NULL,NULL,N,NULL,NULL,NULL
1048611,2008,00:00.0,730,7,MORNINGSIDE AVE,KINGSTON RD,NULL,1,Scarborough,NULL,43,Intersection,At Intersection,Traffic Signal,Clear,Daylight,Dry,Non-Fatal Injury,Pedestrian Collisions,D43,136,West Hill (136),-79.1868,43.7706,NULL,NULL,N,NULL,NULL,NULL
1003569,2007,00:00.0,1551,15,ST CLARENS AVE,WYNDHAM ST,NULL,4,Toronto and East York,9,11,Intersection,NULL,No Control,Clear,Daylight,Dry,Non-Fatal Injury,Pedestrian Collisions,D11,84,Little Portugal (84),-79.4372,43.6473,NULL,NULL,N,NULL,NULL,NULL
1069209,2008,00:00.0,400,4,JANE ST,SHEPPARD AVE W,NULL,1,Etobicoke York,NULL,31,Intersection,At Intersection,Traffic Signal,Rain,Dark,Wet,Non-Fatal Injury,SMV Other,D31,25,Glenfield-Jane Heights (25),-79.5131,43.7393,NULL,NULL,N,NULL,NULL,NULL
1043273,2008,00:00.0,2010,20,LAKE SHORE BLVD W,LONG BRANCH AVE,NULL,1,Etobicoke York,3,22,Intersection,At Intersection,Traffic Signal,Clear,Dusk,Dry,Fatal,Pedestrian Collisions,D22,19,Long Branch (19),-79.5339,43.5943,NULL,NULL,N,NULL,NULL,NULL
1043009,2008,00:00.0,1235,12,BROWNS LINE Line,HORNER AVE,NULL,1,Etobicoke York,3,22,Intersection,At Intersection,Traffic Signal,Clear,Daylight,Dry,Non-Fatal Injury,Angle,D22,20,Alderwood (20),-79.5451,43.6016,NULL,NULL,N,NULL,NULL,NULL
1047294,2008,00:00.0,1540,15,130 THE QUEENSWAY,NULL,NULL,1,Etobicoke York,3,22,Mid-Block,At Intersection,No Control,Clear,Daylight,Dry,Non-Fatal Injury,Pedestrian Collisions,D22,16,Stonegate-Queensway (16),-79.4818,43.6308,NULL,NULL,N,NULL,NULL,NULL
1068386,2008,00:00.0,1905,19,BIRCHMOUNT RD,ALLANFORD RD,NULL,1,Scarborough,22,42,Intersection,At Intersection,Traffic Signal,Clear,Dark,Dry,Non-Fatal Injury,Pedestrian Collisions,D42,118,Tam O'Shanter-Sullivan (118),-79.295,43.7742,NULL,NULL,N,NULL,NULL,NULL
1035404,2008,00:00.0,2000,20,EGLINTON Aven E,CREDIT UNION Driv,NULL,1,North York,16,NULL,Mid-Block,At Intersection,No Control,Clear,Daylight,Dry,Non-Fatal Injury,Pedestrian Collisions,D54,43,Victoria Village (43),-79.3182,43.7261,NULL,NULL,N,NULL,NULL,NULL
1047995,2008,00:00.0,1400,14,COLLEGE St,CRAWFORD St,NULL,1,Toronto and East York,11,14,Intersection,NULL,No Control,Clear,Daylight,Dry,Non-Fatal Injury,Cyclist Collisions,D14,80,Palmerston-Little Italy (80),-79.4189,43.6551,NULL,NULL,N,NULL,NULL,NULL
1069502,2008,00:00.0,1448,14,KEELE ST,STEELES AVE W,NULL,1,Etobicoke York,NULL,31,Intersection,At Intersection,Traffic Signal,Clear,Daylight,Dry,Non-Fatal Injury,Pedestrian Collisions,D31,27,York University Heights (27),-79.4944,43.7815,NULL,NULL,N,NULL,NULL,NULL
1066274,2008,00:00.0,2235,22,EGLINTON AVE E,SWIFT DR,NULL,1,North York,16,NULL,Intersection,At Intersection,Traffic Signal,Rain,Dark,Wet,Fatal,Pedestrian Collisions,D54,43,Victoria Village (43),-79.3182,43.7261,NULL,NULL,N,NULL,NULL,NULL
1025521,2008,00:00.0,103,1,LAKE SHORE BLVD W,THIRTY FIFTH ST,NULL,1,Etobicoke York,3,22,Mid-Block,NULL,No Control,Rain,Dark,Wet,Non-Fatal Injury,SMV Other,D22,19,Long Branch (19),-79.5344,43.5942,NULL,NULL,N,NULL,NULL,NULL
1026057,2008,00:00.0,940,9,DON MILLS RD,SENECA HILL DR,NULL,1,North York,17,33,Intersection,At Intersection,Traffic Signal,Clear,Daylight,Dry,Non-Fatal Injury,Angle,D33,47,Don Valley Village (47),-79.3541,43.7902,NULL,NULL,N,NULL,NULL,NULL
1047657,2008,00:00.0,38,0,688 SCARLETT RD,NULL,NULL,1,Etobicoke York,2,23,Intersection,NULL,No Control,Clear,Dark,Dry,Fatal,SMV Other,D23,8,Humber Heights-Westmount (8),-79.5194,43.6947,NULL,NULL,N,NULL,NULL,NULL
1064139,2008,00:00.0,2110,21,WILMINGTON AVE,EVANSTON DR,NULL,3,North York,6,32,Intersection,NULL,No Control,Clear,Dark,Dry,Non-Fatal Injury,Approaching,D32,34,Bathurst Manor (34),-79.4589,43.766,NULL,NULL,N,NULL,NULL,NULL
1012000,2007,00:00.0,1700,17,CULFORD RD,VANWYCK RD,NULL,2,Etobicoke York,5,12,Mid-Block,NULL,No Control,Clear,Dark,Wet,Non-Fatal Injury,Approaching,D12,30,Brookhaven-Amesbury (30),-79.4874,43.7059,NULL,NULL,N,NULL,NULL,NULL
1064595,2008,00:00.0,1445,14,KIPLING Aven,BROOKMERE Road,NULL,1,Etobicoke York,1,23,Intersection,At Intersection,Traffic Signal,Clear,Daylight,Dry,Non-Fatal Injury,Cyclist Collisions,D23,4,Rexdale-Kipling (4),-79.5746,43.7281,NULL,NULL,N,NULL,NULL,NULL
1054496,2008,00:00.0,1553,15,MORTIMER AVE,LOGAN AVE,NULL,3,Toronto and East York,14,54,Intersection,At Intersection,Traffic Signal,Clear,Daylight,Dry,Non-Fatal Injury,Angle,D54,57,Broadview North (57),-79.3518,43.6848,NULL,NULL,N,NULL,NULL,NULL
1054754,2008,00:00.0,1610,16,THE QUEENSWAY,STEPHEN Driv,NULL,1,Etobicoke York,3,22,Intersection,At Intersection,Traffic Signal,Clear,Daylight,Dry,Non-Fatal Injury,Cyclist Collisions,D22,16,Stonegate-Queensway (16),-79.4842,43.6303,NULL,NULL,N,NULL,NULL,NULL
1051130,2008,00:00.0,2245,22,LOWER JARVIS ST,THE ESPLANADE,NULL,1,Toronto and East York,NULL,51,Intersection,At Intersection,Traffic Signal,Clear,Dark,Dry,Non-Fatal Injury,Cyclist Collisions,D51,77,Waterfront Communities-The Island (77),-79.3708,43.6482,NULL,NULL,N,NULL,NULL,NULL
1051391,2008,00:00.0,2110,21,KINGSTON RD,ORCHARD PARK DR,NULL,1,Scarborough,25,43,Intersection,NULL,Stop Sign,Clear,Dark,Dry,Non-Fatal Injury,Pedestrian Collisions,D43,136,West Hill (136),-79.1792,43.7746,NULL,NULL,N,NULL,NULL,NULL
1062586,2008,00:00.0,1025,10,ISLINGTON AVE,DIXON RD,NULL,1,Etobicoke York,NULL,23,Intersection,NULL,No Control,Clear,Daylight,Dry,Non-Fatal Injury,Rear End,D23,6,Kingsview Village-The Westway (6),-79.5466,43.697,NULL,NULL,N,NULL,NULL,NULL
1064784,2008,00:00.0,1517,15,EASTERN AVE,CARLAW AVE,NULL,1,Toronto and East York,14,55,Intersection,At Intersection,Traffic Signal,Clear,Daylight,Dry,Non-Fatal Injury,SMV Other,D55,70,South Riverdale (70),-79.3389,43.6583,NULL,NULL,N,NULL,NULL,NULL
1049419,2008,00:00.0,1040,10,DUNDAS ST W,LANSDOWNE AVE,NULL,3,Toronto and East York,9,11,Mid-Block,NULL,No Control,Clear,Daylight,Dry,Non-Fatal Injury,Cyclist Collisions,D11,83,Dufferin Grove (83),-79.4392,43.6501,NULL,NULL,N,NULL,NULL,NULL
6000171366,2016,00:00.0,1225,12,3434 LAWRENCE AVE E,NULL,NULL,1,Scarborough,24,43,Intersection,At Intersection,Traffic Signal,Clear,Daylight,Dry,Non-Fatal Injury,Sideswipe,D43,137,Woburn (137),-79.2304,43.7586,NULL,NULL,N,NULL,NULL,NULL
1056886,2008,00:00.0,1450,14,AVENUE RD,HEATH ST W,NULL,1,Toronto and East York,12,53,Mid-Block,NULL,No Control,Clear,Daylight,Dry,Non-Fatal Injury,Cyclist Collisions,D53,97,Yonge-St.Clair (97),-79.4028,43.69,NULL,NULL,N,NULL,NULL,NULL
6000353935,2016,00:00.0,2240,22,LAWRENCE AVE E,CARNFORTH RD,NULL,1,North York,16,33,Intersection,At Intersection,Traffic Signal,Rain,"Dark, artificial",Wet,Non-Fatal Injury,Turning Movement,D33,43,Victoria Village (43),-79.3142,43.7414,NULL,NULL,N,NULL,NULL,NULL
1055774,2008,00:00.0,2307,23,LAKE SHORE W BLVD E,YONGE ST,NULL,1,Toronto and East York,10,NULL,Intersection,At Intersection,Traffic Signal,Clear,Dark,Dry,Non-Fatal Injury,Pedestrian Collisions,D52,77,Waterfront Communities-The Island (77),-79.3757,43.644,NULL,NULL,N,NULL,NULL,NULL
6001643828,2016,00:00.0,1927,19,OSSINGTON AVE,ACORES AVE,40 m South of,3,Toronto and East York,NULL,NULL,Mid-Block,Non Intersection,No Control,Clear,Daylight,Dry,Non-Fatal Injury,Sideswipe,D13,94,Wychwood (94),-79.4294,43.671,NULL,NULL,N,NULL,NULL,NULL
6000365779,2016,00:00.0,1930,19,COSBURN AVE,PAPE AVE,3 m East of,3,Toronto and East York,14,54,Mid-Block,Non Intersection,No Control,Clear,"Dark, artificial",Dry,Non-Fatal Injury,Pedestrian Collisions,D54,59,Danforth East York (59),-79.3483,43.6894,NULL,NULL,N,NULL,NULL,NULL
6000408814,2016,00:00.0,2106,21,EGLINTON AVE W,BATHURST ST,NULL,1,North York,NULL,NULL,Intersection,Intersection Related,Traffic Signal,Clear,Daylight,Dry,Non-Fatal Injury,Pedestrian Collisions,D13,102,Forest Hill North (102),-79.4255,43.7009,NULL,NULL,N,NULL,NULL,NULL
6001707155,2016,00:00.0,1629,16,KEELE ST,STEELES AVE W,NULL,1,Etobicoke York,NULL,31,Intersection,At Intersection,Traffic Signal,Clear,Daylight,Dry,Non-Fatal Injury,Angle,D31,27,York University Heights (27),-79.4944,43.7815,NULL,NULL,N,NULL,NULL,NULL
6001735682,2016,00:00.0,52,0,DUNDAS ST W,STERLING RD,NULL,3,Toronto and East York,9,11,Intersection,At Intersection,Traffic Signal,Clear,"Dark, artificial",Dry,Non-Fatal Injury,Turning Movement,D11,83,Dufferin Grove (83),-79.4429,43.6506,NULL,NULL,N,NULL,NULL,NULL
6001741045,2016,00:00.0,1928,19,EGLINTON AVE W,CHILTERN HILL RD,NULL,1,North York,NULL,13,Mid-Block,Non Intersection,No Control,Clear,Dark,Dry,Fatal,Pedestrian Collisions,D13,106,Humewood-Cedarvale (106),-79.427,43.7006,NULL,NULL,N,NULL,NULL,NULL
6001743580,2016,00:00.0,510,5,THE QUEENSWAY,KIPLING AVE,500 m West of,1,Etobicoke York,3,22,Mid-Block,Non Intersection,No Control,Clear,"Dark, artificial",Dry,Non-Fatal Injury,Pedestrian Collisions,D22,14,Islington-City Centre West (14),-79.5321,43.6196,NULL,NULL,N,NULL,NULL,NULL
6001668263,2016,00:00.0,1534,15,DON MILLS RD W,GOODVIEW RD,72 m North of,1,North York,17,33,Mid-Block,Non Intersection,No Control,Clear,Daylight,Dry,Non-Fatal Injury,SMV Other,D33,47,Don Valley Village (47),-79.3532,43.7844,NULL,NULL,N,NULL,NULL,NULL
6001676072,2016,00:00.0,1754,17,BLOOR ST W,LIPPINCOTT ST,NULL,1,Toronto and East York,11,14,Intersection,At Intersection,Stop Sign,Clear,Daylight,Dry,Non-Fatal Injury,Cyclist Collisions,D14,79,University (79),-79.4099,43.6653,NULL,NULL,N,NULL,NULL,NULL
6001927266,2016,00:00.0,227,2,PHARMACY AVE,EGLINTON AVE E,NULL,1,Scarborough,NULL,41,Intersection,Intersection Related,No Control,Clear,Dark,Dry,Fatal,SMV Other,D41,119,Wexford/Maryvale (119),-79.2975,43.7256,NULL,NULL,N,NULL,NULL,NULL
6001958685,2016,00:00.0,226,2,F G GARDINER XY  E,CHERRY ST,NULL,NULL,Toronto and East York,10,51,Mid-Block,Non Intersection,No Control,Clear,"Dark, artificial",Dry,Non-Fatal Injury,SMV Other,D51,77,Waterfront Communities-The Island (77),-79.3549,43.6489,NULL,NULL,N,NULL,NULL,NULL
1025433,2008,00:00.0,1047,10,AVENUE RD,OXTON AVE,NULL,1,Toronto and East York,12,53,Intersection,At Intersection,Stop Sign,Clear,Daylight,Wet,Non-Fatal Injury,Turning Movement,D53,97,Yonge-St.Clair (97),-79.4055,43.6974,NULL,NULL,N,NULL,NULL,NULL
6001858926,2016,00:00.0,950,9,DON VALLEY PARKWAY  N,LAWRENCE AVE E,100 m North of,8,North York,16,33,Mid-Block,Non Intersection,No Control,Clear,Daylight,Dry,Non-Fatal Injury,Rear End,D33,42,Banbury-Don Mills (42),-79.332,43.7403,NULL,NULL,N,NULL,NULL,NULL
1065135,2008,00:00.0,1315,13,BAYVIEW BLOOR S RAMP N,BLOOR RAMP,NULL,NULL,Toronto and East York,11,53,Mid-Block,NULL,No Control,Clear,Daylight,Dry,Fatal,Approaching,D53,98,Rosedale-Moore Park (98),-79.3688,43.6782,NULL,NULL,N,NULL,NULL,NULL
6001770159,2016,00:00.0,957,9,ST GEORGE ST,RUSSELL ST,51 m North of,3,Toronto and East York,11,52,Mid-Block,Intersection Related,Pedestrian Crossover,Clear,Daylight,Dry,Non-Fatal Injury,Pedestrian Collisions,D52,79,University (79),-79.3971,43.6609,NULL,NULL,N,NULL,NULL,NULL
6000261829,2016,00:00.0,1018,10,FINCH AVE W,TOBERMORY DR,450 m East of,1,Etobicoke York,7,31,Mid-Block,Non Intersection,No Control,Clear,Daylight,Dry,Fatal,Pedestrian Collisions,D31,27,York University Heights (27),-79.5036,43.7602,NULL,NULL,N,NULL,NULL,NULL
6000310754,2016,00:00.0,1730,17,1330 MARTIN GROVE RD,NULL,11 m West of,1,Etobicoke York,1,23,Mid-Block,At/Near Private Drive,No Control,Clear,Daylight,Dry,Non-Fatal Injury,Pedestrian Collisions,D23,1,West Humber-Clairville (1),-79.5796,43.7106,NULL,NULL,N,NULL,NULL,NULL
6001676561,2016,00:00.0,2130,21,SHEPPARD AVE E,BONESET RD,55 m East of,1,North York,17,33,Mid-Block,Non Intersection,No Control,Clear,"Dusk, artificial",Dry,Non-Fatal Injury,Pedestrian Collisions,D33,46,Pleasant View (46),-79.3332,43.7752,NULL,NULL,N,NULL,NULL,NULL
7000641093,2017,00:00.0,1919,19,GERRARD ST E,SACKVILLE ST,37 m East of,3,Toronto and East York,13,51,Mid-Block,Non Intersection,No Control,Clear,Daylight,Dry,Non-Fatal Injury,Pedestrian Collisions,D51,72,Regent Park (72),-79.3635,43.6626,NULL,NULL,N,NULL,NULL,NULL
6001872148,2016,00:00.0,1040,10,ST CLAIR AVENUE EAST,WARDEN AVENUE,120 m West of,1,Scarborough,20,41,Mid-Block,Non Intersection,No Control,Rain,"Daylight, artificial",Wet,Non-Fatal Injury,SMV Other,D41,121,Oakridge (121),-79.2823,43.7116,NULL,NULL,N,NULL,NULL,NULL
6001908620,2016,00:00.0,707,7,DUNDAS ST W,BLOOR ST W,76 m South of,3,Toronto and East York,4,11,Mid-Block,Non Intersection,No Control,Rain,"Dusk, artificial",Wet,Non-Fatal Injury,Pedestrian Collisions,D11,86,Roncesvalles (86),-79.4522,43.6554,NULL,NULL,N,NULL,NULL,NULL
7000714905,2017,00:00.0,2044,20,YONGE ST,ERSKINE AVE,NULL,1,North York,NULL,53,Intersection,At Intersection,Traffic Controller,Clear,Dusk,Dry,Non-Fatal Injury,Turning Movement,D53,104,Mount Pleasant West (104),-79.3992,43.711,NULL,NULL,N,NULL,NULL,NULL
7000769510,2017,00:00.0,645,6,WESTHUMBER BLVD,KIPLING AVE,NULL,1,Etobicoke York,1,23,Intersection,At Intersection,Traffic Signal,Clear,"Dawn, artificial",Dry,Non-Fatal Injury,Cyclist Collisions,D23,4,Rexdale-Kipling (4),-79.5746,43.728,NULL,NULL,N,NULL,NULL,NULL
6001786629,2016,00:00.0,1750,17,MONTGOMERY AV,MIDLAND AV,70 m East of,4,Scarborough,23,42,Mid-Block,Non Intersection,No Control,Clear,Daylight,Dry,Non-Fatal Injury,Pedestrian Collisions,D42,128,Agincourt South-Malvern West (128),-79.2798,43.791,NULL,NULL,N,NULL,NULL,NULL
7001021387,2017,00:00.0,135,1,SYMINGTON AVE,DUPONT ST,50 m South of,2,Toronto and East York,9,11,Mid-Block,Non Intersection,No Control,Clear,"Dark, artificial",Dry,Non-Fatal Injury,SMV Unattended Vehicle,D11,93,Dovercourt-Wallace Emerson-Junction (93),-79.451,43.6651,NULL,NULL,N,NULL,NULL,NULL
6001582808,2016,00:00.0,1643,16,HULLRICK DR,CINRICKBAR DR,NULL,4,Etobicoke York,1,23,Intersection,At Intersection,Stop Sign,Clear,Daylight,Dry,Non-Fatal Injury,Angle,D23,1,West Humber-Clairville (1),-79.62,43.7229,NULL,NULL,N,NULL,NULL,NULL
6001603750,2016,00:00.0,1733,17,LAUDER AVE,AMHERST AVE,100 m North of,4,Toronto and East York,12,13,Mid-Block,Non Intersection,No Control,Clear,"Dark, artificial",Dry,Non-Fatal Injury,Pedestrian Collisions,D13,107,Oakwood Village (107),-79.4448,43.6913,NULL,NULL,N,NULL,NULL,NULL
7001375273,2017,00:00.0,1345,13,MARTIN GROVE RD,WESTHUMBER  BLVD,NULL,1,Etobicoke York,1,23,Intersection,At Intersection,Traffic Signal,Clear,Daylight,Dry,Non-Fatal Injury,Turning Movement,D23,1,West Humber-Clairville (1),-79.5866,43.7259,NULL,NULL,N,NULL,NULL,NULL
7000804511,2017,00:00.0,1630,16,1446 DON MILLS RD,NULL,15 m East of,1,North York,16,33,Mid-Block,Non Intersection,No Control,Clear,Daylight,Dry,Non-Fatal Injury,SMV Other,D33,42,Banbury-Don Mills (42),-79.3472,43.7516,NULL,NULL,N,NULL,NULL,NULL
6001957443,2016,00:00.0,1815,18,LAWRENCE AVE E,GREENHOLM CRCT,NULL,1,Scarborough,24,43,Intersection,At Intersection,No Control,Clear,"Dusk, artificial",Dry,Non-Fatal Injury,Pedestrian Collisions,D43,137,Woburn (137),-79.2229,43.7602,NULL,NULL,N,NULL,NULL,NULL
7000313988,2017,00:00.0,1727,17,1000 GERRARD ST E,NULL,98 m West of,3,Toronto and East York,14,55,Mid-Block,Non Intersection,No Control,Clear,Daylight,Dry,Non-Fatal Injury,Pedestrian Collisions,D55,70,South Riverdale (70),-79.3387,43.6684,NULL,NULL,N,NULL,NULL,NULL
7001031526,2017,00:00.0,1404,14,FINCH  AVE E,PHARMACY AVE,233 m East of,1,Scarborough,22,42,Mid-Block,Non Intersection,No Control,Clear,Daylight,Dry,Non-Fatal Injury,Pedestrian Collisions,D42,117,L'Amoreaux (117),-79.3231,43.7948,NULL,NULL,N,NULL,NULL,NULL
7000267446,2017,00:00.0,936,9,RICHMOND ST E,JARVIS ST,NULL,1,Toronto and East York,13,51,Intersection,At Intersection,Traffic Signal,Rain,Daylight,Packed Snow,Non-Fatal Injury,Pedestrian Collisions,D51,73,Moss Park (73),-79.3727,43.6526,NULL,NULL,N,NULL,NULL,NULL
7000337302,2017,00:00.0,1022,10,ADELAIDE ST W,BAY ST,NULL,1,Toronto and East York,NULL,52,Intersection,At Intersection,Traffic Signal,Clear,"Daylight, artificial",Dry,Fatal,Pedestrian Collisions,D52,76,Bay Street Corridor (76),-79.3807,43.6498,NULL,NULL,N,NULL,NULL,NULL
7000337987,2017,00:00.0,1200,12,YONGE ST,NORTON AVE,NULL,1,North York,18,32,Intersection,At Intersection,Stop Sign,Clear,Daylight,Dry,Non-Fatal Injury,Pedestrian Collisions,D32,51,Willowdale East (51),-79.4135,43.7721,NULL,NULL,N,NULL,NULL,NULL
7000279545,2017,00:00.0,1017,10,ISLINGTON AVE,EGLINTON AVE W,NULL,1,Etobicoke York,2,NULL,Intersection,At Intersection,Traffic Signal,Clear,Daylight,Dry,Non-Fatal Injury,Turning Movement,D22,9,Edenbridge-Humber Valley (9),-79.5389,43.6797,NULL,NULL,N,NULL,NULL,NULL
7000303904,2017,00:00.0,29,0,KIPLING AVE,NEW TORONTO ST,112 m North,1,Etobicoke York,3,22,Mid-Block,Underpass or Tunnel,No Control,Clear,"Dark, artificial",Dry,Fatal,SMV Other,D22,17,Mimico (17),-79.5196,43.6047,NULL,NULL,N,NULL,NULL,NULL
7000786056,2017,00:00.0,1546,15,SHEPPARD AVE E,MALVERN ST,NULL,1,Scarborough,23,42,Intersection,At Intersection,Traffic Controller,Rain,Daylight,Wet,Non-Fatal Injury,Turning Movement,D42,132,Malvern (132),-79.2348,43.7945,NULL,NULL,N,NULL,NULL,NULL
7000012031,2017,00:00.0,717,7,LOWER SHERBOURNE ST,THE ESPLANADE,NULL,3,Toronto and East York,NULL,51,Intersection,At Intersection,Traffic Signal,Rain,Dark,Wet,Fatal,Pedestrian Collisions,D51,77,Waterfront Communities-The Island (77),-79.3672,43.6489,NULL,NULL,N,NULL,NULL,NULL
6002227092,2016,00:00.0,1312,13,EGLINTON AVE E,PRUDHAM GT,55 m West of,1,Scarborough,NULL,41,Mid-Block,Non Intersection,No Control,Clear,Daylight,Slush,Non-Fatal Injury,Pedestrian Collisions,D41,120,Clairlea-Birchmount (120),-79.2855,43.7282,NULL,NULL,N,NULL,NULL,NULL
7000925099,2017,00:00.0,2150,21,MOUNT PLEASANT RD,BROADWAY AVE,NULL,1,North York,NULL,53,Intersection,At Intersection,Traffic Signal,Rain,"Dark, artificial",Wet,Non-Fatal Injury,Cyclist Collisions,D53,99,Mount Pleasant East (99),-79.3911,43.711,NULL,NULL,N,NULL,NULL,NULL
7001076312,2017,00:00.0,2101,21,MARTIN GROVE RD,SILVERSTONE DR,101 m South of,3,Etobicoke York,1,23,Mid-Block,Non Intersection,No Control,Rain,"Dark, artificial",Wet,Non-Fatal Injury,Pedestrian Collisions,D23,2,Mount Olive-Silverstone-Jamestown (2),-79.5981,43.75,NULL,NULL,N,NULL,NULL,NULL
7000788679,2017,00:00.0,151,1,116 KING ST,NULL,3 m North of,4,Etobicoke York,5,12,Mid-Block,Non Intersection,No Control,Rain,"Dark, artificial",Wet,Non-Fatal Injury,SMV Other,D12,113,Weston (113),-79.5151,43.706,NULL,NULL,N,NULL,NULL,NULL
6002076706,2016,00:00.0,2040,20,MELROSE ST,GARROCH PL,NULL,4,Etobicoke York,3,22,Intersection,At Intersection,No Control,Clear,"Dark, artificial",Dry,Non-Fatal Injury,Pedestrian Collisions,D22,17,Mimico (17),-79.5063,43.6187,NULL,NULL,N,NULL,NULL,NULL
6002089290,2016,00:00.0,2010,20,300 GEORGE ST,NULL,NULL,4,Toronto and East York,13,51,Mid-Block,At/Near Private Drive,No Control,Clear,Dark,Wet,Fatal,Pedestrian Collisions,D51,73,Moss Park (73),-79.3736,43.6577,NULL,NULL,N,NULL,NULL,NULL
7000972243,2017,00:00.0,2018,20,OSSINGTON AVE,DUPONT ST,NULL,1,Toronto and East York,NULL,14,Intersection,At Intersection,Traffic Signal,Clear,Daylight,Dry,Non-Fatal Injury,Turning Movement,D14,93,Dovercourt-Wallace Emerson-Junction (93),-79.4289,43.67,NULL,NULL,N,NULL,NULL,NULL
7001432218,2017,00:00.0,923,9,DON VALLEY PARKWAY  S,DUNDAS ST E,100 m South of,NULL,Toronto and East York,14,55,Mid-Block,Non Intersection,No Control,Clear,Daylight,Dry,Non-Fatal Injury,Rear End,D55,70,South Riverdale (70),-79.3546,43.6606,NULL,NULL,N,NULL,NULL,NULL
7001496214,2017,00:00.0,2305,23,FINCH  AVE W,DUNCANWOODS  DR,10 m West of,1,Etobicoke York,7,31,Intersection,At Intersection,Traffic Signal,Clear,"Dark, artificial",Dry,Non-Fatal Injury,Pedestrian Collisions,D31,22,Humbermede (22),-79.5575,43.7487,NULL,NULL,N,NULL,NULL,NULL
7001502233,2017,00:00.0,2309,23,HINTON RD,KIPLING AVE,120 m East of,4,Etobicoke York,1,23,Mid-Block,At/Near Private Drive,No Control,Clear,"Dark, artificial",Dry,Non-Fatal Injury,Turning Movement,D23,4,Rexdale-Kipling (4),-79.5718,43.726,NULL,NULL,N,NULL,NULL,NULL
7000125598,2017,00:00.0,40,0,BROWNS LINE,LAKESHORE W BROWNS LI RAMP,20 m North,1,Etobicoke York,3,22,Mid-Block,Non Intersection,No Control,"Fog, Mist, Smoke, Dust","Dark, artificial",Wet,Fatal,SMV Other,D22,19,Long Branch (19),-79.542,43.5926,NULL,NULL,N,NULL,NULL,NULL
1027162,2008,00:00.0,2155,21,EGLINTON AVE W,ISLINGTON AVE,NULL,1,Etobicoke York,2,NULL,Intersection,NULL,Traffic Signal,Clear,Dark,Dry,Non-Fatal Injury,Turning Movement,D22,7,Willowridge-Martingrove-Richview (7),-79.5389,43.6798,NULL,NULL,N,NULL,NULL,NULL
7001609405,2017,00:00.0,1832,18,CODSELL AVE,MAXWELL ST,NULL,4,North York,6,32,Intersection,At Intersection,Stop Sign,Clear,Daylight,Dry,Fatal,Pedestrian Collisions,D32,34,Bathurst Manor (34),-79.4466,43.7563,NULL,NULL,N,NULL,NULL,NULL
1027277,2008,00:00.0,1432,14,DIXON RD,ISLINGTON AVE,NULL,1,Etobicoke York,NULL,23,Intersection,At Intersection,Traffic Signal,Clear,Daylight,Dry,Non-Fatal Injury,Rear End,D23,6,Kingsview Village-The Westway (6),-79.5466,43.697,NULL,NULL,N,NULL,NULL,NULL
6002153175,2016,00:00.0,2315,23,CARLTON STREET,HOMEWOOD AVENUE,NULL,3,Toronto and East York,13,51,Intersection,At Intersection,No Control,Rain,"Dark, artificial",Wet,Non-Fatal Injury,Pedestrian Collisions,D51,73,Moss Park (73),-79.3743,43.6629,NULL,NULL,N,NULL,NULL,NULL
6002164193,2016,00:00.0,1535,15,BLOOR ST W,ALBANY AVE,NULL,1,Toronto and East York,11,14,Intersection,At Intersection,No Control,Clear,Daylight,Dry,Non-Fatal Injury,Cyclist Collisions,D14,79,University (79),-79.4099,43.6653,NULL,NULL,N,NULL,NULL,NULL