ACCNUM,YEAR,DATE,TIME,HOUR,STREET1,STREET2,OFFSET,ROAD_CLASS,DISTRICT,WARDNUM,DIVISION,LOCCOORD,ACCLOC,TRAFFCTL,VISIBILITY,LIGHT,RDSFCOND,ACCLASS,IMPACTYPE,POLICE_DIVISION,HOOD_ID,NEIGHBOURHOOD,collision_lat,collision_long,red_light_lat,red_light_long,right_light_camera,LINEAR_NAME_FULL_1,LINEAR_NAME_FULL_2,ACTIVATION_DATE
1181194,2010,00:00.0,1156,11,SCARBOROUGH GOLF CLUB RD,LAWRENCE AVE E,NULL,1,Scarborough,24,43,Intersection,At Intersection,Traffic Signal,Clear,Daylight,Dry,Non-Fatal Injury,Angle,D43,137,Woburn (137),-79.2157,43.7618,NULL,NULL,N,NULL,NULL,NULL
1133598,2009,00:00.0,707,7,BIRMINGHAM ST,NINETEENTH ST,NULL,2,Etobicoke York,3,22,Intersection,NULL,No Control,Rain,"Dawn, artificial",Wet,Non-Fatal Injury,Pedestrian Collisions,D22,18,New Toronto (18),-79.519,43.6004,NULL,NULL,N,NULL,NULL,NULL
1158263,2010,00:00.0,1305,13,BLOOR Stre W,GRACE Stre,NULL,1,Toronto and East York,11,14,Intersection,At Intersection,Traffic Signal,Clear,Daylight,Dry,Non-Fatal Injury,Pedestrian Collisions,D14,80,Palmerston-Little Italy (80),-79.4188,43.6634,NULL,NULL,N,NULL,NULL,NULL
1160642,2010,00:00.0,1620,16,LAWRENCE AVE E,CROCKFORD BLVD,NULL,1,Scarborough,21,41,Intersection,At Intersection,Traffic Signal,Clear,Daylight,Dry,Non-Fatal Injury,Approaching,D41,119,Wexford/Maryvale (119),-79.2912,43.746,NULL,NULL,N,NULL,NULL,NULL
1165190,2010,00:00.0,929,9,QUEEN Stre E,BEECH Aven,NULL,3,Toronto and East York,19,55,Mid-Block,At Intersection,No Control,Clear,Daylight,Dry,Non-Fatal Injury,Pedestrian Collisions,D55,63,The Beaches (63),-79.2879,43.6725,NULL,NULL,N,NULL,NULL,NULL
1147486,2010,00:00.0,1224,12,EASTERN AVE,CHERRY ST,NULL,3,Toronto and East York,13,51,Intersection,At Intersection,Traffic Signal,Clear,Daylight,Dry,Non-Fatal Injury,Angle,D51,77,Waterfront Communities-The Island (77),-79.3584,43.6539,NULL,NULL,N,NULL,NULL,NULL
1175069,2010,00:00.0,1415,14,PAPE AVE,GAMBLE AVE,NULL,1,Toronto and East York,14,54,Intersection,NULL,No Control,Rain,Daylight,Wet,Non-Fatal Injury,Pedestrian Collisions,D54,58,Old East York (58),-79.3491,43.6905,NULL,NULL,N,NULL,NULL,NULL
1182422,2010,00:00.0,2201,22,OVERLEA BLVD,THORNCLIFFE PARK DR,NULL,1,North York,15,53,Mid-Block,NULL,No Control,Rain,Dark,Wet,Non-Fatal Injury,Pedestrian Collisions,D53,55,Thorncliffe Park (55),-79.345,43.7071,NULL,NULL,N,NULL,NULL,NULL
1163538,2010,00:00.0,2000,20,RICHVIEW Road,SCARLETT Road,NULL,1,Etobicoke York,2,23,Intersection,At Intersection,Stop Sign,Rain,Dark,Wet,Non-Fatal Injury,Pedestrian Collisions,D23,8,Humber Heights-Westmount (8),-79.5124,43.6855,NULL,NULL,N,NULL,NULL,NULL
1166313,2010,00:00.0,2030,20,EGLINTON Ave W,BLACKTHORN Ave,NULL,1,Etobicoke York,5,12,Mid-Block,At Intersection,No Control,Clear,Dark,Dry,Non-Fatal Injury,Rear End,D12,110,Keelesdale-Eglinton West (110),-79.4665,43.6917,NULL,NULL,N,NULL,NULL,NULL
1170095,2010,00:00.0,1700,17,DANFORTH Ave,SIBLEY Ave,NULL,1,Toronto and East York,19,NULL,Mid-Block,NULL,No Control,Rain,Daylight,Wet,Non-Fatal Injury,Sideswipe,D55,61,Taylor-Massey (61),-79.2931,43.69,NULL,NULL,N,NULL,NULL,NULL
1168399,2010,00:00.0,2240,22,DUPONT ST,LANSDOWNE AVE,NULL,1,Toronto and East York,9,11,Intersection,At Intersection,Traffic Signal,Rain,Dark,Wet,Non-Fatal Injury,Pedestrian Collisions,D11,93,Dovercourt-Wallace Emerson-Junction (93),-79.4464,43.6667,-79.4464,43.6667,Y,Lansdowne Ave,Dupont St,2008-03-26
1134481,2009,00:00.0,1045,10,YONGE Stre,DAVISVILLE Aven,NULL,3,Toronto and East York,12,53,Mid-Block,At Intersection,No Control,Clear,Daylight,Dry,Non-Fatal Injury,SMV Unattended Vehicle,D53,104,Mount Pleasant West (104),-79.396,43.6984,NULL,NULL,N,NULL,NULL,NULL
1152788,2010,00:00.0,2303,23,ADDINGTON AVE,SHEPPARD AVE W,NULL,1,North York,18,32,Intersection,At Intersection,No Control,Clear,Dark,Dry,Non-Fatal Injury,Pedestrian Collisions,D32,38,Lansing-Westgate (38),-79.4245,43.7584,NULL,NULL,N,NULL,NULL,NULL
1135192,2009,00:00.0,755,7,STEELES Aven E,BRIMLEY Road,NULL,1,Scarborough,23,42,Intersection,At Intersection,Traffic Signal,Clear,Daylight,Dry,Non-Fatal Injury,Pedestrian Collisions,D42,130,Milliken (130),-79.2871,43.8282,NULL,NULL,N,NULL,NULL,NULL
1130482,2009,00:00.0,45,0,KINGSTON Rd,BIRCHCLIFF Ave,NULL,1,Scarborough,20,41,Mid-Block,NULL,No Control,Clear,Dark,Dry,Non-Fatal Injury,Pedestrian Collisions,D41,122,Birchcliffe-Cliffside (122),-79.2651,43.6912,NULL,NULL,N,NULL,NULL,NULL
1160789,2010,00:00.0,515,5,FINCH Aven W,EDITHVALE Driv,NULL,1,North York,18,32,Intersection,At Intersection,Traffic Signal,Snow,Dark,Slush,Non-Fatal Injury,SMV Other,D32,36,Newtonbrook West (36),-79.427,43.7772,NULL,NULL,N,NULL,NULL,NULL
5001628551,2015,00:00.0,2000,20,MIDLAND AVE,ELLESMERE RD,NULL,1,Scarborough,21,41,Intersection,At Intersection,Traffic Signal,Clear,"Dark, artificial",Dry,Fatal,Turning Movement,D41,127,Bendale (127),-79.271,43.7679,NULL,NULL,N,NULL,NULL,NULL
1156744,2010,00:00.0,1504,15,STEELES AVE W,GIHON SPRING DR,NULL,1,Etobicoke York,1,23,Mid-Block,NULL,No Control,Clear,Daylight,Dry,Fatal,Approaching,D23,2,Mount Olive-Silverstone-Jamestown (2),-79.5952,43.7595,NULL,NULL,N,NULL,NULL,NULL
1181330,2010,00:00.0,1548,15,MILNER AVE,MORNINGSIDE AVE,NULL,1,Scarborough,25,42,Intersection,At Intersection,Traffic Signal,Clear,Daylight,Dry,Non-Fatal Injury,Pedestrian Collisions,D42,131,Rouge (131),-79.199,43.8002,-79.199,43.8002,Y,Morningside Ave,Milner Ave,2017-03-10
1133805,2009,00:00.0,701,7,OLD WESTON RD,ST CLAIR AVE W,NULL,1,Toronto and East York,9,NULL,Mid-Block,NULL,No Control,Clear,Daylight,Dry,Non-Fatal Injury,Pedestrian Collisions,D12,91,Weston-Pellam Park (91),-79.463,43.6737,NULL,NULL,N,NULL,NULL,NULL
1130411,2009,00:00.0,1418,14,ELLESMERE RD,DEWEY DR,NULL,1,Scarborough,21,41,Intersection,At Intersection,Stop Sign,Clear,Daylight,Dry,Fatal,Turning Movement,D41,119,Wexford/Maryvale (119),-79.3044,43.7603,NULL,NULL,N,NULL,NULL,NULL
1146935,2009,00:00.0,1430,14,DANFORTH Rd,BIRCHMOUNT Rd,NULL,3,Scarborough,20,41,Mid-Block,NULL,No Control,Clear,Daylight,Dry,Non-Fatal Injury,Cyclist Collisions,D41,120,Clairlea-Birchmount (120),-79.2677,43.7074,NULL,NULL,N,NULL,NULL,NULL
1138973,2009,00:00.0,1144,11,ELLESMERE RD,MIDLAND AVE,NULL,1,Scarborough,21,41,Intersection,NULL,Traffic Signal,Rain,Daylight,Wet,Non-Fatal Injury,Pedestrian Collisions,D41,127,Bendale (127),-79.271,43.7679,NULL,NULL,N,NULL,NULL,NULL
1131978,2009,00:00.0,1730,17,DUPONT ST,OSLER ST,NULL,1,Toronto and East York,9,11,Intersection,NULL,No Control,Clear,Daylight,Dry,Non-Fatal Injury,Cyclist Collisions,D11,93,Dovercourt-Wallace Emerson-Junction (93),-79.4565,43.6645,NULL,NULL,N,NULL,NULL,NULL
1143968,2009,00:00.0,1510,15,ALBION RD,CLAIREPORT CRES,NULL,1,Etobicoke York,1,23,Intersection,At Intersection,Traffic Signal,Clear,Daylight,Dry,Non-Fatal Injury,Rear End,D23,1,West Humber-Clairville (1),-79.6324,43.7477,NULL,NULL,N,NULL,NULL,NULL
1140459,2009,00:00.0,2211,22,PHARMACY AVE,FINCH AVE E,NULL,1,Scarborough,22,42,Intersection,NULL,Traffic Signal,Clear,Dark,Dry,Non-Fatal Injury,Pedestrian Collisions,D42,117,L'Amoreaux (117),-79.3259,43.7943,NULL,NULL,N,NULL,NULL,NULL
1125794,2009,00:00.0,244,2,DUNDAS ST W,COOLMINE RD,NULL,3,Toronto and East York,9,14,Intersection,At Intersection,No Control,Clear,Dark,Dry,Non-Fatal Injury,Rear End,D14,84,Little Portugal (84),-79.4255,43.6494,NULL,NULL,N,NULL,NULL,NULL
1216616,2010,00:00.0,211,2,DUNDAS ST W,MANNING AVE,NULL,1,Toronto and East York,NULL,14,Intersection,At Intersection,Traffic Signal,Clear,Dark,Dry,Non-Fatal Injury,Pedestrian Collisions,D14,81,Trinity-Bellwoods (81),-79.4108,43.6513,NULL,NULL,N,NULL,NULL,NULL
1158315,2010,00:00.0,400,4,DON VALLEY PARKWAY  N,LEASIDE BDGE,NULL,1,Toronto and East York,14,54,Mid-Block,NULL,No Control,Clear,Dark,Dry,Non-Fatal Injury,Pedestrian Collisions,D54,58,Old East York (58),-79.3493,43.6978,NULL,NULL,N,NULL,NULL,NULL
1146990,2009,00:00.0,1724,17,KENNETH Aven,FINCH Aven E,NULL,1,North York,18,32,Intersection,At Intersection,Traffic Signal,Rain,Daylight,Wet,Non-Fatal Injury,Pedestrian Collisions,D32,51,Willowdale East (51),-79.4122,43.7804,NULL,NULL,N,NULL,NULL,NULL
1140679,2009,00:00.0,609,6,DANFORTH AVE,DRAYTON AVE,NULL,1,Toronto and East York,19,NULL,Intersection,At Intersection,No Control,Clear,Dark,Dry,Non-Fatal Injury,Pedestrian Collisions,D55,64,Woodbine Corridor (64),-79.3201,43.684,NULL,NULL,N,NULL,NULL,NULL
8000604278,2018,00:00.0,1630,16,BATHURST ST,CEDARCROFT BLVD,80 m South of,1,North York,NULL,32,Mid-Block,Non Intersection,No Control,Clear,Daylight,Dry,Non-Fatal Injury,SMV Other,D32,36,Newtonbrook West (36),-79.4452,43.7826,NULL,NULL,N,NULL,NULL,NULL
1165384,2010,00:00.0,1455,14,UNIVERSITY Aven,PEARL Stre,NULL,1,Toronto and East York,10,52,Mid-Block,NULL,No Control,Clear,Daylight,Dry,Non-Fatal Injury,Pedestrian Collisions,D52,76,Bay Street Corridor (76),-79.3853,43.6485,NULL,NULL,N,NULL,NULL,NULL
1136012,2009,00:00.0,1850,18,OAKWOOD AVE,EARLSDALE AVE,NULL,3,Toronto and East York,9,13,Mid-Block,NULL,No Control,Clear,Dusk,Dry,Non-Fatal Injury,Pedestrian Collisions,D13,107,Oakwood Village (107),-79.4378,43.685,NULL,NULL,N,NULL,NULL,NULL
8000738388,2018,00:00.0,1100,11,BATHURST ST,VERWOOD AVE,NULL,1,North York,6,32,Intersection,At Intersection,Stop Sign,Rain,Daylight,Wet,Non-Fatal Injury,Pedestrian Collisions,D32,38,Lansing-Westgate (38),-79.4374,43.7514,NULL,NULL,N,NULL,NULL,NULL
7001821559,2017,00:00.0,2025,20,UNIVERSITY AVE,EDWARD ST,NULL,1,Toronto and East York,11,52,Intersection,At Intersection,No Control,Clear,"Daylight, artificial",Dry,Non-Fatal Injury,Turning Movement,D52,76,Bay Street Corridor (76),-79.3885,43.6553,NULL,NULL,N,NULL,NULL,NULL
1132126,2009,00:00.0,2023,20,1549 ALBION RD,NULL,NULL,1,Etobicoke York,1,23,Mid-Block,NULL,No Control,Clear,Dark,Dry,Non-Fatal Injury,Pedestrian Collisions,D23,2,Mount Olive-Silverstone-Jamestown (2),-79.5867,43.7407,NULL,NULL,N,NULL,NULL,NULL
1132676,2009,00:00.0,715,7,FINCH AVE E,BLACKBIRD GT,NULL,3,Scarborough,25,42,Intersection,At Intersection,No Control,Rain,Dark,Wet,Fatal,Pedestrian Collisions,D42,132,Malvern (132),-79.2242,43.8169,NULL,NULL,N,NULL,NULL,NULL
1132092,2009,00:00.0,1700,17,O CONNOR DR,COXWELL AVE,NULL,1,Toronto and East York,NULL,54,Intersection,NULL,Traffic Signal,Clear,Daylight,Dry,Non-Fatal Injury,Turning Movement,D54,58,Old East York (58),-79.3294,43.6977,NULL,NULL,N,NULL,NULL,NULL
1132987,2009,00:00.0,1527,15,MARKHAM RD,ELLESMERE RD,NULL,1,Scarborough,24,43,Mid-Block,NULL,No Control,Clear,Daylight,Dry,Non-Fatal Injury,Pedestrian Collisions,D43,137,Woburn (137),-79.2319,43.7772,NULL,NULL,N,NULL,NULL,NULL
7001941212,2017,00:00.0,1904,19,HENDON  AVE,ELDORA  AVE,NULL,2,North York,18,32,Intersection,At Intersection,No Control,Clear,"Dark, artificial",Dry,Non-Fatal Injury,Pedestrian Collisions,D32,36,Newtonbrook West (36),-79.4199,43.7806,NULL,NULL,N,NULL,NULL,NULL
7001983803,2017,00:00.0,1047,10,DUFFERIN ST,ALMA AVE,10 m North of,3,Toronto and East York,9,NULL,Intersection,At Intersection,No Control,Clear,Daylight,Wet,Non-Fatal Injury,Pedestrian Collisions,D14,84,Little Portugal (84),-79.4295,43.6446,NULL,NULL,N,NULL,NULL,NULL
8000716427,2018,00:00.0,2341,23,SEWELLS RD,HUPFIELD TRL,NULL,3,Scarborough,25,42,Mid-Block,Non Intersection,No Control,Clear,"Dark, artificial",Dry,Fatal,SMV Other,D42,132,Malvern (132),-79.2135,43.8141,NULL,NULL,N,NULL,NULL,NULL
8002281849,2018,00:00.0,2205,22,3030 DON MILLS RD W,NULL,160 m South of,1,North York,17,33,Mid-Block,Non Intersection,No Control,Clear,"Dark, artificial",Other,Non-Fatal Injury,SMV Other,D33,47,Don Valley Village (47),-79.3532,43.7858,NULL,NULL,N,NULL,NULL,NULL
7002024168,2017,00:00.0,1604,16,OAK  ST,WESTON  RD,NULL,1,Etobicoke York,5,12,Intersection,At Intersection,Traffic Signal,Clear,Daylight,Dry,Non-Fatal Injury,Pedestrian Collisions,D12,113,Weston (113),-79.5335,43.7077,NULL,NULL,N,NULL,NULL,NULL
8002249590,2018,00:00.0,1830,18,FINCH AVE E,WAYSIDE AVE,NULL,1,Scarborough,22,42,Intersection,At Intersection,Traffic Signal,Clear,Dark,Dry,Fatal,Pedestrian Collisions,D42,117,L'Amoreaux (117),-79.2995,43.8003,NULL,NULL,N,NULL,NULL,NULL
1169909,2010,00:00.0,1704,17,KENHATCH BLVD,MARRAKESH DR,NULL,2,Scarborough,23,42,Intersection,NULL,No Control,Clear,Daylight,Dry,Non-Fatal Injury,SMV Other,D42,129,Agincourt North (129),-79.2621,43.8027,NULL,NULL,N,NULL,NULL,NULL
7001855401,2017,00:00.0,906,9,COWAN AVE,KING  ST W,NULL,1,Toronto and East York,4,14,Intersection,At Intersection,Stop Sign,Clear,Daylight,Dry,Fatal,Cyclist Collisions,D14,85,South Parkdale (85),-79.4318,43.6379,NULL,NULL,N,NULL,NULL,NULL
9000736096,2019,00:00.0,1005,10,UNIVERSITY AVE,DUNDAS ST W,NULL,1,Toronto and East York,NULL,52,Intersection,At Intersection,Traffic Signal,Clear,Daylight,Dry,Non-Fatal Injury,Pedestrian Collisions,D52,76,Bay Street Corridor (76),-79.3882,43.6547,NULL,NULL,N,NULL,NULL,NULL
9000738008,2019,00:00.0,1500,15,FINCH AVE E,WILLOWDALE AVE,NULL,1,North York,23,42,Intersection,At Intersection,Traffic Signal,Clear,Daylight,Dry,Non-Fatal Injury,Turning Movement,D42,129,Agincourt North (129),-79.2576,43.8098,-79.2576,43.8098,Y,Finch Ave E,Middlefield Rd,2017-03-24
9000067447,2019,00:00.0,1836,18,ELLESMERE RD,MILITARY TRL,NULL,1,Scarborough,24,43,Intersection,At Intersection,Traffic Signal,Clear,"Dark, artificial",Dry,Non-Fatal Injury,Pedestrian Collisions,D43,134,Highland Creek (134),-79.1882,43.7865,NULL,NULL,N,NULL,NULL,NULL
9000088115,2019,00:00.0,555,5,155 UNIVERSITY AVE,NULL,NULL,1,Toronto and East York,10,52,Mid-Block,Laneway,No Control,Clear,"Dark, artificial",Dry,Fatal,Pedestrian Collisions,D52,76,Bay Street Corridor (76),-79.3853,43.6484,NULL,NULL,N,NULL,NULL,NULL
7001989464,2017,00:00.0,649,6,DUFFERIN ST,STEELES  AVE W,1 m West of,1,North York,6,32,Intersection,At Intersection,Traffic Signal,Rain,"Dark, artificial",Wet,Non-Fatal Injury,Pedestrian Collisions,D32,34,Bathurst Manor (34),-79.47,43.7872,-79.47,43.7872,Y,Steeles Ave W,Dufferin St,2018-09-05
9000380935,2019,00:00.0,1105,11,MARTIN GROVE RD,REXDALE BLVD,34 m South of,1,Etobicoke York,1,23,Mid-Block,At/Near Private Drive,No Control,Clear,Daylight,Dry,Non-Fatal Injury,Angle,D23,1,West Humber-Clairville (1),-79.5813,43.7144,NULL,NULL,N,NULL,NULL,NULL
8002355627,2018,00:00.0,2050,20,FINCH AVE W,MARTIN GROVE RD,89 m East of,1,Etobicoke York,1,23,Mid-Block,Non Intersection,No Control,Clear,"Dark, artificial",Dry,Non-Fatal Injury,Approaching,D23,2,Mount Olive-Silverstone-Jamestown (2),-79.5906,43.7369,NULL,NULL,N,NULL,NULL,NULL
9000994854,2019,00:00.0,2236,22,LAKE SHORE BLVD W,ONTARIO DR,NULL,1,Toronto and East York,10,14,Intersection,At Intersection,Traffic Signal,Clear,"Dark, artificial",Dry,Non-Fatal Injury,Turning Movement,D14,82,Niagara (82),-79.4197,43.6303,NULL,NULL,N,NULL,NULL,NULL
7001903704,2017,00:00.0,2318,23,KIPLING  AVE,NORTH QUEEN ST,NULL,1,Etobicoke York,3,22,Intersection,At Intersection,Traffic Signal,Clear,"Dusk, artificial",Dry,Non-Fatal Injury,Pedestrian Collisions,D22,14,Islington-City Centre West (14),-79.5285,43.6251,NULL,NULL,N,NULL,NULL,NULL
9000902435,2019,00:00.0,2100,21,DUFFERIN ST,QUEEN ST W,NULL,1,Toronto and East York,NULL,NULL,Intersection,At Intersection,Traffic Signal,Clear,"Dark, artificial",Dry,Non-Fatal Injury,Turning Movement,D14,85,South Parkdale (85),-79.4286,43.6421,NULL,NULL,N,NULL,NULL,NULL
9000660367,2019,00:00.0,1228,12,15 AUSTREY CRT,NULL,1 m South of,4,North York,6,31,Mid-Block,Non Intersection,No Control,Clear,Daylight,Dry,Non-Fatal Injury,SMV Other,D31,26,Downsview-Roding-CFB (26),-79.5076,43.7319,NULL,NULL,N,NULL,NULL,NULL
8001794335,2018,00:00.0,806,8,EGLINTON AVE E,ROSEMOUNT DR,NULL,1,Scarborough,NULL,41,Intersection,At Intersection,Traffic Signal,Clear,Daylight,Dry,Non-Fatal Injury,Pedestrian Collisions,D41,125,Ionview (125),-79.2738,43.7307,NULL,NULL,N,NULL,NULL,NULL
9000160108,2019,00:00.0,230,2,MCCOWAN RD,FINCH AVE E,8 m North of,1,Scarborough,23,42,Mid-Block,Non Intersection,No Control,Clear,"Dark, artificial",Dry,Non-Fatal Injury,SMV Other,D42,129,Agincourt North (129),-79.2672,43.8095,NULL,NULL,N,NULL,NULL,NULL
9001588399,2019,00:00.0,2112,21,STEELES AVE E,LAURELEAF RD S,NULL,1,North York,17,33,Intersection,At Intersection,Traffic Signal,Clear,"Dark, artificial",Dry,Fatal,Pedestrian Collisions,D33,49,Bayview Woods-Steeles (49),-79.3857,43.8054,NULL,NULL,N,NULL,NULL,NULL
9000794551,2019,00:00.0,1755,17,THE QUEENSWAY,LADY BANK RD,NULL,1,Etobicoke York,3,22,Intersection,At Intersection,Traffic Signal,Clear,Daylight,Dry,Non-Fatal Injury,Pedestrian Collisions,D22,16,Stonegate-Queensway (16),-79.5116,43.6242,NULL,NULL,N,NULL,NULL,NULL
9001686602,2019,00:00.0,1800,18,KENNEDY RD,HIGHWAY 401 C  E,2 m South of,1,Scarborough,21,41,Mid-Block,Non Intersection,No Control,Clear,Daylight,Dry,Non-Fatal Injury,SMV Other,D41,126,Dorset Park (126),-79.2843,43.7743,NULL,NULL,N,NULL,NULL,NULL
9000119525,2019,00:00.0,2115,21,BATHURST ST,NIAGARA ST,NULL,1,Toronto and East York,10,14,Intersection,At Intersection,Traffic Signal,Snow,"Dark, artificial",Packed Snow,Non-Fatal Injury,Pedestrian Collisions,D14,77,Waterfront Communities-The Island (77),-79.4018,43.6418,NULL,NULL,N,NULL,NULL,NULL
9000449704,2019,00:00.0,44,0,DANFORTH AVE,BYNG AVE,8 m North of,1,Scarborough,20,41,Intersection,At Intersection,Traffic Signal,Clear,Dark,Dry,Non-Fatal Injury,Approaching,D41,121,Oakridge (121),-79.28,43.6929,NULL,NULL,N,NULL,NULL,NULL
9001388316,2019,00:00.0,549,5,VICTORIA PARK AVE,IVORDALE CRES,NULL,1,Scarborough,NULL,NULL,Intersection,At Intersection,Stop Sign,Clear,Daylight,Dry,Non-Fatal Injury,Turning Movement,D41,119,Wexford/Maryvale (119),-79.3144,43.7556,NULL,NULL,N,NULL,NULL,NULL
9001400001,2019,00:00.0,1712,17,STEELES AVE E,LESLIE ST,500 m East of,1,North York,17,33,Mid-Block,Non Intersection,No Control,Clear,Daylight,Dry,Non-Fatal Injury,Rear End,D33,48,Hillcrest Village (48),-79.3664,43.8097,NULL,NULL,N,NULL,NULL,NULL
9000419013,2019,00:00.0,901,9,EGLINTON  AVE W,MCROBERTS  AVE,NULL,1,North York,NULL,13,Mid-Block,Non Intersection,No Control,NULL,Daylight,Other,Fatal,Pedestrian Collisions,D13,109,Caledonia-Fairbank (109),-79.4602,43.6933,NULL,NULL,N,NULL,NULL,NULL
9000494467,2019,00:00.0,2016,20,EDWARD ST,BAY ST,25 m East of,2,Toronto and East York,11,52,Mid-Block,Non Intersection,No Control,Clear,"Dark, artificial",Dry,Non-Fatal Injury,Cyclist Collisions,D52,76,Bay Street Corridor (76),-79.3828,43.6566,NULL,NULL,N,NULL,NULL,NULL
9000093036,2019,00:00.0,2110,21,HALFWAY AVE,MORNINGSIDE AVE,NULL,3,Scarborough,25,42,Intersection,At Intersection,No Control,Rain,"Dark, artificial",Wet,Non-Fatal Injury,Pedestrian Collisions,D42,131,Rouge (131),-79.2136,43.8178,NULL,NULL,N,NULL,NULL,NULL
9001711653,2019,00:00.0,17,0,LAWRENCE AVE E,UNDERHILL DR,NULL,1,North York,16,33,Intersection,At Intersection,Traffic Signal,Clear,Dark,Dry,Fatal,Turning Movement,D33,43,Victoria Village (43),-79.3246,43.7407,NULL,NULL,N,NULL,NULL,NULL
8002039812,2018,00:00.0,912,9,BIRCHMOUNT RD,ALLANFORD RD,NULL,1,Scarborough,22,42,Intersection,At Intersection,Traffic Signal,Rain,Daylight,Wet,Non-Fatal Injury,Pedestrian Collisions,D42,118,Tam O'Shanter-Sullivan (118),-79.295,43.7741,NULL,NULL,N,NULL,NULL,NULL
8002177170,2018,00:00.0,1651,16,EDWARD ST,BAY ST,150 m East of,2,Toronto and East York,11,52,Mid-Block,Non Intersection,No Control,Rain,"Dark, artificial",Wet,Non-Fatal Injury,Pedestrian Collisions,D52,76,Bay Street Corridor (76),-79.3828,43.6566,NULL,NULL,N,NULL,NULL,NULL
9000709404,2019,00:00.0,2145,21,LAKE SHORE BLVD W,JAMESON AVE,NULL,1,Toronto and East York,4,14,Intersection,At Intersection,Traffic Signal,Rain,"Dark, artificial",Wet,Non-Fatal Injury,Pedestrian Collisions,D14,85,South Parkdale (85),-79.4345,43.6332,NULL,NULL,N,NULL,NULL,NULL
9000618194,2019,00:00.0,907,9,SCOTTFIELD DR,FINCH AVE E,NULL,1,Scarborough,23,42,Intersection,At Intersection,Traffic Signal,Clear,Daylight,Dry,Fatal,Pedestrian Collisions,D42,129,Agincourt North (129),-79.2528,43.8107,NULL,NULL,N,NULL,NULL,NULL
9000507586,2019,00:00.0,1822,18,BLOOR ST W,AVENUE RD,43 m East of,1,Toronto and East York,11,NULL,Mid-Block,Non Intersection,No Control,Clear,Daylight,Dry,Non-Fatal Injury,Turning Movement,D52,76,Bay Street Corridor (76),-79.3934,43.6687,NULL,NULL,N,NULL,NULL,NULL
9000544201,2019,00:00.0,930,9,UNIVERSITY AVE,EDWARD ST,NULL,1,Toronto and East York,11,52,Intersection,At Intersection,Stop Sign,Clear,Daylight,Dry,Non-Fatal Injury,Angle,D52,76,Bay Street Corridor (76),-79.3885,43.6553,NULL,NULL,N,NULL,NULL,NULL
9000925412,2019,00:00.0,1143,11,QUEEN ST W,SHAW ST,NULL,1,Toronto and East York,10,14,Intersection,At Intersection,Traffic Signal,Clear,Daylight,Dry,Non-Fatal Injury,Pedestrian Collisions,D14,82,Niagara (82),-79.4162,43.6446,NULL,NULL,N,NULL,NULL,NULL
1210091,2011,00:00.0,513,5,SPADINA RD,DUPONT ST,NULL,1,Toronto and East York,11,NULL,Intersection,At Intersection,Traffic Signal,Clear,Dark,Wet,Non-Fatal Injury,Cyclist Collisions,D53,95,Annex (95),-79.407,43.6748,NULL,NULL,N,NULL,NULL,NULL
8001801273,2018,00:00.0,820,8,ESQUIRE RD,VICTORIA PARK AVE,NULL,1,Scarborough,NULL,NULL,Intersection,At Intersection,No Control,Clear,Daylight,Dry,Non-Fatal Injury,Pedestrian Collisions,D42,118,Tam O'Shanter-Sullivan (118),-79.3221,43.7734,NULL,NULL,N,NULL,NULL,NULL
1232522,2011,00:00.0,1145,11,JANE ST,ST JOHNS RD,NULL,1,Toronto and East York,4,11,Intersection,NULL,Traffic Signal,Snow,Daylight,Wet,Non-Fatal Injury,Pedestrian Collisions,D11,89,Runnymede-Bloor West Village (89),-79.4896,43.6619,NULL,NULL,N,NULL,NULL,NULL
1126950,2009,00:00.0,1340,13,80 AUTO MALL DR,NULL,NULL,4,Scarborough,25,42,Mid-Block,NULL,No Control,Clear,Daylight,Dry,Non-Fatal Injury,Sideswipe,D42,131,Rouge (131),-79.1919,43.8023,NULL,NULL,N,NULL,NULL,NULL
1130539,2009,00:00.0,2145,21,ISLINGTON AVE,ALBION RD,NULL,1,Etobicoke York,1,23,Intersection,NULL,Traffic Signal,Rain,"Dark, artificial",Wet,Non-Fatal Injury,Pedestrian Collisions,D23,3,Thistletown-Beaumond Heights (3),-79.5652,43.7372,NULL,NULL,N,NULL,NULL,NULL
1131264,2009,00:00.0,2352,23,FINCH AVE W,TOBERMORY DR,NULL,1,Etobicoke York,7,31,Intersection,At Intersection,Traffic Signal,Clear,Dark,Dry,Fatal,Turning Movement,D31,25,Glenfield-Jane Heights (25),-79.5078,43.7592,NULL,NULL,N,NULL,NULL,NULL
8002202544,2018,00:00.0,1440,14,KEELE ST,ROTHERHAM AVE,NULL,1,Etobicoke York,5,12,Intersection,At Intersection,Stop Sign,Clear,Daylight,Dry,Non-Fatal Injury,Angle,D12,110,Keelesdale-Eglinton West (110),-79.4731,43.6857,NULL,NULL,N,NULL,NULL,NULL
8002203656,2018,00:00.0,1720,17,EGLINTON AVE W,JANE ST,NULL,1,Etobicoke York,5,12,Intersection,At Intersection,Traffic Signal,Clear,Dusk,Dry,Non-Fatal Injury,Turning Movement,D12,115,Mount Dennis (115),-79.4987,43.6844,NULL,NULL,N,NULL,NULL,NULL