ACCNUM,YEAR,DATE,TIME,HOUR,STREET1,STREET2,OFFSET,ROAD_CLASS,DISTRICT,WARDNUM,DIVISION,LOCCOORD,ACCLOC,TRAFFCTL,VISIBILITY,LIGHT,RDSFCOND,ACCLASS,IMPACTYPE,POLICE_DIVISION,HOOD_ID,NEIGHBOURHOOD,collision_lat,collision_long,red_light_lat,red_light_long,right_light_camera,LINEAR_NAME_FULL_1,LINEAR_NAME_FULL_2,ACTIVATION_DATE
1142007,2009,00:00.0,1805,18,WARDEN AVE,MCNICOLL AVE,NULL,1,Scarborough,22,42,Mid-Block,NULL,No Control,Rain,Dark,Wet,Non-Fatal Injury,Pedestrian Collisions,D42,116,Steeles (116),-79.3222,43.8091,NULL,NULL,N,NULL,NULL,NULL
7001964937,2017,00:00.0,1423,14,KENNEDY RD,ELLESMERE RD,378 m South of,1,Scarborough,21,41,Mid-Block,At/Near Private Drive,No Control,Clear,Daylight,Dry,Non-Fatal Injury,Pedestrian Collisions,D41,126,Dorset Park (126),-79.2799,43.7626,NULL,NULL,N,NULL,NULL,NULL
1132522,2009,00:00.0,1530,15,ST CLAIR AVE W,ARLINGTON AVE,NULL,1,Toronto and East York,12,13,Intersection,At Intersection,Traffic Signal,Clear,Daylight,Dry,Non-Fatal Injury,Rear End,D13,94,Wychwood (94),-79.4288,43.681,NULL,NULL,N,NULL,NULL,NULL
1127576,2009,00:00.0,1122,11,JANE ST,WILSON AVE,NULL,1,Etobicoke York,NULL,31,Intersection,At Intersection,Traffic Signal,Rain,Daylight,Wet,Fatal,Pedestrian Collisions,D31,26,Downsview-Roding-CFB (26),-79.5085,43.7209,NULL,NULL,N,NULL,NULL,NULL
1132688,2009,00:00.0,1708,17,STEELES AVE W,TURBINE DR,NULL,1,Etobicoke York,7,31,Intersection,At Intersection,No Control,Rain,Daylight,Wet,Non-Fatal Injury,Pedestrian Collisions,D31,21,Humber Summit (21),-79.5577,43.7679,NULL,NULL,N,NULL,NULL,NULL
1132715,2009,00:00.0,2015,20,BAY ST,WELLESLEY ST W,NULL,1,Toronto and East York,NULL,52,Intersection,At Intersection,Traffic Signal,Rain,Dark,Wet,Non-Fatal Injury,Pedestrian Collisions,D52,76,Bay Street Corridor (76),-79.3871,43.6643,NULL,NULL,N,NULL,NULL,NULL
8001785891,2018,00:00.0,2053,20,3850 SHEPPARD AVE E,NULL,90 m East of ALLANFORD RD,1,Scarborough,22,42,Mid-Block,Non Intersection,No Control,Clear,"Dark, artificial",Dry,Fatal,Pedestrian Collisions,D42,118,Tam O'Shanter-Sullivan (118),-79.2924,43.7822,NULL,NULL,N,NULL,NULL,NULL
8002209662,2018,00:00.0,1555,15,BIRCHMOUNT RD,FOXRIDGE DR,NULL,3,Scarborough,20,41,Intersection,At Intersection,Traffic Signal,Clear,Daylight,Dry,Non-Fatal Injury,Turning Movement,D41,124,Kennedy Park (124),-79.2744,43.7217,NULL,NULL,N,NULL,NULL,NULL
8000655701,2018,00:00.0,1425,14,625 FINCH AVE W,NULL,NULL,1,North York,6,32,Intersection,At Intersection,Traffic Signal,Clear,Daylight,Wet,Non-Fatal Injury,Pedestrian Collisions,D32,35,Westminster-Branson (35),-79.4543,43.7715,NULL,NULL,N,NULL,NULL,NULL
9001687107,2019,00:00.0,1910,19,LANSDOWNE AVE,WALLACE AVE,27 m South of,3,Etobicoke York,9,11,Mid-Block,At/Near Private Drive,No Control,Clear,Daylight,Dry,Non-Fatal Injury,Pedestrian Collisions,D11,93,Dovercourt-Wallace Emerson-Junction (93),-79.4443,43.6622,NULL,NULL,N,NULL,NULL,NULL
8002388715,2018,00:00.0,650,6,BRIMLEY RD,PROGRESS AVE,NULL,1,Scarborough,21,NULL,Intersection,At Intersection,Traffic Signal,Clear,"Dark, artificial",Wet,Non-Fatal Injury,Angle,D43,127,Bendale (127),-79.2631,43.7752,-79.2631,43.7752,Y,Brimley Rd,Progress Ave,2021-05-27
9000023080,2019,00:00.0,1920,19,COLLEGE ST,ELIZABETH ST,NULL,1,Toronto and East York,11,52,Intersection,At Intersection,Traffic Signal,Clear,"Dark, artificial",Dry,Non-Fatal Injury,Pedestrian Collisions,D52,76,Bay Street Corridor (76),-79.3873,43.6604,NULL,NULL,N,NULL,NULL,NULL
7001903339,2017,00:00.0,2200,22,45 CUMMER  AVE,NULL,NULL,3,North York,18,32,Mid-Block,Non Intersection,No Control,Clear,"Dark, artificial",Dry,Non-Fatal Injury,Cyclist Collisions,D32,50,Newtonbrook East (50),-79.4155,43.7873,NULL,NULL,N,NULL,NULL,NULL
7001912808,2017,00:00.0,1350,13,AVENUE  RD,WOBURN AVE,30 m South of,1,North York,8,32,Intersection,Intersection Related,No Control,Clear,Daylight,Dry,Non-Fatal Injury,Sideswipe,D32,39,Bedford Park-Nortown (39),-79.4168,43.7253,NULL,NULL,N,NULL,NULL,NULL
9000181850,2019,00:00.0,1527,15,PHARMACY AVE,HUNTINGWOOD DR,NULL,3,Scarborough,22,42,Intersection,At Intersection,Traffic Signal,Clear,Daylight,Wet,Non-Fatal Injury,Angle,D42,118,Tam O'Shanter-Sullivan (118),-79.3201,43.7816,NULL,NULL,N,NULL,NULL,NULL
9000242055,2019,00:00.0,1642,16,PHARMACY AVE,TRESTLESIDE GRV,73 m South of,3,Scarborough,21,41,Mid-Block,Non Intersection,No Control,Rain,"Dark, artificial",Ice,Non-Fatal Injury,Approaching,D41,119,Wexford/Maryvale (119),-79.3073,43.75,NULL,NULL,N,NULL,NULL,NULL
9000294499,2019,00:00.0,2049,20,WESTON RD,ROGERS RD,NULL,1,Etobicoke York,5,12,Intersection,At Intersection,Yield Sign,Clear,"Dark, artificial",Wet,Non-Fatal Injury,Pedestrian Collisions,D12,111,Rockcliffe-Smythe (111),-79.4767,43.6815,NULL,NULL,N,NULL,NULL,NULL
9000700060,2019,00:00.0,1145,11,VICTORIA ST,LOMBARD ST,NULL,2,Toronto and East York,13,51,Intersection,At Intersection,Stop Sign,Clear,Daylight,Dry,Non-Fatal Injury,Pedestrian Collisions,D51,75,Church-Yonge Corridor (75),-79.3774,43.6512,NULL,NULL,N,NULL,NULL,NULL
8002254764,2018,00:00.0,1601,16,STEELES AVE W,MARTIN GROVE RD,50 m East of,1,Etobicoke York,1,23,Mid-Block,Non Intersection,No Control,Clear,Daylight,Dry,Non-Fatal Injury,Other,D23,2,Mount Olive-Silverstone-Jamestown (2),-79.6025,43.7579,NULL,NULL,N,NULL,NULL,NULL
9000824432,2019,00:00.0,211,2,WOODBINE AVE,QUEEN ST E,235 m South of,1,Toronto and East York,19,55,Mid-Block,Non Intersection,No Control,Clear,"Dark, artificial",Dry,Non-Fatal Injury,SMV Unattended Vehicle,D55,63,The Beaches (63),-79.305,43.667,NULL,NULL,N,NULL,NULL,NULL
9001581091,2019,00:00.0,2118,21,MARKHAM RD,NASHDENE RD,300 m South of,1,Scarborough,23,42,Mid-Block,Non Intersection,No Control,Clear,"Dark, artificial",Dry,Non-Fatal Injury,Rear End,D42,131,Rouge (131),-79.2449,43.8174,NULL,NULL,N,NULL,NULL,NULL
9001305617,2019,00:00.0,1820,18,114 TORYORK DR,NULL,NULL,2,Etobicoke York,7,31,Mid-Block,At/Near Private Drive,No Control,Clear,Daylight,Dry,Non-Fatal Injury,Turning Movement,D31,21,Humber Summit (21),-79.5511,43.7564,NULL,NULL,N,NULL,NULL,NULL
1208694,2010,00:00.0,2256,22,MCCOWAN RD,MELDAZY DR,NULL,1,Scarborough,NULL,43,Mid-Block,NULL,No Control,Clear,Dark,Dry,Fatal,Approaching,D43,137,Woburn (137),-79.2483,43.7638,NULL,NULL,N,NULL,NULL,NULL
9001022166,2019,00:00.0,1936,19,LAKE SHORE BLVD W,NEWFOUNDLAND RD,NULL,1,Scarborough,10,14,Intersection,At Intersection,Traffic Signal,Clear,Daylight,Dry,Non-Fatal Injury,Cyclist Collisions,D14,82,Niagara (82),-79.4108,43.6323,NULL,NULL,N,NULL,NULL,NULL
9001270000,2019,00:00.0,251,2,PARKSIDE DR,CONSTANCE ST,NULL,1,Etobicoke York,4,11,Intersection,At Intersection,No Control,Clear,"Dark, artificial",Dry,Non-Fatal Injury,Pedestrian Collisions,D11,87,High Park-Swansea (87),-79.4576,43.6482,NULL,NULL,N,NULL,NULL,NULL
9001695892,2019,00:00.0,2307,23,WESTON RD,ROGERS RD,NULL,1,Etobicoke York,5,12,Intersection,At Intersection,Traffic Signal,Clear,"Dark, artificial",Dry,Non-Fatal Injury,Turning Movement,D12,111,Rockcliffe-Smythe (111),-79.4767,43.6815,NULL,NULL,N,NULL,NULL,NULL
9001419121,2019,00:00.0,1054,10,ISLINGTON AVE,MILLWICK DR,NULL,1,Etobicoke York,7,31,Intersection,At Intersection,Traffic Signal,Clear,Daylight,Dry,Fatal,Pedestrian Collisions,D31,21,Humber Summit (21),-79.5717,43.7599,NULL,NULL,N,NULL,NULL,NULL
9001442933,2019,00:00.0,1748,17,220 DOVERCOURT RD,NULL,NULL,2,Toronto and East York,NULL,14,Intersection,Intersection Related,No Control,Clear,Daylight,Dry,Non-Fatal Injury,Cyclist Collisions,D14,81,Trinity-Bellwoods (81),-79.424,43.6477,NULL,NULL,N,NULL,NULL,NULL
8001842377,2018,00:00.0,1515,15,GERRARD ST E,COXWELL AVE,25 m East of,3,Toronto and East York,NULL,55,Intersection,At Intersection,Traffic Signal,Clear,Daylight,Dry,Non-Fatal Injury,SMV Other,D55,64,Woodbine Corridor (64),-79.3202,43.6753,NULL,NULL,N,NULL,NULL,NULL
8001845570,2018,00:00.0,125,1,LAWRENCE AVE E,EAST AVE,NULL,2,Scarborough,25,43,Intersection,At Intersection,Traffic Signal,Clear,"Dark, artificial",Dry,Non-Fatal Injury,SMV Other,D43,131,Rouge (131),-79.1315,43.7806,NULL,NULL,N,NULL,NULL,NULL
9001020471,2019,00:00.0,1524,15,MIDLAND AVE,LOCKIE AVE,5 m  of,1,Scarborough,NULL,42,Intersection,Intersection Related,Traffic Signal,Clear,Daylight,Dry,Non-Fatal Injury,Pedestrian Collisions,D42,128,Agincourt South-Malvern West (128),-79.28,43.7888,NULL,NULL,N,NULL,NULL,NULL
9000490113,2019,00:00.0,914,9,DANFORTH AVE,JONES AVE,NULL,1,Toronto and East York,14,NULL,Intersection,At Intersection,Traffic Signal,Clear,Daylight,Dry,Non-Fatal Injury,Pedestrian Collisions,D55,69,Blake-Jones (69),-79.3401,43.6798,NULL,NULL,N,NULL,NULL,NULL
8002016979,2018,00:00.0,1712,17,AVENUE RD,GLENGARRY AVE,NULL,1,North York,8,32,Intersection,Intersection Related,No Control,Rain,Dark,Dry,Fatal,Rear End,D32,39,Bedford Park-Nortown (39),-79.4158,43.7229,NULL,NULL,N,NULL,NULL,NULL
8002006621,2018,00:00.0,609,6,CARLAW AVE,LAKE SHORE BLVD E,NULL,1,Toronto and East York,14,55,Intersection,At Intersection,Traffic Signal,Rain,"Dark, artificial",Wet,Non-Fatal Injury,Pedestrian Collisions,D55,70,South Riverdale (70),-79.3373,43.6548,NULL,NULL,N,NULL,NULL,NULL
9000912450,2019,00:00.0,1154,11,KING ST W,JAMESON AVE,NULL,1,Toronto and East York,4,14,Intersection,At Intersection,Traffic Signal,Clear,Daylight,Dry,Non-Fatal Injury,Pedestrian Collisions,D14,85,South Parkdale (85),-79.4359,43.6371,NULL,NULL,N,NULL,NULL,NULL
8001966302,2018,00:00.0,2238,22,SIMCOE ST,ADELAIDE ST W,NULL,1,Toronto and East York,10,52,Intersection,At Intersection,Traffic Signal,Clear,"Dark, artificial",Dry,Non-Fatal Injury,Pedestrian Collisions,D52,76,Bay Street Corridor (76),-79.3865,43.6485,NULL,NULL,N,NULL,NULL,NULL
9001462666,2019,00:00.0,917,9,WARDEN AVE,SYLLA AVE,NULL,1,Scarborough,21,41,Intersection,At Intersection,No Control,Clear,Daylight,Dry,Fatal,SMV Other,D41,119,Wexford/Maryvale (119),-79.3013,43.7637,NULL,NULL,N,NULL,NULL,NULL
9000570843,2019,00:00.0,352,3,2747 ST CLAIR AVE E,NULL,50 m West of,1,Toronto and East York,19,54,Mid-Block,Non Intersection,No Control,Clear,"Dark, artificial",Dry,Non-Fatal Injury,SMV Other,D54,54,O'Connor-Parkview (54),-79.3086,43.7062,NULL,NULL,N,NULL,NULL,NULL
9001661234,2019,00:00.0,2023,20,SHEPPARD AVE E,ABBOTSFIELD GT,NULL,1,Scarborough,22,42,Mid-Block,Non Intersection,No Control,Clear,Dark,Dry,Fatal,Pedestrian Collisions,D42,118,Tam O'Shanter-Sullivan (118),-79.3138,43.7772,NULL,NULL,N,NULL,NULL,NULL
9001042474,2019,00:00.0,1550,15,3 DREWRY AVE,NULL,25 m West of YONGE ST,3,North York,18,32,Intersection,At/Near Private Drive,Traffic Signal,Clear,Daylight,Dry,Non-Fatal Injury,Pedestrian Collisions,D32,50,Newtonbrook East (50),-79.4173,43.7869,NULL,NULL,N,NULL,NULL,NULL
9000563702,2019,00:00.0,630,6,BLOOR  ST E,SHERBOURNE ST,NULL,1,Toronto and East York,NULL,NULL,Intersection,At Intersection,Traffic Signal,Other,Other,Other,Fatal,Pedestrian Collisions,D51,74,North St.James Town (74),-79.3768,43.6722,NULL,NULL,N,NULL,NULL,NULL
1186302,2010,00:00.0,1947,19,YONGE ST,DUNDAS ST E,NULL,1,Toronto and East York,NULL,NULL,Intersection,NULL,Traffic Signal,Clear,Daylight,Dry,Non-Fatal Injury,Cyclist Collisions,D52,75,Church-Yonge Corridor (75),-79.3808,43.6563,NULL,NULL,N,NULL,NULL,NULL
8001836170,2018,00:00.0,1630,16,5690 STEELES AVE W,NULL,425 m East of,1,Etobicoke York,1,23,Mid-Block,Non Intersection,No Control,Clear,Daylight,Dry,Non-Fatal Injury,Pedestrian Collisions,D31,21,Humber Summit (21),-79.5605,43.7673,NULL,NULL,N,NULL,NULL,NULL
1249034,2011,00:00.0,1256,12,SPADINA Road,DAVENPORT Road,NULL,3,Toronto and East York,12,NULL,Intersection,NULL,Traffic Signal,Clear,Daylight,Dry,Non-Fatal Injury,SMV Other,D53,96,Casa Loma (96),-79.408,43.6774,NULL,NULL,N,NULL,NULL,NULL
8002061586,2018,00:00.0,1400,14,LA ROSE AVE,ROYAL YORK RD,NULL,3,Etobicoke York,2,23,Intersection,At Intersection,Traffic Signal,Clear,"Daylight, artificial",Dry,Non-Fatal Injury,Pedestrian Collisions,D23,8,Humber Heights-Westmount (8),-79.5273,43.684,NULL,NULL,N,NULL,NULL,NULL
8002065935,2018,00:00.0,650,6,ELLESMERE RD,BIRCHMOUNT RD,NULL,1,Scarborough,21,41,Mid-Block,Non Intersection,No Control,Clear,"Dawn, artificial",Dry,Fatal,Pedestrian Collisions,D41,119,Wexford/Maryvale (119),-79.2919,43.7632,NULL,NULL,N,NULL,NULL,NULL
1212031,2011,00:00.0,1023,10,QUEEN ST W,BATHURST ST,NULL,1,Toronto and East York,10,14,Intersection,At Intersection,No Control,Clear,Daylight,Wet,Fatal,Pedestrian Collisions,D14,78,Kensington-Chinatown (78),-79.4038,43.6472,NULL,NULL,N,NULL,NULL,NULL
1212862,2011,00:00.0,1025,10,EGLINTON AVE W,RENFORTH DR,NULL,3,Etobicoke York,2,22,Mid-Block,NULL,No Control,Snow,Daylight,Slush,Non-Fatal Injury,SMV Other,D22,11,Eringate-Centennial-West Deane (11),-79.5861,43.6655,NULL,NULL,N,NULL,NULL,NULL
8001803881,2018,00:00.0,1730,17,161 BATHURST ST,NULL,NULL,1,Etobicoke York,10,14,Intersection,At Intersection,Traffic Signal,Clear,Daylight,Dry,Non-Fatal Injury,Pedestrian Collisions,D14,77,Waterfront Communities-The Island (77),-79.4037,43.6463,NULL,NULL,N,NULL,NULL,NULL
1185970,2010,00:00.0,823,8,OAKWOOD AVE,ROGERS RD,NULL,3,Toronto and East York,NULL,13,Intersection,At Intersection,Traffic Signal,Clear,Daylight,Dry,Non-Fatal Injury,Pedestrian Collisions,D13,107,Oakwood Village (107),-79.4386,43.6871,NULL,NULL,N,NULL,NULL,NULL
1222866,2011,00:00.0,1917,19,CHURCH ST,GOULD ST,NULL,3,Toronto and East York,13,51,Intersection,At Intersection,Traffic Signal,Clear,Dark,Wet,Non-Fatal Injury,Pedestrian Collisions,D51,75,Church-Yonge Corridor (75),-79.3778,43.6582,NULL,NULL,N,NULL,NULL,NULL
1193861,2010,00:00.0,815,8,ALBION RD,SANAGAN RD,NULL,1,Etobicoke York,1,23,Intersection,At Intersection,Traffic Signal,Clear,Daylight,Dry,Non-Fatal Injury,Pedestrian Collisions,D23,3,Thistletown-Beaumond Heights (3),-79.5761,43.7389,NULL,NULL,N,NULL,NULL,NULL
1211163,2011,00:00.0,1900,19,FINCH AVE W,YORK GATE BLVD,NULL,1,Etobicoke York,7,31,Mid-Block,At Intersection,No Control,Clear,Dark,Dry,Non-Fatal Injury,Pedestrian Collisions,D31,24,Black Creek (24),-79.5197,43.7569,NULL,NULL,N,NULL,NULL,NULL
1199022,2010,00:00.0,625,6,JANE ST,EDDYSTONE AVE,NULL,1,Etobicoke York,7,31,Intersection,At Intersection,Traffic Signal,Clear,Dark,Dry,Non-Fatal Injury,Pedestrian Collisions,D31,25,Glenfield-Jane Heights (25),-79.5156,43.7491,NULL,NULL,N,NULL,NULL,NULL
1245730,2011,00:00.0,1432,14,2057 YONGE St,NULL,NULL,1,Toronto and East York,12,53,Mid-Block,NULL,No Control,Clear,Daylight,Dry,Non-Fatal Injury,Turning Movement,D53,104,Mount Pleasant West (104),-79.3973,43.7021,NULL,NULL,N,NULL,NULL,NULL
1231647,2011,00:00.0,357,3,DUFFERIN ST,HALLAM ST,NULL,1,Toronto and East York,9,NULL,Intersection,NULL,No Control,Clear,Daylight,Dry,Non-Fatal Injury,Rear End,D14,93,Dovercourt-Wallace Emerson-Junction (93),-79.4378,43.6658,NULL,NULL,N,NULL,NULL,NULL
8002114840,2018,00:00.0,2016,20,STEELES AVE E,BAYVIEW AVE,NULL,1,North York,NULL,NULL,Intersection,At Intersection,Traffic Signal,Snow,"Dark, artificial",Wet,Non-Fatal Injury,Pedestrian Collisions,D33,49,Bayview Woods-Steeles (49),-79.3961,43.8031,NULL,NULL,N,NULL,NULL,NULL
1202173,2010,00:00.0,818,8,DUNDAS ST W,KENNETH AVE,NULL,3,Toronto and East York,4,11,Intersection,NULL,No Control,Rain,Daylight,Wet,Fatal,Pedestrian Collisions,D11,88,High Park North (88),-79.4558,43.6624,NULL,NULL,N,NULL,NULL,NULL
1239980,2011,00:00.0,1515,15,REXDALE BLVD,BERGAMOT AVE,NULL,1,Etobicoke York,1,23,Intersection,NULL,Traffic Signal,Clear,Daylight,Dry,Non-Fatal Injury,Turning Movement,D23,4,Rexdale-Kipling (4),-79.5596,43.7133,NULL,NULL,N,NULL,NULL,NULL
1184084,2010,00:00.0,1715,17,ROXTON RD,DEWSON ST,NULL,4,Toronto and East York,11,14,Mid-Block,NULL,No Control,Clear,Daylight,Dry,Non-Fatal Injury,Pedestrian Collisions,D14,80,Palmerston-Little Italy (80),-79.4226,43.6578,NULL,NULL,N,NULL,NULL,NULL
1211648,2010,00:00.0,845,8,JANE ST,JOHN ST,NULL,1,Etobicoke York,5,12,Intersection,At Intersection,Traffic Signal,Snow,Daylight,Wet,Non-Fatal Injury,Turning Movement,D12,28,Rustic (28),-79.5047,43.7066,NULL,NULL,N,NULL,NULL,NULL
1194416,2010,00:00.0,1120,11,QUEEN ST W,BAY ST,NULL,1,Toronto and East York,10,52,Mid-Block,NULL,No Control,Clear,Daylight,Dry,Non-Fatal Injury,Pedestrian Collisions,D52,76,Bay Street Corridor (76),-79.383,43.6516,NULL,NULL,N,NULL,NULL,NULL
1219842,2011,00:00.0,1840,18,BLOOR ST W,RESURRECTION RD,NULL,1,Etobicoke York,3,22,Intersection,NULL,Traffic Signal,Clear,Dark,Dry,Non-Fatal Injury,Pedestrian Collisions,D22,14,Islington-City Centre West (14),-79.5307,43.643,NULL,NULL,N,NULL,NULL,NULL
1203855,2010,00:00.0,1542,15,THORNCLIFFE PARK DR,OVERLEA BLVD,NULL,1,North York,15,53,Intersection,At Intersection,Traffic Signal,Rain,Daylight,Wet,Non-Fatal Injury,Pedestrian Collisions,D53,55,Thorncliffe Park (55),-79.3498,43.705,NULL,NULL,N,NULL,NULL,NULL
1184434,2010,00:00.0,2215,22,LAKE SHORE BLVD E,JOSEPH DUGGAN  RD,NULL,1,Toronto and East York,19,55,Intersection,NULL,Traffic Signal,Clear,Dark,Dry,Fatal,Pedestrian Collisions,D55,70,South Riverdale (70),-79.3061,43.6643,NULL,NULL,N,NULL,NULL,NULL
1207710,2010,00:00.0,1225,12,KINGSTON RD,MARKHAM RD,NULL,1,Scarborough,NULL,43,Intersection,At Intersection,Traffic Signal,Clear,Daylight,Dry,Non-Fatal Injury,Turning Movement,D43,139,Scarborough Village (139),-79.2169,43.7387,NULL,NULL,N,NULL,NULL,NULL
1198672,2010,00:00.0,1100,11,LAWRENCE AVE E,MCCOWAN RD,NULL,1,Scarborough,NULL,43,Intersection,NULL,No Control,Clear,Daylight,Dry,Non-Fatal Injury,Pedestrian Collisions,D43,127,Bendale (127),-79.2452,43.7555,NULL,NULL,N,NULL,NULL,NULL
1203098,2010,00:00.0,1410,14,ROYAL YORK RD,NEWCASTLE ST,NULL,3,Etobicoke York,3,22,Intersection,NULL,Traffic Signal,Clear,Daylight,Dry,Non-Fatal Injury,Pedestrian Collisions,D22,17,Mimico (17),-79.4988,43.6174,NULL,NULL,N,NULL,NULL,NULL
1193206,2010,00:00.0,1715,17,MCLEVIN AVE,HUPFIELD TRL,NULL,3,Scarborough,25,42,Mid-Block,NULL,No Control,Clear,Daylight,Dry,Non-Fatal Injury,Rear End,D42,132,Malvern (132),-79.2204,43.81,NULL,NULL,N,NULL,NULL,NULL
1199497,2010,00:00.0,1609,16,QUEENS QUAY W,LOWER SIMCOE ST,NULL,3,Toronto and East York,10,52,Mid-Block,NULL,No Control,Clear,Daylight,Dry,Non-Fatal Injury,Sideswipe,D52,77,Waterfront Communities-The Island (77),-79.3878,43.6385,NULL,NULL,N,NULL,NULL,NULL
1241028,2011,00:00.0,536,5,ROGERS Road,WESTON Road,NULL,1,Etobicoke York,5,12,Intersection,At Intersection,Traffic Signal,Clear,Daylight,Dry,Non-Fatal Injury,Pedestrian Collisions,D12,111,Rockcliffe-Smythe (111),-79.4767,43.6815,NULL,NULL,N,NULL,NULL,NULL
1184180,2010,00:00.0,2115,21,CARLAW Ave,COLGATE Ave,NULL,3,Toronto and East York,14,55,Mid-Block,NULL,No Control,Clear,Dark,Dry,Non-Fatal Injury,Sideswipe,D55,70,South Riverdale (70),-79.3407,43.6627,NULL,NULL,N,NULL,NULL,NULL
1203435,2010,00:00.0,1818,18,GLENCAIRN AVE,AVENUE RD,NULL,1,North York,8,53,Intersection,At Intersection,Stop Sign,Rain,Dark,Wet,Non-Fatal Injury,Pedestrian Collisions,D53,103,Lawrence Park South (103),-79.4122,43.7159,NULL,NULL,N,NULL,NULL,NULL
1234913,2011,00:00.0,1350,13,ISLINGTON AVE,ALBION RD,NULL,1,Etobicoke York,1,23,Intersection,At Intersection,Traffic Signal,Clear,Daylight,Dry,Non-Fatal Injury,Pedestrian Collisions,D23,3,Thistletown-Beaumond Heights (3),-79.5652,43.7372,NULL,NULL,N,NULL,NULL,NULL
1184354,2010,00:00.0,1800,18,93 BRIMWOOD Boul,NULL,NULL,2,Scarborough,23,42,Mid-Block,NULL,No Control,Clear,Daylight,Dry,Non-Fatal Injury,Other,D42,129,Agincourt North (129),-79.275,43.8129,NULL,NULL,N,NULL,NULL,NULL
1175328,2010,00:00.0,256,2,HIGHWAY 401 X Ramp W,MARTIN GROVE RD,NULL,NULL,Etobicoke York,1,23,Mid-Block,NULL,No Control,Clear,Dark,Dry,Non-Fatal Injury,Pedestrian Collisions,D23,7,Willowridge-Martingrove-Richview (7),-79.5705,43.69,NULL,NULL,N,NULL,NULL,NULL
1207328,2010,00:00.0,1850,18,JANE ST,EGLINTON AVE W,NULL,1,Etobicoke York,5,12,Intersection,At Intersection,Traffic Signal,Clear,Dark,Dry,Non-Fatal Injury,Pedestrian Collisions,D12,115,Mount Dennis (115),-79.4987,43.6844,NULL,NULL,N,NULL,NULL,NULL
1224921,2011,00:00.0,1152,11,NORTH QUEEN ST,ATOMIC AVE,NULL,3,Etobicoke York,3,22,Mid-Block,NULL,No Control,Clear,Daylight,Dry,Fatal,Approaching,D22,14,Islington-City Centre West (14),-79.5431,43.6218,NULL,NULL,N,NULL,NULL,NULL
1203088,2010,00:00.0,1740,17,AVENUE RD,ST CLAIR AVE W,NULL,1,Toronto and East York,12,53,Mid-Block,NULL,No Control,Clear,Daylight,Dry,Non-Fatal Injury,Rear End,D53,97,Yonge-St.Clair (97),-79.4018,43.6875,NULL,NULL,N,NULL,NULL,NULL
1200535,2010,00:00.0,2146,21,KIPLING AVE,ALBION RD,NULL,1,Etobicoke York,1,23,Mid-Block,NULL,No Control,Clear,Dark,Dry,Non-Fatal Injury,Pedestrian Collisions,D23,3,Thistletown-Beaumond Heights (3),-79.5797,43.7385,NULL,NULL,N,NULL,NULL,NULL
1235900,2011,00:00.0,1650,16,KING ST W,STRACHAN AVE,NULL,1,Toronto and East York,10,14,Mid-Block,NULL,No Control,Clear,Daylight,Dry,Non-Fatal Injury,Pedestrian Collisions,D14,82,Niagara (82),-79.4112,43.6421,NULL,NULL,N,NULL,NULL,NULL
1236508,2011,00:00.0,1206,12,YONGE ST,STEELES AVE W,NULL,1,North York,18,32,Intersection,At Intersection,Traffic Signal,Clear,Daylight,Dry,Non-Fatal Injury,Angle,D32,50,Newtonbrook East (50),-79.42,43.7979,-79.42,43.7979,Y,NULL,NULL,2017-08-11
1195361,2010,00:00.0,2052,20,DUFFERIN ST,SHANLY ST,NULL,1,Toronto and East York,9,NULL,Intersection,At Intersection,Traffic Signal,Clear,Dark,Dry,Non-Fatal Injury,Turning Movement,D11,93,Dovercourt-Wallace Emerson-Junction (93),-79.4366,43.6629,NULL,NULL,N,NULL,NULL,NULL
1272453,2011,00:00.0,1425,14,VICTORIA PARK Aven,PARKWOODS VILLAGE Driv,NULL,1,North York,NULL,NULL,Intersection,At Intersection,Traffic Signal,Clear,Daylight,Wet,Non-Fatal Injury,Turning Movement,D33,119,Wexford/Maryvale (119),-79.3152,43.7578,NULL,NULL,N,NULL,NULL,NULL
1235865,2011,00:00.0,950,9,HURON ST,DUNDAS ST W,NULL,1,Toronto and East York,NULL,52,Intersection,At Intersection,Traffic Signal,Clear,Daylight,Dry,Non-Fatal Injury,Pedestrian Collisions,D52,78,Kensington-Chinatown (78),-79.3961,43.6533,NULL,NULL,N,NULL,NULL,NULL
1261658,2011,00:00.0,1815,18,FINCH Aven W,HIGHWAY 400  N,NULL,1,Etobicoke York,7,31,Intersection,At Intersection,Traffic Signal,Clear,Daylight,Dry,Non-Fatal Injury,Angle,D31,21,Humber Summit (21),-79.5327,43.754,NULL,NULL,N,NULL,NULL,NULL
9001776305,2019,00:00.0,42,0,JARVIS ST,RICHARD BIGLEY  LANE,NULL,1,Scarborough,13,51,Mid-Block,Non Intersection,No Control,Clear,"Dark, artificial",Dry,Non-Fatal Injury,Pedestrian Collisions,D51,73,Moss Park (73),-79.3733,43.654,NULL,NULL,N,NULL,NULL,NULL
9001788987,2019,00:00.0,1630,16,LA ROSE AVE,SCARLETT RD,25 m West of,2,Etobicoke York,2,23,Mid-Block,At/Near Private Drive,No Control,Clear,Daylight,Dry,Non-Fatal Injury,Cyclist Collisions,D23,8,Humber Heights-Westmount (8),-79.5149,43.6865,NULL,NULL,N,NULL,NULL,NULL