ACCNUM,YEAR,DATE,TIME,HOUR,STREET1,STREET2,OFFSET,ROAD_CLASS,DISTRICT,WARDNUM,DIVISION,LOCCOORD,ACCLOC,TRAFFCTL,VISIBILITY,LIGHT,RDSFCOND,ACCLASS,IMPACTYPE,POLICE_DIVISION,HOOD_ID,NEIGHBOURHOOD,collision_lat,collision_long,red_light_lat,red_light_long,right_light_camera,LINEAR_NAME_FULL_1,LINEAR_NAME_FULL_2,ACTIVATION_DATE
1200876,2010,00:00.0,1030,10,COMMISSIONERS Stre,SAULTER Stre S,NULL,2,Toronto and East York,14,55,Mid-Block,At Intersection,No Control,Clear,Daylight,Dry,Non-Fatal Injury,SMV Other,D55,70,South Riverdale (70),-79.3431,43.6493,NULL,NULL,N,NULL,NULL,NULL
1250553,2011,00:00.0,551,5,ROYAL YORK RD,HARTFIELD RD,NULL,3,Etobicoke York,2,22,Intersection,NULL,No Control,Clear,Dark,Dry,Fatal,SMV Other,D22,9,Edenbridge-Humber Valley (9),-79.52,43.6671,NULL,NULL,N,NULL,NULL,NULL
1253390,2011,00:00.0,1556,15,DUNDAS ST E,BROADVIEW AVE,NULL,1,Toronto and East York,14,55,Intersection,At Intersection,Traffic Signal,Clear,Daylight,Dry,Non-Fatal Injury,Cyclist Collisions,D55,70,South Riverdale (70),-79.3513,43.6624,NULL,NULL,N,NULL,NULL,NULL
9001051786,2019,00:00.0,2018,20,FINCH AVE W,MILVAN DR,NULL,1,Etobicoke York,7,31,Intersection,At Intersection,Traffic Signal,Clear,Dusk,Dry,Non-Fatal Injury,Pedestrian Collisions,D31,22,Humbermede (22),-79.5522,43.7498,NULL,NULL,N,NULL,NULL,NULL
1199427,2010,00:00.0,1810,18,ADELAIDE ST E,SHERBOURNE ST,NULL,1,Toronto and East York,13,51,Intersection,At Intersection,Traffic Signal,Clear,Daylight,Dry,Non-Fatal Injury,Angle,D51,73,Moss Park (73),-79.3685,43.6521,NULL,NULL,N,NULL,NULL,NULL
1196492,2010,00:00.0,2328,23,120 MOUNT PLEASANT RD,NULL,NULL,1,Toronto and East York,11,53,Mid-Block,NULL,No Control,Clear,Dark,Dry,Non-Fatal Injury,Pedestrian Collisions,D53,98,Rosedale-Moore Park (98),-79.3804,43.6752,NULL,NULL,N,NULL,NULL,NULL
9001868191,2019,00:00.0,649,6,SHEPPARD AVE W,JANE ST,NULL,1,North York,NULL,31,Mid-Block,Non Intersection,No Control,Rain,"Dark, artificial",Wet,Non-Fatal Injury,Approaching,D31,25,Glenfield-Jane Heights (25),-79.5118,43.7394,NULL,NULL,N,NULL,NULL,NULL
1985100,2020,00:00.0,1641,16,GERRARD ST E,JONES AVE,60 m East of,NULL,NULL,NULL,NULL,Mid-Block,Non Intersection,Traffic Controller,Rain,"Daylight, artificial",Wet,Non-Fatal Injury,SMV Other,D55,70,South Riverdale (70),-79.3348,43.6694,NULL,NULL,N,NULL,NULL,NULL
962030,2020,00:00.0,915,9,20 EDWARD ST,595 BAY ST,5 m North of,NULL,NULL,NULL,NULL,Mid-Block,Non Intersection,No Control,Clear,Daylight,Dry,Non-Fatal Injury,Pedestrian Collisions,D52,76,Bay Street Corridor (76),-79.3823,43.6567,NULL,NULL,N,NULL,NULL,NULL
985567,2020,00:00.0,1739,17,DAVISVILLE AVE,YONGE ST,189 m East of,3,Toronto East York,12,53,Mid-Block,At/Near Private Drive,No Control,Rain,Daylight,Wet,Non-Fatal Injury,Pedestrian Collisions,D53,104,Mount Pleasant West (104),-79.3948,43.6985,NULL,NULL,N,NULL,NULL,NULL
9001133946,2019,00:00.0,925,9,BIRCHMOUNT RD,FOXRIDGE DR,NULL,3,Scarborough,20,41,Intersection,At Intersection,Traffic Signal,Clear,Daylight,Dry,Non-Fatal Injury,Cyclist Collisions,D41,124,Kennedy Park (124),-79.2744,43.7217,NULL,NULL,N,NULL,NULL,NULL
9001146932,2019,00:00.0,2204,22,ST CLAIR AVE E,BIRCHMOUNT RD,2 m East of,1,Scarborough,20,41,Intersection,At Intersection,Traffic Signal,Rain,"Dark, artificial",Wet,Non-Fatal Injury,Pedestrian Collisions,D41,120,Clairlea-Birchmount (120),-79.271,43.714,NULL,NULL,N,NULL,NULL,NULL
1206537,2010,00:00.0,2055,20,SHEPPARD Aven W,JANE Stre,NULL,1,Etobicoke York,NULL,31,Mid-Block,NULL,No Control,Clear,Dark,Dry,Non-Fatal Injury,SMV Other,D31,25,Glenfield-Jane Heights (25),-79.5117,43.7394,NULL,NULL,N,NULL,NULL,NULL
1153608,2020,00:00.0,752,7,COLLEGE ST,DUFFERIN ST,7 m North of,3,North York,9,NULL,Intersection,At Intersection,Traffic Signal,Clear,Daylight,Dry,Non-Fatal Injury,Angle,D14,84,Little Portugal (84),-79.4325,43.6524,NULL,NULL,N,NULL,NULL,NULL
1252228,2011,00:00.0,1438,14,LAWRENCE AVE E,E OF DVP ON RAMP Aven,NULL,1,North York,16,33,Mid-Block,NULL,No Control,Clear,Daylight,Dry,Fatal,Rear End,D33,43,Victoria Village (43),-79.3279,43.7402,NULL,NULL,N,NULL,NULL,NULL
1248453,2011,00:00.0,2208,22,FINCH AVE W,400 S FINCH E RAMP N,NULL,1,Etobicoke York,7,31,Intersection,At Intersection,Traffic Signal,Clear,Dark,Dry,Non-Fatal Injury,Rear End,D31,21,Humber Summit (21),-79.5327,43.754,NULL,NULL,N,NULL,NULL,NULL
382209,2020,00:00.0,707,7,DON MILLS RD,LAWRENCE AVE E,NULL,1,Etobicoke York,16,33,Intersection,At Intersection,Traffic Signal,Clear,Daylight,Dry,Non-Fatal Injury,Angle,D33,42,Banbury-Don Mills (42),-79.3434,43.7371,-79.3434,43.7371,Y,Lawrence Ave E,Don Mills Rd,2009-09-10
9002500260,2019,00:00.0,1514,15,GERRARD ST W,BAY ST,NULL,1,Toronto and East York,11,52,Intersection,At Intersection,Traffic Signal,Clear,Daylight,Dry,Non-Fatal Injury,Pedestrian Collisions,D52,76,Bay Street Corridor (76),-79.3848,43.6584,NULL,NULL,N,NULL,NULL,NULL
1268039,2011,00:00.0,2040,20,BRIMLEY RD,PROGRESS AVE,NULL,1,Scarborough,21,NULL,Intersection,NULL,Traffic Signal,Clear,Dark,Dry,Non-Fatal Injury,Turning Movement,D41,127,Bendale (127),-79.2631,43.7752,-79.2631,43.7752,Y,Brimley Rd,Progress Ave,2021-05-27
1655498,2020,00:00.0,230,2,67 POTTERY RD,BROADVIEW AVE,339 m West of,NULL,NULL,NULL,NULL,Mid-Block,Non Intersection,No Control,Rain,"Dark, artificial",Wet,Non-Fatal Injury,SMV Other,D53,56,Leaside-Bennington (56),-79.3634,43.6885,NULL,NULL,N,NULL,NULL,NULL
568837,2020,00:00.0,2110,21,CUMMER AVE,YONGE ST,2 m East of,1,North York,18,32,Intersection,At Intersection,Traffic Signal,Rain,"Dark, artificial",Wet,Non-Fatal Injury,Pedestrian Collisions,D32,50,Newtonbrook East (50),-79.4173,43.7869,NULL,NULL,N,NULL,NULL,NULL
772626,2020,00:00.0,1323,13,YONGE ST,BELSIZE DR,2 m South of,1,Toronto East York,12,53,Intersection,Intersection Related,Traffic Signal,Clear,Daylight,Dry,Non-Fatal Injury,Rear End,D53,104,Mount Pleasant West (104),-79.3969,43.7002,NULL,NULL,N,NULL,NULL,NULL
418513,2020,00:00.0,810,8,YONGE ST,EMPRESS AVE,NULL,1,North York,18,32,Intersection,At Intersection,Traffic Signal,Clear,Daylight,Wet,Non-Fatal Injury,Pedestrian Collisions,D32,51,Willowdale East (51),-79.4128,43.7692,NULL,NULL,N,NULL,NULL,NULL
9002262489,2019,00:00.0,2200,22,STEELES AVE W,JANE ST,NULL,1,North York,7,31,Intersection,At Intersection,Traffic Signal,Clear,Dark,Dry,Non-Fatal Injury,Pedestrian Collisions,D31,27,York University Heights (27),-79.5216,43.7754,NULL,NULL,N,NULL,NULL,NULL
819828,2020,00:00.0,1452,14,DUNDAS ST E,PEMBROKE ST,NULL,1,Toronto East York,13,51,Intersection,At Intersection,Stop Sign,Clear,Daylight,Dry,Non-Fatal Injury,Pedestrian Collisions,D51,73,Moss Park (73),-79.3723,43.658,NULL,NULL,N,NULL,NULL,NULL
1670339,2020,00:00.0,551,5,FINCH AVE W,400 N FINCH E RAMP,NULL,1,Etobicoke York,7,31,Mid-Block,Non Intersection,No Control,Clear,"Dark, artificial",Dry,Fatal,Cyclist Collisions,D31,25,Glenfield-Jane Heights (25),-79.5276,43.755,NULL,NULL,N,NULL,NULL,NULL
2109352,2020,00:00.0,1920,19,WILLIAM R ALLEN RD N,LAWRENCE AVE W,NULL,8,North York,8,13,Mid-Block,Non Intersection,No Control,Clear,"Dark, artificial",Dry,Fatal,Pedestrian Collisions,D13,32,Englemount-Lawrence (32),-79.4435,43.715,NULL,NULL,N,NULL,NULL,NULL
1685668,2020,00:00.0,1100,11,ROGERS RD,BOON AVE,10 m East of,3,Toronto and East York,9,13,Mid-Block,Non Intersection,Traffic Signal,Clear,Daylight,Dry,Non-Fatal Injury,Rear End,D13,109,Caledonia-Fairbank (109),-79.4492,43.6847,NULL,NULL,N,NULL,NULL,NULL
1764344,2020,00:00.0,1544,15,BELFIELD RD,MARTIN GROVE RD,NULL,1,Etobicoke York,1,23,Intersection,At Intersection,Traffic Signal,Clear,Daylight,Dry,Non-Fatal Injury,Pedestrian Collisions,D23,1,West Humber-Clairville (1),-79.5756,43.7019,-79.5756,43.7019,Y,Martin Grove Rd,Belfield Rd,2021-07-29
1772544,2020,00:00.0,1818,18,MUTUAL ST,CARLTON ST,NULL,1,Toronto East York,NULL,NULL,Mid-Block,Non Intersection,No Control,Clear,"Dusk, artificial",Dry,Non-Fatal Injury,Pedestrian Collisions,D51,75,Church-Yonge Corridor (75),-79.3778,43.6621,NULL,NULL,N,NULL,NULL,NULL
9002133907,2019,00:00.0,720,7,GLENMOUNT AVE,SHELBORNE AVE,NULL,2,North York,8,13,Intersection,At Intersection,Stop Sign,Rain,Daylight,Wet,Non-Fatal Injury,Pedestrian Collisions,D13,32,Englemount-Lawrence (32),-79.4316,43.7153,NULL,NULL,N,NULL,NULL,NULL
2092644,2020,00:00.0,1241,12,CHERRY ST,MILL ST,NULL,2,Toronto and East York,NULL,51,Intersection,At Intersection,Traffic Signal,Clear,Daylight,Dry,Fatal,Pedestrian Collisions,D51,77,Waterfront Communities-The Island (77),-79.3573,43.6512,NULL,NULL,N,NULL,NULL,NULL
9001196370,2019,00:00.0,1850,18,LAKE SHORE BLVD W,TENTH ST,6 m West of,1,Etobicoke York,3,22,Intersection,At Intersection,Traffic Signal,Clear,Daylight,Dry,Non-Fatal Injury,Pedestrian Collisions,D22,18,New Toronto (18),-79.5085,43.5999,NULL,NULL,N,NULL,NULL,NULL
2125289,2020,00:00.0,913,9,WILSON AVE,JANE ST,2 m West of,1,Etobicoke York,NULL,31,Intersection,Intersection Related,Traffic Signal,Clear,Daylight,Dry,Non-Fatal Injury,Pedestrian Collisions,D31,26,Downsview-Roding-CFB (26),-79.5086,43.7209,-79.5086,43.7209,Y,Wilson Ave,Jane St,2017-03-09
9001966767,2019,00:00.0,1900,19,YONGE ST,WELLESLEY ST E,15 m South of,1,Toronto and East York,13,NULL,Intersection,Intersection Related,No Control,Clear,"Dusk, artificial",Dry,Non-Fatal Injury,Pedestrian Collisions,D51,75,Church-Yonge Corridor (75),-79.3845,43.6649,NULL,NULL,N,NULL,NULL,NULL
212688,2020,00:00.0,415,4,SHEPPARD AVE W,WILLIAM R ALLEN RD,NULL,1,North York,6,32,Intersection,At Intersection,Traffic Signal,Clear,"Dark, artificial",Dry,Non-Fatal Injury,Pedestrian Collisions,D32,26,Downsview-Roding-CFB (26),-79.4633,43.7501,NULL,NULL,N,NULL,NULL,NULL
9002262069,2019,00:00.0,1245,12,KENNEDY RD,BRIGSTOCK RD,8 m South of,1,Scarborough,21,41,Intersection,At Intersection,No Control,Clear,Daylight,Dry,Non-Fatal Injury,Turning Movement,D41,126,Dorset Park (126),-79.2794,43.7612,NULL,NULL,N,NULL,NULL,NULL
75272,2020,00:00.0,2257,22,ST CLAIR AVE W,GLENHOLME AVE,NULL,1,Etobicoke York,9,13,Intersection,At Intersection,Traffic Signal,Rain,"Dark, artificial",Wet,Non-Fatal Injury,Pedestrian Collisions,D13,92,Corso Italia-Davenport (92),-79.4385,43.6789,NULL,NULL,N,NULL,NULL,NULL
9002465950,2019,00:00.0,1834,18,PROGRESS AVE,MARKHAM RD,NULL,1,Scarborough,24,43,Mid-Block,Non Intersection,No Control,Clear,"Dark, artificial",Wet,Fatal,Pedestrian Collisions,D43,137,Woburn (137),-79.2329,43.7821,NULL,NULL,N,NULL,NULL,NULL
9002481518,2019,00:00.0,850,8,SHEPPARD AVE E,DON MILLS RD,NULL,1,North York,17,33,Intersection,At Intersection,Traffic Signal,Clear,Daylight,Wet,Non-Fatal Injury,Pedestrian Collisions,D33,53,Henry Farm (53),-79.347,43.775,NULL,NULL,N,NULL,NULL,NULL
1162641,2020,00:00.0,1357,13,KEELE ST,WEST TORONTO ST,NULL,1,Etobicoke York,NULL,51,Intersection,At Intersection,Traffic Signal,Clear,Daylight,Dry,Non-Fatal Injury,Pedestrian Collisions,D11,90,Junction Area (90),-79.4664,43.6699,NULL,NULL,N,NULL,NULL,NULL
1186968,2020,00:00.0,2256,22,DREWRY AVE,GRANTBROOK ST,NULL,3,North York,18,32,Intersection,At Intersection,No Control,Rain,Dark,Wet,Non-Fatal Injury,Rear End,D32,36,Newtonbrook West (36),-79.4337,43.7834,NULL,NULL,N,NULL,NULL,NULL
1218699,2020,00:00.0,1255,12,PHARMACY AVE,HUNTINGWOOD DR,NULL,3,Scarborough,22,42,Intersection,At Intersection,Traffic Signal,Clear,Daylight,Dry,Non-Fatal Injury,Angle,D42,118,Tam O'Shanter-Sullivan (118),-79.3201,43.7816,NULL,NULL,N,NULL,NULL,NULL
8001922622,2018,00:00.0,840,8,1491 LAKE SHORE BLVD W,NULL,900 m East of,1,Toronto and East York,4,14,Mid-Block,Non Intersection,No Control,Clear,Daylight,Dry,Non-Fatal Injury,Approaching,D14,85,South Parkdale (85),-79.444,43.6363,NULL,NULL,N,NULL,NULL,NULL
8001923925,2018,00:00.0,1217,12,OSSINGTON AVE,NORTHUMBERLAND ST,NULL,3,Toronto and East York,NULL,14,Mid-Block,Non Intersection,No Control,Clear,Daylight,Dry,Fatal,Pedestrian Collisions,D14,93,Dovercourt-Wallace Emerson-Junction (93),-79.4262,43.6632,NULL,NULL,N,NULL,NULL,NULL
8001928612,2018,00:00.0,630,6,BATHURST ST,BRIAR HILL AVE,11 m North of,1,North York,8,NULL,Intersection,At Intersection,Traffic Signal,Clear,"Dark, artificial",Dry,Non-Fatal Injury,Pedestrian Collisions,D53,102,Forest Hill North (102),-79.427,43.7078,NULL,NULL,N,NULL,NULL,NULL
9001600712,2019,00:00.0,1521,15,BAY ST,COLLEGE ST,NULL,1,Toronto and East York,NULL,52,Intersection,At Intersection,Traffic Signal,Clear,Daylight,Dry,Non-Fatal Injury,Pedestrian Collisions,D52,76,Bay Street Corridor (76),-79.3858,43.6607,NULL,NULL,N,NULL,NULL,NULL
9001666503,2019,00:00.0,1746,17,JOHN GARLAND BLVD,KENDLETON DR,3 m West of,NULL,NULL,NULL,NULL,Intersection,At Intersection,No Control,Clear,Daylight,Dry,Non-Fatal Injury,Cyclist Collisions,D23,2,Mount Olive-Silverstone-Jamestown (2),-79.5803,43.7349,NULL,NULL,N,NULL,NULL,NULL
9002117462,2019,00:00.0,1903,19,KING ST W,PORTLAND ST,30 m East of,1,Toronto and East York,10,14,Intersection,At Intersection,Traffic Signal,Clear,Dark,Dry,Non-Fatal Injury,Cyclist Collisions,D14,77,Waterfront Communities-The Island (77),-79.4,43.6443,NULL,NULL,N,NULL,NULL,NULL
9000431673,2019,00:00.0,231,2,LAKE SHORE BLVD W,BAY ST,3 m East of,1,Toronto and East York,10,52,Intersection,At Intersection,Traffic Signal,Clear,"Dark, artificial",Dry,Non-Fatal Injury,Rear End,D52,77,Waterfront Communities-The Island (77),-79.3777,43.6429,NULL,NULL,N,NULL,NULL,NULL
9000983985,2019,00:00.0,1328,13,14 PLYMBRIDGE RD,NULL,NULL,4,North York,15,32,Mid-Block,Non Intersection,No Control,Clear,Daylight,Dry,Fatal,SMV Other,D32,41,Bridle Path-Sunnybrook-York Mills (41),-79.3997,43.7396,NULL,NULL,N,NULL,NULL,NULL
9000525520,2019,00:00.0,1112,11,EGLINTON AVE W,MARTIN GROVE RD,NULL,1,Etobicoke York,NULL,NULL,Intersection,At Intersection,Traffic Signal,Clear,Daylight,Dry,Non-Fatal Injury,Rear End,D22,10,Princess-Rosethorn (10),-79.5631,43.6744,-79.5631,43.6744,Y,Eglinton Ave W,Martin Grove Rd,2017-07-10
9000457599,2019,00:00.0,915,9,ROYAL YORK RD,KINGSGROVE BLVD,23 m North of,3,Etobicoke York,3,22,Intersection,Intersection Related,No Control,Clear,Daylight,Dry,Non-Fatal Injury,Approaching,D22,15,Kingsway South (15),-79.514,43.6534,NULL,NULL,N,NULL,NULL,NULL
9000460326,2019,00:00.0,1650,16,BAY ST,RICHMOND ST W,NULL,1,Toronto and East York,NULL,52,Intersection,At Intersection,Traffic Signal,Clear,Daylight,Dry,Non-Fatal Injury,Pedestrian Collisions,D52,76,Bay Street Corridor (76),-79.3812,43.651,NULL,NULL,N,NULL,NULL,NULL
9001437273,2019,00:00.0,2153,21,TRETHEWEY DR,BLACK CREEK DR,NULL,1,Etobicoke York,5,12,Intersection,At Intersection,Traffic Signal,Clear,"Dark, artificial",Dry,Non-Fatal Injury,Pedestrian Collisions,D12,112,Beechborough-Greenbrook (112),-79.486,43.6945,NULL,NULL,N,NULL,NULL,NULL
9000588881,2019,00:00.0,2343,23,MCCOWAN RD,ELLESMERE RD,NULL,1,Scarborough,NULL,43,Intersection,At Intersection,Traffic Signal,Clear,"Dark, artificial",Dry,Non-Fatal Injury,Pedestrian Collisions,D43,137,Woburn (137),-79.2514,43.772,NULL,NULL,N,NULL,NULL,NULL
9001678425,2019,00:00.0,1448,14,495 THE WEST MALL,NULL,305 m West of,3,Etobicoke York,2,22,Mid-Block,Non Intersection,No Control,Clear,Daylight,Dry,Non-Fatal Injury,Angle,D22,13,Etobicoke West Mall (13),-79.568,43.6479,NULL,NULL,N,NULL,NULL,NULL
9001718859,2019,00:00.0,106,1,KING ST W,PORTLAND ST,5 m West of,1,Toronto and East York,10,14,Intersection,At Intersection,Traffic Signal,Clear,Dark,Dry,Non-Fatal Injury,Cyclist Collisions,D14,77,Waterfront Communities-The Island (77),-79.4,43.6443,NULL,NULL,N,NULL,NULL,NULL
9001749979,2019,00:00.0,1055,10,BURNHAMTHORPE RD,THE WEST MALL,NULL,1,Etobicoke York,2,22,Intersection,At Intersection,Traffic Signal,Clear,Daylight,Dry,Non-Fatal Injury,Angle,D22,13,Etobicoke West Mall (13),-79.5672,43.6444,NULL,NULL,N,NULL,NULL,NULL
9001753960,2019,00:00.0,2103,21,MARTIN GROVE RD,EGLINTON AVE W,NULL,1,Etobicoke York,NULL,NULL,Intersection,At Intersection,Traffic Signal,Clear,"Dark, artificial",Dry,Non-Fatal Injury,Cyclist Collisions,D22,10,Princess-Rosethorn (10),-79.5631,43.6744,-79.5631,43.6744,Y,Eglinton Ave W,Martin Grove Rd,2017-07-10
9000541174,2019,00:00.0,1900,19,DREWRY AVE,CHELMSFORD AVE,10 m North of,3,North York,18,32,Intersection,At Intersection,No Control,Clear,Daylight,Dry,Non-Fatal Injury,Pedestrian Collisions,D32,36,Newtonbrook West (36),-79.4365,43.7828,NULL,NULL,N,NULL,NULL,NULL
1197349,2010,00:00.0,905,9,UNIVERSITY AVE,QUEEN ST W,NULL,1,Toronto and East York,10,52,Intersection,At Intersection,Traffic Signal,Clear,Daylight,Dry,Non-Fatal Injury,Cyclist Collisions,D52,76,Bay Street Corridor (76),-79.3865,43.6508,NULL,NULL,N,NULL,NULL,NULL
1188927,2010,00:00.0,2000,20,DANFORTH AVE,MOBERLY AVE,NULL,1,Toronto and East York,19,NULL,Intersection,NULL,No Control,Clear,Dusk,Dry,Non-Fatal Injury,Cyclist Collisions,D55,64,Woodbine Corridor (64),-79.314,43.6853,NULL,NULL,N,NULL,NULL,NULL
1188020,2010,00:00.0,1400,14,MORNINGSIDE AVE,OLD FINCH AVE,NULL,6,Scarborough,25,42,Mid-Block,NULL,No Control,Clear,Daylight,Dry,Non-Fatal Injury,Pedestrian Collisions,D42,131,Rouge (131),-79.2161,43.8192,NULL,NULL,N,NULL,NULL,NULL
1186370,2010,00:00.0,427,4,QUEEN ST W,UNIVERSITY AVE,NULL,1,Toronto and East York,10,52,Intersection,NULL,Traffic Signal,Clear,Dark,Dry,Non-Fatal Injury,Pedestrian Collisions,D52,76,Bay Street Corridor (76),-79.3865,43.6508,NULL,NULL,N,NULL,NULL,NULL
1177697,2010,00:00.0,219,2,LAWRENCE AVE E,CARNFORTH RD,NULL,1,North York,16,33,Mid-Block,NULL,No Control,Rain,Dark,Wet,Non-Fatal Injury,Pedestrian Collisions,D33,45,Parkwoods-Donalda (45),-79.3126,43.7416,NULL,NULL,N,NULL,NULL,NULL
1244509,2011,00:00.0,750,7,62 RACINE DR,NULL,NULL,2,Etobicoke York,1,23,Mid-Block,NULL,No Control,Clear,Daylight,Dry,Non-Fatal Injury,Approaching,D23,1,West Humber-Clairville (1),-79.5805,43.717,NULL,NULL,N,NULL,NULL,NULL
1224139,2011,00:00.0,1351,13,O CONNOR DR,WOODBINE AVE,NULL,1,Toronto and East York,19,54,Intersection,At Intersection,Traffic Signal,Snow,Daylight,Wet,Non-Fatal Injury,Pedestrian Collisions,D54,60,Woodbine-Lumsden (60),-79.319,43.7001,NULL,NULL,N,NULL,NULL,NULL
8001846413,2018,00:00.0,635,6,VICTORIA PARK AVE,CRESCENT TOWN RD,NULL,1,Scarborough,NULL,NULL,Intersection,At Intersection,Traffic Signal,Rain,"Dawn, artificial",Wet,Non-Fatal Injury,Pedestrian Collisions,D41,121,Oakridge (121),-79.2904,43.6964,NULL,NULL,N,NULL,NULL,NULL
8002159261,2018,00:00.0,1739,17,DUNDALK DR,GLAMORGAN AVE,30 m South of,2,Scarborough,21,41,Mid-Block,Non Intersection,No Control,Clear,Daylight,Dry,Non-Fatal Injury,Pedestrian Collisions,D41,126,Dorset Park (126),-79.285,43.7678,NULL,NULL,N,NULL,NULL,NULL
1216987,2011,00:00.0,828,8,DUNDAS ST W,NEILSON DR,NULL,1,Etobicoke York,NULL,22,Intersection,At Intersection,Traffic Signal,Clear,Daylight,Dry,Fatal,Pedestrian Collisions,D22,12,Markland Wood (12),-79.5623,43.6273,NULL,NULL,N,NULL,NULL,NULL
1227844,2011,00:00.0,114,1,QUEEN ST W,CLAREMONT ST,NULL,1,Toronto and East York,10,14,Intersection,NULL,No Control,Snow,Dark,Wet,Non-Fatal Injury,Pedestrian Collisions,D14,82,Niagara (82),-79.4095,43.646,NULL,NULL,N,NULL,NULL,NULL
1211679,2011,00:00.0,837,8,VICTORIA PARK AVE,SLOANE AVE,NULL,1,North York,NULL,NULL,Intersection,NULL,No Control,Clear,Daylight,Wet,Non-Fatal Injury,Rear End,D33,119,Wexford/Maryvale (119),-79.3084,43.7388,NULL,NULL,N,NULL,NULL,NULL
1200665,2010,00:00.0,1035,10,DANFORTH AVE,MAIN ST,NULL,1,Toronto and East York,19,NULL,Intersection,At Intersection,Traffic Signal,Rain,Daylight,Wet,Non-Fatal Injury,Pedestrian Collisions,D55,62,East End-Danforth (62),-79.3017,43.6881,NULL,NULL,N,NULL,NULL,NULL
1191013,2010,00:00.0,902,9,KENNEDY Road,BERTRAND Aven,NULL,1,Scarborough,21,41,Intersection,At Intersection,Traffic Signal,Clear,Daylight,Dry,Non-Fatal Injury,Cyclist Collisions,D41,125,Ionview (125),-79.27,43.7374,NULL,NULL,N,NULL,NULL,NULL
1193747,2010,00:00.0,2044,20,DORIS AVE,HOLLYWOOD AVE,NULL,3,North York,18,32,Mid-Block,NULL,Pedestrian Crossover,Clear,Dark,Dry,Fatal,Pedestrian Collisions,D32,51,Willowdale East (51),-79.409,43.7657,NULL,NULL,N,NULL,NULL,NULL
1232054,2011,00:00.0,910,9,KEELE ST,INGRAM DR,NULL,1,Etobicoke York,5,12,Intersection,NULL,Traffic Signal,Clear,Daylight,Dry,Non-Fatal Injury,SMV Other,D12,30,Brookhaven-Amesbury (30),-79.4759,43.6994,NULL,NULL,N,NULL,NULL,NULL
1240994,2011,00:00.0,1823,18,EGLINTON Ave W,MARLEE Ave,NULL,1,North York,NULL,13,Intersection,At Intersection,Traffic Signal,Clear,Daylight,Dry,Non-Fatal Injury,Pedestrian Collisions,D13,107,Oakwood Village (107),-79.4393,43.6979,NULL,NULL,N,NULL,NULL,NULL
1223175,2011,00:00.0,1825,18,MOUNT PLEASANT Road,MOORE Aven,NULL,1,Toronto and East York,11,53,Intersection,At Intersection,Traffic Signal,Clear,Daylight,Dry,Non-Fatal Injury,Pedestrian Collisions,D53,98,Rosedale-Moore Park (98),-79.3846,43.6935,NULL,NULL,N,NULL,NULL,NULL
1191508,2010,00:00.0,1550,15,ROSEDALE VALLEY RD,BLOOR ST E,NULL,3,Toronto and East York,NULL,51,Mid-Block,NULL,No Control,Clear,Daylight,Dry,Non-Fatal Injury,SMV Other,D51,71,Cabbagetown-South St.James Town (71),-79.3641,43.671,NULL,NULL,N,NULL,NULL,NULL
8002088057,2018,00:00.0,1754,17,WESTON RD,LAWRENCE AVE W,NULL,1,Etobicoke York,5,12,Intersection,At Intersection,Traffic Signal,Clear,Dark,Dry,Non-Fatal Injury,Pedestrian Collisions,D12,113,Weston (113),-79.5161,43.7,NULL,NULL,N,NULL,NULL,NULL
1233009,2011,00:00.0,852,8,KING Stre E,PRINCESS Stre,NULL,1,Toronto and East York,13,51,Intersection,NULL,No Control,Clear,Daylight,Dry,Non-Fatal Injury,Turning Movement,D51,73,Moss Park (73),-79.367,43.6515,NULL,NULL,N,NULL,NULL,NULL
1205539,2010,00:00.0,1534,15,DANFORTH RD,MIDLAND AVE,NULL,1,Scarborough,20,41,Intersection,At Intersection,Traffic Signal,Clear,Daylight,Dry,Non-Fatal Injury,Pedestrian Collisions,D41,124,Kennedy Park (124),-79.2539,43.7248,NULL,NULL,N,NULL,NULL,NULL
1229063,2011,00:00.0,130,1,UNIVERSITY Aven,QUEEN Stre W,NULL,1,Toronto and East York,10,52,Intersection,At Intersection,Traffic Signal,Clear,Dark,Dry,Non-Fatal Injury,Angle,D52,76,Bay Street Corridor (76),-79.3865,43.6508,NULL,NULL,N,NULL,NULL,NULL
1232602,2011,00:00.0,815,8,WILLIAM R ALLEN Road,RIMROCK Road,NULL,1,North York,6,32,Intersection,At Intersection,Traffic Signal,Clear,Daylight,Dry,Non-Fatal Injury,Turning Movement,D32,27,York University Heights (27),-79.4649,43.7577,NULL,NULL,N,NULL,NULL,NULL
1213166,2010,00:00.0,1700,17,911 BRIMORTON Dr,NULL,NULL,2,Scarborough,24,43,Mid-Block,NULL,No Control,Snow,Dark,Slush,Non-Fatal Injury,SMV Other,D43,137,Woburn (137),-79.2126,43.771,NULL,NULL,N,NULL,NULL,NULL
1228956,2011,00:00.0,908,9,TAPSCOTT RD,WASHBURN WAY,NULL,3,Scarborough,23,42,Intersection,NULL,Traffic Signal,Clear,Daylight,Dry,Non-Fatal Injury,Pedestrian Collisions,D42,132,Malvern (132),-79.2241,43.8044,NULL,NULL,N,NULL,NULL,NULL