ACCNUM,YEAR,DATE,TIME,HOUR,STREET1,STREET2,OFFSET,ROAD_CLASS,DISTRICT,WARDNUM,DIVISION,LOCCOORD,ACCLOC,TRAFFCTL,VISIBILITY,LIGHT,RDSFCOND,ACCLASS,IMPACTYPE,POLICE_DIVISION,HOOD_ID,NEIGHBOURHOOD,collision_lat,collision_long,red_light_lat,red_light_long,right_light_camera,LINEAR_NAME_FULL_1,LINEAR_NAME_FULL_2,ACTIVATION_DATE
1204296,2010,00:00.0,1719,17,HUMEWOOD GDNS,RUSHTON RD,NULL,4,Toronto and East York,12,13,Intersection,At Intersection,Stop Sign,Clear,Dark,Dry,Fatal,Pedestrian Collisions,D13,106,Humewood-Cedarvale (106),-79.4283,43.6829,NULL,NULL,N,NULL,NULL,NULL
1236150,2011,00:00.0,2213,22,ST CLAIR AVE W,KEELE ST,NULL,1,Etobicoke York,5,NULL,Mid-Block,NULL,No Control,Clear,Dark,Dry,Non-Fatal Injury,SMV Other,D11,90,Junction Area (90),-79.4682,43.6723,NULL,NULL,N,NULL,NULL,NULL
1197199,2010,00:00.0,1550,15,EGLINTON AVE E,VICTORIA PARK AVE,NULL,1,North York,NULL,NULL,Intersection,At Intersection,Traffic Signal,Clear,Daylight,Dry,Non-Fatal Injury,Turning Movement,D41,119,Wexford/Maryvale (119),-79.3025,43.7247,NULL,NULL,N,NULL,NULL,NULL
1198068,2010,00:00.0,1713,17,PAPE AVE,SELKIRK ST,NULL,1,Toronto and East York,14,54,Intersection,NULL,No Control,Clear,Daylight,Dry,Non-Fatal Injury,Rear End,D54,66,Danforth (66),-79.346,43.6821,NULL,NULL,N,NULL,NULL,NULL
1237364,2011,00:00.0,1020,10,JARVIS ST,WELLESLEY ST E,NULL,1,Toronto and East York,13,51,Intersection,At Intersection,Traffic Signal,Clear,Daylight,Dry,Non-Fatal Injury,Cyclist Collisions,D51,71,Cabbagetown-South St.James Town (71),-79.3782,43.6662,NULL,NULL,N,NULL,NULL,NULL
1224469,2011,00:00.0,1555,15,STEELES AVE E,GORDON MURISON LANE,NULL,3,Scarborough,25,42,Mid-Block,NULL,No Control,Clear,Daylight,Wet,Non-Fatal Injury,Rear End,D42,131,Rouge (131),-79.1889,43.8509,NULL,NULL,N,NULL,NULL,NULL
1195510,2010,00:00.0,14,0,SPADINA AVE,OXFORD ST,NULL,1,Toronto and East York,11,NULL,Mid-Block,NULL,No Control,Rain,Dark,Wet,Non-Fatal Injury,Pedestrian Collisions,D52,78,Kensington-Chinatown (78),-79.3997,43.6574,NULL,NULL,N,NULL,NULL,NULL
1184071,2010,00:00.0,341,3,BURNHAMTHORPE RD,BURNHAMTHORPE CRES,NULL,1,Etobicoke York,3,22,Intersection,NULL,No Control,Clear,Dark,Dry,Non-Fatal Injury,SMV Other,D22,14,Islington-City Centre West (14),-79.5311,43.6494,NULL,NULL,N,NULL,NULL,NULL
1184369,2010,00:00.0,105,1,ELLESMERE Road,MCCOWAN Road,NULL,1,Scarborough,NULL,43,Intersection,At Intersection,Traffic Signal,Clear,Dark,Dry,Non-Fatal Injury,SMV Other,D43,137,Woburn (137),-79.2514,43.772,NULL,NULL,N,NULL,NULL,NULL
1179068,2010,00:00.0,1530,15,EGLINTON Aven E,RAWLINSON Aven,NULL,1,North York,15,53,Intersection,At Intersection,Stop Sign,Clear,Daylight,Dry,Non-Fatal Injury,Cyclist Collisions,D53,99,Mount Pleasant East (99),-79.3878,43.7088,NULL,NULL,N,NULL,NULL,NULL
1176361,2010,00:00.0,2359,23,BICKNELL Ave,NASHVILLE Ave,NULL,2,Etobicoke York,5,12,Intersection,NULL,No Control,Clear,Dark,Dry,Non-Fatal Injury,Cyclist Collisions,D12,110,Keelesdale-Eglinton West (110),-79.4742,43.6832,NULL,NULL,N,NULL,NULL,NULL
1237383,2011,00:00.0,358,3,VICTORIA PARK AVE,LAWRENCE AVE E,NULL,1,North York,NULL,NULL,Intersection,Intersection Related,No Control,Clear,Dark,Dry,Non-Fatal Injury,Pedestrian Collisions,D41,119,Wexford/Maryvale (119),-79.3097,43.742,NULL,NULL,N,NULL,NULL,NULL
1239776,2011,00:00.0,1600,16,YONGE ST,SHAFTESBURY AVE,NULL,1,Toronto and East York,NULL,53,Intersection,At Intersection,Traffic Signal,Clear,Daylight,Dry,Non-Fatal Injury,Pedestrian Collisions,D53,98,Rosedale-Moore Park (98),-79.3915,43.6819,NULL,NULL,N,NULL,NULL,NULL
1204298,2010,00:00.0,2026,20,EGLINTON AVE E,SUTHERLAND DR,NULL,1,North York,15,53,Intersection,NULL,Traffic Signal,Clear,Dark,Dry,Non-Fatal Injury,Pedestrian Collisions,D53,56,Leaside-Bennington (56),-79.3671,43.713,NULL,NULL,N,NULL,NULL,NULL
1244535,2011,00:00.0,1352,13,DUNFIELD AVE,EGLINTON AVE E,NULL,1,Toronto and East York,12,53,Intersection,NULL,No Control,Clear,Daylight,Dry,Non-Fatal Injury,Pedestrian Collisions,D53,104,Mount Pleasant West (104),-79.3953,43.7072,NULL,NULL,N,NULL,NULL,NULL
1236286,2011,00:00.0,650,6,COLLEGE ST,DOVERCOURT RD,NULL,1,Toronto and East York,9,14,Intersection,At Intersection,Traffic Signal,Clear,Daylight,Dry,Non-Fatal Injury,Cyclist Collisions,D14,81,Trinity-Bellwoods (81),-79.4263,43.6535,NULL,NULL,N,NULL,NULL,NULL
1251858,2011,00:00.0,1935,19,DON VALLEY PARKWAY  S,QUEEN St E,NULL,4,Toronto and East York,14,55,Mid-Block,NULL,No Control,Clear,Daylight,Dry,Non-Fatal Injury,Rear End,D55,70,South Riverdale (70),-79.3532,43.6574,NULL,NULL,N,NULL,NULL,NULL
1225497,2011,00:00.0,1730,17,BAY ST,TEMPERANCE ST W,NULL,1,Toronto and East York,NULL,52,Intersection,NULL,No Control,Clear,Dark,Dry,Non-Fatal Injury,Cyclist Collisions,D52,76,Bay Street Corridor (76),-79.3809,43.6504,NULL,NULL,N,NULL,NULL,NULL
9001916632,2019,00:00.0,2231,22,BATHURST ST,LAKE SHORE BLVD W,5 m South of,1,Toronto and East York,10,14,Intersection,At Intersection,Traffic Signal,Clear,Dark,Dry,Non-Fatal Injury,Pedestrian Collisions,D14,77,Waterfront Communities-The Island (77),-79.3996,43.6364,NULL,NULL,N,NULL,NULL,NULL
1200079,2010,00:00.0,1730,17,MILNER AVE,AUTO MALL DR,NULL,3,Scarborough,25,42,Mid-Block,NULL,No Control,Rain,Daylight,Wet,Non-Fatal Injury,SMV Other,D42,131,Rouge (131),-79.1906,43.8004,NULL,NULL,N,NULL,NULL,NULL
1207896,2010,00:00.0,1318,13,DUNDAS ST W,CHELSEA AVE,NULL,3,Toronto and East York,4,11,Mid-Block,NULL,No Control,Clear,Daylight,Wet,Non-Fatal Injury,Pedestrian Collisions,D11,88,High Park North (88),-79.4531,43.6588,NULL,NULL,N,NULL,NULL,NULL
9001943397,2019,00:00.0,1735,17,COLLEGE ST,BAY ST,10 m East of,1,Toronto and East York,NULL,52,Intersection,Intersection Related,Traffic Signal,Clear,Daylight,Dry,Non-Fatal Injury,Pedestrian Collisions,D52,76,Bay Street Corridor (76),-79.3858,43.6607,NULL,NULL,N,NULL,NULL,NULL
9001053641,2019,00:00.0,235,2,F G GARDINER XY  W,WINDERMERE AVE,365 m East of,8,Etobicoke York,4,11,Mid-Block,Non Intersection,No Control,Clear,"Dark, artificial",Dry,Non-Fatal Injury,SMV Other,D11,85,South Parkdale (85),-79.468,43.636,NULL,NULL,N,NULL,NULL,NULL
1237279,2011,00:00.0,1710,17,FINCH AVE W,NORFINCH DR,NULL,1,Etobicoke York,7,31,Intersection,At Intersection,Traffic Signal,Clear,Daylight,Dry,Non-Fatal Injury,Cyclist Collisions,D31,24,Black Creek (24),-79.5242,43.7559,NULL,NULL,N,NULL,NULL,NULL
886175,2020,00:00.0,2109,21,TAPSCOTT RD,MELFORD DR,NULL,3,Scarborough,23,42,Intersection,At Intersection,No Control,Clear,"Dark, artificial",Dry,Fatal,SMV Other,D42,132,Malvern (132),-79.2341,43.8079,NULL,NULL,N,NULL,NULL,NULL
1246125,2011,00:00.0,1620,16,FINCH AVE E,PAGE AVE,NULL,1,North York,17,33,Mid-Block,NULL,No Control,Clear,Daylight,Dry,Non-Fatal Injury,Angle,D33,52,Bayview Village (52),-79.3801,43.7876,NULL,NULL,N,NULL,NULL,NULL
1263122,2011,00:00.0,1944,19,LAWTON Blvd,WALMSLEY Blvd,NULL,4,Toronto and East York,12,53,Intersection,NULL,No Control,Clear,Daylight,Dry,Non-Fatal Injury,Cyclist Collisions,D53,97,Yonge-St.Clair (97),-79.3966,43.693,NULL,NULL,N,NULL,NULL,NULL
927087,2020,00:00.0,1952,19,BURNHAMTHORPE RD,MILL RD,NULL,1,Etobicoke York,NULL,NULL,Mid-Block,Non Intersection,No Control,Clear,Daylight,Dry,Fatal,SMV Other,D22,12,Markland Wood (12),-79.5839,43.6394,NULL,NULL,N,NULL,NULL,NULL
972852,2020,00:00.0,1940,19,STEELES AVE W,BARMAC DR,NULL,1,Etobicoke York,7,31,Intersection,At Intersection,Traffic Signal,Clear,Daylight,Dry,Non-Fatal Injury,Pedestrian Collisions,D31,21,Humber Summit (21),-79.5549,43.7684,NULL,NULL,N,NULL,NULL,NULL
1263671,2011,00:00.0,1834,18,BOTANY HILL RD,PLOVER RD,NULL,4,Scarborough,24,43,Intersection,NULL,No Control,Clear,Daylight,Dry,Non-Fatal Injury,Approaching,D43,135,Morningside (135),-79.2058,43.7753,NULL,NULL,N,NULL,NULL,NULL
9001144678,2019,00:00.0,1532,15,DANFORTH AVE,BYRON AVE,110 m West of,1,Toronto and East York,20,41,Mid-Block,Non Intersection,No Control,Clear,Daylight,Dry,Non-Fatal Injury,Turning Movement,D55,69,Blake-Jones (69),-79.3362,43.6805,NULL,NULL,N,NULL,NULL,NULL
1237771,2011,00:00.0,1308,13,DEWLANE DR,BATHURST ST,NULL,1,North York,NULL,32,Intersection,NULL,No Control,Clear,Daylight,Dry,Fatal,Pedestrian Collisions,D32,36,Newtonbrook West (36),-79.4458,43.7859,NULL,NULL,N,NULL,NULL,NULL
1239456,2011,00:00.0,1230,12,BATHURST ST,LAWRENCE AVE W,NULL,1,North York,8,NULL,Intersection,At Intersection,Traffic Signal,Clear,Daylight,Dry,Non-Fatal Injury,Cyclist Collisions,D53,39,Bedford Park-Nortown (39),-79.4297,43.7192,NULL,NULL,N,NULL,NULL,NULL
9001160017,2019,00:00.0,1909,19,LAWRENCE AVE E,SCARBOROUGH GOLF CLUB RD,3 metres east,1,Scarborough,24,43,Intersection,At Intersection,Traffic Signal,Clear,Daylight,Dry,Fatal,Angle,D43,137,Woburn (137),-79.2158,43.7617,NULL,NULL,N,NULL,NULL,NULL
1311242,2020,00:00.0,950,9,YONGE ST,EGLINTON AV W,16 m West of,1,North York,NULL,53,Mid-Block,Non Intersection,Traffic Signal,Clear,Daylight,Dry,Non-Fatal Injury,Cyclist Collisions,D53,104,Mount Pleasant West (104),-79.3983,43.7067,NULL,NULL,N,NULL,NULL,NULL
1276216,2020,00:00.0,900,9,LIIKWOOD LANE,SPANBRIDGE RD,8 m North of,2,North York,16,54,Mid-Block,Non Intersection,Stop Sign,Clear,Daylight,Dry,Non-Fatal Injury,Pedestrian Collisions,D54,44,Flemingdon Park (44),-79.3244,43.7123,NULL,NULL,N,NULL,NULL,NULL
9001959528,2019,00:00.0,1918,19,LESLIE ST,RAVEL RD,20 m North of,1,North York,17,33,Intersection,At Intersection,Traffic Signal,Clear,Daylight,Dry,Non-Fatal Injury,Pedestrian Collisions,D33,48,Hillcrest Village (48),-79.3683,43.7914,NULL,NULL,N,NULL,NULL,NULL
1240382,2011,00:00.0,930,9,JAMESON Aven,SPRINGHURST Aven,NULL,3,Toronto and East York,4,14,Intersection,At Intersection,Stop Sign,Rain,Daylight,Wet,Non-Fatal Injury,Cyclist Collisions,D14,85,South Parkdale (85),-79.4347,43.6339,NULL,NULL,N,NULL,NULL,NULL
1248427,2011,00:00.0,1911,19,OVERLEA BLVD,THORNCLIFFE PARK DR,NULL,1,North York,15,53,Intersection,At Intersection,Traffic Signal,Clear,Daylight,Dry,Non-Fatal Injury,Turning Movement,D53,55,Thorncliffe Park (55),-79.3435,43.7074,NULL,NULL,N,NULL,NULL,NULL
1193686,2010,00:00.0,1103,11,EGLINTON AVE E,HOLLY ST,NULL,1,Toronto and East York,12,53,Intersection,NULL,No Control,Clear,Daylight,Dry,Non-Fatal Injury,Pedestrian Collisions,D53,104,Mount Pleasant West (104),-79.3966,43.707,NULL,NULL,N,NULL,NULL,NULL
444225,2020,00:00.0,1815,18,KEELE ST,ST REGIS CRES,NULL,1,North York,NULL,31,Intersection,At Intersection,Traffic Signal,Clear,Dark,Wet,Non-Fatal Injury,Pedestrian Collisions,D31,27,York University Heights (27),-79.4887,43.7544,NULL,NULL,N,NULL,NULL,NULL
9002239655,2019,00:00.0,951,9,WARDEN AVE,BOEM AVE,NULL,1,Scarborough,21,41,Intersection,At Intersection,No Control,Clear,Daylight,Dry,Non-Fatal Injury,Turning Movement,D41,119,Wexford/Maryvale (119),-79.2959,43.7483,NULL,NULL,N,NULL,NULL,NULL
923482,2020,00:00.0,920,9,QUEEN ST E,CARLAW AVE,5 m West of,3,Toronto East York,14,55,Intersection,At Intersection,Traffic Signal,Clear,Daylight,Dry,Non-Fatal Injury,Angle,D55,70,South Riverdale (70),-79.34,43.6609,NULL,NULL,N,NULL,NULL,NULL
385373,2020,00:00.0,1655,16,VICTORIA PARK AVE,HUNTINGWOOD DR,NULL,1,North York,NULL,NULL,Intersection,At Intersection,Traffic Signal,Clear,Daylight,Dry,Fatal,Pedestrian Collisions,D42,117,L'Amoreaux (117),-79.3253,43.7802,NULL,NULL,N,NULL,NULL,NULL
823448,2020,00:00.0,459,4,CRAWFORD ST,DUNDAS ST W,78 m South of,4,Toronto East York,10,14,Mid-Block,Non Intersection,No Control,Clear,"Dark, artificial",Dry,Non-Fatal Injury,Pedestrian Collisions,D14,81,Trinity-Bellwoods (81),-79.4167,43.6493,NULL,NULL,N,NULL,NULL,NULL
1017235,2020,00:00.0,1856,18,777 BLOOR ST W,NULL,9 m South of,1,Etobicoke York,11,14,Mid-Block,Non Intersection,No Control,Clear,Daylight,Dry,Non-Fatal Injury,Cyclist Collisions,D14,80,Palmerston-Little Italy (80),-79.4196,43.6632,NULL,NULL,N,NULL,NULL,NULL
1766819,2020,00:00.0,2240,22,WARDEN AVE,401 C E WARDEN N RAMP,NULL,1,Scarborough,21,41,Intersection,At Intersection,Traffic Signal,Clear,"Dark, artificial",Dry,Fatal,Turning Movement,D41,119,Wexford/Maryvale (119),-79.3035,43.769,NULL,NULL,N,NULL,NULL,NULL
9002258373,2019,00:00.0,2135,21,PHARMACY AVE,SURREY AVE,NULL,3,Scarborough,21,41,Intersection,At Intersection,Traffic Signal,Clear,"Dark, artificial",Dry,Non-Fatal Injury,Pedestrian Collisions,D41,119,Wexford/Maryvale (119),-79.3022,43.7373,NULL,NULL,N,NULL,NULL,NULL
9002501134,2019,00:00.0,1740,17,MARTIN GROVE RD,DIXON RD,NULL,1,Etobicoke York,NULL,23,Intersection,At Intersection,Traffic Signal,Clear,Dark,Dry,Non-Fatal Injury,Pedestrian Collisions,D23,1,West Humber-Clairville (1),-79.5707,43.6915,NULL,NULL,N,NULL,NULL,NULL
26294,2020,00:00.0,2214,22,256 JARVIS ST,NULL,GERRARD ST E,1,Toronto and East York,13,51,Mid-Block,Non Intersection,No Control,Clear,"Dark, artificial",Dry,Fatal,Pedestrian Collisions,D51,73,Moss Park (73),-79.3755,43.6595,NULL,NULL,N,NULL,NULL,NULL
1690188,2020,00:00.0,1,0,KINGSTON RD,BELLAMY RD S,160 m East of,1,Scarborough,20,43,Mid-Block,Non Intersection,No Control,Clear,"Dark, artificial",Dry,Non-Fatal Injury,Rear End,D43,139,Scarborough Village (139),-79.2245,43.732,NULL,NULL,N,NULL,NULL,NULL
623949,2020,00:00.0,1535,15,MARINE PARADE DR,SHORE BREEZE  DR,47 m East of,2,Etobicoke York,3,22,Mid-Block,Non Intersection,No Control,Clear,Daylight,Dry,Non-Fatal Injury,Cyclist Collisions,D22,17,Mimico (17),-79.4779,43.6237,NULL,NULL,N,NULL,NULL,NULL
25301,2020,00:00.0,1850,18,EGLINTON AVE E,BAYVIEW AVE,9 m North of,1,North York,15,53,Intersection,Intersection Related,Traffic Signal,Rain,Dark,Wet,Non-Fatal Injury,Pedestrian Collisions,D53,56,Leaside-Bennington (56),-79.3771,43.7109,NULL,NULL,N,NULL,NULL,NULL
1973407,2020,00:00.0,1909,19,JANE STREET,SAN ROMANOWAY,60 m North of,NULL,NULL,NULL,NULL,Intersection,At Intersection,Traffic Signal,Clear,"Dark, artificial",Dry,Non-Fatal Injury,Pedestrian Collisions,D31,24,Black Creek (24),-79.5181,43.7589,NULL,NULL,N,NULL,NULL,NULL
9002263717,2019,00:00.0,1714,17,1841 WILSON AVE,NULL,NULL,1,Etobicoke York,7,31,Mid-Block,At/Near Private Drive,No Control,Clear,Dusk,Dry,Non-Fatal Injury,Cyclist Collisions,D31,26,Downsview-Roding-CFB (26),-79.524,43.7174,NULL,NULL,N,NULL,NULL,NULL
1957732,2020,00:00.0,1227,12,22 ELKHORN DR,NULL,NULL,4,North York,17,33,Mid-Block,Non Intersection,No Control,Rain,Daylight,Wet,Fatal,Pedestrian Collisions,D33,52,Bayview Village (52),-79.381,43.7703,NULL,NULL,N,NULL,NULL,NULL
37330,2020,00:00.0,1555,15,DUNDAS ST W,SHERIDAN AVE,6 m South of,3,Toronto East York,9,11,Intersection,At Intersection,Traffic Signal,Clear,"Dawn, artificial",Dry,Non-Fatal Injury,Pedestrian Collisions,D11,84,Little Portugal (84),-79.4336,43.6496,NULL,NULL,N,NULL,NULL,NULL
1994232,2020,00:00.0,8,0,SHEPPARD AVE E,KENNEDY RD,NULL,1,Scarborough,22,42,Mid-Block,Non Intersection,No Control,Clear,"Dark, artificial",Dry,Fatal,SMV Other,D42,118,Tam O'Shanter-Sullivan (118),-79.2898,43.7828,NULL,NULL,N,NULL,NULL,NULL
1912366,2020,00:00.0,1410,14,BATHURST ST,LAWRENCE AVE W,3 m South of,1,Toronto and East York,10,14,Intersection,At Intersection,Traffic Signal,Rain,Daylight,Wet,Non-Fatal Injury,Pedestrian Collisions,D14,77,Waterfront Communities-The Island (77),-79.4032,43.6451,NULL,NULL,N,NULL,NULL,NULL
2115460,2020,00:00.0,1720,17,MILITARY TL,ELLESMERE RD,NULL,1,Scarborough,24,43,Intersection,At Intersection,Traffic Signal,Clear,"Dark, artificial",Dry,Non-Fatal Injury,Pedestrian Collisions,D43,135,Morningside (135),-79.2171,43.7797,NULL,NULL,N,NULL,NULL,NULL
9002389784,2019,00:00.0,1843,18,REXDALE BLVD,QUEENS PLATE DR,NULL,1,Etobicoke York,NULL,NULL,Intersection,At Intersection,Traffic Signal,Clear,"Dark, artificial",Dry,Fatal,NULL,D23,1,West Humber-Clairville (1),-79.6034,43.7191,NULL,NULL,N,NULL,NULL,NULL
245690,2020,00:00.0,1541,15,PHARMACY AVE,DONSIDE DR,20 m South of,3,Scarborough,20,41,Intersection,At Intersection,No Control,Clear,Daylight,Dry,Non-Fatal Injury,Approaching,D41,120,Clairlea-Birchmount (120),-79.2872,43.7013,NULL,NULL,N,NULL,NULL,NULL
316011,2020,00:00.0,2345,23,BAY ST,LAKE SHORE BLVD W,30 m North of,8,Etobicoke York,10,52,Intersection,At Intersection,Traffic Signal,Clear,"Dark, artificial",Dry,Non-Fatal Injury,Pedestrian Collisions,D52,77,Waterfront Communities-The Island (77),-79.3777,43.6429,NULL,NULL,N,NULL,NULL,NULL
9002294353,2019,00:00.0,623,6,ISLINGTON AVE,AVIEMORE DR,NULL,1,Etobicoke York,NULL,NULL,Intersection,Intersection Related,No Control,Clear,Dark,Dry,Fatal,Pedestrian Collisions,D31,21,Humber Summit (21),-79.5683,43.7483,NULL,NULL,N,NULL,NULL,NULL
9002297507,2019,00:00.0,1448,14,YONGE ST,GERRARD ST E,4 m North of,1,Toronto and East York,NULL,NULL,Intersection,At Intersection,Traffic Signal,Clear,Daylight,Dry,Non-Fatal Injury,Pedestrian Collisions,D51,75,Church-Yonge Corridor (75),-79.382,43.659,NULL,NULL,N,NULL,NULL,NULL
1153227,2020,00:00.0,611,6,LAWRENCE AVE W,DUPLEX AVE,NULL,1,North York,8,NULL,Intersection,At Intersection,Traffic Signal,Clear,Daylight,Dry,Non-Fatal Injury,Cyclist Collisions,D53,103,Lawrence Park South (103),-79.4055,43.7243,NULL,NULL,N,NULL,NULL,NULL
1184792,2020,00:00.0,1643,16,EGLINTON AVE W,SCARLETT RD,NULL,1,Etobicoke York,NULL,43,Intersection,At Intersection,Traffic Signal,Clear,Daylight,Dry,Non-Fatal Injury,Cyclist Collisions,D22,8,Humber Heights-Westmount (8),-79.5114,43.6838,NULL,NULL,N,NULL,NULL,NULL
332841,2020,00:00.0,1130,11,STEELES AVE E,CONACHER DR,66 m West of,1,North York,18,32,Mid-Block,Non Intersection,No Control,Clear,Daylight,Dry,Non-Fatal Injury,Rear End,D32,50,Newtonbrook East (50),-79.4016,43.802,NULL,NULL,N,NULL,NULL,NULL
2449891,2020,00:00.0,1700,17,DUNDAS ST E,SHERBOURNE AVE,54 m East of,NULL,NULL,NULL,NULL,Mid-Block,Non Intersection,No Control,Rain,"Dark, artificial",Wet,Non-Fatal Injury,Pedestrian Collisions,D51,73,Moss Park (73),-79.3703,43.6584,NULL,NULL,N,NULL,NULL,NULL
2145844,2020,00:00.0,747,7,LAKESHORE BLVD E,BOOTH AVE,9 m South of,NULL,NULL,NULL,NULL,Mid-Block,Non Intersection,No Control,Clear,Daylight,Dry,Non-Fatal Injury,SMV Other,D55,70,South Riverdale (70),-79.3408,43.6538,NULL,NULL,N,NULL,NULL,NULL
2161753,2020,00:00.0,1446,14,259 WELLESLEY ST E,ROSE AVE,30 m West of,NULL,NULL,NULL,NULL,Mid-Block,Non Intersection,No Control,Clear,Daylight,Dry,Non-Fatal Injury,Pedestrian Collisions,D51,74,North St.James Town (74),-79.3715,43.6677,NULL,NULL,N,NULL,NULL,NULL
1915138,2020,00:00.0,2330,23,COLLEGE ST,RUSHOLME PARK CRES,NULL,1,Toronto and East York,9,14,Mid-Block,Non Intersection,No Control,Clear,"Dark, artificial",Dry,Fatal,SMV Unattended Vehicle,D14,84,Little Portugal (84),-79.4302,43.6527,NULL,NULL,N,NULL,NULL,NULL
1521326,2020,00:00.0,445,4,LAKE SHORE BLVD E,CHERRY ST,NULL,1,Toronto and East York,NULL,NULL,Intersection,Intersection Related,Traffic Signal,Clear,"Dawn, artificial",Dry,Fatal,Pedestrian Collisions,D51,77,Waterfront Communities-The Island (77),-79.3559,43.6489,NULL,NULL,N,NULL,NULL,NULL
1815972,2020,00:00.0,1812,18,DUNDAS ST W,DENISON AVE,NULL,1,Toronto and East York,NULL,14,Intersection,At Intersection,Traffic Signal,Clear,Daylight,Dry,Fatal,Cyclist Collisions,D14,78,Kensington-Chinatown (78),-79.4022,43.6519,NULL,NULL,N,NULL,NULL,NULL
1630486,2020,00:00.0,1419,14,YONGE ST,FLORENCE AV,NULL,1,North York,18,32,Intersection,Intersection Related,Traffic Signal,Clear,Daylight,Dry,Non-Fatal Injury,Turning Movement,D32,51,Willowdale East (51),-79.41,43.7582,NULL,NULL,N,NULL,NULL,NULL
1274426,2012,00:00.0,1212,12,ST CLAIR AVE W,DEER PARK CRES,NULL,1,Toronto and East York,12,53,Mid-Block,NULL,No Control,Clear,Daylight,Dry,Non-Fatal Injury,Pedestrian Collisions,D53,97,Yonge-St.Clair (97),-79.3963,43.6876,NULL,NULL,N,NULL,NULL,NULL
1275814,2012,00:00.0,558,5,NEILSON RD,FINCH AVE E,NULL,3,Scarborough,NULL,42,Intersection,NULL,Traffic Signal,Rain,"Dark, artificial",Wet,Fatal,Pedestrian Collisions,D42,132,Malvern (132),-79.2275,43.8162,NULL,NULL,N,NULL,NULL,NULL
1274658,2012,00:00.0,117,1,DANFORTH AVE,MAIN ST,NULL,1,Toronto and East York,19,NULL,Intersection,At Intersection,Traffic Signal,Clear,"Dark, artificial",Wet,Non-Fatal Injury,Angle,D55,62,East End-Danforth (62),-79.3017,43.6881,NULL,NULL,N,NULL,NULL,NULL
1285480,2012,00:00.0,1210,12,DIXON Road,MARTIN GROVE Road,NULL,1,Etobicoke York,NULL,23,Intersection,At Intersection,Traffic Signal,Clear,Daylight,Dry,Non-Fatal Injury,Angle,D23,1,West Humber-Clairville (1),-79.5707,43.6915,NULL,NULL,N,NULL,NULL,NULL
1419288,2020,00:00.0,1340,13,SPADINA AV,COLLEGE ST,NULL,1,Toronto and East York,11,NULL,Intersection,At Intersection,Traffic Signal,Clear,Daylight,Dry,Non-Fatal Injury,Cyclist Collisions,D52,79,University (79),-79.4,43.6579,NULL,NULL,N,NULL,NULL,NULL
1261275,2011,00:00.0,926,9,SNOWCREST AVE,WYVERN RD,NULL,4,North York,17,33,Intersection,At Intersection,Stop Sign,Rain,Daylight,Wet,Non-Fatal Injury,Pedestrian Collisions,D33,49,Bayview Woods-Steeles (49),-79.386,43.7918,NULL,NULL,N,NULL,NULL,NULL
9002423251,2019,00:00.0,1555,15,4600 DUNDAS ST W,NULL,No.4600 (Driveway),1,Etobicoke York,2,22,Mid-Block,At/Near Private Drive,No Control,Clear,Daylight,Dry,Non-Fatal Injury,Approaching,D22,15,Kingsway South (15),-79.5218,43.6561,NULL,NULL,N,NULL,NULL,NULL
1258190,2011,00:00.0,549,5,F G GARDINER XY Expr E,KIPLING AVE,NULL,NULL,Etobicoke York,3,22,Mid-Block,NULL,No Control,Clear,Dark,Dry,Non-Fatal Injury,SMV Other,D22,17,Mimico (17),-79.5134,43.6202,NULL,NULL,N,NULL,NULL,NULL
2204531,2020,00:00.0,2345,23,DON VALLEY PARKWAY  N,EASTERN AVE DIVERSION,666 m South of,8,Toronto East York,NULL,NULL,Mid-Block,Non Intersection,No Control,Clear,"Dark, artificial",Dry,Non-Fatal Injury,SMV Other,D55,70,South Riverdale (70),-79.3487,43.6532,NULL,NULL,N,NULL,NULL,NULL
1249542,2011,00:00.0,1850,18,DUNDAS ST W,CARLYLE ST,NULL,1,Toronto and East York,NULL,14,Intersection,At Intersection,Stop Sign,Clear,Daylight,Dry,Non-Fatal Injury,Cyclist Collisions,D14,78,Kensington-Chinatown (78),-79.4047,43.6521,NULL,NULL,N,NULL,NULL,NULL
1250894,2011,00:00.0,1655,16,DANFORTH Ave,LANGFORD Ave,NULL,1,Toronto and East York,14,NULL,Intersection,NULL,No Control,Clear,Daylight,Dry,Non-Fatal Injury,Cyclist Collisions,D55,69,Blake-Jones (69),-79.3405,43.6797,NULL,NULL,N,NULL,NULL,NULL
1244765,2011,00:00.0,340,3,GARDINER X W SHERWAY GARDENS RAMP,427 C S QEW X W RAMP,NULL,NULL,Etobicoke York,3,22,Mid-Block,NULL,No Control,Clear,Dark,Dry,Non-Fatal Injury,SMV Other,D22,14,Islington-City Centre West (14),-79.551,43.613,NULL,NULL,N,NULL,NULL,NULL
1255068,2011,00:00.0,1723,17,ANTIBES DR,BATHURST ST,NULL,1,North York,NULL,32,Intersection,At Intersection,Traffic Signal,Clear,Daylight,Dry,Non-Fatal Injury,Cyclist Collisions,D32,36,Newtonbrook West (36),-79.4447,43.781,NULL,NULL,N,NULL,NULL,NULL