ACCNUM,YEAR,DATE,TIME,HOUR,STREET1,STREET2,OFFSET,ROAD_CLASS,DISTRICT,WARDNUM,DIVISION,LOCCOORD,ACCLOC,TRAFFCTL,VISIBILITY,LIGHT,RDSFCOND,ACCLASS,IMPACTYPE,POLICE_DIVISION,HOOD_ID,NEIGHBOURHOOD,collision_lat,collision_long,red_light_lat,red_light_long,right_light_camera,LINEAR_NAME_FULL_1,LINEAR_NAME_FULL_2,ACTIVATION_DATE
1266571,2011,00:00.0,936,9,KINGSTON RD,BLANTYRE AVE,NULL,1,Scarborough,20,41,Mid-Block,NULL,No Control,Clear,Daylight,Dry,Non-Fatal Injury,Pedestrian Collisions,D41,122,Birchcliffe-Cliffside (122),-79.2807,43.6816,NULL,NULL,N,NULL,NULL,NULL
2343661,2020,00:00.0,1811,18,BURNHAMTHORPE RD,RATHBURN RD,4 m East of,1,Etobicoke York,2,22,Intersection,Intersection Related,Traffic Signal,Clear,"Dusk, artificial",Dry,Non-Fatal Injury,Pedestrian Collisions,D22,13,Etobicoke West Mall (13),-79.5724,43.6433,NULL,NULL,N,NULL,NULL,NULL
1255565,2011,00:00.0,1912,19,MARTIN GROVE Road,DIXON Road,NULL,1,Etobicoke York,NULL,23,Intersection,At Intersection,Traffic Signal,Rain,Dark,Wet,Fatal,Pedestrian Collisions,D23,1,West Humber-Clairville (1),-79.5707,43.6915,NULL,NULL,N,NULL,NULL,NULL
1270075,2011,00:00.0,2149,21,GEORGE ST,ADELAIDE ST E,NULL,1,Toronto and East York,13,51,Intersection,At Intersection,Traffic Signal,Rain,Dark,Wet,Non-Fatal Injury,Pedestrian Collisions,D51,73,Moss Park (73),-79.371,43.6516,NULL,NULL,N,NULL,NULL,NULL
1260760,2011,00:00.0,1835,18,EDITH DR,ORCHARD VIEW BLVD,NULL,2,North York,8,53,Intersection,At Intersection,Stop Sign,Clear,Dark,Dry,Non-Fatal Injury,Pedestrian Collisions,D53,100,Yonge-Eglinton (100),-79.4032,43.7072,NULL,NULL,N,NULL,NULL,NULL
1054021,2008,00:00.0,2119,21,YONGE ST,WELLINGTON ST E,NULL,1,Toronto and East York,13,NULL,Intersection,At Intersection,Traffic Signal,Clear,Daylight,Dry,Non-Fatal Injury,Rear End,D52,75,Church-Yonge Corridor (75),-79.3773,43.6478,NULL,NULL,N,NULL,NULL,NULL
1060729,2008,00:00.0,1613,16,FINCH AVE W,KEELE ST,NULL,1,Etobicoke York,NULL,31,Intersection,At Intersection,Traffic Signal,Clear,Daylight,Dry,Non-Fatal Injury,Pedestrian Collisions,D31,27,York University Heights (27),-79.4908,43.7635,NULL,NULL,N,NULL,NULL,NULL
1058658,2008,00:00.0,2152,21,F G GARDINER Expr E,DON VALLEY PARKWAY  N,NULL,NULL,Toronto and East York,10,51,Mid-Block,NULL,No Control,Rain,Dark,Wet,Non-Fatal Injury,SMV Other,D51,77,Waterfront Communities-The Island (77),-79.3483,43.6509,NULL,NULL,N,NULL,NULL,NULL
1039230,2008,00:00.0,1734,17,COLLEGE ST,RUSHOLME RD,NULL,1,Toronto and East York,9,14,Intersection,At Intersection,No Control,Rain,Daylight,Wet,Non-Fatal Injury,Cyclist Collisions,D14,83,Dufferin Grove (83),-79.4281,43.6532,NULL,NULL,N,NULL,NULL,NULL
6001710293,2016,00:00.0,738,7,LOGAN AVE,DANFORTH AVE,NULL,1,Toronto and East York,14,NULL,Intersection,At Intersection,Traffic Controller,Clear,Daylight,Dry,Non-Fatal Injury,SMV Other,D55,68,North Riverdale (68),-79.3495,43.6779,NULL,NULL,N,NULL,NULL,NULL
1056625,2008,00:00.0,1134,11,EGLINTON AVE W,ATLAS AVE,NULL,1,North York,NULL,13,Mid-Block,NULL,No Control,Clear,Daylight,Dry,Non-Fatal Injury,Pedestrian Collisions,D13,107,Oakwood Village (107),-79.4383,43.6982,NULL,NULL,N,NULL,NULL,NULL
6000375289,2016,00:00.0,1255,12,GORDON BAKER RD,FINCH AVE E,11 m West of,1,North York,17,33,Intersection,Intersection Related,Traffic Signal,Clear,Daylight,Dry,Non-Fatal Injury,Approaching,D33,46,Pleasant View (46),-79.3412,43.7951,-79.3412,43.7951,Y,Finch Ave E,Gordon Baker Rd,2017-11-30
6001731128,2016,00:00.0,1040,10,2336 ST CLAIR AVE W,NULL,NULL,1,Etobicoke York,5,NULL,Mid-Block,Non Intersection,No Control,Rain,Daylight,Wet,Fatal,Sideswipe,D11,90,Junction Area (90),-79.4791,43.6699,NULL,NULL,N,NULL,NULL,NULL
6001735330,2016,00:00.0,2310,23,MIDLAND AVE,MCNICOLL AVE,NULL,1,Scarborough,NULL,42,Intersection,Intersection Related,Traffic Signal,Clear,"Dark, artificial",Dry,Non-Fatal Injury,Angle,D42,130,Milliken (130),-79.2921,43.8145,NULL,NULL,N,NULL,NULL,NULL
1019756,2008,00:00.0,1749,17,WILSON AVE,ALLINGHAM GDNS,NULL,1,North York,6,32,Intersection,At Intersection,Traffic Signal,Rain,Daylight,Wet,Fatal,Pedestrian Collisions,D32,33,Clanton Park (33),-79.4426,43.7355,NULL,NULL,N,NULL,NULL,NULL
1053906,2008,00:00.0,2045,20,ST CLAIR Aven W,FORD Stre,NULL,1,Toronto and East York,9,NULL,Intersection,At Intersection,No Control,Clear,Dark,Dry,Non-Fatal Injury,Sideswipe,D11,91,Weston-Pellam Park (91),-79.4624,43.6736,NULL,NULL,N,NULL,NULL,NULL
1058993,2008,00:00.0,1003,10,261 FINCH Aven W,NULL,NULL,1,North York,18,32,NULL,NULL,No Control,Clear,Daylight,Dry,Non-Fatal Injury,Angle,D32,37,Willowdale West (37),-79.4383,43.7745,NULL,NULL,N,NULL,NULL,NULL
1058981,2008,00:00.0,2205,22,FINCH Aven W,BATHURST Stre,NULL,1,North York,18,32,NULL,NULL,NULL,Other,Dark,Other,Non-Fatal Injury,SMV Other,D32,36,Newtonbrook West (36),-79.4423,43.7739,NULL,NULL,N,NULL,NULL,NULL
6000197047,2016,00:00.0,1616,16,JANE ST,GRANDRAVINE DR,NULL,1,Etobicoke York,7,31,Intersection,At Intersection,Traffic Signal,Clear,Daylight,Dry,Non-Fatal Injury,Pedestrian Collisions,D31,25,Glenfield-Jane Heights (25),-79.515,43.747,NULL,NULL,N,NULL,NULL,NULL
6000291466,2016,00:00.0,1315,13,DAWES RD,SECORD AVE,NULL,3,Toronto and East York,19,54,Intersection,At Intersection,Traffic Signal,Clear,Daylight,Dry,Fatal,Pedestrian Collisions,D54,61,Taylor-Massey (61),-79.2972,43.6935,NULL,NULL,N,NULL,NULL,NULL
7001372973,2017,00:00.0,713,7,SHERBOURNE ST,DUNDAS ST E,NULL,1,Toronto and East York,13,51,Intersection,At Intersection,Traffic Signal,Clear,Daylight,Dry,Fatal,Pedestrian Collisions,D51,73,Moss Park (73),-79.3709,43.6582,NULL,NULL,N,NULL,NULL,NULL
6001758127,2016,00:00.0,1426,14,KEELE ST,FLAMBOROUGH DR,NULL,1,Etobicoke York,5,12,Intersection,At Intersection,Traffic Signal,Clear,Daylight,Dry,Non-Fatal Injury,Cyclist Collisions,D12,30,Brookhaven-Amesbury (30),-79.4767,43.703,NULL,NULL,N,NULL,NULL,NULL
1050109,2008,00:00.0,1133,11,F G GARDINER Expr E,DOWLING Aven,NULL,1,Toronto and East York,4,14,Mid-Block,NULL,No Control,Clear,Daylight,Dry,Non-Fatal Injury,SMV Other,D14,85,South Parkdale (85),-79.4371,43.6339,NULL,NULL,N,NULL,NULL,NULL
7000633254,2017,00:00.0,1610,16,MARTIN GROVE RD,DOSCO RD,7 m South of MARTIN GROVE RD,1,Etobicoke York,1,23,Intersection,At Intersection,No Control,Clear,Daylight,Wet,Non-Fatal Injury,Turning Movement,D23,1,West Humber-Clairville (1),-79.5725,43.6951,NULL,NULL,N,NULL,NULL,NULL
7000961019,2017,00:00.0,950,9,BAYVIEW AVE,BURLEIGH HEIGHTS DR,NULL,1,North York,NULL,NULL,Intersection,At Intersection,No Control,Clear,Daylight,Dry,Fatal,Pedestrian Collisions,D33,52,Bayview Village (52),-79.3908,43.7793,NULL,NULL,N,NULL,NULL,NULL
7000981173,2017,00:00.0,156,1,EGLINTON AVE W,MIRANDA AVE,25 m East of,1,North York,NULL,13,Intersection,Intersection Related,Stop Sign,Clear,"Dark, artificial",Dry,Non-Fatal Injury,Pedestrian Collisions,D13,109,Caledonia-Fairbank (109),-79.455,43.6945,NULL,NULL,N,NULL,NULL,NULL
7000734516,2017,00:00.0,1857,18,LESLIE ST,CORNING RD,NULL,1,North York,17,33,Intersection,At/Near Private Drive,No Control,Clear,Daylight,Dry,Fatal,Angle,D33,47,Don Valley Village (47),-79.3661,43.7819,NULL,NULL,N,NULL,NULL,NULL
7000750453,2017,00:00.0,325,3,DAVENPORT ROAD,BATHURST ST,5 m East of,1,Toronto and East York,12,13,Intersection,Intersection Related,Traffic Signal,Clear,"Dark, artificial",Dry,Non-Fatal Injury,Pedestrian Collisions,D13,96,Casa Loma (96),-79.4157,43.6766,NULL,NULL,N,NULL,NULL,NULL
1021038,2008,00:00.0,1049,10,DUFFERIN ST,SYLVAN AVE,NULL,1,Toronto and East York,9,NULL,Mid-Block,NULL,Traffic Signal,Clear,Daylight,Dry,Non-Fatal Injury,Pedestrian Collisions,D11,83,Dufferin Grove (83),-79.4335,43.6552,NULL,NULL,N,NULL,NULL,NULL
6001912403,2016,00:00.0,1840,18,LESLIE ST,LAWRENCE AVE E,NULL,1,North York,NULL,33,Intersection,At Intersection,Traffic Signal,Rain,"Dark, artificial",Wet,Non-Fatal Injury,Pedestrian Collisions,D33,42,Banbury-Don Mills (42),-79.3559,43.7344,NULL,NULL,N,NULL,NULL,NULL
6000424606,2016,00:00.0,1037,10,ALBION RD,HIGHWAY 27  N,NULL,1,Etobicoke York,1,23,Intersection,At Intersection,Traffic Signal,Clear,Daylight,Dry,Non-Fatal Injury,Turning Movement,D23,1,West Humber-Clairville (1),-79.6075,43.7442,NULL,NULL,N,NULL,NULL,NULL
7000578380,2017,00:00.0,905,9,PHARMACY AVE,STEELES AVE E,NULL,1,Scarborough,22,42,Intersection,At Intersection,Traffic Signal,Clear,Daylight,Dry,Non-Fatal Injury,Pedestrian Collisions,D42,116,Steeles (116),-79.3364,43.8167,NULL,NULL,N,NULL,NULL,NULL
6001779522,2016,00:00.0,2215,22,BLOOR ST E,DRUMSNAB RD,NULL,1,Toronto and East York,11,NULL,Intersection,Intersection Related,No Control,Clear,"Dark, artificial",Dry,Non-Fatal Injury,Cyclist Collisions,D51,71,Cabbagetown-South St.James Town (71),-79.3673,43.6742,NULL,NULL,N,NULL,NULL,NULL
7001036218,2017,00:00.0,635,6,50 TORYORK DR,NULL,3 m East of,2,Etobicoke York,7,31,Mid-Block,At/Near Private Drive,No Control,Clear,"Dark, artificial",Dry,Non-Fatal Injury,SMV Other,D31,21,Humber Summit (21),-79.5445,43.7536,NULL,NULL,N,NULL,NULL,NULL
7000239280,2017,00:00.0,1909,19,MORTIMER AVE,BROADVIEW AVE,42 m East of,3,Toronto and East York,14,54,Mid-Block,Non Intersection,No Control,Rain,"Dark, artificial",Wet,Non-Fatal Injury,Pedestrian Collisions,D54,57,Broadview North (57),-79.3562,43.6839,NULL,NULL,N,NULL,NULL,NULL
7001474297,2017,00:00.0,1700,17,FAYWOOD  BLVD,WILSON AVE,NULL,1,North York,6,32,Intersection,At Intersection,Stop Sign,Clear,Daylight,Dry,Non-Fatal Injury,Turning Movement,D32,33,Clanton Park (33),-79.4463,43.7346,NULL,NULL,N,NULL,NULL,NULL
7000419004,2017,00:00.0,36,0,YONGE ST,MERTON ST,386 m South of,1,Toronto and East York,12,53,Mid-Block,Non Intersection,No Control,Clear,"Dark, artificial",Dry,Non-Fatal Injury,SMV Other,D53,99,Mount Pleasant East (99),-79.3954,43.6926,NULL,NULL,N,NULL,NULL,NULL
7000487672,2017,00:00.0,155,1,2677 KIPLING  AVE,NULL,6 m East of,1,Etobicoke York,1,23,Mid-Block,At/Near Private Drive,No Control,Snow,"Dark, artificial",Wet,Non-Fatal Injury,SMV Other,D23,2,Mount Olive-Silverstone-Jamestown (2),-79.5846,43.7484,NULL,NULL,N,NULL,NULL,NULL
6001622859,2016,00:00.0,1651,16,SHEPPARD AVE E,VANDORF ST,1 m East of,3,Scarborough,25,42,Mid-Block,Non Intersection,No Control,Clear,Daylight,Dry,Non-Fatal Injury,Rear End,D42,131,Rouge (131),-79.1542,43.8023,NULL,NULL,N,NULL,NULL,NULL
7000861875,2017,00:00.0,1135,11,95 ELLESMERE RD,NULL,NULL,1,Scarborough,21,41,Mid-Block,Non Intersection,No Control,Clear,Daylight,Dry,Fatal,SMV Other,D41,119,Wexford/Maryvale (119),-79.3111,43.7587,NULL,NULL,N,NULL,NULL,NULL
7001074054,2017,00:00.0,1513,15,DUFFERIN ST,HUNTER AVE,200 m South of,1,Toronto and East York,NULL,13,Mid-Block,Non Intersection,No Control,Clear,Daylight,Dry,Non-Fatal Injury,Rear End,D13,107,Oakwood Village (107),-79.4494,43.6936,NULL,NULL,N,NULL,NULL,NULL
7001100297,2017,00:00.0,1227,12,5799 YONGE ST,NULL,2 m East of,1,North York,18,32,Mid-Block,At/Near Private Drive,Stop Sign,Clear,Daylight,Dry,Non-Fatal Injury,Pedestrian Collisions,D32,50,Newtonbrook East (50),-79.4167,43.7848,NULL,NULL,N,NULL,NULL,NULL
6001956297,2016,00:00.0,1507,15,PARLIAMENT ST,WELLESLEY ST E,NULL,3,Toronto and East York,13,51,Intersection,At Intersection,Traffic Signal,Clear,Daylight,Dry,Non-Fatal Injury,Cyclist Collisions,D51,71,Cabbagetown-South St.James Town (71),-79.3695,43.6681,NULL,NULL,N,NULL,NULL,NULL
7000372975,2017,00:00.0,2122,21,STEELES AVE E,KENNEDY RD,NULL,1,Scarborough,22,42,Intersection,At Intersection,Traffic Signal,Rain,"Dark, artificial",Wet,Non-Fatal Injury,Pedestrian Collisions,D42,130,Milliken (130),-79.307,43.8236,NULL,NULL,N,NULL,NULL,NULL
7000274781,2017,00:00.0,1507,15,FINCH AVE W,YONGE ST,NULL,1,North York,18,32,Intersection,At Intersection,Traffic Signal,Clear,Daylight,Wet,Non-Fatal Injury,Pedestrian Collisions,D32,51,Willowdale East (51),-79.4155,43.7796,NULL,NULL,N,NULL,NULL,NULL
7000156964,2017,00:00.0,1934,19,BATHURST ST,LENNOX ST,NULL,1,Toronto and East York,11,14,Intersection,At Intersection,Traffic Signal,Rain,"Dark, artificial",Wet,Non-Fatal Injury,Pedestrian Collisions,D14,79,University (79),-79.4106,43.6637,NULL,NULL,N,NULL,NULL,NULL
7000787795,2017,00:00.0,2110,21,MIDLAND AVE,TREEWOOD ST,3 m West of,1,Scarborough,21,41,Intersection,At Intersection,No Control,Rain,"Dark, artificial",Wet,Non-Fatal Injury,Approaching,D41,127,Bendale (127),-79.2657,43.7535,NULL,NULL,N,NULL,NULL,NULL
7001160269,2017,00:00.0,248,2,196 DUPONT ST,NULL,NULL,1,Toronto and East York,11,53,Mid-Block,Non Intersection,No Control,Rain,"Dark, artificial",Wet,Non-Fatal Injury,Pedestrian Collisions,D53,95,Annex (95),-79.4041,43.6753,NULL,NULL,N,NULL,NULL,NULL
7000776224,2017,00:00.0,716,7,DUNDAS ST W,BEVERLEY ST,NULL,1,Toronto and East York,NULL,52,Intersection,At Intersection,Traffic Signal,Clear,Daylight,Dry,Non-Fatal Injury,Pedestrian Collisions,D52,78,Kensington-Chinatown (78),-79.3938,43.6537,NULL,NULL,N,NULL,NULL,NULL
7000112853,2017,00:00.0,553,5,KING ST W,BAY ST,NULL,1,Toronto and East York,NULL,52,Intersection,At Intersection,Traffic Signal,Clear,"Dark, artificial",Dry,Non-Fatal Injury,Pedestrian Collisions,D52,76,Bay Street Corridor (76),-79.3802,43.6485,NULL,NULL,N,NULL,NULL,NULL
7000510048,2017,00:00.0,1440,14,CARLAW AVE,RIVERDALE AVE,NULL,3,Toronto and East York,14,55,Intersection,At Intersection,No Control,Clear,Daylight,Dry,Non-Fatal Injury,Pedestrian Collisions,D55,68,North Riverdale (68),-79.3439,43.6706,NULL,NULL,N,NULL,NULL,NULL
7001424903,2017,00:00.0,801,8,MILLIKEN BLVD,FINCH  AVE E,NULL,1,Scarborough,22,42,Intersection,At Intersection,Traffic Signal,Clear,Daylight,Dry,Non-Fatal Injury,Pedestrian Collisions,D42,117,L'Amoreaux (117),-79.2942,43.8017,NULL,NULL,N,NULL,NULL,NULL
7001571864,2017,00:00.0,1703,17,WELLESLEY ST W,QUEENS PARK CRES E,3 m East of,1,Toronto and East York,11,52,Intersection,At Intersection,Traffic Signal,Clear,Daylight,Dry,Non-Fatal Injury,Cyclist Collisions,D52,76,Bay Street Corridor (76),-79.3906,43.6635,NULL,NULL,N,NULL,NULL,NULL
6002256949,2016,00:00.0,959,9,KEELE ST,401 C W KEELE RAMP ST,NULL,1,North York,6,31,Intersection,At Intersection,Traffic Signal,Clear,Daylight,Wet,Non-Fatal Injury,Pedestrian Collisions,D31,26,Downsview-Roding-CFB (26),-79.4815,43.7243,NULL,NULL,N,NULL,NULL,NULL
1033337,2008,00:00.0,1630,16,PARLIAMENT ST,WELLESLEY ST E,NULL,3,Toronto and East York,13,51,Intersection,At Intersection,Traffic Signal,Clear,Daylight,Dry,Non-Fatal Injury,Pedestrian Collisions,D51,71,Cabbagetown-South St.James Town (71),-79.3695,43.6681,NULL,NULL,N,NULL,NULL,NULL
1037550,2008,00:00.0,2100,21,SHEPPARD Aven E,WASHBURN Way,NULL,1,Scarborough,23,42,Mid-Block,NULL,No Control,Clear,Dark,Dry,Non-Fatal Injury,Pedestrian Collisions,D42,132,Malvern (132),-79.225,43.7966,NULL,NULL,N,NULL,NULL,NULL
7000178684,2017,00:00.0,345,3,F G GARDINER XY  W,SOUTH KINGSWAY RAMP,55 m West of,1,Toronto and East York,4,11,Mid-Block,Non Intersection,No Control,Clear,"Dark, artificial",Dry,Fatal,Rear End,D11,85,South Parkdale (85),-79.4726,43.6334,NULL,NULL,N,NULL,NULL,NULL
1031555,2008,00:00.0,1055,10,BLACK CREEK DR,WESTON RD,NULL,1,Etobicoke York,5,12,Intersection,At Intersection,No Control,Clear,Daylight,Dry,Non-Fatal Injury,Rear End,D12,111,Rockcliffe-Smythe (111),-79.4802,43.6833,NULL,NULL,N,NULL,NULL,NULL
6002149111,2016,00:00.0,706,7,SCARBOROUGH GOLF CLUB RD,KINGSTON RD,15 m South of,1,Scarborough,24,43,Intersection,At Intersection,Traffic Signal,Clear,Dawn,Dry,Non-Fatal Injury,Angle,D43,140,Guildwood (140),-79.2093,43.7459,NULL,NULL,N,NULL,NULL,NULL
6002165166,2016,00:00.0,1836,18,DUFFERIN ST,KING ST W,NULL,1,Toronto and East York,NULL,14,Intersection,At Intersection,Traffic Signal,Rain,"Dark, artificial",Wet,Non-Fatal Injury,Pedestrian Collisions,D14,85,South Parkdale (85),-79.4273,43.6388,NULL,NULL,N,NULL,NULL,NULL
7001122471,2017,00:00.0,1510,15,YORKVILLE AVE,YONGE ST,65 m West of,2,Toronto and East York,11,53,Mid-Block,Non Intersection,No Control,Clear,Daylight,Dry,Non-Fatal Injury,Pedestrian Collisions,D53,95,Annex (95),-79.3892,43.6714,NULL,NULL,N,NULL,NULL,NULL
7001535588,2017,00:00.0,2325,23,VICTORIA PARK AVE,CLINTWOOD GT,NULL,1,North York,NULL,NULL,Intersection,At Intersection,No Control,Clear,"Dark, artificial",Dry,Fatal,Pedestrian Collisions,D41,119,Wexford/Maryvale (119),-79.312,43.7487,NULL,NULL,N,NULL,NULL,NULL
7001492041,2017,00:00.0,1055,10,FAYWOOD  BLVD,WILSON  AVE,1 m South of,1,North York,6,32,Intersection,At Intersection,Stop Sign,Clear,Daylight,Dry,Non-Fatal Injury,Cyclist Collisions,D32,33,Clanton Park (33),-79.4463,43.7346,NULL,NULL,N,NULL,NULL,NULL
1039584,2008,00:00.0,1310,13,EGLINTON AVE W,ELMSTHORPE AVE,NULL,1,North York,NULL,53,Mid-Block,NULL,No Control,Clear,Daylight,Dry,Fatal,Cyclist Collisions,D53,103,Lawrence Park South (103),-79.4102,43.7042,NULL,NULL,N,NULL,NULL,NULL
1041835,2008,00:00.0,1244,12,KIPLING AVE,SNARESBROOK DR,NULL,1,Etobicoke York,1,23,Intersection,At Intersection,Traffic Signal,Clear,Daylight,Dry,Non-Fatal Injury,Pedestrian Collisions,D23,4,Rexdale-Kipling (4),-79.5714,43.7216,NULL,NULL,N,NULL,NULL,NULL
1039861,2008,00:00.0,30,0,BAYVIEW Aven,BLOOR Ramp,NULL,NULL,Toronto and East York,11,53,Mid-Block,NULL,No Control,Clear,Dark,Dry,Fatal,SMV Other,D53,98,Rosedale-Moore Park (98),-79.3678,43.6771,NULL,NULL,N,NULL,NULL,NULL
6002100980,2016,00:00.0,1807,18,YORK MILLS RD,SCARSDALE RD,8 m West of,1,North York,16,33,Intersection,At Intersection,Traffic Signal,Rain,"Dark, artificial",Wet,Non-Fatal Injury,Pedestrian Collisions,D33,42,Banbury-Don Mills (42),-79.3574,43.7534,NULL,NULL,N,NULL,NULL,NULL
6002127930,2016,00:00.0,2106,21,CONCORDE GT,CONCORDE PL,300 m East of,2,North York,16,33,Intersection,At/Near Private Drive,No Control,Rain,"Dark, artificial",Wet,Non-Fatal Injury,Pedestrian Collisions,D33,42,Banbury-Don Mills (42),-79.3283,43.7292,NULL,NULL,N,NULL,NULL,NULL
6002131954,2016,00:00.0,1335,13,COSBURN AVE,CEDARVALE AVE,NULL,2,Toronto and East York,19,54,Intersection,At Intersection,Pedestrian Crossover,Clear,Daylight,Dry,Fatal,Pedestrian Collisions,D54,60,Woodbine-Lumsden (60),-79.3156,43.6967,NULL,NULL,N,NULL,NULL,NULL
6002135820,2016,00:00.0,246,2,PORTLAND ST,ADELAIDE ST W,18 m North of,1,Toronto and East York,10,14,Intersection,Intersection Related,No Control,Clear,"Dark, artificial",Dry,Non-Fatal Injury,SMV Unattended Vehicle,D14,77,Waterfront Communities-The Island (77),-79.4005,43.6456,NULL,NULL,N,NULL,NULL,NULL
1064349,2008,00:00.0,235,2,CARLAW Aven,LAKE SHORE Boul E,NULL,1,Toronto and East York,14,55,Intersection,At Intersection,Traffic Signal,Clear,Dark,Dry,Non-Fatal Injury,Angle,D55,70,South Riverdale (70),-79.3373,43.6549,NULL,NULL,N,NULL,NULL,NULL
1055418,2008,00:00.0,2022,20,SHEPPARD AVE E,PHARMACY AVE,NULL,1,Scarborough,22,42,Intersection,At Intersection,Traffic Signal,Clear,Dark,Dry,Non-Fatal Injury,Pedestrian Collisions,D42,118,Tam O'Shanter-Sullivan (118),-79.3177,43.7765,NULL,NULL,N,NULL,NULL,NULL
6002203625,2016,00:00.0,2106,21,LAKE SHORE BLVD W,PARKSIDE DR,500 m East of,1,Toronto and East York,4,11,Mid-Block,Non Intersection,No Control,Clear,"Dark, artificial",Dry,Non-Fatal Injury,SMV Other,D11,85,South Parkdale (85),-79.4489,43.6378,NULL,NULL,N,NULL,NULL,NULL
1113420,2009,00:00.0,1258,12,FINCH Aven W,CLARKHILL Stre,NULL,1,North York,18,32,Intersection,At Intersection,Stop Sign,Clear,Daylight,Dry,Non-Fatal Injury,Turning Movement,D32,36,Newtonbrook West (36),-79.4349,43.7754,NULL,NULL,N,NULL,NULL,NULL
1057611,2008,00:00.0,1958,19,DUPONT Stre,CHRISTIE Stre,NULL,1,Toronto and East York,11,14,Mid-Block,NULL,No Control,Rain,Daylight,Wet,Non-Fatal Injury,Sideswipe,D14,95,Annex (95),-79.4208,43.6717,NULL,NULL,N,NULL,NULL,NULL
1053634,2008,00:00.0,250,2,SCARLETT RD,ST CLAIR AVE W,NULL,1,Etobicoke York,NULL,NULL,Intersection,NULL,Traffic Signal,Clear,Dark,Dry,Non-Fatal Injury,SMV Other,D12,111,Rockcliffe-Smythe (111),-79.4992,43.666,NULL,NULL,N,NULL,NULL,NULL
7000825885,2017,00:00.0,2017,20,ASHTONBEE RD,HAKIMI AV              (411),9 m East of,2,Scarborough,21,41,Intersection,Intersection Related,Traffic Signal,Clear,"Dark, artificial",Dry,Non-Fatal Injury,Turning Movement,D41,119,Wexford/Maryvale (119),-79.292,43.7299,NULL,NULL,N,NULL,NULL,NULL
1085958,2009,00:00.0,1430,14,KINGSTON Road,SHARPE Stre,NULL,1,Scarborough,20,41,Intersection,At Intersection,Traffic Signal,Clear,Daylight,Dry,Non-Fatal Injury,Pedestrian Collisions,D41,122,Birchcliffe-Cliffside (122),-79.2512,43.7063,NULL,NULL,N,NULL,NULL,NULL
1042286,2008,00:00.0,1920,19,WOBURN AVE,GREY RD,NULL,2,North York,8,32,Intersection,At Intersection,Stop Sign,Clear,Daylight,Dry,Non-Fatal Injury,Cyclist Collisions,D32,39,Bedford Park-Nortown (39),-79.4197,43.7248,NULL,NULL,N,NULL,NULL,NULL
1101048,2009,00:00.0,1808,18,PHARMACY AVE,ELLESMERE RD,NULL,1,Scarborough,21,41,Intersection,NULL,No Control,Clear,Daylight,Dry,Non-Fatal Injury,SMV Other,D41,119,Wexford/Maryvale (119),-79.3101,43.759,NULL,NULL,N,NULL,NULL,NULL
7001555657,2017,00:00.0,935,9,SHEPPARD  AVE W,CANYON AVE,6 m West of,1,North York,6,32,Intersection,At Intersection,No Control,Clear,Daylight,Dry,Non-Fatal Injury,Rear End,D32,38,Lansing-Westgate (38),-79.4369,43.7556,NULL,NULL,N,NULL,NULL,NULL
1094623,2009,00:00.0,1805,18,EGLINTON AVE E,RUMSEY RD,NULL,1,North York,15,53,Intersection,At Intersection,Traffic Signal,Snow,Dark,Ice,Non-Fatal Injury,Turning Movement,D53,56,Leaside-Bennington (56),-79.3696,43.7125,NULL,NULL,N,NULL,NULL,NULL
1083896,2009,00:00.0,1420,14,COMMISSIONERS Stre,DON ROADWAY,NULL,2,Toronto and East York,14,NULL,NULL,NULL,No Control,Clear,Daylight,Dry,Non-Fatal Injury,SMV Other,D55,70,South Riverdale (70),-79.3449,43.6485,NULL,NULL,N,NULL,NULL,NULL
1094875,2009,00:00.0,17,0,LAKE SHORE Boul E,CARLAW Aven,NULL,1,Toronto and East York,14,55,Intersection,At Intersection,Traffic Signal,Clear,Dark,Dry,Non-Fatal Injury,Turning Movement,D55,70,South Riverdale (70),-79.3373,43.6549,NULL,NULL,N,NULL,NULL,NULL
1093891,2009,00:00.0,1,0,MIDDLEFIELD Road,PASSMORE Aven,NULL,3,Scarborough,23,42,Intersection,NULL,No Control,Rain,Dark,Wet,Non-Fatal Injury,SMV Other,D42,130,Milliken (130),-79.2651,43.8273,NULL,NULL,N,NULL,NULL,NULL
1118840,2009,00:00.0,2101,21,YONGE ST,ST CLAIR AVE W,NULL,1,Toronto and East York,12,53,Mid-Block,NULL,No Control,Clear,Dark,Dry,Non-Fatal Injury,Pedestrian Collisions,D53,98,Rosedale-Moore Park (98),-79.3942,43.6885,NULL,NULL,N,NULL,NULL,NULL
1109028,2009,00:00.0,1030,10,SOUTH KINGSWAY,THE QUEENSWAY,NULL,3,Toronto and East York,4,11,Mid-Block,NULL,No Control,Clear,Daylight,Dry,Non-Fatal Injury,Rear End,D11,87,High Park-Swansea (87),-79.4729,43.6349,NULL,NULL,N,NULL,NULL,NULL
1124992,2009,00:00.0,1826,18,SOUTH KINGSWAY,RIPLEY AVE,NULL,3,Toronto and East York,4,11,Intersection,At Intersection,Stop Sign,Clear,Daylight,Dry,Non-Fatal Injury,Turning Movement,D11,87,High Park-Swansea (87),-79.4752,43.6367,NULL,NULL,N,NULL,NULL,NULL