ACCNUM,YEAR,DATE,TIME,HOUR,STREET1,STREET2,OFFSET,ROAD_CLASS,DISTRICT,WARDNUM,DIVISION,LOCCOORD,ACCLOC,TRAFFCTL,VISIBILITY,LIGHT,RDSFCOND,ACCLASS,IMPACTYPE,POLICE_DIVISION,HOOD_ID,NEIGHBOURHOOD,collision_lat,collision_long,red_light_lat,red_light_long,right_light_camera,LINEAR_NAME_FULL_1,LINEAR_NAME_FULL_2,ACTIVATION_DATE
1037585,2008,00:00.0,1307,13,KINGSTON Road,OLD KINGSTON Road,NULL,3,Scarborough,25,43,Intersection,At Intersection,No Control,Clear,Daylight,Dry,Non-Fatal Injury,Turning Movement,D43,133,Centennial Scarborough (133),-79.1691,43.784,NULL,NULL,N,NULL,NULL,NULL
1109297,2009,00:00.0,2206,22,THE QUEENSWAY,STEPHEN DR,NULL,1,Etobicoke York,3,22,Mid-Block,NULL,No Control,Clear,Dark,Dry,Non-Fatal Injury,SMV Other,D22,16,Stonegate-Queensway (16),-79.4834,43.6304,NULL,NULL,N,NULL,NULL,NULL
1075399,2008,00:00.0,1810,18,LAWRENCE Aven W,RALPH Stre,NULL,1,Etobicoke York,5,12,Mid-Block,NULL,No Control,Clear,Daylight,Dry,Non-Fatal Injury,Rear End,D12,113,Weston (113),-79.5127,43.7009,NULL,NULL,N,NULL,NULL,NULL
1106370,2009,00:00.0,239,2,DIXON RD,CARLINGVIEW DR,NULL,1,Etobicoke York,1,23,Mid-Block,NULL,No Control,Clear,Dark,Dry,Non-Fatal Injury,Pedestrian Collisions,D23,1,West Humber-Clairville (1),-79.5979,43.6866,NULL,NULL,N,NULL,NULL,NULL
1079931,2009,00:00.0,1640,16,2160 EGLINTON AVE W,CALEDONIA Road,NULL,1,North York,NULL,13,Mid-Block,NULL,No Control,Snow,Daylight,Slush,Non-Fatal Injury,Pedestrian Collisions,D13,109,Caledonia-Fairbank (109),-79.4602,43.6934,NULL,NULL,N,NULL,NULL,NULL
1103248,2009,00:00.0,2307,23,COXWELL AVE,CASCI AVE,NULL,3,Toronto and East York,NULL,55,Intersection,NULL,No Control,Clear,Dark,Dry,Non-Fatal Injury,Cyclist Collisions,D55,64,Woodbine Corridor (64),-79.3207,43.6765,NULL,NULL,N,NULL,NULL,NULL
1112907,2009,00:00.0,1641,16,EASTERN AVE,QUEEN ST E,NULL,3,Toronto and East York,19,55,Intersection,At Intersection,Stop Sign,Clear,Daylight,Dry,Non-Fatal Injury,Pedestrian Collisions,D55,64,Woodbine Corridor (64),-79.3147,43.6667,NULL,NULL,N,NULL,NULL,NULL
1105663,2009,00:00.0,15,0,DUNDAS ST W,MC CAUL ST,NULL,1,Toronto and East York,NULL,52,Intersection,At Intersection,Traffic Signal,Clear,Dark,Wet,Non-Fatal Injury,Rear End,D52,78,Kensington-Chinatown (78),-79.3914,43.6543,NULL,NULL,N,NULL,NULL,NULL
1120071,2009,00:00.0,2030,20,FINCH AVE W,WILMINGTON AVE,NULL,1,North York,6,32,Intersection,At Intersection,Traffic Signal,Clear,Daylight,Dry,Non-Fatal Injury,Turning Movement,D32,34,Bathurst Manor (34),-79.4606,43.7702,NULL,NULL,N,NULL,NULL,NULL
1119932,2009,00:00.0,2235,22,BRIMLEY RD S,BLUFFERS PARK RD,NULL,2,Scarborough,20,NULL,Mid-Block,NULL,No Control,Clear,Dark,Dry,Non-Fatal Injury,Cyclist Collisions,D43,123,Cliffcrest (123),-79.2384,43.7095,NULL,NULL,N,NULL,NULL,NULL
1110181,2009,00:00.0,1844,18,PARLIAMENT ST,OAK ST,NULL,3,Toronto and East York,13,51,Intersection,At Intersection,Pedestrian Crossover,Clear,Daylight,Dry,Non-Fatal Injury,Cyclist Collisions,D51,72,Regent Park (72),-79.3664,43.6606,NULL,NULL,N,NULL,NULL,NULL
1072989,2008,00:00.0,1310,13,KENNEDY RD,FINCH AVE E,NULL,1,Scarborough,22,42,Intersection,At Intersection,Traffic Signal,Clear,Daylight,Dry,Non-Fatal Injury,Pedestrian Collisions,D42,117,L'Amoreaux (117),-79.2965,43.8012,-79.2965,43.8012,Y,Kennedy Rd,Finch Ave E,2021-11-09
1110725,2009,00:00.0,1449,14,BLOOR ST W,ST HELENS AVE,NULL,1,Toronto and East York,9,11,Intersection,At Intersection,Stop Sign,Clear,Daylight,Dry,Fatal,Pedestrian Collisions,D11,83,Dufferin Grove (83),-79.4439,43.658,NULL,NULL,N,NULL,NULL,NULL
8001498021,2018,00:00.0,1443,14,KNOB HILL DR,OAK ST,120 m North of,2,Etobicoke York,5,12,Mid-Block,Non Intersection,No Control,Clear,Daylight,Dry,Non-Fatal Injury,Turning Movement,D12,113,Weston (113),-79.5323,43.7092,NULL,NULL,N,NULL,NULL,NULL
1092784,2009,00:00.0,930,9,GREENWOOD Aven,DUNDAS Stre E,NULL,3,Toronto and East York,14,55,Intersection,At Intersection,Traffic Signal,Clear,Daylight,Dry,Non-Fatal Injury,Pedestrian Collisions,D55,65,Greenwood-Coxwell (65),-79.3265,43.6675,NULL,NULL,N,NULL,NULL,NULL
7001742051,2017,00:00.0,1652,16,EGLINTON  AVE W,CHILTERN HILL RD,10 m West of,1,North York,NULL,13,Intersection,Intersection Related,Stop Sign,Clear,Daylight,Dry,Non-Fatal Injury,Pedestrian Collisions,D13,106,Humewood-Cedarvale (106),-79.4277,43.7004,NULL,NULL,N,NULL,NULL,NULL
1073493,2008,00:00.0,2220,22,ADELAIDE ST W,JOHN ST,NULL,1,Toronto and East York,10,52,Intersection,At Intersection,Traffic Signal,Clear,Dark,Dry,Non-Fatal Injury,Pedestrian Collisions,D52,77,Waterfront Communities-The Island (77),-79.3902,43.6478,NULL,NULL,N,NULL,NULL,NULL
1074072,2008,00:00.0,1105,11,VICTORIA PARK AVE,PAGET RD,NULL,1,North York,NULL,NULL,Intersection,NULL,No Control,Rain,Daylight,Wet,Non-Fatal Injury,Pedestrian Collisions,D33,119,Wexford/Maryvale (119),-79.3161,43.7599,NULL,NULL,N,NULL,NULL,NULL
1093819,2009,00:00.0,652,6,STEELES AVE W,PINE VALLEY  DR,NULL,1,Etobicoke York,7,31,Intersection,At Intersection,Traffic Signal,Rain,Dark,Wet,Fatal,Pedestrian Collisions,D31,21,Humber Summit (21),-79.5647,43.7665,NULL,NULL,N,NULL,NULL,NULL
8001647335,2018,00:00.0,2218,22,2592 FINCH AVE W,NULL,100 m East of,1,Etobicoke York,7,31,Mid-Block,Non Intersection,No Control,Clear,"Dark, artificial",Dry,Non-Fatal Injury,Angle,D31,22,Humbermede (22),-79.5615,43.7478,NULL,NULL,N,NULL,NULL,NULL
7001744141,2017,00:00.0,2330,23,4673 JANE ST,NULL,6 m North of,1,Etobicoke York,7,31,Mid-Block,Non Intersection,No Control,Clear,"Dark, artificial",Dry,Non-Fatal Injury,Pedestrian Collisions,D31,24,Black Creek (24),-79.5206,43.77,NULL,NULL,N,NULL,NULL,NULL
7001762491,2017,00:00.0,1630,16,BIRCHMOUNT RD,ZENITH DR,NULL,3,Scarborough,20,41,Intersection,Intersection Related,No Control,Clear,Daylight,Dry,Fatal,Pedestrian Collisions,D41,120,Clairlea-Birchmount (120),-79.2697,43.711,NULL,NULL,N,NULL,NULL,NULL
1099856,2009,00:00.0,1045,10,TOWNSLEY ST,OLD WESTON RD,NULL,3,Toronto and East York,9,12,Intersection,NULL,Stop Sign,Clear,Daylight,Dry,Fatal,Pedestrian Collisions,D12,91,Weston-Pellam Park (91),-79.4631,43.674,NULL,NULL,N,NULL,NULL,NULL
7001187926,2017,00:00.0,1312,13,ST CLAIR AVE W,AVENUE RD,NULL,1,Toronto and East York,12,53,Intersection,At Intersection,Traffic Signal,Clear,Daylight,Dry,Non-Fatal Injury,Cyclist Collisions,D53,97,Yonge-St.Clair (97),-79.4014,43.6865,NULL,NULL,N,NULL,NULL,NULL
7001287888,2017,00:00.0,1054,10,EGLINTON AVE E,MIDLAND AVE,150 m West of,1,Scarborough,NULL,41,Mid-Block,Non Intersection,No Control,Clear,Daylight,Dry,Fatal,Pedestrian Collisions,D41,124,Kennedy Park (124),-79.26,43.734,NULL,NULL,N,NULL,NULL,NULL
7001300231,2017,00:00.0,624,6,BREMNER BLVD,SPADINA AVE,NULL,1,Toronto and East York,10,NULL,Intersection,At Intersection,Traffic Signal,Clear,Daylight,Dry,Non-Fatal Injury,Pedestrian Collisions,D52,77,Waterfront Communities-The Island (77),-79.3929,43.6404,NULL,NULL,N,NULL,NULL,NULL
8001481293,2018,00:00.0,26,0,DUFFERIN ST,GIBSON ST,60 m South of,1,Etobicoke York,NULL,13,Mid-Block,Non Intersection,No Control,Clear,"Dark, artificial",Dry,Non-Fatal Injury,Approaching,D13,107,Oakwood Village (107),-79.4478,43.6897,NULL,NULL,N,NULL,NULL,NULL
8001512528,2018,00:00.0,1555,15,LESLIE ST,EGLINTON AVE E,NULL,1,North York,NULL,33,Intersection,Intersection Related,Stop Sign,Clear,Daylight,Dry,Fatal,Turning Movement,D33,42,Banbury-Don Mills (42),-79.3503,43.7185,NULL,NULL,N,NULL,NULL,NULL
8001531985,2018,00:00.0,1543,15,DUNDAS ST W,AUGUSTA AVE,NULL,1,Toronto and East York,NULL,14,Intersection,Intersection Related,No Control,Clear,Daylight,Dry,Non-Fatal Injury,Cyclist Collisions,D14,78,Kensington-Chinatown (78),-79.4011,43.6522,NULL,NULL,N,NULL,NULL,NULL
8001547811,2018,00:00.0,2300,23,BLOOR ST W,MADISON AVE,NULL,1,Toronto and East York,11,NULL,Intersection,At Intersection,No Control,Clear,"Dark, artificial",Dry,Non-Fatal Injury,Turning Movement,D52,79,University (79),-79.4026,43.6668,NULL,NULL,N,NULL,NULL,NULL
7001318680,2017,00:00.0,2134,21,ALBION RD,ISLINGTON AVE,NULL,1,Etobicoke York,1,23,Intersection,At Intersection,Traffic Signal,Rain,"Dark, artificial",Wet,Non-Fatal Injury,Turning Movement,D23,3,Thistletown-Beaumond Heights (3),-79.5652,43.7371,NULL,NULL,N,NULL,NULL,NULL
7001343625,2017,00:00.0,1751,17,DUNDAS ST W,CARLYLE ST,NULL,1,Toronto and East York,NULL,14,Intersection,At Intersection,No Control,Clear,Daylight,Dry,Non-Fatal Injury,Cyclist Collisions,D14,78,Kensington-Chinatown (78),-79.4048,43.652,NULL,NULL,N,NULL,NULL,NULL
7003103720,2017,00:00.0,1825,18,LAWRENCE  AVE W,GLENMOUNT AVE,NULL,1,North York,8,NULL,Intersection,At Intersection,Traffic Signal,Clear,"Dark, artificial",Dry,Non-Fatal Injury,Pedestrian Collisions,D13,32,Englemount-Lawrence (32),-79.4329,43.7184,NULL,NULL,N,NULL,NULL,NULL
7003112978,2017,00:00.0,2330,23,BIRCHMOUNT RD,MERRYFIELD DR,NULL,1,Scarborough,21,41,Intersection,At Intersection,No Control,Clear,Dark,Dry,Fatal,Pedestrian Collisions,D41,126,Dorset Park (126),-79.2866,43.7518,NULL,NULL,N,NULL,NULL,NULL
1089527,2009,00:00.0,613,6,MCNICOLL AVE,MIDLAND AVE,NULL,1,Scarborough,NULL,42,Intersection,At Intersection,Traffic Signal,Clear,Dark,Dry,Non-Fatal Injury,Pedestrian Collisions,D42,130,Milliken (130),-79.2921,43.8145,NULL,NULL,N,NULL,NULL,NULL
7001656927,2017,00:00.0,105,1,BLOOR ST W,BRUNSWICK AVE,NULL,1,Toronto and East York,11,14,Intersection,At Intersection,Traffic Signal,Clear,"Dark, artificial",Dry,Non-Fatal Injury,Cyclist Collisions,D14,95,Annex (95),-79.4074,43.6659,NULL,NULL,N,NULL,NULL,NULL
7001224899,2017,00:00.0,2007,20,BAYVIEW AVE,BLOOR W BAYVIEW N RAMP,240 m North of,1,Toronto and East York,11,53,Mid-Block,Non Intersection,No Control,Clear,Daylight,Dry,Fatal,Turning Movement,D53,56,Leaside-Bennington (56),-79.368,43.6809,NULL,NULL,N,NULL,NULL,NULL
7001250133,2017,00:00.0,1612,16,BROADVIEW AVE,DUNDAS ST E,120 m South of,3,Toronto and East York,14,55,Mid-Block,Non Intersection,No Control,Rain,Daylight,Wet,Non-Fatal Injury,SMV Other,D55,70,South Riverdale (70),-79.3509,43.6614,NULL,NULL,N,NULL,NULL,NULL
7001671435,2017,00:00.0,652,6,STEELES AVE W,HIGHWAY 27  N,200 m East of,1,Etobicoke York,1,23,Mid-Block,Non Intersection,No Control,Clear,Daylight,Dry,Fatal,Turning Movement,D23,1,West Humber-Clairville (1),-79.6128,43.7556,NULL,NULL,N,NULL,NULL,NULL
8000498049,2018,00:00.0,1032,10,GEORGE ST,DUNDAS ST E,NULL,1,Toronto and East York,13,51,Intersection,At Intersection,Stop Sign,Clear,Daylight,Dry,Non-Fatal Injury,Pedestrian Collisions,D51,73,Moss Park (73),-79.3734,43.6572,NULL,NULL,N,NULL,NULL,NULL
8001071783,2018,00:00.0,1241,12,CRESCENT RD,MOUNT PLEASANT RD,2 m East of,1,Toronto and East York,11,53,Mid-Block,Overpass or Bridge,No Control,Clear,Daylight,Dry,Non-Fatal Injury,Other,D53,98,Rosedale-Moore Park (98),-79.3805,43.6782,NULL,NULL,N,NULL,NULL,NULL
8000027630,2018,00:00.0,1412,14,AVENUE RD,DUNBLAINE AVE,NULL,1,North York,8,32,Intersection,At Intersection,Traffic Controller,Clear,Daylight,Dry,Non-Fatal Injury,Pedestrian Collisions,D32,39,Bedford Park-Nortown (39),-79.42,43.7358,NULL,NULL,N,NULL,NULL,NULL
7003072414,2017,00:00.0,327,3,MARKHAM  RD,MCNICOLL AVE,NULL,1,Scarborough,23,42,Intersection,At Intersection,Traffic Signal,Clear,"Dark, artificial",Dry,Non-Fatal Injury,Turning Movement,D42,131,Rouge (131),-79.2477,43.8239,NULL,NULL,N,NULL,NULL,NULL
8000409848,2018,00:00.0,1525,15,EGLINTON AVE W,KIPLING AVE,192 m West of,1,Etobicoke York,2,NULL,Mid-Block,Non Intersection,No Control,Clear,Daylight,Dry,Non-Fatal Injury,Approaching,D22,7,Willowridge-Martingrove-Richview (7),-79.5531,43.6766,NULL,NULL,N,NULL,NULL,NULL
8001034649,2018,00:00.0,2128,21,BLACKTHORN AVE,ST CLAIR AVE W,33 m North of,4,Etobicoke York,9,12,Mid-Block,Non Intersection,No Control,Clear,"Dark, artificial",Dry,Non-Fatal Injury,Cyclist Collisions,D12,91,Weston-Pellam Park (91),-79.4587,43.6747,NULL,NULL,N,NULL,NULL,NULL
7001803830,2017,00:00.0,331,3,YONGE ST,LAWRENCE AVE W,100 m North of,1,North York,NULL,NULL,Mid-Block,Non Intersection,No Control,Clear,Dark,Dry,Fatal,Pedestrian Collisions,D32,105,Lawrence Park North (105),-79.4022,43.7253,NULL,NULL,N,NULL,NULL,NULL
8001672359,2018,00:00.0,1823,18,MARKHAM RD,MCNICOLL AVE,75 m North of,1,Scarborough,23,42,Mid-Block,Non Intersection,No Control,Clear,Daylight,Dry,Non-Fatal Injury,Pedestrian Collisions,D42,131,Rouge (131),-79.2483,43.825,NULL,NULL,N,NULL,NULL,NULL
8001677447,2018,00:00.0,1455,14,THE QUEENSWAY,LOMA RD,NULL,1,Etobicoke York,3,22,Intersection,At Intersection,Stop Sign,Rain,Daylight,Wet,Non-Fatal Injury,Pedestrian Collisions,D22,16,Stonegate-Queensway (16),-79.5088,43.6249,NULL,NULL,N,NULL,NULL,NULL
8000301907,2018,00:00.0,2130,21,LAKE SHORE BLVD W,ROYAL YORK RD,150 m West of,1,Etobicoke York,3,22,Mid-Block,Non Intersection,No Control,Clear,"Dark, artificial",Dry,Non-Fatal Injury,SMV Other,D22,17,Mimico (17),-79.4931,43.6035,NULL,NULL,N,NULL,NULL,NULL
8001711357,2018,00:00.0,1400,14,ST CLAIR AVE W,NORTHCLIFFE BLVD,NULL,1,North York,9,13,Intersection,At Intersection,Traffic Signal,Clear,Daylight,Dry,Non-Fatal Injury,Pedestrian Collisions,D13,92,Corso Italia-Davenport (92),-79.4408,43.6783,NULL,NULL,N,NULL,NULL,NULL
8000443959,2018,00:00.0,1555,15,COXWELL AVE,EASTWOOD RD,107 m North of,3,Scarborough,NULL,55,Mid-Block,Non Intersection,No Control,Clear,Daylight,Dry,Non-Fatal Injury,Pedestrian Collisions,D55,64,Woodbine Corridor (64),-79.3196,43.6737,NULL,NULL,N,NULL,NULL,NULL
8001178927,2018,00:00.0,2234,22,VICTORIA PARK AVE,FARMCREST  DR,1 m North of,1,North York,NULL,NULL,Intersection,Intersection Related,No Control,Clear,"Dark, artificial",Dry,Non-Fatal Injury,Cyclist Collisions,D42,118,Tam O'Shanter-Sullivan (118),-79.3211,43.771,NULL,NULL,N,NULL,NULL,NULL
7003197919,2017,00:00.0,2307,23,ST CLAIR  AVE W,MONDOVI  GT,41 m West of,1,Etobicoke York,5,NULL,Mid-Block,Non Intersection,No Control,Clear,"Dark, artificial",Wet,Non-Fatal Injury,Pedestrian Collisions,D11,90,Junction Area (90),-79.4756,43.6706,NULL,NULL,N,NULL,NULL,NULL
8001441387,2018,00:00.0,1207,12,QUEEN ST W,DUNN AVE,NULL,1,Toronto and East York,4,NULL,Intersection,At Intersection,Traffic Signal,Clear,Daylight,Dry,Non-Fatal Injury,Pedestrian Collisions,D14,85,South Parkdale (85),-79.4344,43.6409,NULL,NULL,N,NULL,NULL,NULL
8000139002,2018,00:00.0,2316,23,483 DUNDAS ST W,NULL,NULL,1,Toronto and East York,NULL,52,Mid-Block,Non Intersection,No Control,Rain,"Dark, artificial",Wet,Non-Fatal Injury,Pedestrian Collisions,D52,78,Kensington-Chinatown (78),-79.3974,43.6529,NULL,NULL,N,NULL,NULL,NULL
8000172626,2018,00:00.0,140,1,BATHURST ST,RIDGE HILL DR,NULL,1,Toronto and East York,8,NULL,Intersection,At Intersection,Traffic Signal,Clear,"Dark, artificial",Dry,Non-Fatal Injury,Pedestrian Collisions,D53,102,Forest Hill North (102),-79.4258,43.7032,NULL,NULL,N,NULL,NULL,NULL
8001113536,2018,00:00.0,1105,11,STEELES AVE W,HIGHWAY 400  S,NULL,1,North York,7,31,Mid-Block,Non Intersection,No Control,Clear,Daylight,Dry,Non-Fatal Injury,Rear End,D31,21,Humber Summit (21),-79.5383,43.7718,NULL,NULL,N,NULL,NULL,NULL
8001135358,2018,00:00.0,1240,12,1196 WILSON AVE,NULL,1 m West of,1,North York,6,31,Mid-Block,At/Near Private Drive,No Control,Clear,Daylight,Dry,Non-Fatal Injury,Turning Movement,D31,26,Downsview-Roding-CFB (26),-79.4886,43.725,NULL,NULL,N,NULL,NULL,NULL
8000066887,2018,00:00.0,1740,17,BRIDLETOWNE CRCL,FINCH AVE E,NULL,1,Scarborough,22,42,Intersection,At Intersection,Traffic Signal,Clear,"Dark, artificial",Dry,Non-Fatal Injury,Pedestrian Collisions,D42,117,L'Amoreaux (117),-79.3192,43.7957,NULL,NULL,N,NULL,NULL,NULL
8000125710,2018,00:00.0,2105,21,MORNINGSIDE AVE,CINEMART DR,35 m South of,1,Scarborough,25,42,Mid-Block,Non Intersection,No Control,Clear,"Dark, artificial",Dry,Non-Fatal Injury,Pedestrian Collisions,D42,131,Rouge (131),-79.1974,43.7973,NULL,NULL,N,NULL,NULL,NULL
8001716162,2018,00:00.0,936,9,WILLOWDALE AVE,BISHOP AVE,10 m North of,3,North York,18,32,Intersection,At Intersection,Traffic Signal,Clear,Daylight,Dry,Non-Fatal Injury,Angle,D32,50,Newtonbrook East (50),-79.4078,43.7833,NULL,NULL,N,NULL,NULL,NULL
8001722956,2018,00:00.0,1204,12,BAY ST,WELLINGTON ST W,NULL,1,Toronto and East York,NULL,52,Intersection,At Intersection,Traffic Signal,Clear,Daylight,Dry,Non-Fatal Injury,Cyclist Collisions,D52,76,Bay Street Corridor (76),-79.3796,43.6472,NULL,NULL,N,NULL,NULL,NULL
8001446568,2018,00:00.0,900,9,DOVERCOURT RD,BLOOR ST W,NULL,1,Toronto and East York,9,14,Intersection,At Intersection,Traffic Signal,Clear,Daylight,Dry,Non-Fatal Injury,Turning Movement,D14,80,Palmerston-Little Italy (80),-79.4293,43.661,NULL,NULL,N,NULL,NULL,NULL
8001460468,2018,00:00.0,50,0,HIGHWAY 2A  W,HIGHLAND CREEK OVERPASS,600 m East,8,Scarborough,25,43,Mid-Block,Non Intersection,No Control,Clear,Dark,Dry,Fatal,Pedestrian Collisions,D43,133,Centennial Scarborough (133),-79.1646,43.7849,NULL,NULL,N,NULL,NULL,NULL
8001384948,2018,00:00.0,330,3,KEELE ST,FINCH AVE W,NULL,1,North York,NULL,31,Intersection,At Intersection,Traffic Signal,Clear,Daylight,Dry,Non-Fatal Injury,Pedestrian Collisions,D31,27,York University Heights (27),-79.491,43.7634,NULL,NULL,N,NULL,NULL,NULL
8001393342,2018,00:00.0,1238,12,100 MCLEVIN AVE,NULL,4 m East of,3,Scarborough,23,42,Mid-Block,At/Near Private Drive,No Control,Clear,Daylight,Dry,Non-Fatal Injury,Turning Movement,D42,132,Malvern (132),-79.2363,43.8007,NULL,NULL,N,NULL,NULL,NULL
7001296811,2017,00:00.0,1548,15,SPADINA RD,MACPHERSON AVE,7 m East of,3,Toronto and East York,12,NULL,Intersection,At Intersection,No Control,Clear,Daylight,Dry,Non-Fatal Injury,Turning Movement,D53,96,Casa Loma (96),-79.4074,43.6757,NULL,NULL,N,NULL,NULL,NULL
1082425,2008,00:00.0,305,3,FINCH AVE W,JANE ST,NULL,1,Etobicoke York,7,31,Intersection,At Intersection,Traffic Signal,Freezing Rain,Dark,Wet,Non-Fatal Injury,Pedestrian Collisions,D31,24,Black Creek (24),-79.5176,43.7572,NULL,NULL,N,NULL,NULL,NULL
8001139682,2018,00:00.0,36,0,MARKHAM RD,BRIMORTON DR,NULL,1,Scarborough,24,43,Intersection,Intersection Related,Traffic Signal,Rain,"Dark, artificial",Wet,Non-Fatal Injury,SMV Other,D43,137,Woburn (137),-79.2306,43.7734,NULL,NULL,N,NULL,NULL,NULL
1122739,2009,00:00.0,703,7,QUEEN ST E,EASTERN AVE,NULL,1,Toronto and East York,19,55,Intersection,At Intersection,Traffic Signal,Clear,Daylight,Dry,Non-Fatal Injury,SMV Other,D55,63,The Beaches (63),-79.3125,43.6672,NULL,NULL,N,NULL,NULL,NULL
8001394045,2018,00:00.0,1427,14,WARDEN AVE,FAIRFAX CRES,NULL,1,Scarborough,20,41,Intersection,At Intersection,Traffic Signal,Clear,Daylight,Dry,Fatal,Pedestrian Collisions,D41,120,Clairlea-Birchmount (120),-79.2827,43.7161,NULL,NULL,N,NULL,NULL,NULL
8001397714,2018,00:00.0,150,1,WESTON RD,WRIGHT AVE,50 m South of,3,Etobicoke York,5,12,Mid-Block,At/Near Private Drive,No Control,Clear,"Dark, artificial",Dry,Non-Fatal Injury,SMV Unattended Vehicle,D12,113,Weston (113),-79.5103,43.6979,NULL,NULL,N,NULL,NULL,NULL
8000206699,2018,00:00.0,943,9,FINCH AVE W,ARDWICK BLVD,NULL,1,Etobicoke York,7,31,Intersection,At Intersection,Traffic Signal,Clear,Daylight,Dry,Fatal,Pedestrian Collisions,D31,22,Humbermede (22),-79.5622,43.7477,NULL,NULL,N,NULL,NULL,NULL
8001780816,2018,00:00.0,645,6,DUNDAS ST W,CHESTNUT ST,NULL,1,Toronto and East York,NULL,52,Intersection,At Intersection,Traffic Signal,Clear,"Dawn, artificial",Dry,Non-Fatal Injury,Pedestrian Collisions,D52,76,Bay Street Corridor (76),-79.386,43.6551,NULL,NULL,N,NULL,NULL,NULL
8001751421,2018,00:00.0,1600,16,NUTHATCH LANE,DOCTOR O LANE,NULL,7,Toronto and East York,13,51,Intersection,Intersection Related,No Control,Clear,Daylight,Dry,Fatal,Pedestrian Collisions,D51,73,Moss Park (73),-79.3696,43.6633,NULL,NULL,N,NULL,NULL,NULL
1143989,2009,00:00.0,935,9,KINGSTON RD,MARKHAM RD,NULL,1,Scarborough,20,43,Mid-Block,At Intersection,No Control,Clear,Daylight,Dry,Fatal,Sideswipe,D43,139,Scarborough Village (139),-79.2177,43.7381,NULL,NULL,N,NULL,NULL,NULL
1083673,2008,00:00.0,1710,17,SPADINA AVE,SULLIVAN ST,NULL,1,Toronto and East York,10,NULL,Intersection,At Intersection,Traffic Signal,Snow,Dark,Loose Snow,Non-Fatal Injury,Pedestrian Collisions,D52,78,Kensington-Chinatown (78),-79.3971,43.6508,NULL,NULL,N,NULL,NULL,NULL
1077611,2008,00:00.0,1650,16,YONGE ST,FINCH AVE W,NULL,1,North York,18,32,Intersection,At Intersection,NULL,Other,Daylight,Other,Non-Fatal Injury,Pedestrian Collisions,D32,51,Willowdale East (51),-79.4155,43.7797,NULL,NULL,N,NULL,NULL,NULL
8001423637,2018,00:00.0,1653,16,MORECAMBE GT,VICTORIA PARK AVE,NULL,1,Scarborough,NULL,NULL,Intersection,At Intersection,Traffic Signal,Clear,Daylight,Dry,Non-Fatal Injury,Pedestrian Collisions,D42,117,L'Amoreaux (117),-79.3335,43.7979,NULL,NULL,N,NULL,NULL,NULL
8001425154,2018,00:00.0,2127,21,SHEPPARD AVE E,SHAUGHNESSY BLVD,10 m North of,1,North York,17,33,Intersection,At Intersection,Traffic Signal,Clear,"Dark, artificial",Dry,Non-Fatal Injury,Pedestrian Collisions,D33,53,Henry Farm (53),-79.3532,43.7736,NULL,NULL,N,NULL,NULL,NULL
1149291,2010,00:00.0,1132,11,DANFORTH AVE,BROADVIEW AVE,NULL,1,Toronto and East York,14,NULL,Intersection,At Intersection,Traffic Signal,Clear,Daylight,Dry,Fatal,Pedestrian Collisions,D55,68,North Riverdale (68),-79.3588,43.6761,NULL,NULL,N,NULL,NULL,NULL
1155324,2010,00:00.0,1520,15,BATHGATE DR,FEAGAN DR,NULL,4,Scarborough,25,43,Intersection,NULL,Stop Sign,Clear,Daylight,Dry,Non-Fatal Injury,SMV Other,D43,133,Centennial Scarborough (133),-79.1509,43.7794,NULL,NULL,N,NULL,NULL,NULL
7001806475,2017,00:00.0,1310,13,WARDEN AVE,CIVIC  RD,37 m South of,1,Scarborough,20,41,Mid-Block,Non Intersection,No Control,Clear,Daylight,Dry,Non-Fatal Injury,Pedestrian Collisions,D41,120,Clairlea-Birchmount (120),-79.287,43.7264,NULL,NULL,N,NULL,NULL,NULL
1156841,2010,00:00.0,1620,16,25 THE WEST MALL,NULL,NULL,3,Etobicoke York,3,22,Mid-Block,NULL,No Control,Clear,Daylight,Dry,Non-Fatal Injury,Pedestrian Collisions,D22,14,Islington-City Centre West (14),-79.5614,43.6107,NULL,NULL,N,NULL,NULL,NULL
1079815,2008,00:00.0,1905,19,40 CLUNY DR,CRESCENT Road,NULL,4,Toronto and East York,11,53,Mid-Block,NULL,No Control,Clear,Dark,Dry,Non-Fatal Injury,Pedestrian Collisions,D53,98,Rosedale-Moore Park (98),-79.3862,43.6769,NULL,NULL,N,NULL,NULL,NULL
1080622,2008,00:00.0,1830,18,MACPHERSON AVE,SPADINA RD,NULL,3,Toronto and East York,12,NULL,Intersection,At Intersection,No Control,Rain,Dark,Wet,Non-Fatal Injury,Pedestrian Collisions,D13,96,Casa Loma (96),-79.4074,43.6758,NULL,NULL,N,NULL,NULL,NULL
8001340896,2018,00:00.0,2046,20,ELLESMERE RD,SCARBOROUGH GOLF CLUB RD,20 m West of,1,Scarborough,24,43,Intersection,Non Intersection,No Control,Clear,"Dark, artificial",Dry,Non-Fatal Injury,SMV Other,D43,135,Morningside (135),-79.2221,43.7784,NULL,NULL,N,NULL,NULL,NULL