ACCNUM,YEAR,DATE,TIME,HOUR,STREET1,STREET2,OFFSET,ROAD_CLASS,DISTRICT,WARDNUM,DIVISION,LOCCOORD,ACCLOC,TRAFFCTL,VISIBILITY,LIGHT,RDSFCOND,ACCLASS,IMPACTYPE,POLICE_DIVISION,HOOD_ID,NEIGHBOURHOOD,collision_lat,collision_long,red_light_lat,red_light_long,right_light_camera,LINEAR_NAME_FULL_1,LINEAR_NAME_FULL_2,ACTIVATION_DATE
1173447,2010,00:00.0,2039,20,ALEXDON RD,FINCH AVE W,NULL,1,North York,6,31,Intersection,At Intersection,Stop Sign,Rain,Dark,Wet,Non-Fatal Injury,Pedestrian Collisions,D31,27,York University Heights (27),-79.4854,43.7646,NULL,NULL,N,NULL,NULL,NULL
1116959,2009,00:00.0,2138,21,LAKE SHORE BLVD E,CHERRY ST,NULL,1,Toronto and East York,NULL,51,Mid-Block,NULL,No Control,Clear,Dark,Dry,Non-Fatal Injury,SMV Other,D51,77,Waterfront Communities-The Island (77),-79.3525,43.6486,NULL,NULL,N,NULL,NULL,NULL
1161157,2010,00:00.0,1545,15,DUNDAS St W,BLOOR St W,NULL,3,Toronto and East York,4,11,Mid-Block,At Intersection,No Control,Rain,Daylight,Wet,Non-Fatal Injury,Pedestrian Collisions,D11,86,Roncesvalles (86),-79.452,43.6551,NULL,NULL,N,NULL,NULL,NULL
1153339,2010,00:00.0,833,8,BAYVIEW AVE,EGLINTON AVE E,NULL,1,North York,15,53,Intersection,At Intersection,Traffic Signal,Snow,Daylight,Wet,Non-Fatal Injury,Pedestrian Collisions,D53,56,Leaside-Bennington (56),-79.3771,43.711,NULL,NULL,N,NULL,NULL,NULL
1179647,2010,00:00.0,1750,17,AVENUE RD,HILLHURST BLVD,NULL,1,North York,8,53,Intersection,At Intersection,Traffic Signal,Clear,Daylight,Dry,Non-Fatal Injury,Pedestrian Collisions,D53,103,Lawrence Park South (103),-79.4116,43.712,NULL,NULL,N,NULL,NULL,NULL
1145050,2009,00:00.0,1059,10,LAWRENCE AVE E,CENTENNIAL RD,NULL,3,Scarborough,25,43,Mid-Block,NULL,No Control,Rain,Daylight,Wet,Non-Fatal Injury,SMV Other,D43,133,Centennial Scarborough (133),-79.1456,43.7775,NULL,NULL,N,NULL,NULL,NULL
1167187,2010,00:00.0,1630,16,WELLINGTON ST W,SIMCOE ST,NULL,3,Toronto and East York,10,52,Mid-Block,NULL,No Control,Clear,Daylight,Dry,Fatal,Angle,D52,77,Waterfront Communities-The Island (77),-79.3862,43.6458,NULL,NULL,N,NULL,NULL,NULL
1167297,2010,00:00.0,2302,23,DUNDAS Stre W,COLLEGE Stre,NULL,3,Toronto and East York,9,11,Mid-Block,NULL,No Control,Clear,Dark,Dry,Non-Fatal Injury,Cyclist Collisions,D11,83,Dufferin Grove (83),-79.4415,43.6503,NULL,NULL,N,NULL,NULL,NULL
1165411,2010,00:00.0,630,6,F G GARDINER XY Expr E,DOWLING AVE,NULL,1,Toronto and East York,4,14,Mid-Block,NULL,No Control,Clear,Daylight,Spilled liquid,Non-Fatal Injury,Other,D14,85,South Parkdale (85),-79.4375,43.6341,NULL,NULL,N,NULL,NULL,NULL
1149558,2010,00:00.0,1503,15,ST CLAIR Aven W,HENDRICK Aven,NULL,1,Toronto and East York,12,13,Intersection,NULL,No Control,Rain,Daylight,Wet,Non-Fatal Injury,Turning Movement,D13,94,Wychwood (94),-79.4312,43.6805,NULL,NULL,N,NULL,NULL,NULL
1161050,2010,00:00.0,2004,20,QUEEN Stre E,LOCKWOOD Road,NULL,3,Toronto and East York,19,55,Mid-Block,NULL,No Control,Clear,Dark,Dry,Non-Fatal Injury,Rear End,D55,63,The Beaches (63),-79.3086,43.668,NULL,NULL,N,NULL,NULL,NULL
1125601,2009,00:00.0,1520,15,MARKHAM Road,TUXEDO Cour,NULL,1,Scarborough,24,43,Intersection,NULL,Traffic Signal,Clear,Daylight,Dry,Non-Fatal Injury,Pedestrian Collisions,D43,137,Woburn (137),-79.2329,43.7795,NULL,NULL,N,NULL,NULL,NULL
1176586,2010,00:00.0,240,2,187 TEDDINGTON PARK AVE,NULL,NULL,4,North York,15,32,Mid-Block,NULL,No Control,Clear,Dark,Dry,Non-Fatal Injury,Pedestrian Collisions,D32,105,Lawrence Park North (105),-79.395,43.7347,NULL,NULL,N,NULL,NULL,NULL
1155869,2010,00:00.0,1308,13,SHEPPARD Ave E,BROWNSPRING Rd,NULL,1,Scarborough,23,42,Intersection,At Intersection,No Control,Clear,Daylight,Dry,Non-Fatal Injury,Turning Movement,D42,128,Agincourt South-Malvern West (128),-79.2624,43.7888,NULL,NULL,N,NULL,NULL,NULL
1161585,2010,00:00.0,733,7,MILNER Aven,MCCOWAN Road,NULL,1,Scarborough,23,42,Intersection,At Intersection,Traffic Signal,Clear,Daylight,Dry,Non-Fatal Injury,Pedestrian Collisions,D42,128,Agincourt South-Malvern West (128),-79.2564,43.7853,NULL,NULL,N,NULL,NULL,NULL
1139418,2009,00:00.0,655,6,MARKHAM RD,TUXEDO CRT,NULL,1,Scarborough,24,43,Intersection,At Intersection,Traffic Signal,Clear,Daylight,Dry,Non-Fatal Injury,Pedestrian Collisions,D43,137,Woburn (137),-79.2329,43.7795,NULL,NULL,N,NULL,NULL,NULL
1168396,2010,00:00.0,1136,11,DUNDAS ST W,COLLEGE ST,NULL,3,Toronto and East York,9,11,Mid-Block,NULL,No Control,Clear,Daylight,Dry,Fatal,Pedestrian Collisions,D11,83,Dufferin Grove (83),-79.4418,43.6504,NULL,NULL,N,NULL,NULL,NULL
1173217,2010,00:00.0,1306,13,ELLESMERE RD,HELICON GT,NULL,1,Scarborough,24,43,Intersection,At Intersection,Traffic Signal,Rain,Daylight,Wet,Non-Fatal Injury,Turning Movement,D43,135,Morningside (135),-79.2221,43.7785,NULL,NULL,N,NULL,NULL,NULL
1168520,2010,00:00.0,1312,13,EVANS AVE,CREMORNE AVE,NULL,3,Etobicoke York,3,22,Mid-Block,NULL,No Control,Clear,Daylight,Dry,Non-Fatal Injury,Pedestrian Collisions,D22,17,Mimico (17),-79.5009,43.6208,NULL,NULL,N,NULL,NULL,NULL
1161998,2010,00:00.0,1937,19,MARKHAM Rd,BRIMORTON Dr,NULL,1,Scarborough,24,43,Intersection,At Intersection,Traffic Signal,Rain,Dark,Wet,Non-Fatal Injury,Pedestrian Collisions,D43,137,Woburn (137),-79.2306,43.7734,NULL,NULL,N,NULL,NULL,NULL
1144951,2009,00:00.0,750,7,EGLINTON AVE W,EXPLORER DR,NULL,1,Etobicoke York,2,22,Intersection,At Intersection,Traffic Signal,Clear,Daylight,Dry,Non-Fatal Injury,Rear End,D22,11,Eringate-Centennial-West Deane (11),-79.594,43.6597,NULL,NULL,N,NULL,NULL,NULL
1176088,2010,00:00.0,855,8,MOUNT PLEASANT RD,PENROSE RD,NULL,1,North York,NULL,53,Intersection,At Intersection,No Control,Clear,Daylight,Dry,Non-Fatal Injury,Turning Movement,D53,99,Mount Pleasant East (99),-79.3881,43.7032,NULL,NULL,N,NULL,NULL,NULL
1169356,2010,00:00.0,2105,21,TWYN RIVERS DR,SHEPPARD AVE E,NULL,2,Scarborough,25,42,Mid-Block,NULL,No Control,Clear,Dark,Dry,Non-Fatal Injury,SMV Other,D42,131,Rouge (131),-79.1627,43.81,NULL,NULL,N,NULL,NULL,NULL
1165924,2010,00:00.0,752,7,MAPLE LEAF DR,CIRILLO CRT,NULL,2,Etobicoke York,5,12,Mid-Block,NULL,No Control,Clear,Daylight,Dry,Non-Fatal Injury,SMV Other,D12,29,Maple Leaf (29),-79.4847,43.7135,NULL,NULL,N,NULL,NULL,NULL
7001831217,2017,00:00.0,1628,16,YONGE ST,FRICHOT AVE,95 m South of,1,Toronto and East York,11,53,Mid-Block,Non Intersection,No Control,Clear,Daylight,Dry,Non-Fatal Injury,Sideswipe,D53,98,Rosedale-Moore Park (98),-79.3883,43.6739,NULL,NULL,N,NULL,NULL,NULL
1147258,2009,00:00.0,1732,17,PITFIELD Road,BRIMLEY Road,NULL,1,Scarborough,23,42,Intersection,At Intersection,Traffic Signal,Clear,Dark,Dry,Non-Fatal Injury,Turning Movement,D42,128,Agincourt South-Malvern West (128),-79.2663,43.7834,NULL,NULL,N,NULL,NULL,NULL
1130393,2009,00:00.0,656,6,KENNEDY RD,ELLESMERE RD,NULL,1,Scarborough,21,41,Intersection,NULL,Traffic Signal,Rain,Dawn,Wet,Fatal,SMV Other,D41,126,Dorset Park (126),-79.281,43.7657,NULL,NULL,N,NULL,NULL,NULL
1215424,2010,00:00.0,2115,21,1251 BRIDLETOWNE Circ,NULL,NULL,2,Scarborough,22,42,Intersection,NULL,Pedestrian Crossover,Snow,Dark,Wet,Non-Fatal Injury,SMV Other,D42,117,L'Amoreaux (117),-79.312,43.7936,NULL,NULL,N,NULL,NULL,NULL
1197305,2010,00:00.0,2317,23,PASSMORE AVE,TAPSCOTT RD,NULL,3,Scarborough,23,42,Intersection,At Intersection,Stop Sign,Clear,Dark,Dry,Non-Fatal Injury,Angle,D42,131,Rouge (131),-79.2456,43.8316,NULL,NULL,N,NULL,NULL,NULL
1184757,2010,00:00.0,800,8,LAKE SHORE BLVD W,LOUISA ST,NULL,1,Etobicoke York,3,22,Intersection,At Intersection,Stop Sign,Clear,Daylight,Dry,Non-Fatal Injury,Pedestrian Collisions,D22,17,Mimico (17),-79.4864,43.6189,NULL,NULL,N,NULL,NULL,NULL
8000599048,2018,00:00.0,2220,22,FLEET ST,BATHURST ST,80 m West of,1,Toronto and East York,10,14,Mid-Block,Non Intersection,No Control,Rain,"Dark, artificial",Wet,Non-Fatal Injury,Pedestrian Collisions,D14,82,Niagara (82),-79.4004,43.6361,NULL,NULL,N,NULL,NULL,NULL
1176062,2010,00:00.0,614,6,KING ST W,STRACHAN AVE,NULL,1,Toronto and East York,10,14,Intersection,NULL,No Control,Clear,Daylight,Dry,Non-Fatal Injury,Pedestrian Collisions,D14,82,Niagara (82),-79.4119,43.642,NULL,NULL,N,NULL,NULL,NULL
1132127,2009,00:00.0,1255,12,WESTON RD,FENMAR DR,NULL,1,Etobicoke York,7,31,Mid-Block,At Intersection,No Control,Rain,Daylight,Wet,Fatal,Pedestrian Collisions,D31,21,Humber Summit (21),-79.5434,43.7563,NULL,NULL,N,NULL,NULL,NULL
1208896,2010,00:00.0,1639,16,DANFORTH Ave,BROADVIEW Ave,NULL,1,Toronto and East York,14,NULL,Mid-Block,NULL,No Control,Clear,Daylight,Dry,Non-Fatal Injury,Cyclist Collisions,D55,68,North Riverdale (68),-79.3588,43.6761,NULL,NULL,N,NULL,NULL,NULL
1209441,2010,00:00.0,1750,17,STEELES AVE E,MIDLAND AVE,NULL,1,Scarborough,NULL,42,Intersection,At Intersection,Traffic Signal,Snow,Dark,Wet,Non-Fatal Injury,Pedestrian Collisions,D42,130,Milliken (130),-79.2972,43.8259,NULL,NULL,N,NULL,NULL,NULL
1133570,2009,00:00.0,1626,16,FINCH AVE W,KEELE ST,NULL,1,Etobicoke York,NULL,31,Intersection,At Intersection,Traffic Signal,Rain,Daylight,Wet,Non-Fatal Injury,Pedestrian Collisions,D31,27,York University Heights (27),-79.4909,43.7634,NULL,NULL,N,NULL,NULL,NULL
8002197002,2018,00:00.0,1705,17,KENNEDY RD,PASSMORE AVE,169 m South of,1,Scarborough,22,42,Mid-Block,At/Near Private Drive,No Control,Clear,Dusk,Dry,Non-Fatal Injury,Cyclist Collisions,D42,130,Milliken (130),-79.304,43.8168,NULL,NULL,N,NULL,NULL,NULL
1154258,2010,00:00.0,1810,18,DIXON RD,ST PHILLIPS RD,NULL,1,Etobicoke York,NULL,23,Intersection,NULL,Traffic Signal,Clear,Dark,Dry,Non-Fatal Injury,Turning Movement,D23,8,Humber Heights-Westmount (8),-79.5342,43.6998,NULL,NULL,N,NULL,NULL,NULL
1131255,2009,00:00.0,207,2,BATHURST ST,DUPONT ST,NULL,1,Toronto and East York,11,14,Intersection,At Intersection,Traffic Signal,Clear,Dark,Dry,Non-Fatal Injury,Pedestrian Collisions,D14,95,Annex (95),-79.4143,43.6731,NULL,NULL,N,NULL,NULL,NULL
8002008114,2018,00:00.0,1100,11,1491 LAKE SHORE BLVD W,NULL,25 m West of,1,Toronto and East York,4,14,Mid-Block,Non Intersection,No Control,Rain,"Daylight, artificial",Wet,Non-Fatal Injury,Sideswipe,D14,85,South Parkdale (85),-79.4453,43.6369,NULL,NULL,N,NULL,NULL,NULL
8002273924,2018,00:00.0,1811,18,MARLEE AVE,ROMAR CRES,NULL,3,North York,8,13,Intersection,At Intersection,No Control,Clear,"Dark, artificial",Wet,Non-Fatal Injury,Pedestrian Collisions,D13,31,Yorkdale-Glen Park (31),-79.4426,43.7062,NULL,NULL,N,NULL,NULL,NULL
1135676,2009,00:00.0,250,2,BLOOR Stre W,BRUNSWICK Aven,NULL,1,Toronto and East York,11,14,Mid-Block,NULL,No Control,Clear,Dark,Dry,Non-Fatal Injury,Rear End,D14,79,University (79),-79.4079,43.6657,NULL,NULL,N,NULL,NULL,NULL
8002343129,2018,00:00.0,1514,15,QUEEN ST W,PETER ST,40 m West of,1,Toronto and East York,10,52,Mid-Block,Non Intersection,No Control,Clear,Daylight,Dry,Non-Fatal Injury,Pedestrian Collisions,D52,77,Waterfront Communities-The Island (77),-79.3947,43.649,NULL,NULL,N,NULL,NULL,NULL
1133393,2009,00:00.0,1240,12,1255 THE QUEENSWAY,NULL,NULL,1,Etobicoke York,3,22,Mid-Block,NULL,Stop Sign,Rain,Daylight,Wet,Non-Fatal Injury,Turning Movement,D22,14,Islington-City Centre West (14),-79.525,43.6213,NULL,NULL,N,NULL,NULL,NULL
9000128132,2019,00:00.0,1125,11,BAY ST,WELLINGTON ST W,5 m North of,1,Toronto and East York,NULL,52,Intersection,At Intersection,Traffic Signal,Clear,Daylight,Dry,Non-Fatal Injury,Pedestrian Collisions,D52,76,Bay Street Corridor (76),-79.3796,43.6472,NULL,NULL,N,NULL,NULL,NULL
9000727833,2019,00:00.0,552,5,DANFORTH AVE,ELDON AVE,50 m East of,1,Toronto and East York,19,NULL,Intersection,Intersection Related,No Control,Clear,"Dark, artificial",Dry,Non-Fatal Injury,Turning Movement,D55,61,Taylor-Massey (61),-79.2914,43.6904,NULL,NULL,N,NULL,NULL,NULL
9000731621,2019,00:00.0,1632,16,COMRIE TER,BRIMLEY RD,200 m East of,2,Scarborough,20,43,Mid-Block,Non Intersection,No Control,Clear,Daylight,Dry,Non-Fatal Injury,Pedestrian Collisions,D43,123,Cliffcrest (123),-79.2418,43.7275,NULL,NULL,N,NULL,NULL,NULL
8002286980,2018,00:00.0,1737,17,BATHURST ST,HARBORD ST,NULL,1,Etobicoke York,11,14,Intersection,At Intersection,Traffic Signal,Clear,Dark,Dry,Non-Fatal Injury,Pedestrian Collisions,D14,79,University (79),-79.4097,43.6614,NULL,NULL,N,NULL,NULL,NULL
8001947521,2018,00:00.0,755,7,PHARMACY AVE,CAMILLA CRES,NULL,3,Scarborough,20,41,Intersection,At Intersection,No Control,Clear,Daylight,Dry,Non-Fatal Injury,Pedestrian Collisions,D41,120,Clairlea-Birchmount (120),-79.2924,43.7134,NULL,NULL,N,NULL,NULL,NULL
9000657461,2019,00:00.0,2355,23,ROYAL YORK RD,MEADOWVALE DR,NULL,3,Etobicoke York,3,22,Intersection,At Intersection,No Control,Clear,"Dark, artificial",Dry,Non-Fatal Injury,Approaching,D22,16,Stonegate-Queensway (16),-79.5105,43.6455,NULL,NULL,N,NULL,NULL,NULL
9001001982,2019,00:00.0,2123,21,WOODBINE AVE,GERRARD ST E,NULL,1,Toronto and East York,19,55,Intersection,At Intersection,Traffic Signal,Clear,Daylight,Dry,Non-Fatal Injury,Turning Movement,D55,62,East End-Danforth (62),-79.3107,43.6807,NULL,NULL,N,NULL,NULL,NULL
9000198863,2019,00:00.0,258,2,MEADOWVALE RD,GENERATION BLVD,NULL,3,Scarborough,25,42,Intersection,At Intersection,Traffic Signal,Clear,"Dark, artificial",Loose Snow,Fatal,Angle,D42,131,Rouge (131),-79.1687,43.8041,NULL,NULL,N,NULL,NULL,NULL
9000232559,2019,00:00.0,619,6,WILSON AVE,BATHURST ST,94 m East of,1,North York,6,32,Mid-Block,Non Intersection,No Control,Clear,"Dark, artificial",Dry,Non-Fatal Injury,Turning Movement,D32,38,Lansing-Westgate (38),-79.4325,43.7374,NULL,NULL,N,NULL,NULL,NULL
9001541492,2019,00:00.0,1149,11,DUFFERIN ST,TYCOS DR,7 m West of,1,North York,8,13,Intersection,At Intersection,Stop Sign,Clear,Daylight,Dry,Non-Fatal Injury,Turning Movement,D13,31,Yorkdale-Glen Park (31),-79.4528,43.7056,NULL,NULL,N,NULL,NULL,NULL
9001547206,2019,00:00.0,648,6,QUEEN ST W,ST PATRICK ST,7 m North of,1,Toronto and East York,10,52,Intersection,At Intersection,Traffic Signal,Clear,Daylight,Dry,Non-Fatal Injury,Pedestrian Collisions,D52,77,Waterfront Communities-The Island (77),-79.3886,43.6503,NULL,NULL,N,NULL,NULL,NULL
9001579618,2019,00:00.0,1730,17,KINGSTON RD,HAIG AVE,3 m West of,1,Scarborough,20,41,Intersection,At Intersection,No Control,Clear,Daylight,Dry,Non-Fatal Injury,Sideswipe,D41,122,Birchcliffe-Cliffside (122),-79.2716,43.6871,NULL,NULL,N,NULL,NULL,NULL
9001585957,2019,00:00.0,1522,15,BATHURST ST,DUPONT ST,25 m North of,NULL,NULL,NULL,NULL,Mid-Block,Non Intersection,No Control,Clear,Daylight,Dry,Non-Fatal Injury,SMV Other,D14,95,Annex (95),-79.4143,43.6731,NULL,NULL,N,NULL,NULL,NULL
1220521,2011,00:00.0,328,3,HIGH PARK AVE,DUNDAS ST W,NULL,4,Toronto and East York,4,11,Mid-Block,NULL,No Control,Clear,Dark,Wet,Non-Fatal Injury,Pedestrian Collisions,D11,90,Junction Area (90),-79.4701,43.665,NULL,NULL,N,NULL,NULL,NULL
8001806381,2018,00:00.0,310,3,BATHURST ST,FRONT ST W,NULL,1,Toronto and East York,10,14,Intersection,At Intersection,Traffic Signal,Clear,"Dark, artificial",Dry,Non-Fatal Injury,Pedestrian Collisions,D14,77,Waterfront Communities-The Island (77),-79.4013,43.6406,NULL,NULL,N,NULL,NULL,NULL
9001357521,2019,00:00.0,1924,19,FINCH AVE W,JANE ST,NULL,1,Etobicoke York,7,31,Mid-Block,At/Near Private Drive,No Control,Clear,Daylight,Dry,Non-Fatal Injury,Turning Movement,D31,25,Glenfield-Jane Heights (25),-79.5191,43.757,NULL,NULL,N,NULL,NULL,NULL
9001359659,2019,00:00.0,135,1,BLOOR ST W,BALMUTO ST,28 m West of,1,Toronto and East York,11,NULL,Mid-Block,Non Intersection,No Control,Clear,"Dark, artificial",Dry,Non-Fatal Injury,Cyclist Collisions,D52,76,Bay Street Corridor (76),-79.3883,43.6698,NULL,NULL,N,NULL,NULL,NULL
9000969517,2019,00:00.0,910,9,SIMCOE ST,PEARL ST,NULL,2,Toronto and East York,10,52,Intersection,At Intersection,No Control,Clear,Daylight,Dry,Non-Fatal Injury,Cyclist Collisions,D52,76,Bay Street Corridor (76),-79.3863,43.6479,NULL,NULL,N,NULL,NULL,NULL
9000963732,2019,00:00.0,1757,17,CARLTON ST,BERKELEY ST,1 m West of,NULL,NULL,NULL,NULL,Mid-Block,Non Intersection,No Control,Clear,Daylight,Dry,Non-Fatal Injury,Cyclist Collisions,D51,71,Cabbagetown-South St.James Town (71),-79.3692,43.6639,NULL,NULL,N,NULL,NULL,NULL
9001689966,2019,00:00.0,800,8,1750 VICTORIA PARK AVE,NULL,27 m South of,1,North York,NULL,NULL,Intersection,At/Near Private Drive,No Control,Clear,Daylight,Dry,Non-Fatal Injury,Cyclist Collisions,D33,119,Wexford/Maryvale (119),-79.3074,43.7361,NULL,NULL,N,NULL,NULL,NULL
8001975971,2018,00:00.0,1157,11,DANFORTH AVE,BROADVIEW AVE,12 m East of,1,Toronto and East York,14,NULL,Intersection,At Intersection,Traffic Signal,Clear,Daylight,Dry,Non-Fatal Injury,Sideswipe,D55,68,North Riverdale (68),-79.3588,43.6761,NULL,NULL,N,NULL,NULL,NULL
9001400690,2019,00:00.0,1857,18,WILSON AVE,BATHURST ST,110 m East of,1,North York,6,32,Mid-Block,At/Near Private Drive,Stop Sign,Clear,Daylight,Dry,Non-Fatal Injury,Turning Movement,D32,38,Lansing-Westgate (38),-79.4324,43.7374,NULL,NULL,N,NULL,NULL,NULL
2063243,2020,00:00.0,2331,23,THE QUEENSWAY,ISLINGTON AV,30 m South of,NULL,NULL,NULL,NULL,Mid-Block,Non Intersection,Traffic Signal,Clear,Dark,Dry,Non-Fatal Injury,SMV Other,D22,16,Stonegate-Queensway (16),-79.5146,43.6233,NULL,NULL,N,NULL,NULL,NULL
8001903233,2018,00:00.0,1000,10,YONGE ST,CARLTON ST,132 m South of,1,Toronto and East York,NULL,NULL,Mid-Block,Non Intersection,No Control,Clear,Daylight,Wet,Non-Fatal Injury,Pedestrian Collisions,D51,75,Church-Yonge Corridor (75),-79.3825,43.6601,NULL,NULL,N,NULL,NULL,NULL
8001961813,2018,00:00.0,1026,10,1315 LAWRENCE AVE E,NULL,300 m East of,1,North York,16,33,Mid-Block,Non Intersection,No Control,Clear,Daylight,Dry,Non-Fatal Injury,SMV Other,D33,43,Victoria Village (43),-79.3237,43.7407,NULL,NULL,N,NULL,NULL,NULL
9000456825,2019,00:00.0,555,5,STEELES AVE E,SEWELLS RD,159 m West of,3,Scarborough,25,42,Mid-Block,Non Intersection,No Control,Clear,Dark,Ice,Non-Fatal Injury,Approaching,D42,131,Rouge (131),-79.2119,43.8455,NULL,NULL,N,NULL,NULL,NULL
9000475774,2019,00:00.0,2246,22,MCCOWAN RD,ALTON TOWERS CRCL,14 m North of,1,Scarborough,23,42,Intersection,Intersection Related,No Control,Rain,"Dark, artificial",Wet,Non-Fatal Injury,Pedestrian Collisions,D42,130,Milliken (130),-79.2758,43.8268,NULL,NULL,N,NULL,NULL,NULL
8001832356,2018,00:00.0,700,7,DUNDAS ST E,LOGAN AVE,35 m East of,3,Toronto and East York,14,55,Mid-Block,Non Intersection,No Control,Rain,Dawn,Wet,Non-Fatal Injury,Cyclist Collisions,D55,70,South Riverdale (70),-79.343,43.664,NULL,NULL,N,NULL,NULL,NULL
8002190612,2018,00:00.0,1812,18,DON MILLS RD,DVP S DON MILLS RD N RAMP,15 m South of,1,Toronto and East York,14,54,Mid-Block,Non Intersection,No Control,Clear,Dark,Dry,Non-Fatal Injury,Approaching,D54,58,Old East York (58),-79.3359,43.7021,NULL,NULL,N,NULL,NULL,NULL
9001468146,2019,00:00.0,257,2,BATHURST ST,HERRICK ST,233 m South of,1,Toronto and East York,11,14,Mid-Block,Non Intersection,No Control,Clear,Daylight,Dry,Non-Fatal Injury,Pedestrian Collisions,D14,79,University (79),-79.4103,43.6629,NULL,NULL,N,NULL,NULL,NULL
9000568934,2019,00:00.0,2022,20,BAYVIEW AVE,ROSEDALE VALLEY RD,NULL,1,Toronto and East York,NULL,51,Intersection,At Intersection,Traffic Signal,Clear,Daylight,Dry,Non-Fatal Injury,Turning Movement,D51,71,Cabbagetown-South St.James Town (71),-79.3601,43.6701,NULL,NULL,N,NULL,NULL,NULL
9000786500,2019,00:00.0,1634,16,FAIRFAX CRES,WARDEN AVE,NULL,1,Scarborough,20,41,Intersection,At Intersection,Traffic Signal,Rain,Daylight,Wet,Non-Fatal Injury,Pedestrian Collisions,D41,120,Clairlea-Birchmount (120),-79.2827,43.7161,NULL,NULL,N,NULL,NULL,NULL
1200544,2010,00:00.0,955,9,STEELES AVE E,OLD KENNEDY RD,NULL,1,Scarborough,22,42,Intersection,At Intersection,Traffic Signal,Clear,Daylight,Dry,Non-Fatal Injury,Pedestrian Collisions,D42,130,Milliken (130),-79.3,43.8253,NULL,NULL,N,NULL,NULL,NULL
1186269,2010,00:00.0,1340,13,MAPLEBRANCH PATH,DIXON RD,NULL,1,Etobicoke York,NULL,23,Intersection,At Intersection,Stop Sign,Clear,Daylight,Dry,Non-Fatal Injury,Cyclist Collisions,D23,6,Kingsview Village-The Westway (6),-79.5451,43.6974,NULL,NULL,N,NULL,NULL,NULL
1187943,2010,00:00.0,850,8,SPADINA Rd,MACPHERSON Ave,NULL,3,Toronto and East York,12,NULL,Intersection,At Intersection,Stop Sign,Clear,Daylight,Dry,Non-Fatal Injury,Angle,D13,96,Casa Loma (96),-79.4074,43.6758,NULL,NULL,N,NULL,NULL,NULL
1220073,2011,00:00.0,1415,14,QUEEN ST W,YORK ST,NULL,1,Toronto and East York,10,52,Mid-Block,NULL,No Control,Snow,Daylight,Wet,Non-Fatal Injury,Pedestrian Collisions,D52,76,Bay Street Corridor (76),-79.3857,43.651,NULL,NULL,N,NULL,NULL,NULL
1220130,2011,00:00.0,2030,20,ELLESMERE RD,GANDER DR,NULL,1,Scarborough,24,43,Intersection,NULL,Traffic Signal,Snow,Dark,Loose Snow,Non-Fatal Injury,Sideswipe,D43,137,Woburn (137),-79.2265,43.7775,NULL,NULL,N,NULL,NULL,NULL
9000383019,2019,00:00.0,1609,16,2721 VICTORIA PARK AVE,NULL,NULL,1,Scarborough,NULL,NULL,Mid-Block,Non Intersection,No Control,Clear,Daylight,Dry,Non-Fatal Injury,Pedestrian Collisions,D33,117,L'Amoreaux (117),-79.3236,43.7764,NULL,NULL,N,NULL,NULL,NULL
9000625223,2019,00:00.0,1113,11,THE WEST MALL,CIVIC CENTRE CRT,8 m North of,3,Etobicoke York,2,22,Intersection,At Intersection,Traffic Signal,Clear,Daylight,Dry,Non-Fatal Injury,SMV Other,D22,13,Etobicoke West Mall (13),-79.5659,43.6421,NULL,NULL,N,NULL,NULL,NULL
8002138681,2018,00:00.0,1606,16,DUFFERIN ST,STEEPROCK DR,52 m North of,1,North York,6,32,Mid-Block,Non Intersection,No Control,Clear,"Dusk, artificial",Dry,Non-Fatal Injury,Pedestrian Collisions,D32,34,Bathurst Manor (34),-79.4653,43.7618,NULL,NULL,N,NULL,NULL,NULL
8002146919,2018,00:00.0,1952,19,DANFORTH RD,KENNEDY RD,NULL,3,Scarborough,20,41,Intersection,At Intersection,Traffic Signal,Clear,Dark,Wet,Non-Fatal Injury,Pedestrian Collisions,D41,120,Clairlea-Birchmount (120),-79.2608,43.7147,NULL,NULL,N,NULL,NULL,NULL
8002051381,2018,00:00.0,2315,23,STEELES AVE W,ALNESS ST,NULL,1,North York,6,32,Intersection,At Intersection,Traffic Signal,Rain,"Dark, artificial",Wet,Non-Fatal Injury,Cyclist Collisions,D32,27,York University Heights (27),-79.481,43.7846,NULL,NULL,N,NULL,NULL,NULL
8002088211,2018,00:00.0,1822,18,ELLESMERE  RD,NEILSON  RD,NULL,1,Scarborough,24,43,Mid-Block,Non Intersection,No Control,Clear,"Dark, artificial",Dry,Fatal,Pedestrian Collisions,D43,135,Morningside (135),-79.2022,43.7831,NULL,NULL,N,NULL,NULL,NULL
9000481898,2019,00:00.0,2155,21,BAY ST,WELLINGTON ST W,NULL,1,Toronto and East York,NULL,52,Intersection,At Intersection,Traffic Signal,Clear,"Dark, artificial",Wet,Non-Fatal Injury,Pedestrian Collisions,D52,76,Bay Street Corridor (76),-79.3796,43.6472,NULL,NULL,N,NULL,NULL,NULL