ACCNUM,YEAR,DATE,TIME,HOUR,STREET1,STREET2,OFFSET,ROAD_CLASS,DISTRICT,WARDNUM,DIVISION,LOCCOORD,ACCLOC,TRAFFCTL,VISIBILITY,LIGHT,RDSFCOND,ACCLASS,IMPACTYPE,POLICE_DIVISION,HOOD_ID,NEIGHBOURHOOD,collision_lat,collision_long,red_light_lat,red_light_long,right_light_camera,LINEAR_NAME_FULL_1,LINEAR_NAME_FULL_2,ACTIVATION_DATE
1223946,2011,00:00.0,1545,15,WESTON RD,AVON CRES,NULL,1,Etobicoke York,5,12,Intersection,At Intersection,Stop Sign,Clear,Daylight,Dry,Non-Fatal Injury,Pedestrian Collisions,D12,111,Rockcliffe-Smythe (111),-79.4761,43.681,NULL,NULL,N,NULL,NULL,NULL
1220029,2011,00:00.0,1110,11,KINGSTON RD,BRINLOOR BLVD,NULL,1,Scarborough,24,43,Intersection,At Intersection,Stop Sign,Rain,Daylight,Wet,Non-Fatal Injury,Turning Movement,D43,139,Scarborough Village (139),-79.2144,43.7411,NULL,NULL,N,NULL,NULL,NULL
1220060,2011,00:00.0,2239,22,ROYAL YORK RD,USHER AVE,NULL,3,Etobicoke York,3,22,Mid-Block,At Intersection,No Control,Clear,Dark,Dry,Non-Fatal Injury,Approaching,D22,15,Kingsway South (15),-79.5147,43.655,NULL,NULL,N,NULL,NULL,NULL
1201760,2010,00:00.0,2303,23,STEELES Aven W,HIGHWAY 400  N,NULL,1,Etobicoke York,7,31,Intersection,At Intersection,Traffic Signal,Clear,Dark,Dry,Non-Fatal Injury,Turning Movement,D31,21,Humber Summit (21),-79.5378,43.772,NULL,NULL,N,NULL,NULL,NULL
1205226,2010,00:00.0,1820,18,PARKSIDE DR,HOWARD PARK AVE,NULL,1,Toronto and East York,4,11,Intersection,At Intersection,Traffic Signal,Rain,Dark,Wet,Non-Fatal Injury,Pedestrian Collisions,D11,87,High Park-Swansea (87),-79.4577,43.6486,NULL,NULL,N,NULL,NULL,NULL
9000637791,2019,00:00.0,853,8,JANE ST,EGLINTON AVE W,68 m North of,1,Etobicoke York,5,12,Mid-Block,Non Intersection,No Control,Clear,Daylight,Dry,Non-Fatal Injury,Pedestrian Collisions,D12,115,Mount Dennis (115),-79.4992,43.6858,NULL,NULL,N,NULL,NULL,NULL
9001714515,2019,00:00.0,1244,12,LAKE PROMENADE,CRYSTAL CRES,20 m West of,4,Etobicoke York,NULL,NULL,Intersection,Intersection Related,No Control,Clear,Daylight,Dry,Non-Fatal Injury,Cyclist Collisions,D22,19,Long Branch (19),-79.5266,43.5902,NULL,NULL,N,NULL,NULL,NULL
1224952,2011,00:00.0,1545,15,BATHURST ST,DUPONT ST,NULL,1,Toronto and East York,11,14,Intersection,At Intersection,Traffic Signal,Snow,Daylight,Loose Snow,Non-Fatal Injury,Turning Movement,D14,95,Annex (95),-79.4143,43.6731,NULL,NULL,N,NULL,NULL,NULL
1193897,2010,00:00.0,915,9,SHEPPARD AVE E,KENNEDY RD,NULL,1,Scarborough,22,42,Mid-Block,NULL,No Control,Clear,Daylight,Dry,Non-Fatal Injury,Pedestrian Collisions,D42,118,Tam O'Shanter-Sullivan (118),-79.2892,43.783,NULL,NULL,N,NULL,NULL,NULL
1221014,2011,00:00.0,1140,11,DUNDAS ST W,BAY ST,NULL,1,Toronto and East York,NULL,52,Intersection,At Intersection,Traffic Signal,Clear,Daylight,Dry,Non-Fatal Injury,Pedestrian Collisions,D52,76,Bay Street Corridor (76),-79.3837,43.6557,NULL,NULL,N,NULL,NULL,NULL
1192726,2010,00:00.0,2017,20,DANFORTH RD,BIRCHMOUNT RD,NULL,3,Scarborough,20,41,Mid-Block,NULL,No Control,Clear,Dark,Dry,Non-Fatal Injury,Pedestrian Collisions,D41,120,Clairlea-Birchmount (120),-79.2684,43.7064,NULL,NULL,N,NULL,NULL,NULL
1193945,2010,00:00.0,203,2,HIGHWAY 27  N,BETHRIDGE Rd,NULL,1,Etobicoke York,1,23,Intersection,NULL,No Control,Clear,Dark,Dry,Non-Fatal Injury,Rear End,D23,1,West Humber-Clairville (1),-79.5911,43.7081,NULL,NULL,N,NULL,NULL,NULL
1206111,2010,00:00.0,2041,20,PARLIAMENT St,FRONT St E,NULL,3,Toronto and East York,13,51,Intersection,At Intersection,Traffic Signal,Clear,Dark,Dry,Non-Fatal Injury,Angle,D51,77,Waterfront Communities-The Island (77),-79.3626,43.6515,NULL,NULL,N,NULL,NULL,NULL
1232760,2011,00:00.0,1307,13,CHURCH ST,CHARLES ST E,NULL,3,Toronto and East York,11,51,Mid-Block,NULL,No Control,Clear,Daylight,Dry,Non-Fatal Injury,Pedestrian Collisions,D51,75,Church-Yonge Corridor (75),-79.3825,43.6697,NULL,NULL,N,NULL,NULL,NULL
1225643,2011,00:00.0,1035,10,NORTH QUEEN ST,VANSCO RD,NULL,3,Etobicoke York,3,22,Intersection,NULL,No Control,Clear,Daylight,Dry,Non-Fatal Injury,Sideswipe,D22,14,Islington-City Centre West (14),-79.5357,43.6235,NULL,NULL,N,NULL,NULL,NULL
1232073,2011,00:00.0,1450,14,DAVENPORT Road,DUFFERIN Stre,NULL,3,Toronto and East York,9,13,Mid-Block,NULL,No Control,Clear,Daylight,Dry,Non-Fatal Injury,Pedestrian Collisions,D13,92,Corso Italia-Davenport (92),-79.4415,43.6728,NULL,NULL,N,NULL,NULL,NULL
1234066,2011,00:00.0,1620,16,JANE ST,HOMEVIEW AVE,NULL,1,Etobicoke York,5,12,Intersection,NULL,No Control,Rain,Daylight,Wet,Non-Fatal Injury,Pedestrian Collisions,D12,111,Rockcliffe-Smythe (111),-79.4923,43.6686,NULL,NULL,N,NULL,NULL,NULL
981306,2007,00:00.0,2123,21,ISLINGTON AVE,ABERFOYLE CRES,NULL,1,Etobicoke York,3,22,Mid-Block,NULL,No Control,Clear,Dark,Dry,Non-Fatal Injury,Pedestrian Collisions,D22,14,Islington-City Centre West (14),-79.5238,43.6458,NULL,NULL,N,NULL,NULL,NULL
1007074,2007,00:00.0,1100,11,KING ST W,TECUMSETH ST,NULL,1,Toronto and East York,10,14,Mid-Block,NULL,No Control,Rain,Daylight,Wet,Non-Fatal Injury,Cyclist Collisions,D14,82,Niagara (82),-79.4032,43.6438,NULL,NULL,N,NULL,NULL,NULL
978198,2007,00:00.0,1730,17,STEELES AVE W,BATHURST ST,NULL,1,North York,NULL,32,Intersection,At Intersection,Traffic Signal,Clear,Daylight,Dry,Non-Fatal Injury,Pedestrian Collisions,D32,36,Newtonbrook West (36),-79.4457,43.7924,-79.4457,43.7924,Y,Steeles Ave W,Bathurst St,2021-12-29
995785,2007,00:00.0,1503,15,LA ROSE AVE,WATLING ST,NULL,4,Etobicoke York,2,23,Intersection,NULL,No Control,Clear,Daylight,Wet,Fatal,SMV Other,D23,7,Willowridge-Martingrove-Richview (7),-79.5325,43.683,NULL,NULL,N,NULL,NULL,NULL
997564,2007,00:00.0,1010,10,BERGAMOT AVE,ISLINGTON AVE,NULL,2,Etobicoke York,1,23,Mid-Block,NULL,No Control,Rain,Daylight,Wet,Fatal,Approaching,D23,4,Rexdale-Kipling (4),-79.5586,43.7162,NULL,NULL,N,NULL,NULL,NULL
1007918,2007,00:00.0,1806,18,MARTIN GROVE Road,ROYALCREST Road,NULL,3,Etobicoke York,1,23,Intersection,NULL,No Control,Clear,Dark,Wet,Non-Fatal Injury,Pedestrian Collisions,D23,2,Mount Olive-Silverstone-Jamestown (2),-79.5992,43.7522,NULL,NULL,N,NULL,NULL,NULL
1045778,2008,00:00.0,1410,14,KING ST W,YORK ST,NULL,1,Toronto and East York,10,52,Mid-Block,At Intersection,No Control,Clear,Daylight,Dry,Non-Fatal Injury,Cyclist Collisions,D52,76,Bay Street Corridor (76),-79.3817,43.6483,NULL,NULL,N,NULL,NULL,NULL
992910,2007,00:00.0,630,6,MCNICOLL AVE,SILVER SPRINGS BLVD,NULL,3,Scarborough,22,42,Mid-Block,NULL,No Control,Clear,Daylight,Dry,Non-Fatal Injury,SMV Other,D42,116,Steeles (116),-79.3041,43.8112,NULL,NULL,N,NULL,NULL,NULL
980093,2007,00:00.0,908,9,ST CLAIR AVE W,LAUGHTON AVE,NULL,1,Toronto and East York,9,NULL,Mid-Block,NULL,No Control,Clear,Daylight,Dry,Non-Fatal Injury,Cyclist Collisions,D11,91,Weston-Pellam Park (91),-79.4573,43.6747,NULL,NULL,N,NULL,NULL,NULL
980693,2007,00:00.0,818,8,BLOOR ST E,PARLIAMENT ST,NULL,1,Toronto and East York,13,NULL,Intersection,At Intersection,Traffic Signal,Clear,Daylight,Dry,Non-Fatal Injury,Rear End,D53,71,Cabbagetown-South St.James Town (71),-79.3706,43.672,NULL,NULL,N,NULL,NULL,NULL
992122,2007,00:00.0,210,2,QUEEN ST E,KNOX AVE,NULL,3,Toronto and East York,14,55,Mid-Block,NULL,No Control,Clear,Dark,Dry,Non-Fatal Injury,Cyclist Collisions,D55,65,Greenwood-Coxwell (65),-79.3256,43.6642,NULL,NULL,N,NULL,NULL,NULL
6000071039,2016,00:00.0,2117,21,WARDEN AVE,BAMBURGH CRCL,NULL,1,Scarborough,22,42,Intersection,At Intersection,Traffic Signal,Strong wind,Dark,Slush,Non-Fatal Injury,Pedestrian Collisions,D42,116,Steeles (116),-79.3245,43.8161,NULL,NULL,N,NULL,NULL,NULL
1007205,2007,00:00.0,1755,17,RONCESVALLES Aven,CONSTANCE Stre,NULL,3,Toronto and East York,4,11,Intersection,At Intersection,No Control,Clear,Dark,Dry,Non-Fatal Injury,Pedestrian Collisions,D11,86,Roncesvalles (86),-79.4503,43.6496,NULL,NULL,N,NULL,NULL,NULL
999384,2007,00:00.0,1140,11,DON VALLEY PARKWAY  N,F G GARDINER XY  W,NULL,NULL,Toronto and East York,14,55,Mid-Block,At Intersection,No Control,Clear,Daylight,Dry,Non-Fatal Injury,SMV Other,D55,70,South Riverdale (70),-79.349,43.6537,NULL,NULL,N,NULL,NULL,NULL
1041105,2008,00:00.0,1838,18,LAWRENCE Ave W,ROXALINE St,NULL,3,Etobicoke York,2,23,Intersection,At Intersection,Stop Sign,Clear,Daylight,Dry,Non-Fatal Injury,Angle,D23,8,Humber Heights-Westmount (8),-79.5296,43.6968,NULL,NULL,N,NULL,NULL,NULL
997905,2007,00:00.0,1630,16,695 WILSON Ave,NULL,NULL,1,North York,6,32,Mid-Block,NULL,No Control,Rain,Daylight,Wet,Non-Fatal Injury,Rear End,D32,33,Clanton Park (33),-79.4568,43.7324,NULL,NULL,N,NULL,NULL,NULL
1063951,2008,00:00.0,145,1,EGLINTON Ave E,MIDLAND Ave,NULL,1,Scarborough,NULL,41,Intersection,At Intersection,Traffic Signal,Clear,Dark,Dry,Non-Fatal Injury,Angle,D41,138,Eglinton East (138),-79.258,43.7345,NULL,NULL,N,NULL,NULL,NULL
1047910,2008,00:00.0,1337,13,DANFORTH AVE,COXWELL AVE,NULL,1,Toronto and East York,NULL,NULL,Intersection,At Intersection,Traffic Signal,Clear,Daylight,Dry,Fatal,Pedestrian Collisions,D55,64,Woodbine Corridor (64),-79.3235,43.6833,NULL,NULL,N,NULL,NULL,NULL
1058820,2008,00:00.0,2240,22,LESLIE ST,FINCH AVE E,NULL,1,North York,17,33,Mid-Block,NULL,No Control,Clear,Dark,Dry,Non-Fatal Injury,SMV Other,D33,47,Don Valley Village (47),-79.3678,43.7893,NULL,NULL,N,NULL,NULL,NULL
1038469,2008,00:00.0,1550,15,MCCOWAN RD,CORPORATE DR,NULL,1,Scarborough,23,42,Mid-Block,NULL,No Control,Rain,Daylight,Wet,Non-Fatal Injury,Pedestrian Collisions,D42,128,Agincourt South-Malvern West (128),-79.2561,43.7846,NULL,NULL,N,NULL,NULL,NULL
1062115,2008,00:00.0,920,9,ST CLAIR AVE W,LAUGHTON AVE,NULL,1,Toronto and East York,9,NULL,Intersection,At Intersection,Traffic Signal,Clear,Daylight,Dry,Non-Fatal Injury,Pedestrian Collisions,D11,91,Weston-Pellam Park (91),-79.4575,43.6747,NULL,NULL,N,NULL,NULL,NULL
1048845,2008,00:00.0,1601,16,COLLEGE ST,SPADINA AVE,NULL,1,Toronto and East York,11,52,Mid-Block,NULL,No Control,Clear,Daylight,Dry,Non-Fatal Injury,Pedestrian Collisions,D52,79,University (79),-79.3994,43.658,NULL,NULL,N,NULL,NULL,NULL
1052609,2008,00:00.0,1155,11,KEELE St,ST REGIS Cres,NULL,1,Etobicoke York,NULL,31,Intersection,At Intersection,Traffic Signal,Clear,Daylight,Dry,Non-Fatal Injury,Rear End,D31,27,York University Heights (27),-79.4887,43.7545,NULL,NULL,N,NULL,NULL,NULL
1044659,2008,00:00.0,1455,14,FINCH AVE E,BAYVIEW AVE,NULL,1,North York,NULL,NULL,Intersection,At Intersection,Traffic Signal,Clear,Daylight,Dry,Non-Fatal Injury,Sideswipe,D33,49,Bayview Woods-Steeles (49),-79.392,43.785,NULL,NULL,N,NULL,NULL,NULL
1057099,2008,00:00.0,859,8,VALHALLA INN RD,427 C N VALHALLA INN RAMP,NULL,2,Etobicoke York,2,22,Mid-Block,NULL,No Control,Clear,Daylight,Dry,Non-Fatal Injury,Pedestrian Collisions,D22,14,Islington-City Centre West (14),-79.5596,43.641,NULL,NULL,N,NULL,NULL,NULL
1055623,2008,00:00.0,1614,16,MCCOWAN RD,HURONIA GT,NULL,1,Scarborough,NULL,43,Intersection,At Intersection,No Control,Clear,Daylight,Dry,Non-Fatal Injury,Rear End,D43,137,Woburn (137),-79.2501,43.7686,NULL,NULL,N,NULL,NULL,NULL
1032200,2008,00:00.0,1645,16,MARKHAM Rd,SHEPPARD Ave E,NULL,1,Scarborough,23,42,Intersection,At Intersection,Traffic Signal,Clear,Daylight,Dry,Non-Fatal Injury,Pedestrian Collisions,D42,132,Malvern (132),-79.2387,43.7938,-79.2387,43.7938,Y,Markham Rd,Sheppard Ave E,2017-04-11
1062415,2008,00:00.0,1025,10,YONGE ST,BISHOP AVE,NULL,1,North York,18,32,Mid-Block,NULL,No Control,Clear,Daylight,Dry,Fatal,Pedestrian Collisions,D32,50,Newtonbrook East (50),-79.4163,43.7832,NULL,NULL,N,NULL,NULL,NULL
1062738,2008,00:00.0,338,3,SPADINA AVE,OXFORD ST,NULL,1,Toronto and East York,11,NULL,Intersection,NULL,No Control,Clear,Dark,Dry,Non-Fatal Injury,Pedestrian Collisions,D14,78,Kensington-Chinatown (78),-79.3995,43.6567,NULL,NULL,N,NULL,NULL,NULL
1059152,2008,00:00.0,1445,14,185 CARLINGVIEW Driv,NULL,NULL,1,Etobicoke York,1,23,Mid-Block,NULL,No Control,Clear,Daylight,Dry,Non-Fatal Injury,Rear End,D23,1,West Humber-Clairville (1),-79.5946,43.6848,NULL,NULL,N,NULL,NULL,NULL
1036520,2008,00:00.0,1105,11,GRANDRAVINE DR,SENTINEL RD,NULL,2,Etobicoke York,NULL,31,Intersection,At Intersection,Stop Sign,Clear,Daylight,Dry,Non-Fatal Injury,Pedestrian Collisions,D31,27,York University Heights (27),-79.4955,43.7516,NULL,NULL,N,NULL,NULL,NULL
1063638,2008,00:00.0,2035,20,319 KIPLING AVE,NULL,NULL,1,Etobicoke York,3,22,Mid-Block,NULL,No Control,Clear,Dark,Dry,Non-Fatal Injury,SMV Other,D22,18,New Toronto (18),-79.5173,43.5991,NULL,NULL,N,NULL,NULL,NULL
1064434,2008,00:00.0,2025,20,BIRCHMOUNT RD,LAWRENCE AVE E,NULL,1,Scarborough,21,41,Intersection,At Intersection,Traffic Signal,Rain,Dark,Wet,Non-Fatal Injury,Pedestrian Collisions,D41,126,Dorset Park (126),-79.2847,43.7475,NULL,NULL,N,NULL,NULL,NULL
1065595,2008,00:00.0,545,5,HIGHWAY 27 Ramp S,27 S DIXON W RAMP,NULL,1,Etobicoke York,1,23,Mid-Block,NULL,No Control,Clear,Dark,Dry,Fatal,SMV Other,D23,1,West Humber-Clairville (1),-79.5827,43.69,NULL,NULL,N,NULL,NULL,NULL
1050560,2008,00:00.0,708,7,BEVERLY HILLS Driv,JANE Stre,NULL,1,Etobicoke York,NULL,31,Intersection,At Intersection,Traffic Signal,Clear,Daylight,Dry,Non-Fatal Injury,Pedestrian Collisions,D31,26,Downsview-Roding-CFB (26),-79.5081,43.719,NULL,NULL,N,NULL,NULL,NULL
1035924,2008,00:00.0,738,7,ST CLAIR AVE E,JEANETTE ST,NULL,3,Scarborough,20,41,Intersection,At Intersection,Stop Sign,Clear,Daylight,Dry,Fatal,Pedestrian Collisions,D41,123,Cliffcrest (123),-79.247,43.7196,NULL,NULL,N,NULL,NULL,NULL
1053246,2008,00:00.0,1744,17,BATHURST ST,DUNDAS ST W,NULL,1,Toronto and East York,NULL,14,Intersection,At Intersection,Traffic Signal,Clear,Daylight,Dry,Non-Fatal Injury,Turning Movement,D14,78,Kensington-Chinatown (78),-79.4059,43.6523,NULL,NULL,N,NULL,NULL,NULL
1056442,2008,00:00.0,1540,15,68 NORSEMAN ST,NULL,NULL,2,Etobicoke York,3,22,Mid-Block,NULL,No Control,Clear,Daylight,Dry,Non-Fatal Injury,Cyclist Collisions,D22,16,Stonegate-Queensway (16),-79.5136,43.6355,NULL,NULL,N,NULL,NULL,NULL
1061341,2008,00:00.0,545,5,WILSON AVE,HIGHWAY 400  S,NULL,1,Etobicoke York,7,31,Intersection,At Intersection,No Control,Clear,Dark,Wet,Fatal,SMV Other,D31,26,Downsview-Roding-CFB (26),-79.521,43.7181,NULL,NULL,N,NULL,NULL,NULL
1069132,2008,00:00.0,1500,15,STEELES AVE E,FENTON RD,NULL,1,Scarborough,23,42,Intersection,At Intersection,Traffic Signal,Clear,Daylight,Dry,Non-Fatal Injury,Cyclist Collisions,D42,130,Milliken (130),-79.2916,43.8272,NULL,NULL,N,NULL,NULL,NULL
1024249,2008,00:00.0,1509,15,EGLINTON AVE E,PHARMACY AVE,NULL,1,Scarborough,NULL,41,Intersection,At Intersection,Traffic Signal,Clear,Daylight,Wet,Non-Fatal Injury,Turning Movement,D41,119,Wexford/Maryvale (119),-79.2974,43.7256,NULL,NULL,N,NULL,NULL,NULL
1057892,2008,00:00.0,806,8,TRETHEWEY DR,TEDDER ST,NULL,3,Etobicoke York,5,12,Intersection,At Intersection,No Control,Clear,Daylight,Dry,Fatal,Cyclist Collisions,D12,30,Brookhaven-Amesbury (30),-79.4989,43.6973,NULL,NULL,N,NULL,NULL,NULL
1058659,2008,00:00.0,2230,22,F G GARDINER Expr W,CHERRY Stre,NULL,1,Toronto and East York,10,51,Intersection,NULL,No Control,Clear,Dark,Dry,Non-Fatal Injury,SMV Other,D51,77,Waterfront Communities-The Island (77),-79.356,43.6491,NULL,NULL,N,NULL,NULL,NULL
1046412,2008,00:00.0,1345,13,EGLINTON AVE E,BARBADOS BLVD,NULL,1,Scarborough,NULL,43,Mid-Block,NULL,No Control,Clear,Daylight,Dry,Fatal,Approaching,D43,138,Eglinton East (138),-79.2423,43.7379,NULL,NULL,N,NULL,NULL,NULL
6000186933,2016,00:00.0,320,3,KENNEDY RD,NORCAP AVE,16 m North of,1,Scarborough,22,42,Intersection,Non Intersection,No Control,Clear,"Dark, artificial",Wet,Non-Fatal Injury,Approaching,D42,117,L'Amoreaux (117),-79.2943,43.7971,NULL,NULL,N,NULL,NULL,NULL
1050562,2008,00:00.0,1235,12,KELSONIA AVE,SCARBORO CRES,NULL,4,Scarborough,20,41,Mid-Block,NULL,No Control,Clear,Daylight,Dry,Non-Fatal Injury,Pedestrian Collisions,D41,123,Cliffcrest (123),-79.2463,43.7115,NULL,NULL,N,NULL,NULL,NULL
1017137,2008,00:00.0,1823,18,ROGERS RD,KANE AVE,NULL,3,Etobicoke York,NULL,12,Intersection,NULL,Stop Sign,Clear,Dark,Dry,Fatal,Angle,D12,110,Keelesdale-Eglinton West (110),-79.4664,43.682,NULL,NULL,N,NULL,NULL,NULL
1062955,2008,00:00.0,1428,14,MARTIN GROVE RD,ALBION RD,NULL,3,Etobicoke York,1,23,Mid-Block,Non Intersection,No Control,Clear,Daylight,Dry,Non-Fatal Injury,SMV Other,D23,2,Mount Olive-Silverstone-Jamestown (2),-79.5944,43.7423,NULL,NULL,N,NULL,NULL,NULL
1020755,2008,00:00.0,1520,15,KENNEDY RD,BRIGSTOCK RD,NULL,1,Scarborough,21,41,Mid-Block,NULL,No Control,Clear,Daylight,Wet,Non-Fatal Injury,Approaching,D41,126,Dorset Park (126),-79.2798,43.7623,NULL,NULL,N,NULL,NULL,NULL
6001937894,2016,00:00.0,2035,20,LAWRENCE AVE E,DON MILLS RD,45 m West of,1,North York,16,33,Mid-Block,Non Intersection,No Control,Clear,"Dark, artificial",Dry,Non-Fatal Injury,Pedestrian Collisions,D33,42,Banbury-Don Mills (42),-79.3442,43.7369,NULL,NULL,N,NULL,NULL,NULL
6001945011,2016,00:00.0,2100,21,BAYVIEW AVE,HEATHCOTE AVE,100 m North of,1,North York,15,NULL,Mid-Block,Non Intersection,No Control,Clear,"Dark, artificial",Dry,Non-Fatal Injury,Turning Movement,D33,40,St.Andrew-Windfields (40),-79.3851,43.753,NULL,NULL,N,NULL,NULL,NULL
1064077,2008,00:00.0,2300,23,SIMPSON AVE,BROADVIEW AVE,NULL,4,Toronto and East York,14,55,Mid-Block,NULL,No Control,Rain,Dark,Wet,Non-Fatal Injury,Pedestrian Collisions,D55,68,North Riverdale (68),-79.3485,43.6671,NULL,NULL,N,NULL,NULL,NULL
1059399,2008,00:00.0,1838,18,KINGSTON RD,WOODBINE AVE,NULL,1,Toronto and East York,19,55,Intersection,At Intersection,Traffic Signal,Clear,Daylight,Dry,Fatal,Approaching,D55,63,The Beaches (63),-79.3078,43.6739,NULL,NULL,N,NULL,NULL,NULL
6000243323,2016,00:00.0,954,9,WEDGEWOOD DR,TOBRUK CRES,NULL,4,North York,18,32,Intersection,NULL,Stop Sign,Clear,Daylight,Wet,Fatal,Pedestrian Collisions,D32,50,Newtonbrook East (50),-79.4139,43.7896,NULL,NULL,N,NULL,NULL,NULL
7000957172,2017,00:00.0,1750,17,FRONT ST E,LOWER JARVIS ST,20 m East of,1,Toronto and East York,13,51,Intersection,At Intersection,Traffic Signal,Rain,Daylight,Wet,Non-Fatal Injury,SMV Other,D51,77,Waterfront Communities-The Island (77),-79.3714,43.6493,NULL,NULL,N,NULL,NULL,NULL
6001681800,2016,00:00.0,1537,15,REXDALE BLVD,BERGAMOT AVE,160 m West of,1,Etobicoke York,1,23,Mid-Block,Non Intersection,No Control,Clear,Daylight,Dry,Non-Fatal Injury,Turning Movement,D23,1,West Humber-Clairville (1),-79.5618,43.7127,NULL,NULL,N,NULL,NULL,NULL
7000964313,2017,00:00.0,1800,18,JANE ST,TROUTBROOKE DR,2 m South of,1,Etobicoke York,NULL,31,Intersection,At Intersection,Traffic Signal,Clear,Daylight,Dry,Non-Fatal Injury,SMV Other,D31,26,Downsview-Roding-CFB (26),-79.5112,43.7317,NULL,NULL,N,NULL,NULL,NULL
6000444329,2016,00:00.0,1739,17,PAPE AVE,CANNING AVE,40 m North of,1,Toronto and East York,14,54,Mid-Block,Non Intersection,No Control,Clear,Dusk,Wet,Non-Fatal Injury,Pedestrian Collisions,D54,59,Danforth East York (59),-79.3462,43.6827,NULL,NULL,N,NULL,NULL,NULL
6001577121,2016,00:00.0,1913,19,CARLTON ST,SEATON ST,37 m East of,3,Toronto and East York,13,51,Intersection,Intersection Related,No Control,Clear,Daylight,Dry,Non-Fatal Injury,Cyclist Collisions,D51,73,Moss Park (73),-79.3714,43.6634,NULL,NULL,N,NULL,NULL,NULL
1016775,2008,00:00.0,645,6,MARTIN GROVE RD,STEELES AVE W,NULL,1,Etobicoke York,1,23,Intersection,At Intersection,Traffic Signal,Clear,Dark,Dry,Non-Fatal Injury,Pedestrian Collisions,D23,2,Mount Olive-Silverstone-Jamestown (2),-79.6033,43.7578,-79.6033,43.7578,Y,Steeles Ave W,Martin Grove Rd,2021-06-29
7000539360,2017,00:00.0,855,8,EGLINTON AVE W,RUSSELL HILL RD,3 m East of,1,North York,NULL,53,Intersection,Non Intersection,Traffic Controller,Clear,Daylight,Wet,Non-Fatal Injury,Other,D53,101,Forest Hill South (101),-79.4154,43.703,NULL,NULL,N,NULL,NULL,NULL
7000960688,2017,00:00.0,900,9,ELLESMERE RD,BELLAMY RD N,NULL,1,Scarborough,24,43,Intersection,At Intersection,Traffic Signal,Clear,Daylight,Dry,Non-Fatal Injury,Pedestrian Collisions,D43,137,Woburn (137),-79.2417,43.7743,-79.2417,43.7743,Y,Ellesmere Rd,Bellamy Rd N,2017-03-10
7001157436,2017,00:00.0,1648,16,MIDDELFIELD ROAD,PEBBLEWOOD AVENUE,NULL,3,Scarborough,23,42,Intersection,At Intersection,No Control,Clear,Daylight,Dry,Non-Fatal Injury,Pedestrian Collisions,D42,130,Milliken (130),-79.2631,43.8232,NULL,NULL,N,NULL,NULL,NULL
6001813950,2016,00:00.0,1117,11,EGLINTON AVE E,MIDLAND AVE,NULL,1,Scarborough,NULL,41,Intersection,Intersection Related,Traffic Signal,Clear,Daylight,Dry,Fatal,Pedestrian Collisions,D41,124,Kennedy Park (124),-79.258,43.7345,NULL,NULL,N,NULL,NULL,NULL
6001924848,2016,00:00.0,1825,18,LAWRENCE AVE W,CHATSWORTH DR,20 m East of,1,North York,8,NULL,Intersection,Intersection Related,No Control,Clear,"Dark, artificial",Dry,Non-Fatal Injury,Turning Movement,D53,103,Lawrence Park South (103),-79.4113,43.7231,NULL,NULL,N,NULL,NULL,NULL
6001790676,2016,00:00.0,1113,11,DUPLEX AVE,MONTGOMERY AVE,NULL,3,North York,8,53,Intersection,At Intersection,Stop Sign,Clear,Daylight,Dry,Non-Fatal Injury,Pedestrian Collisions,D53,100,Yonge-Eglinton (100),-79.401,43.709,NULL,NULL,N,NULL,NULL,NULL
7001039810,2017,00:00.0,1922,19,1755 LAKE SHORE BLVD W,NULL,9 m North of,1,Toronto and East York,4,11,Mid-Block,Non Intersection,No Control,Clear,Daylight,Dry,Non-Fatal Injury,Sideswipe,D11,85,South Parkdale (85),-79.4574,43.6378,NULL,NULL,N,NULL,NULL,NULL
7000983227,2017,00:00.0,1134,11,RIDGEMOOR AVE,KINGSTON RD,NULL,1,Scarborough,20,41,Intersection,At Intersection,Traffic Signal,Clear,Daylight,Dry,Fatal,Pedestrian Collisions,D41,122,Birchcliffe-Cliffside (122),-79.2512,43.7062,NULL,NULL,N,NULL,NULL,NULL
7001016401,2017,00:00.0,1030,10,DAVENPORT RD,AVENUE RD,100 m East of,1,Toronto and East York,11,53,Mid-Block,Non Intersection,No Control,Clear,Daylight,Dry,Non-Fatal Injury,Cyclist Collisions,D53,95,Annex (95),-79.3953,43.6748,NULL,NULL,N,NULL,NULL,NULL
6001965886,2016,00:00.0,32,0,BRUYERES  MEWS,IANNUZZI  ST,40 m West of,6,Toronto and East York,10,14,Mid-Block,Non Intersection,No Control,Clear,Dark,Dry,Non-Fatal Injury,Turning Movement,D14,82,Niagara (82),-79.4018,43.6373,NULL,NULL,N,NULL,NULL,NULL
7000305009,2017,00:00.0,709,7,DON VALLEY PARKWAY  S,PRINCE EDWARD VIADUCT,150 m North of,NULL,Toronto and East York,14,54,Mid-Block,Non Intersection,No Control,Clear,Daylight,Dry,Non-Fatal Injury,SMV Other,D54,67,Playter Estates-Danforth (67),-79.3619,43.6767,NULL,NULL,N,NULL,NULL,NULL
7000844839,2017,00:00.0,1740,17,STRACHAN  AVE,DOURO ST,NULL,3,Toronto and East York,10,14,Intersection,At Intersection,Traffic Signal,Clear,Daylight,Dry,Non-Fatal Injury,Cyclist Collisions,D14,82,Niagara (82),-79.4114,43.6406,NULL,NULL,N,NULL,NULL,NULL
7000855624,2017,00:00.0,1315,13,MEADOWVALE RD,SHEPPARD AV E,37 m South of,3,Scarborough,25,42,Mid-Block,Non Intersection,No Control,Clear,Daylight,Dry,Non-Fatal Injury,Turning Movement,D42,131,Rouge (131),-79.1705,43.8078,NULL,NULL,N,NULL,NULL,NULL