ACCNUM,YEAR,DATE,TIME,HOUR,STREET1,STREET2,OFFSET,ROAD_CLASS,DISTRICT,WARDNUM,DIVISION,LOCCOORD,ACCLOC,TRAFFCTL,VISIBILITY,LIGHT,RDSFCOND,ACCLASS,IMPACTYPE,POLICE_DIVISION,HOOD_ID,NEIGHBOURHOOD,collision_lat,collision_long,red_light_lat,red_light_long,right_light_camera,LINEAR_NAME_FULL_1,LINEAR_NAME_FULL_2,ACTIVATION_DATE
7000222779,2017,00:00.0,314,3,F G GARDINER XY  W,GARDINER X W 427 X N RAMP,250 m West of,NULL,Etobicoke York,3,22,Mid-Block,Non Intersection,No Control,Clear,Dark,Dry,Non-Fatal Injury,SMV Other,D22,20,Alderwood (20),-79.5363,43.6158,NULL,NULL,N,NULL,NULL,NULL
7000933683,2017,00:00.0,548,5,EGLINTON AVE E,VICTORIA PARK AVE,NULL,1,North York,NULL,NULL,Intersection,At Intersection,Traffic Controller,Clear,Dawn,Dry,Non-Fatal Injury,Angle,D41,120,Clairlea-Birchmount (120),-79.3026,43.7246,NULL,NULL,N,NULL,NULL,NULL
7001109368,2017,00:00.0,1700,17,LAWRENCE AVE W,KIMBARK BLVD,12 m West of,1,North York,8,NULL,Intersection,At Intersection,No Control,Clear,Daylight,Dry,Non-Fatal Injury,SMV Other,D53,39,Bedford Park-Nortown (39),-79.4184,43.7215,NULL,NULL,N,NULL,NULL,NULL
7001140517,2017,00:00.0,1045,10,WELLESLEY ST E,CHURCH ST,NULL,3,Toronto and East York,13,51,Intersection,At Intersection,Traffic Signal,Clear,Daylight,Dry,Non-Fatal Injury,Pedestrian Collisions,D51,75,Church-Yonge Corridor (75),-79.3809,43.6656,NULL,NULL,N,NULL,NULL,NULL
7001406926,2017,00:00.0,225,2,BAY ST,FRONT ST W,40 m South of,1,Toronto and East York,10,52,Mid-Block,At/Near Private Drive,No Control,Clear,"Dark, artificial",Dry,Non-Fatal Injury,Pedestrian Collisions,D52,77,Waterfront Communities-The Island (77),-79.3788,43.6454,NULL,NULL,N,NULL,NULL,NULL
6002274801,2016,00:00.0,356,3,DUFFERIN ST,DOLOMITE DR,NULL,1,North York,6,32,Intersection,At Intersection,Traffic Signal,Rain,"Dark, artificial",Slush,Non-Fatal Injury,SMV Other,D32,34,Bathurst Manor (34),-79.4697,43.7807,NULL,NULL,N,NULL,NULL,NULL
7000697706,2017,00:00.0,543,5,LAKE SHORE BLVD W,PARKSIDE DR,700 m East of,1,Toronto and East York,4,14,Mid-Block,Non Intersection,No Control,Clear,"Dark, artificial",Wet,Non-Fatal Injury,SMV Other,D14,85,South Parkdale (85),-79.4454,43.6369,NULL,NULL,N,NULL,NULL,NULL
7000117241,2017,00:00.0,1828,18,KENNEDY RD,MERRIAN RD,30 m North of,1,Scarborough,20,41,Intersection,At Intersection,Traffic Controller,Clear,"Dark, artificial",Wet,Non-Fatal Injury,Rear End,D41,124,Kennedy Park (124),-79.2658,43.7273,NULL,NULL,N,NULL,NULL,NULL
7001050075,2017,00:00.0,854,8,BATHURST ST,REINER RD,3 m South of,1,North York,6,32,Intersection,At Intersection,Stop Sign,Clear,Daylight,Dry,Non-Fatal Injury,Turning Movement,D32,38,Lansing-Westgate (38),-79.4376,43.7523,NULL,NULL,N,NULL,NULL,NULL
6002047256,2016,00:00.0,318,3,SHEPPARD AVE E,YONGE ST,NULL,1,North York,18,32,Intersection,At Intersection,Traffic Signal,Clear,"Dark, artificial",Dry,Non-Fatal Injury,Pedestrian Collisions,D32,51,Willowdale East (51),-79.4108,43.7614,NULL,NULL,N,NULL,NULL,NULL
7000433628,2017,00:00.0,846,8,LAWRENCE AVE E,CENTENNIAL RD,17 m East of,3,Scarborough,25,43,Intersection,At Intersection,Traffic Signal,Clear,Daylight,Dry,Non-Fatal Injury,Rear End,D43,133,Centennial Scarborough (133),-79.1465,43.7772,NULL,NULL,N,NULL,NULL,NULL
7001470435,2017,00:00.0,407,4,DUNDAS ST E,SHERBOURNE ST,38 m East of,1,Toronto and East York,13,51,Mid-Block,Non Intersection,No Control,Rain,"Dark, artificial",Wet,Fatal,Pedestrian Collisions,D51,73,Moss Park (73),-79.3705,43.6583,NULL,NULL,N,NULL,NULL,NULL
7001494097,2017,00:00.0,1622,16,MIDLAND AVE,EGLINTON AVE E,25 m South of,1,Scarborough,NULL,41,Intersection,Intersection Related,No Control,Clear,Daylight,Dry,Non-Fatal Injury,Pedestrian Collisions,D41,124,Kennedy Park (124),-79.258,43.7344,NULL,NULL,N,NULL,NULL,NULL
7001553608,2017,00:00.0,1105,11,LESWYN  RD,CALEDONIA  RD,8 m East of,3,North York,8,32,Intersection,Intersection Related,Stop Sign,Clear,Daylight,Dry,Non-Fatal Injury,Pedestrian Collisions,D32,31,Yorkdale-Glen Park (31),-79.4675,43.7156,NULL,NULL,N,NULL,NULL,NULL
6002143224,2016,00:00.0,708,7,VICTORIA PARK AVE,YORK MILLS RD,50 m North of,1,North York,NULL,NULL,Mid-Block,Non Intersection,No Control,Clear,"Dawn, artificial",Dry,Non-Fatal Injury,Pedestrian Collisions,D41,119,Wexford/Maryvale (119),-79.3176,43.7633,NULL,NULL,N,NULL,NULL,NULL
6002204078,2016,00:00.0,2255,22,232 SEATON ST,NULL,12 m East of,4,Toronto and East York,13,51,Mid-Block,Non Intersection,No Control,Clear,"Dark, artificial",Loose Snow,Non-Fatal Injury,Pedestrian Collisions,D51,73,Moss Park (73),-79.3702,43.6604,NULL,NULL,N,NULL,NULL,NULL
1035403,2008,00:00.0,1438,14,FINCH AVE E,SKYMARK DR,NULL,1,North York,17,33,Intersection,At Intersection,Traffic Signal,Clear,Daylight,Dry,Non-Fatal Injury,Turning Movement,D33,47,Don Valley Village (47),-79.3522,43.7931,NULL,NULL,N,NULL,NULL,NULL
1027279,2008,00:00.0,1913,19,UNIVERSITY AVE,COLLEGE ST,NULL,1,Toronto and East York,11,52,Intersection,At Intersection,Traffic Signal,Clear,Dusk,Dry,Non-Fatal Injury,Pedestrian Collisions,D52,76,Bay Street Corridor (76),-79.3904,43.6598,NULL,NULL,N,NULL,NULL,NULL
7001493534,2017,00:00.0,1444,14,NORTH QUEEN ST,NOVA RD,80 m North of,3,Etobicoke York,3,22,Mid-Block,At/Near Private Drive,Stop Sign,Clear,Daylight,Dry,Non-Fatal Injury,Turning Movement,D22,14,Islington-City Centre West (14),-79.5573,43.6169,NULL,NULL,N,NULL,NULL,NULL
1042256,2008,00:00.0,200,2,SPADINA AVE,CLARENCE SQ W,NULL,1,Toronto and East York,10,NULL,Mid-Block,NULL,No Control,Clear,Dark,Dry,Non-Fatal Injury,SMV Other,D52,77,Waterfront Communities-The Island (77),-79.3947,43.6448,NULL,NULL,N,NULL,NULL,NULL
1030609,2008,00:00.0,1720,17,55 QUEENS QUAY W,NULL,NULL,3,Toronto and East York,10,52,Mid-Block,NULL,No Control,Clear,Daylight,Dry,Non-Fatal Injury,Turning Movement,D52,77,Waterfront Communities-The Island (77),-79.3784,43.6405,NULL,NULL,N,NULL,NULL,NULL
1035278,2008,00:00.0,2152,21,YORK MILLS RD,DON MILLS RD,NULL,1,North York,16,33,Intersection,At Intersection,Traffic Signal,Clear,Dark,Dry,Non-Fatal Injury,Pedestrian Collisions,D33,40,St.Andrew-Windfields (40),-79.3469,43.7558,NULL,NULL,N,NULL,NULL,NULL
6002116209,2016,00:00.0,720,7,THE EAST MALL,RATHBURN RD,100 m North of,3,Etobicoke York,2,22,Mid-Block,Non Intersection,No Control,Rain,"Dawn, artificial",Wet,Non-Fatal Injury,Pedestrian Collisions,D22,11,Eringate-Centennial-West Deane (11),-79.565,43.656,NULL,NULL,N,NULL,NULL,NULL
1098055,2009,00:00.0,1707,17,BAY ST,WELLINGTON ST W,NULL,1,Toronto and East York,NULL,52,Mid-Block,NULL,No Control,Clear,Daylight,Dry,Non-Fatal Injury,Pedestrian Collisions,D52,76,Bay Street Corridor (76),-79.3799,43.648,NULL,NULL,N,NULL,NULL,NULL
6002279905,2016,00:00.0,705,7,55 BELMONT ST,NULL,NULL,3,Toronto and East York,11,53,Mid-Block,Non Intersection,No Control,Clear,"Dark, artificial",Dry,Non-Fatal Injury,Pedestrian Collisions,D53,95,Annex (95),-79.3909,43.6749,NULL,NULL,N,NULL,NULL,NULL
1024196,2008,00:00.0,600,6,STEVENSON RD,PAMELA CRT,NULL,4,Etobicoke York,1,23,Mid-Block,NULL,No Control,Clear,Dark,Dry,Non-Fatal Injury,Pedestrian Collisions,D23,2,Mount Olive-Silverstone-Jamestown (2),-79.5929,43.7433,NULL,NULL,N,NULL,NULL,NULL
1094123,2009,00:00.0,1535,15,FIRGROVE CRES,NEEDLE FIRWAY,NULL,4,Etobicoke York,7,31,Mid-Block,NULL,No Control,Clear,Daylight,Dry,Non-Fatal Injury,Pedestrian Collisions,D31,25,Glenfield-Jane Heights (25),-79.5185,43.7537,NULL,NULL,N,NULL,NULL,NULL
1066713,2008,00:00.0,707,7,BRIMLEY RD,SHEDIAC RD,NULL,1,Scarborough,21,NULL,Intersection,NULL,Traffic Signal,Clear,Daylight,Dry,Non-Fatal Injury,Pedestrian Collisions,D43,127,Bendale (127),-79.2533,43.7488,NULL,NULL,N,NULL,NULL,NULL
1026562,2008,00:00.0,1700,17,CONSUMERS RD,YORKLAND BLVD,NULL,3,North York,17,33,Mid-Block,NULL,No Control,Snow,Daylight,Loose Snow,Non-Fatal Injury,Approaching,D33,53,Henry Farm (53),-79.3247,43.7709,NULL,NULL,N,NULL,NULL,NULL
1026920,2008,00:00.0,300,3,F G GARDINER XY Expr E,DOWLING AVE,NULL,1,Toronto and East York,4,14,Mid-Block,NULL,No Control,Clear,Dark,Wet,Non-Fatal Injury,SMV Other,D14,85,South Parkdale (85),-79.4373,43.6339,NULL,NULL,N,NULL,NULL,NULL
1053672,2008,00:00.0,2125,21,WARDEN Aven,FINCH Aven E,NULL,1,Scarborough,22,42,Mid-Block,NULL,No Control,Clear,Dark,Dry,Fatal,Pedestrian Collisions,D42,117,L'Amoreaux (117),-79.3161,43.7978,NULL,NULL,N,NULL,NULL,NULL
1057794,2008,00:00.0,750,7,3807 VICTORIA PARK Ave,NULL,NULL,1,North York,NULL,NULL,Mid-Block,NULL,No Control,Clear,Daylight,Dry,Non-Fatal Injury,Approaching,D42,116,Steeles (116),-79.3387,43.8099,NULL,NULL,N,NULL,NULL,NULL
1034287,2008,00:00.0,1849,18,EGLINTON AVE W,SCARLETT RD,NULL,1,Etobicoke York,2,NULL,Intersection,At Intersection,Traffic Signal,Clear,Daylight,Dry,Non-Fatal Injury,Rear End,D22,8,Humber Heights-Westmount (8),-79.5114,43.6839,-79.5114,43.6839,Y,Eglinton Ave W,Scarlett Rd,2019-06-03
1034552,2008,00:00.0,2321,23,FINCH AVE W,WESTMORE DR,NULL,1,Etobicoke York,1,23,Intersection,NULL,Traffic Signal,Clear,Dark,Dry,Non-Fatal Injury,Rear End,D23,1,West Humber-Clairville (1),-79.6009,43.7346,NULL,NULL,N,NULL,NULL,NULL
1108193,2009,00:00.0,1547,15,FINCH AVE W,HALESIA DR,NULL,1,Etobicoke York,1,23,Intersection,At Intersection,Traffic Signal,Clear,Daylight,Dry,Fatal,Turning Movement,D23,1,West Humber-Clairville (1),-79.6066,43.7337,NULL,NULL,N,NULL,NULL,NULL
1109235,2009,00:00.0,1613,16,CUMMER Aven,BAYVIEW Aven,NULL,1,North York,NULL,NULL,Intersection,At Intersection,Traffic Signal,Clear,Daylight,Dry,Non-Fatal Injury,Pedestrian Collisions,D32,49,Bayview Woods-Steeles (49),-79.3935,43.7922,-79.3935,43.7922,Y,Bayview Ave,Cummer Ave,2009-03-17
1104694,2009,00:00.0,2336,23,SCARLETT RD,EGLINTON AVE W,NULL,1,Etobicoke York,2,NULL,Intersection,At Intersection,Traffic Signal,Clear,Dark,Dry,Non-Fatal Injury,Turning Movement,D22,8,Humber Heights-Westmount (8),-79.5114,43.6839,-79.5114,43.6839,Y,Eglinton Ave W,Scarlett Rd,2019-06-03
1080314,2009,00:00.0,1430,14,BATHURST ST,COLLEGE ST,NULL,1,Toronto and East York,11,14,Intersection,NULL,Traffic Signal,Clear,Daylight,Slush,Non-Fatal Injury,Rear End,D14,78,Kensington-Chinatown (78),-79.4076,43.6564,NULL,NULL,N,NULL,NULL,NULL
1102106,2009,00:00.0,1608,16,BROADVIEW AVE,GAMBLE AVE,NULL,3,Toronto and East York,14,54,Intersection,NULL,No Control,Clear,Daylight,Dry,Non-Fatal Injury,SMV Other,D54,57,Broadview North (57),-79.3549,43.6893,NULL,NULL,N,NULL,NULL,NULL
1076080,2008,00:00.0,1814,18,324 EASTERN AVE,NULL,NULL,1,Toronto and East York,14,55,Intersection,NULL,No Control,Rain,Dark,Wet,Non-Fatal Injury,Cyclist Collisions,D55,70,South Riverdale (70),-79.3466,43.6566,NULL,NULL,N,NULL,NULL,NULL
1029708,2008,00:00.0,1450,14,DANFORTH RD,WOLFE AVE,NULL,1,Scarborough,20,41,Intersection,At Intersection,Traffic Signal,Clear,Daylight,Dry,Non-Fatal Injury,Turning Movement,D41,124,Kennedy Park (124),-79.2525,43.7273,NULL,NULL,N,NULL,NULL,NULL
1090599,2009,00:00.0,1320,13,LAKE SHORE Boul E,LOWER SHERBOURNE Stre,NULL,1,Toronto and East York,10,51,Intersection,At Intersection,Traffic Signal,Clear,Daylight,Wet,Non-Fatal Injury,Sideswipe,D51,77,Waterfront Communities-The Island (77),-79.366,43.6462,NULL,NULL,N,NULL,NULL,NULL
1103726,2009,00:00.0,1540,15,BELFIELD RD,MCCULLOCH AVE,NULL,3,Etobicoke York,1,23,Intersection,NULL,No Control,Clear,Daylight,Dry,Non-Fatal Injury,SMV Other,D23,1,West Humber-Clairville (1),-79.5729,43.7025,NULL,NULL,N,NULL,NULL,NULL
1128125,2009,00:00.0,1440,14,UNIVERSITY AVE,COLLEGE ST,NULL,1,Toronto and East York,11,52,Intersection,At Intersection,Traffic Signal,Clear,Daylight,Dry,Non-Fatal Injury,Cyclist Collisions,D52,76,Bay Street Corridor (76),-79.3904,43.6598,NULL,NULL,N,NULL,NULL,NULL
1093260,2009,00:00.0,1856,18,DUNDAS ST W,BERESFORD AVE,NULL,1,Toronto and East York,4,11,Mid-Block,NULL,No Control,Clear,Dark,Dry,Non-Fatal Injury,Cyclist Collisions,D11,89,Runnymede-Bloor West Village (89),-79.4828,43.6655,NULL,NULL,N,NULL,NULL,NULL
1111004,2009,00:00.0,1915,19,ST CLAIR AVE W,TWEEDSMUIR AVE,NULL,1,Toronto and East York,12,13,Intersection,NULL,Traffic Signal,Rain,Dark,Wet,Non-Fatal Injury,Pedestrian Collisions,D13,96,Casa Loma (96),-79.4133,43.6841,NULL,NULL,N,NULL,NULL,NULL
1034570,2008,00:00.0,1111,11,PORT UNION RD,RAVINE PARK CRES,NULL,3,Scarborough,25,43,Intersection,At Intersection,Stop Sign,Clear,Daylight,Dry,Non-Fatal Injury,Turning Movement,D43,131,Rouge (131),-79.1401,43.788,NULL,NULL,N,NULL,NULL,NULL
1100641,2009,00:00.0,541,5,FINCH AVE W,KIPLING AVE,NULL,1,Etobicoke York,1,23,Intersection,NULL,Traffic Signal,Clear,Dawn,Dry,Non-Fatal Injury,Pedestrian Collisions,D23,3,Thistletown-Beaumond Heights (3),-79.582,43.7432,NULL,NULL,N,NULL,NULL,NULL
1080448,2009,00:00.0,1445,14,STEELES AVE W,TANGREEN CRT,NULL,1,North York,18,32,Intersection,NULL,Stop Sign,Clear,Daylight,Slush,Non-Fatal Injury,Pedestrian Collisions,D32,36,Newtonbrook West (36),-79.4263,43.7966,NULL,NULL,N,NULL,NULL,NULL
1105956,2009,00:00.0,2039,20,THE QUEENSWAY Stre,NORTH QUEEN ST,NULL,1,Etobicoke York,3,22,Mid-Block,NULL,No Control,Clear,Dark,Dry,Non-Fatal Injury,Turning Movement,D22,14,Islington-City Centre West (14),-79.5551,43.6143,NULL,NULL,N,NULL,NULL,NULL
1118884,2009,00:00.0,1400,14,LAWRENCE Aven E,MORNINGSIDE Aven,NULL,1,Scarborough,NULL,43,Intersection,At Intersection,Traffic Signal,Clear,Daylight,Dry,Non-Fatal Injury,Angle,D43,136,West Hill (136),-79.1861,43.7684,NULL,NULL,N,NULL,NULL,NULL
1119005,2009,00:00.0,1919,19,LANSDOWNE AVE,DUNDAS ST W,NULL,3,Toronto and East York,9,11,Intersection,At Intersection,Traffic Signal,Clear,Daylight,Dry,Non-Fatal Injury,Pedestrian Collisions,D11,83,Dufferin Grove (83),-79.4396,43.6501,NULL,NULL,N,NULL,NULL,NULL
1057990,2008,00:00.0,1755,17,EGLINTON Aven W,LLOYD MANOR Road,NULL,1,Etobicoke York,2,NULL,Mid-Block,NULL,No Control,Clear,Daylight,Dry,Non-Fatal Injury,Rear End,D22,10,Princess-Rosethorn (10),-79.5543,43.6763,NULL,NULL,N,NULL,NULL,NULL
1108321,2009,00:00.0,2110,21,DANFORTH Road,ST CLAIR Aven E,NULL,1,Scarborough,20,41,Intersection,At Intersection,Traffic Signal,Rain,Dark,Wet,Non-Fatal Injury,Pedestrian Collisions,D41,124,Kennedy Park (124),-79.2598,43.7168,NULL,NULL,N,NULL,NULL,NULL
1106309,2009,00:00.0,1540,15,MCINTOSH ST,NATAL AVE,NULL,2,Scarborough,20,41,Intersection,At Intersection,Stop Sign,Clear,Daylight,Dry,Non-Fatal Injury,Cyclist Collisions,D41,122,Birchcliffe-Cliffside (122),-79.2518,43.7079,NULL,NULL,N,NULL,NULL,NULL
1106355,2009,00:00.0,1052,10,JAMESON AVE,GARDINER JAMESON AV RAMP,NULL,3,Toronto and East York,4,14,Mid-Block,At Intersection,No Control,Clear,Daylight,Dry,Non-Fatal Injury,Turning Movement,D14,85,South Parkdale (85),-79.4342,43.6324,NULL,NULL,N,NULL,NULL,NULL
1129305,2009,00:00.0,1941,19,KING ST W,BATHURST ST,NULL,1,Toronto and East York,10,14,Mid-Block,NULL,No Control,Clear,Dark,Dry,Non-Fatal Injury,Sideswipe,D14,77,Waterfront Communities-The Island (77),-79.4019,43.644,NULL,NULL,N,NULL,NULL,NULL
1090381,2009,00:00.0,2001,20,YORK MILLS RD,DON MILLS RD,NULL,1,North York,16,33,Intersection,At Intersection,Traffic Signal,Snow,Dark,Loose Snow,Non-Fatal Injury,Approaching,D33,40,St.Andrew-Windfields (40),-79.3469,43.7558,NULL,NULL,N,NULL,NULL,NULL
1078999,2009,00:00.0,1937,19,330 UNIVERSITY AVE,NULL,NULL,1,Toronto and East York,10,52,Mid-Block,Non Intersection,No Control,Clear,"Dark, artificial",Other,Non-Fatal Injury,SMV Other,D52,76,Bay Street Corridor (76),-79.3868,43.6513,NULL,NULL,N,NULL,NULL,NULL
1111784,2009,00:00.0,1720,17,FINCH Aven W,ALNESS Stre,NULL,1,North York,6,32,Mid-Block,NULL,No Control,Clear,Daylight,Dry,Non-Fatal Injury,Turning Movement,D32,27,York University Heights (27),-79.4695,43.7681,NULL,NULL,N,NULL,NULL,NULL
1103903,2009,00:00.0,1540,15,MIDLAND AVE,SOUTH SHIELDS AVE,NULL,1,Scarborough,NULL,42,Intersection,At Intersection,Traffic Signal,Clear,Daylight,Dry,Non-Fatal Injury,Pedestrian Collisions,D42,129,Agincourt North (129),-79.2887,43.807,NULL,NULL,N,NULL,NULL,NULL
1104621,2009,00:00.0,2141,21,AVENUE Road,LAWRENCE Aven W,NULL,1,North York,8,NULL,Intersection,At Intersection,Traffic Controller,Clear,Dark,Dry,Non-Fatal Injury,Rear End,D53,39,Bedford Park-Nortown (39),-79.4155,43.7222,NULL,NULL,N,NULL,NULL,NULL
1067454,2008,00:00.0,1137,11,VALERMO DR,BROWNS LINE Driv,NULL,1,Etobicoke York,3,22,Intersection,At Intersection,Traffic Signal,Clear,Daylight,Dry,Non-Fatal Injury,Pedestrian Collisions,D22,20,Alderwood (20),-79.547,43.606,NULL,NULL,N,NULL,NULL,NULL
1072542,2008,00:00.0,1919,19,KIPLING AVE,JOHN GARLAND BLVD,NULL,1,Etobicoke York,1,23,Mid-Block,At Intersection,No Control,Rain,Dark,Wet,Non-Fatal Injury,Pedestrian Collisions,D23,3,Thistletown-Beaumond Heights (3),-79.5799,43.7388,NULL,NULL,N,NULL,NULL,NULL
6000032002,2016,00:00.0,1429,14,BLACK CREEK DR,EGLINTON AVE W,13 m West of,1,Etobicoke York,5,12,Intersection,Intersection Related,Traffic Signal,Clear,Daylight,Dry,Fatal,Turning Movement,D12,110,Keelesdale-Eglinton West (110),-79.4828,43.6883,NULL,NULL,N,NULL,NULL,NULL
6000066081,2016,00:00.0,545,5,TRETHEWEY DR,BLACK CREEK DR,NULL,1,Etobicoke York,5,12,Intersection,At Intersection,Traffic Signal,Snow,"Dark, artificial",Loose Snow,Non-Fatal Injury,Turning Movement,D12,112,Beechborough-Greenbrook (112),-79.486,43.6946,NULL,NULL,N,NULL,NULL,NULL
6001088034,2016,00:00.0,655,6,DYNEVOR RD,KIRKNEWTON RD,NULL,4,Toronto and East York,9,13,Mid-Block,Non Intersection,No Control,Clear,Daylight,Dry,Fatal,Pedestrian Collisions,D13,109,Caledonia-Fairbank (109),-79.4505,43.691,NULL,NULL,N,NULL,NULL,NULL
992979,2007,00:00.0,1433,14,UNIVERSITY AVE,GERRARD ST W,NULL,1,Toronto and East York,11,52,Intersection,At Intersection,Traffic Signal,Clear,Daylight,Dry,Non-Fatal Injury,Turning Movement,D52,76,Bay Street Corridor (76),-79.3894,43.6575,NULL,NULL,N,NULL,NULL,NULL
6000478008,2016,00:00.0,340,3,O CONNOR DR,RALSTON AVE,NULL,1,Toronto and East York,19,54,Intersection,At Intersection,No Control,Clear,Daylight,Dry,Non-Fatal Injury,Rear End,D54,58,Old East York (58),-79.327,43.6982,NULL,NULL,N,NULL,NULL,NULL
977223,2007,00:00.0,212,2,BURRARD RD,CAULFIELD RD,NULL,4,Etobicoke York,1,23,Intersection,At Intersection,No Control,Clear,Dark,Dry,Fatal,SMV Other,D23,5,Elms-Old Rexdale (5),-79.5534,43.7163,NULL,NULL,N,NULL,NULL,NULL
987501,2007,00:00.0,2350,23,KENNEDY RD,SUFFERANCE RD,NULL,1,Scarborough,22,42,Mid-Block,NULL,No Control,Clear,Dark,Dry,Non-Fatal Injury,SMV Other,D42,128,Agincourt South-Malvern West (128),-79.2856,43.7775,NULL,NULL,N,NULL,NULL,NULL
987504,2007,00:00.0,245,2,1 MURRAY GLEN DR,NULL,NULL,4,Scarborough,21,41,Mid-Block,NULL,No Control,Clear,Dark,Dry,Fatal,Cyclist Collisions,D41,119,Wexford/Maryvale (119),-79.3064,43.7511,NULL,NULL,N,NULL,NULL,NULL
6001513720,2016,00:00.0,1600,16,116 ELINOR AVE,JOY DR,68 m North of,4,Scarborough,21,41,Mid-Block,At/Near Private Drive,No Control,Clear,Daylight,Dry,Non-Fatal Injury,Cyclist Collisions,D41,119,Wexford/Maryvale (119),-79.3037,43.752,NULL,NULL,N,NULL,NULL,NULL
997814,2007,00:00.0,1929,19,ST CLAIR AVE E,WARDEN AVE,NULL,1,Scarborough,20,41,Intersection,At Intersection,Traffic Signal,Clear,Daylight,Dry,Non-Fatal Injury,Pedestrian Collisions,D41,120,Clairlea-Birchmount (120),-79.2809,43.712,NULL,NULL,N,NULL,NULL,NULL
6001573505,2016,00:00.0,210,2,ST CLAIR AVE E,DANFORTH RD,NULL,1,Scarborough,20,41,Intersection,At Intersection,Traffic Signal,Clear,"Dark, artificial",Dry,Non-Fatal Injury,Angle,D41,120,Clairlea-Birchmount (120),-79.2598,43.7167,NULL,NULL,N,NULL,NULL,NULL
996081,2007,00:00.0,1910,19,100 STEELES Aven W,NULL,NULL,1,North York,18,32,Mid-Block,NULL,Traffic Signal,Clear,Daylight,Dry,Non-Fatal Injury,Pedestrian Collisions,D32,36,Newtonbrook West (36),-79.4247,43.7969,NULL,NULL,N,NULL,NULL,NULL
988731,2007,00:00.0,930,9,FINCH Aven E,BRIDLETOWNE Circ,NULL,1,Scarborough,22,42,Intersection,At Intersection,Traffic Signal,Clear,Daylight,Dry,Non-Fatal Injury,Angle,D42,117,L'Amoreaux (117),-79.3122,43.7974,NULL,NULL,N,NULL,NULL,NULL
974080,2007,00:00.0,809,8,BAYVIEW AVE,FIFESHIRE RD,NULL,1,North York,15,NULL,Intersection,At Intersection,No Control,Clear,Daylight,Dry,Fatal,Cyclist Collisions,D33,40,St.Andrew-Windfields (40),-79.3865,43.7604,NULL,NULL,N,NULL,NULL,NULL
972932,2007,00:00.0,226,2,ISLINGTON AVE,FINCH AVE W,NULL,1,Etobicoke York,NULL,NULL,Intersection,At Intersection,Traffic Signal,Clear,Dark,Dry,Fatal,Angle,D23,21,Humber Summit (21),-79.5685,43.7462,NULL,NULL,N,NULL,NULL,NULL
1009323,2007,00:00.0,630,6,ISLINGTON Aven,SUMMITCREST Driv,NULL,1,Etobicoke York,2,23,Intersection,At Intersection,Traffic Signal,Clear,Dark,Wet,Non-Fatal Injury,Pedestrian Collisions,D23,7,Willowridge-Martingrove-Richview (7),-79.5404,43.6831,NULL,NULL,N,NULL,NULL,NULL
986957,2007,00:00.0,2027,20,371 ORTON PARK Rd,NULL,NULL,5,Scarborough,24,43,Mid-Block,NULL,No Control,Clear,Dark,Dry,Non-Fatal Injury,Sideswipe,D43,135,Morningside (135),-79.2146,43.7786,NULL,NULL,N,NULL,NULL,NULL
1042639,2008,00:00.0,1648,16,MILLWOOD RD,VILLAGE STATION RD,NULL,1,North York,15,53,Intersection,At Intersection,Traffic Signal,Clear,Daylight,Dry,Non-Fatal Injury,Turning Movement,D53,55,Thorncliffe Park (55),-79.358,43.7018,NULL,NULL,N,NULL,NULL,NULL
1009774,2007,00:00.0,845,8,ST CLAIR Aven W,FRENCH Aven,NULL,1,Etobicoke York,5,NULL,Mid-Block,NULL,No Control,Clear,Daylight,Dry,Non-Fatal Injury,Pedestrian Collisions,D12,111,Rockcliffe-Smythe (111),-79.4905,43.6674,NULL,NULL,N,NULL,NULL,NULL
1007992,2007,00:00.0,1742,17,BRIMLEY Road,ST CLAIR Aven E,NULL,3,Scarborough,20,NULL,Intersection,At Intersection,Traffic Signal,Clear,Dark,Dry,Non-Fatal Injury,Pedestrian Collisions,D41,123,Cliffcrest (123),-79.2414,43.7208,-79.2414,43.7208,Y,St Clair Ave E,Brimley Rd,2009-08-21
977112,2007,00:00.0,1420,14,CHARLES ST E,YONGE ST,NULL,1,Toronto and East York,NULL,NULL,Intersection,At Intersection,Traffic Signal,Clear,Daylight,Dry,Non-Fatal Injury,Pedestrian Collisions,D51,75,Church-Yonge Corridor (75),-79.386,43.6686,NULL,NULL,N,NULL,NULL,NULL
975035,2007,00:00.0,1124,11,COLLEGE ST,GRACE ST,NULL,1,Toronto and East York,11,14,Intersection,At Intersection,Traffic Signal,Clear,Daylight,Dry,Fatal,Pedestrian Collisions,D14,80,Palmerston-Little Italy (80),-79.4155,43.6549,NULL,NULL,N,NULL,NULL,NULL
975759,2007,00:00.0,639,6,BRIMLEY RD,PROGRESS AVE,NULL,1,Scarborough,21,NULL,Mid-Block,NULL,No Control,Clear,Daylight,Dry,Non-Fatal Injury,SMV Other,D43,127,Bendale (127),-79.2634,43.7761,NULL,NULL,N,NULL,NULL,NULL
1006820,2007,00:00.0,2352,23,ST CLAIR AVE W,OSLER ST,NULL,1,Toronto and East York,9,NULL,Intersection,NULL,No Control,Clear,Dark,Wet,Non-Fatal Injury,Pedestrian Collisions,D12,91,Weston-Pellam Park (91),-79.4603,43.6741,NULL,NULL,N,NULL,NULL,NULL