ACCNUM,YEAR,DATE,TIME,HOUR,STREET1,STREET2,OFFSET,ROAD_CLASS,DISTRICT,WARDNUM,DIVISION,LOCCOORD,ACCLOC,TRAFFCTL,VISIBILITY,LIGHT,RDSFCOND,ACCLASS,IMPACTYPE,POLICE_DIVISION,HOOD_ID,NEIGHBOURHOOD,collision_lat,collision_long,red_light_lat,red_light_long,right_light_camera,LINEAR_NAME_FULL_1,LINEAR_NAME_FULL_2,ACTIVATION_DATE
1005767,2007,00:00.0,1814,18,DON MILLS RD,LAWRENCE AVE E,NULL,1,North York,16,33,Mid-Block,NULL,No Control,Clear,Dark,Dry,Non-Fatal Injury,Rear End,D33,42,Banbury-Don Mills (42),-79.3452,43.744,NULL,NULL,N,NULL,NULL,NULL
1006875,2007,00:00.0,1856,18,OSSINGTON AVE,CHURCHILL AVE,NULL,3,Toronto and East York,NULL,14,Mid-Block,NULL,No Control,Clear,Dark,Dry,Fatal,Pedestrian Collisions,D14,81,Trinity-Bellwoods (81),-79.4219,43.6524,NULL,NULL,N,NULL,NULL,NULL
1047021,2008,00:00.0,1340,13,DUFFERIN Stre,SYLVAN Aven,NULL,1,Toronto and East York,9,NULL,Mid-Block,NULL,No Control,Clear,Daylight,Dry,Non-Fatal Injury,Cyclist Collisions,D14,83,Dufferin Grove (83),-79.4334,43.655,NULL,NULL,N,NULL,NULL,NULL
1057630,2008,00:00.0,1030,10,SEELEY DR,SHEPPARD AVE W,NULL,1,North York,6,31,Intersection,At Intersection,No Control,Clear,Daylight,Dry,Non-Fatal Injury,Pedestrian Collisions,D31,26,Downsview-Roding-CFB (26),-79.4941,43.743,NULL,NULL,N,NULL,NULL,NULL
999780,2007,00:00.0,1930,19,3950 LAWRENCE AVE E,NULL,NULL,1,Scarborough,24,43,Mid-Block,NULL,No Control,Rain,Dark,Wet,Non-Fatal Injury,Pedestrian Collisions,D43,137,Woburn (137),-79.2044,43.7642,NULL,NULL,N,NULL,NULL,NULL
985777,2007,00:00.0,1409,14,3850 FINCH  AVE E,NULL,NULL,1,Scarborough,22,42,Mid-Block,NULL,Traffic Signal,Clear,Daylight,Dry,Non-Fatal Injury,Rear End,D42,117,L'Amoreaux (117),-79.3033,43.7995,NULL,NULL,N,NULL,NULL,NULL
1016912,2008,00:00.0,1810,18,FINCH AVE E,VICTORIA PARK AVE,NULL,1,North York,NULL,NULL,Intersection,NULL,Traffic Signal,Clear,Dark,Dry,Non-Fatal Injury,Pedestrian Collisions,D42,117,L'Amoreaux (117),-79.3313,43.7931,NULL,NULL,N,NULL,NULL,NULL
1050893,2008,00:00.0,1220,12,BLOOR Stre W,KEELE Stre,NULL,1,Toronto and East York,4,11,Mid-Block,NULL,No Control,Clear,Daylight,Dry,Non-Fatal Injury,Cyclist Collisions,D11,88,High Park North (88),-79.4594,43.6548,NULL,NULL,N,NULL,NULL,NULL
1051990,2008,00:00.0,1820,18,AVENUE RD,POPLAR PLAINS CRES,NULL,1,Toronto and East York,12,53,Intersection,At Intersection,No Control,Clear,Daylight,Dry,Non-Fatal Injury,Cyclist Collisions,D53,97,Yonge-St.Clair (97),-79.399,43.6807,NULL,NULL,N,NULL,NULL,NULL
1045221,2008,00:00.0,53,0,FLEET ST,STADIUM RD,NULL,1,Toronto and East York,10,14,Intersection,NULL,No Control,Clear,Dark,Dry,Fatal,Approaching,D14,82,Niagara (82),-79.4018,43.636,NULL,NULL,N,NULL,NULL,NULL
1021860,2008,00:00.0,215,2,1601 LAKE SHORE BLVD W,NULL,NULL,1,Toronto and East York,4,11,Mid-Block,NULL,No Control,Clear,Dark,Dry,Non-Fatal Injury,Pedestrian Collisions,D11,85,South Parkdale (85),-79.4468,43.6369,NULL,NULL,N,NULL,NULL,NULL
1055967,2008,00:00.0,1027,10,VICTORIA PARK AVE,CASSANDRA BLVD,NULL,1,North York,NULL,NULL,Intersection,NULL,Traffic Signal,Clear,Daylight,Dry,Non-Fatal Injury,Pedestrian Collisions,D41,119,Wexford/Maryvale (119),-79.3139,43.7543,NULL,NULL,N,NULL,NULL,NULL
1063149,2008,00:00.0,2230,22,MARKHAM RD,TUXEDO CRT,NULL,1,Scarborough,24,43,Mid-Block,NULL,No Control,Clear,Dark,Dry,Non-Fatal Injury,Turning Movement,D43,137,Woburn (137),-79.2335,43.7809,NULL,NULL,N,NULL,NULL,NULL
1064978,2008,00:00.0,1956,19,KEELE ST,VICTORY DR,NULL,1,North York,6,31,Intersection,NULL,No Control,Clear,Dark,Dry,Non-Fatal Injury,Pedestrian Collisions,D31,26,Downsview-Roding-CFB (26),-79.4824,43.7285,NULL,NULL,N,NULL,NULL,NULL
1062444,2008,00:00.0,2038,20,FINCH Ave W,DUFFERIN St,NULL,1,North York,6,32,Mid-Block,NULL,No Control,Rain,Dark,Wet,Non-Fatal Injury,Pedestrian Collisions,D32,27,York University Heights (27),-79.4698,43.7681,NULL,NULL,N,NULL,NULL,NULL
1062626,2008,00:00.0,2327,23,F G GARDINER XY  E,ELLIS AVE,NULL,NULL,Toronto and East York,4,11,Mid-Block,NULL,No Control,Clear,Dark,Dry,Fatal,Rear End,D11,85,South Parkdale (85),-79.4668,43.6363,NULL,NULL,N,NULL,NULL,NULL
977635,2007,00:00.0,1101,11,BAYVIEW Ave,401 C E BAYVIEW RAMP E,NULL,1,North York,15,NULL,Intersection,At Intersection,Traffic Signal,Clear,Daylight,Dry,Non-Fatal Injury,Turning Movement,D33,40,St.Andrew-Windfields (40),-79.3867,43.7618,NULL,NULL,N,NULL,NULL,NULL
1023187,2008,00:00.0,2132,21,BATHURST ST,CARPENTER RD,NULL,1,North York,NULL,32,Mid-Block,NULL,No Control,Clear,Dark,Dry,Fatal,Approaching,D32,36,Newtonbrook West (36),-79.4466,43.7882,NULL,NULL,N,NULL,NULL,NULL
1018923,2008,00:00.0,900,9,RONCESVALLES AVE,MARMADUKE ST,NULL,3,Toronto and East York,4,11,Intersection,At Intersection,Pedestrian Crossover,Clear,Daylight,Wet,Non-Fatal Injury,Approaching,D11,86,Roncesvalles (86),-79.4506,43.6504,NULL,NULL,N,NULL,NULL,NULL
1048465,2008,00:00.0,1655,16,YONGE Stre,KEMPFORD Boul,NULL,1,North York,18,32,Intersection,At Intersection,Traffic Signal,Clear,Daylight,Dry,Non-Fatal Injury,Rear End,D32,51,Willowdale East (51),-79.4148,43.7769,NULL,NULL,N,NULL,NULL,NULL
1058925,2008,00:00.0,2334,23,YONGE Stre,BREADALBANE Stre,NULL,1,Toronto and East York,13,NULL,Intersection,At Intersection,Stop Sign,Clear,Daylight,Dry,Non-Fatal Injury,Pedestrian Collisions,D52,75,Church-Yonge Corridor (75),-79.3841,43.6638,NULL,NULL,N,NULL,NULL,NULL
1059047,2008,00:00.0,610,6,BURNHAMTHORPE RD,THE WEST MALL,NULL,1,Etobicoke York,2,22,Intersection,At Intersection,Traffic Signal,Rain,Dark,Wet,Non-Fatal Injury,Pedestrian Collisions,D22,13,Etobicoke West Mall (13),-79.5671,43.6445,NULL,NULL,N,NULL,NULL,NULL
1065481,2008,00:00.0,1305,13,ROWATSON RD,FAREHAM CRES,NULL,4,Scarborough,24,43,Mid-Block,NULL,No Control,Clear,Daylight,Dry,Non-Fatal Injury,Pedestrian Collisions,D43,140,Guildwood (140),-79.2028,43.7482,NULL,NULL,N,NULL,NULL,NULL
6001717262,2016,00:00.0,925,9,CUMMER AVE,PINEWAY BLVD,NULL,2,North York,17,33,Intersection,At Intersection,Stop Sign,Clear,Daylight,Dry,Non-Fatal Injury,Pedestrian Collisions,D33,49,Bayview Woods-Steeles (49),-79.3758,43.7987,NULL,NULL,N,NULL,NULL,NULL
6000359502,2016,00:00.0,1939,19,137 QUEEN S PLATE  DR,NULL,1 m North of,2,Etobicoke York,1,23,Mid-Block,Non Intersection,No Control,Clear,Dusk,Dry,Non-Fatal Injury,Pedestrian Collisions,D23,1,West Humber-Clairville (1),-79.5925,43.7172,NULL,NULL,N,NULL,NULL,NULL
6000381883,2016,00:00.0,1411,14,JARVIS ST,QUEEN ST E,NULL,1,Toronto and East York,13,51,Intersection,Intersection Related,Traffic Signal,Clear,Daylight,Dry,Fatal,Pedestrian Collisions,D51,73,Moss Park (73),-79.3732,43.6537,NULL,NULL,N,NULL,NULL,NULL
6001830324,2016,00:00.0,1918,19,JANE ST,MARSHLYNN AVE,NULL,1,Etobicoke York,5,12,Intersection,At Intersection,Stop Sign,Clear,"Dark, artificial",Dry,Non-Fatal Injury,Turning Movement,D12,28,Rustic (28),-79.5042,43.7044,NULL,NULL,N,NULL,NULL,NULL
6001932941,2016,00:00.0,257,2,F G GARDINER XY  E,JAMESON AVE,NULL,NULL,Toronto and East York,4,14,Mid-Block,Non Intersection,No Control,Clear,Dark,Dry,Fatal,SMV Other,D14,85,South Parkdale (85),-79.4352,43.633,NULL,NULL,N,NULL,NULL,NULL
6000218872,2016,00:00.0,233,2,163 WINCOTT DR,NULL,39 m South of,2,Etobicoke York,2,23,Mid-Block,Non Intersection,No Control,Clear,"Dark, artificial",Dry,Non-Fatal Injury,SMV Other,D23,7,Willowridge-Martingrove-Richview (7),-79.549,43.6861,NULL,NULL,N,NULL,NULL,NULL
6000219266,2016,00:00.0,500,5,DUNDAS ST W,ANNETTE ST,13 m North of,3,Toronto and East York,4,11,Mid-Block,At/Near Private Drive,No Control,Clear,"Dawn, artificial",Dry,Non-Fatal Injury,SMV Other,D11,90,Junction Area (90),-79.458,43.6639,NULL,NULL,N,NULL,NULL,NULL
1049080,2008,00:00.0,300,3,WESTON RD,ROGERS RD,NULL,1,Etobicoke York,5,12,Intersection,At Intersection,Traffic Signal,Rain,Dark,Wet,Non-Fatal Injury,Turning Movement,D12,111,Rockcliffe-Smythe (111),-79.4767,43.6816,NULL,NULL,N,NULL,NULL,NULL
6001573551,2016,00:00.0,220,2,MOUNT PLEASANT RD,ROXBOROUGH DR,NULL,1,Toronto and East York,11,53,Intersection,At Intersection,No Control,Clear,Dark,Dry,Fatal,SMV Other,D53,98,Rosedale-Moore Park (98),-79.3824,43.6807,NULL,NULL,N,NULL,NULL,NULL
1017926,2008,00:00.0,807,8,BLOOR ST W,QUEBEC AVE,NULL,1,Toronto and East York,4,11,Mid-Block,NULL,No Control,Snow,Daylight,Loose Snow,Non-Fatal Injury,Rear End,D11,87,High Park-Swansea (87),-79.4663,43.6532,NULL,NULL,N,NULL,NULL,NULL
7000606743,2017,00:00.0,1403,14,CLIFFSIDE DR,FOLCROFT AVE,10 m North of,4,Scarborough,20,41,Intersection,Intersection Related,No Control,Rain,Daylight,Wet,Fatal,Other,D41,122,Birchcliffe-Cliffside (122),-79.2512,43.7012,NULL,NULL,N,NULL,NULL,NULL
1044584,2008,00:00.0,1146,11,72 CORDELLA AVE,NULL,NULL,4,Etobicoke York,5,12,Mid-Block,NULL,No Control,Clear,Daylight,Dry,Non-Fatal Injury,SMV Other,D12,111,Rockcliffe-Smythe (111),-79.4834,43.6804,NULL,NULL,N,NULL,NULL,NULL
7000689985,2017,00:00.0,2206,22,COLLEGE ST,MC CAUL ST,17 m West of,1,Toronto and East York,11,52,Intersection,At Intersection,Streetcar (Stop for),Clear,"Dark, artificial",Dry,Non-Fatal Injury,Pedestrian Collisions,D52,78,Kensington-Chinatown (78),-79.3934,43.6591,NULL,NULL,N,NULL,NULL,NULL
6000304875,2016,00:00.0,1717,17,CONFEDERATION DR,STEVENWOOD RD,NULL,2,Scarborough,24,43,Intersection,At Intersection,No Control,Clear,Daylight,Dry,Non-Fatal Injury,Cyclist Collisions,D43,137,Woburn (137),-79.221,43.7553,NULL,NULL,N,NULL,NULL,NULL
7000787575,2017,00:00.0,2025,20,NUGGET AVE,MARKHAM RD,NULL,1,Scarborough,23,42,Intersection,At Intersection,Traffic Signal,Rain,Daylight,Wet,Non-Fatal Injury,Pedestrian Collisions,D42,132,Malvern (132),-79.241,43.7984,NULL,NULL,N,NULL,NULL,NULL
1022763,2008,00:00.0,2337,23,3559 EGLINTON AVE W,NULL,NULL,1,Etobicoke York,5,12,Mid-Block,NULL,No Control,Freezing Rain,Dark,Slush,Non-Fatal Injury,Turning Movement,D12,115,Mount Dennis (115),-79.4923,43.6862,NULL,NULL,N,NULL,NULL,NULL
6001799178,2016,00:00.0,2108,21,DANFORTH RD,FALMOUTH AVE,NULL,1,Scarborough,20,41,Intersection,At Intersection,No Control,Clear,"Dark, artificial",Dry,Non-Fatal Injury,Pedestrian Collisions,D41,124,Kennedy Park (124),-79.2509,43.7304,NULL,NULL,N,NULL,NULL,NULL
6001813893,2016,00:00.0,1109,11,DAVENPORT RD,OSSINGTON AVE,NULL,3,Toronto and East York,NULL,13,Intersection,Intersection Related,Traffic Signal,Clear,Daylight,Dry,Fatal,Pedestrian Collisions,D13,94,Wychwood (94),-79.4309,43.6747,NULL,NULL,N,NULL,NULL,NULL
6001911246,2016,00:00.0,1506,15,STEELES AV W,KEELE ST,50 m East of,1,North York,6,31,Mid-Block,Non Intersection,No Control,Rain,Daylight,Wet,Non-Fatal Injury,Pedestrian Collisions,D31,27,York University Heights (27),-79.4937,43.7816,NULL,NULL,N,NULL,NULL,NULL
7001025478,2017,00:00.0,1543,15,DANFORTH AV,COXWELL AV              (542),10 m East of,1,Toronto and East York,NULL,NULL,Intersection,Intersection Related,Traffic Signal,Clear,Daylight,Dry,Non-Fatal Injury,Cyclist Collisions,D55,66,Danforth (66),-79.3234,43.6833,NULL,NULL,N,NULL,NULL,NULL
7001030494,2017,00:00.0,1055,10,DANFORTH RD,WETHERBY DR,35 m South of,1,Scarborough,21,43,Mid-Block,Non Intersection,No Control,Clear,Daylight,Dry,Non-Fatal Injury,Other,D43,138,Eglinton East (138),-79.2454,43.7387,NULL,NULL,N,NULL,NULL,NULL
6000411466,2016,00:00.0,1014,10,JOHN GARLAND BLVD,MARTIN GROVE RD,3 m East of,1,Etobicoke York,1,23,Intersection,At Intersection,Traffic Signal,Clear,Daylight,Dry,Non-Fatal Injury,Pedestrian Collisions,D23,2,Mount Olive-Silverstone-Jamestown (2),-79.5894,43.732,NULL,NULL,N,NULL,NULL,NULL
7000591252,2017,00:00.0,853,8,DUFFERIN ST,DUNDAS ST W,NULL,3,Toronto and East York,9,NULL,Intersection,At Intersection,Traffic Signal,Rain,Daylight,Wet,Non-Fatal Injury,Pedestrian Collisions,D14,84,Little Portugal (84),-79.4314,43.6495,NULL,NULL,N,NULL,NULL,NULL
6001942141,2016,00:00.0,1300,13,KIPLING AVE,JUTLAND RD,NULL,1,Etobicoke York,3,22,Intersection,At Intersection,Stop Sign,Clear,Daylight,Dry,Non-Fatal Injury,Turning Movement,D22,14,Islington-City Centre West (14),-79.5288,43.6262,NULL,NULL,N,NULL,NULL,NULL
6001974222,2016,00:00.0,1155,11,BLOOR ST W,GRENVIEW BLVD N,NULL,1,Etobicoke York,3,22,Intersection,At Intersection,Stop Sign,Clear,Daylight,Dry,Fatal,Pedestrian Collisions,D22,16,Stonegate-Queensway (16),-79.5077,43.6481,NULL,NULL,N,NULL,NULL,NULL
6001982704,2016,00:00.0,1911,19,ISLINGTON AVE,CORDOVA AVE,50 m South of,1,Etobicoke York,3,22,Mid-Block,Non Intersection,No Control,Clear,Dark,Dry,Non-Fatal Injury,Pedestrian Collisions,D22,14,Islington-City Centre West (14),-79.5248,43.6478,NULL,NULL,N,NULL,NULL,NULL
7000877614,2017,00:00.0,1423,14,BLOOR ST W,KENNEDY AVE,2 m West of,1,Toronto and East York,4,11,Intersection,Intersection Related,No Control,Clear,Daylight,Dry,Non-Fatal Injury,Pedestrian Collisions,D11,88,High Park North (88),-79.4754,43.6512,NULL,NULL,N,NULL,NULL,NULL
7001038789,2017,00:00.0,1605,16,5 WAKUNDA PL,O CONNOR DR,NULL,1,Toronto and East York,19,54,Intersection,Intersection Related,No Control,Clear,Daylight,Dry,Non-Fatal Injury,Cyclist Collisions,D54,43,Victoria Village (43),-79.3049,43.7159,NULL,NULL,N,NULL,NULL,NULL
7001165135,2017,00:00.0,1808,18,THE WEST MALL,CAMBRIAN RD,98 m South of,3,Etobicoke York,2,22,Mid-Block,Non Intersection,No Control,Clear,Daylight,Dry,Non-Fatal Injury,Angle,D22,13,Etobicoke West Mall (13),-79.5706,43.6519,NULL,NULL,N,NULL,NULL,NULL
7000887166,2017,00:00.0,2356,23,EGLINTON AVE W,DUPLEX AVE,6 m West of,1,North York,NULL,53,Intersection,At Intersection,Traffic Controller,Clear,"Daylight, artificial",Dry,Non-Fatal Injury,SMV Other,D53,100,Yonge-Eglinton (100),-79.4002,43.7062,NULL,NULL,N,NULL,NULL,NULL
7000906394,2017,00:00.0,900,9,DUNDAS ST E,CARLAW AVE,NULL,3,Toronto and East York,14,55,Intersection,At Intersection,Traffic Signal,Clear,Daylight,Dry,Non-Fatal Injury,Cyclist Collisions,D55,70,South Riverdale (70),-79.3415,43.6647,NULL,NULL,N,NULL,NULL,NULL
7000811654,2017,00:00.0,1815,18,WILSON AVE,WILSON HEIGHTS BLVD,NULL,1,North York,6,32,Intersection,At Intersection,Traffic Signal,Clear,Daylight,Dry,Fatal,Turning Movement,D32,33,Clanton Park (33),-79.4472,43.7345,NULL,NULL,N,NULL,NULL,NULL
7000513794,2017,00:00.0,653,6,MARTIN GROVE RD,BRUNELLO GT,NULL,3,Etobicoke York,1,23,Intersection,At Intersection,Stop Sign,Clear,Dawn,Dry,Non-Fatal Injury,Turning Movement,D23,2,Mount Olive-Silverstone-Jamestown (2),-79.6016,43.7559,NULL,NULL,N,NULL,NULL,NULL
6002011919,2016,00:00.0,1241,12,WILLOWDALE AVE,ABITIBI AVE,NULL,3,North York,18,32,Intersection,At Intersection,Traffic Signal,Clear,Daylight,Dry,Non-Fatal Injury,Turning Movement,D32,50,Newtonbrook East (50),-79.4137,43.7975,NULL,NULL,N,NULL,NULL,NULL
7001609078,2017,00:00.0,1735,17,MILLWOOD RD,YONGE  ST,297 m East of,4,Toronto and East York,12,53,Mid-Block,Non Intersection,No Control,Clear,Daylight,Dry,Non-Fatal Injury,Pedestrian Collisions,D53,104,Mount Pleasant West (104),-79.3937,43.6999,NULL,NULL,N,NULL,NULL,NULL
6002258295,2016,00:00.0,1340,13,F G GARDINER XY  W,JAMESON AVE,16 m West of,NULL,Toronto and East York,4,14,Mid-Block,Non Intersection,No Control,Clear,Daylight,Dry,Non-Fatal Injury,Rear End,D14,85,South Parkdale (85),-79.4349,43.633,NULL,NULL,N,NULL,NULL,NULL
7000119447,2017,00:00.0,527,5,CALEDONIA RD,CASTLEFIELD AVE,NULL,3,North York,8,13,Intersection,At Intersection,Traffic Signal,Clear,"Dark, artificial",Dry,Non-Fatal Injury,Angle,D13,108,Briar Hill-Belgravia (108),-79.4634,43.6983,NULL,NULL,N,NULL,NULL,NULL
6001976341,2016,00:00.0,1900,19,MARKHAM RD,ROSEBANK DR,25 m West of,1,Scarborough,23,42,Intersection,Intersection Related,No Control,Clear,"Dark, artificial",Dry,Non-Fatal Injury,Pedestrian Collisions,D42,132,Malvern (132),-79.2377,43.7914,NULL,NULL,N,NULL,NULL,NULL
7000346961,2017,00:00.0,1818,18,OAKWOOD AVE,STRADER AVE,7 m South of,3,Toronto and East York,12,13,Intersection,At Intersection,No Control,Clear,"Dark, artificial",Dry,Non-Fatal Injury,Pedestrian Collisions,D13,107,Oakwood Village (107),-79.4411,43.6934,NULL,NULL,N,NULL,NULL,NULL
7000041411,2017,00:00.0,2222,22,ISLINGTON AVE,ABERFOYLE CRES,5 m South of,1,Etobicoke York,3,22,Intersection,At Intersection,No Control,Clear,"Dark, artificial",Dry,Non-Fatal Injury,Rear End,D22,14,Islington-City Centre West (14),-79.5237,43.6454,NULL,NULL,N,NULL,NULL,NULL
7000058719,2017,00:00.0,2003,20,ADELAIDE ST E,CHURCH ST,NULL,1,Toronto and East York,13,51,Intersection,At Intersection,Traffic Signal,Rain,"Dark, artificial",Wet,Non-Fatal Injury,Pedestrian Collisions,D51,75,Church-Yonge Corridor (75),-79.3749,43.6511,NULL,NULL,N,NULL,NULL,NULL
7001003309,2017,00:00.0,1320,13,MARKHAM  RD,ELLESMERE RD,69 m North of,1,Scarborough,24,43,Mid-Block,Non Intersection,No Control,Rain,Daylight,Wet,Non-Fatal Injury,Pedestrian Collisions,D43,137,Woburn (137),-79.2319,43.777,NULL,NULL,N,NULL,NULL,NULL
7000503905,2017,00:00.0,1606,16,401 C E VICTORIA PR N RAMP,VICTORIA PARK AVE,NULL,1,North York,NULL,NULL,Intersection,At Intersection,Traffic Signal,Clear,Daylight,Dry,Non-Fatal Injury,Pedestrian Collisions,D41,119,Wexford/Maryvale (119),-79.3191,43.7668,NULL,NULL,N,NULL,NULL,NULL
6001911469,2016,00:00.0,1549,15,CHERRY ST,POLSON ST,NULL,2,Toronto and East York,14,NULL,Mid-Block,Overpass or Bridge,No Control,Rain,Daylight,Wet,Fatal,SMV Other,D51,70,South Riverdale (70),-79.3491,43.6414,NULL,NULL,N,NULL,NULL,NULL
7000224611,2017,00:00.0,1330,13,DRIFTWOOD  AVE,VENETIAN  CRES,19 m South of,2,Etobicoke York,7,31,Intersection,Intersection Related,Stop Sign,Drifting Snow,Daylight,Wet,Non-Fatal Injury,Turning Movement,D31,25,Glenfield-Jane Heights (25),-79.5136,43.7541,NULL,NULL,N,NULL,NULL,NULL
6002020311,2016,00:00.0,2225,22,SHEPPARD AVE W,ARLETA AVE,NULL,1,Etobicoke York,NULL,31,Intersection,At Intersection,Traffic Signal,Clear,"Dark, artificial",Dry,Non-Fatal Injury,Turning Movement,D31,25,Glenfield-Jane Heights (25),-79.5014,43.7414,NULL,NULL,N,NULL,NULL,NULL
6002282279,2016,00:00.0,2141,21,LESLIE ST,401 C W LESLIE S RAMP,11 m North of,1,North York,17,33,Intersection,Intersection Related,Traffic Signal,Clear,"Dark, artificial",Dry,Non-Fatal Injury,Pedestrian Collisions,D33,52,Bayview Village (52),-79.3636,43.7671,NULL,NULL,N,NULL,NULL,NULL
6002297420,2016,00:00.0,1919,19,CALEDONIA RD,EGLINTON AVE W,NULL,1,North York,NULL,13,Intersection,Intersection Related,Traffic Signal,Clear,"Dark, artificial",Dry,Non-Fatal Injury,Pedestrian Collisions,D13,109,Caledonia-Fairbank (109),-79.4621,43.6929,NULL,NULL,N,NULL,NULL,NULL
6002315243,2016,00:00.0,2022,20,EGLINTON AVE E,BERMONDSEY RD,NULL,1,North York,16,NULL,Intersection,Intersection Related,Traffic Signal,Clear,"Dark, artificial",Wet,Non-Fatal Injury,Turning Movement,D54,43,Victoria Village (43),-79.3134,43.7259,NULL,NULL,N,NULL,NULL,NULL
7000840338,2017,00:00.0,2343,23,MORNINGSIDE AVE,STAINES RD,15 m East of,3,Scarborough,25,42,Intersection,At Intersection,Traffic Signal,Clear,"Dark, artificial",Dry,Non-Fatal Injury,SMV Other,D42,132,Malvern (132),-79.221,43.8196,NULL,NULL,N,NULL,NULL,NULL
6002090598,2016,00:00.0,251,2,FINCH AVE E,MIDLAND AVE,NULL,1,Scarborough,NULL,42,Intersection,At Intersection,Traffic Signal,"Fog, Mist, Smoke, Dust","Dark, artificial",Wet,Non-Fatal Injury,Turning Movement,D42,129,Agincourt North (129),-79.2862,43.8036,NULL,NULL,N,NULL,NULL,NULL
1069312,2008,00:00.0,2240,22,31 MOORE PARK AVE,NULL,NULL,4,North York,18,32,Mid-Block,NULL,No Control,Clear,Dark,Dry,Non-Fatal Injury,Pedestrian Collisions,D32,36,Newtonbrook West (36),-79.4216,43.7932,NULL,NULL,N,NULL,NULL,NULL
1062414,2008,00:00.0,630,6,LAWRENCE AVE W,CALEDONIA RD,NULL,1,North York,8,NULL,Mid-Block,NULL,No Control,Clear,Daylight,Dry,Non-Fatal Injury,Sideswipe,D13,31,Yorkdale-Glen Park (31),-79.4671,43.7113,NULL,NULL,N,NULL,NULL,NULL
7000396718,2017,00:00.0,1249,12,REXDALE BLVD,RAMP TO ENTRANCE RD,6.5 m West of,1,Etobicoke York,1,23,Mid-Block,Non Intersection,No Control,Clear,Daylight,Dry,Fatal,Pedestrian Collisions,D23,1,West Humber-Clairville (1),-79.612,43.7204,NULL,NULL,N,NULL,NULL,NULL
6002166207,2016,00:00.0,2220,22,GERRARD ST E,COXWELL AVE,NULL,3,Toronto and East York,NULL,55,Intersection,At Intersection,Traffic Signal,Rain,"Dark, artificial",Wet,Non-Fatal Injury,Pedestrian Collisions,D55,64,Woodbine Corridor (64),-79.3202,43.6752,NULL,NULL,N,NULL,NULL,NULL
6002166208,2016,00:00.0,2220,22,COXWELL AVE,GERRARD ST E,NULL,3,Toronto and East York,NULL,55,Intersection,At Intersection,Traffic Signal,Rain,"Dark, artificial",Wet,Non-Fatal Injury,Pedestrian Collisions,D55,64,Woodbine Corridor (64),-79.3202,43.6752,NULL,NULL,N,NULL,NULL,NULL
6002180149,2016,00:00.0,255,2,KINGSTON RD,OLD KINGSTON RD,NULL,1,Scarborough,25,43,Intersection,At Intersection,Traffic Signal,Clear,"Dark, artificial",Wet,Non-Fatal Injury,SMV Other,D43,136,West Hill (136),-79.183,43.7739,NULL,NULL,N,NULL,NULL,NULL
7000148860,2017,00:00.0,1635,16,95 REDPATH  AVE,NULL,10 m West of,2,Toronto and East York,12,53,Mid-Block,Non Intersection,No Control,Freezing Rain,Daylight,Wet,Non-Fatal Injury,Pedestrian Collisions,D53,104,Mount Pleasant West (104),-79.3924,43.7068,NULL,NULL,N,NULL,NULL,NULL
1029413,2008,00:00.0,1305,13,GLENCAIRN AVE,DALEMOUNT AVE,NULL,3,North York,8,13,Intersection,At Intersection,Stop Sign,Clear,Daylight,Dry,Non-Fatal Injury,Turning Movement,D13,32,Englemount-Lawrence (32),-79.4326,43.7113,NULL,NULL,N,NULL,NULL,NULL
6001989183,2016,00:00.0,1833,18,ISLINGTON AVE,SUMMITCREST DR,NULL,1,Etobicoke York,2,23,Intersection,At Intersection,Traffic Signal,Rain,"Dark, artificial",Wet,Non-Fatal Injury,Pedestrian Collisions,D23,7,Willowridge-Martingrove-Richview (7),-79.5404,43.6831,NULL,NULL,N,NULL,NULL,NULL
1034841,2008,00:00.0,53,0,FINCH AVE W,TOPCLIFF AVE,NULL,1,Etobicoke York,7,31,Mid-Block,At Intersection,No Control,Clear,Dark,Dry,Non-Fatal Injury,Approaching,D31,25,Glenfield-Jane Heights (25),-79.5087,43.759,NULL,NULL,N,NULL,NULL,NULL
1095501,2009,00:00.0,852,8,LAWRENCE AVE W,GOOD SHEPHERD CRT,NULL,1,North York,8,NULL,Mid-Block,NULL,No Control,Clear,Daylight,Other,Non-Fatal Injury,Pedestrian Collisions,D13,31,Yorkdale-Glen Park (31),-79.4561,43.7137,NULL,NULL,N,NULL,NULL,NULL
1097174,2009,00:00.0,2128,21,DUNDAS ST W,BLOOR ST W,NULL,1,Toronto and East York,4,11,Intersection,NULL,No Control,Clear,Dark,Dry,Non-Fatal Injury,Pedestrian Collisions,D11,88,High Park North (88),-79.4524,43.6563,-79.4524,43.6563,Y,Dundas St W,Bloor St W,2009-08-11
1060815,2008,00:00.0,1425,14,MILLWOOD Rd,REDWAY Rd,NULL,1,North York,15,53,Intersection,At Intersection,Traffic Signal,Clear,Daylight,Dry,Non-Fatal Injury,Cyclist Collisions,D53,55,Thorncliffe Park (55),-79.3581,43.7018,NULL,NULL,N,NULL,NULL,NULL
1055195,2008,00:00.0,1111,11,PLEWES RD,ANCASTER RD,NULL,2,North York,6,32,Mid-Block,NULL,No Control,Clear,Daylight,Dry,Fatal,Pedestrian Collisions,D32,26,Downsview-Roding-CFB (26),-79.4659,43.7346,NULL,NULL,N,NULL,NULL,NULL