ACCNUM,YEAR,DATE,TIME,HOUR,STREET1,STREET2,OFFSET,ROAD_CLASS,DISTRICT,WARDNUM,DIVISION,LOCCOORD,ACCLOC,TRAFFCTL,VISIBILITY,LIGHT,RDSFCOND,ACCLASS,IMPACTYPE,POLICE_DIVISION,HOOD_ID,NEIGHBOURHOOD,collision_lat,collision_long,red_light_lat,red_light_long,right_light_camera,LINEAR_NAME_FULL_1,LINEAR_NAME_FULL_2,ACTIVATION_DATE
6002093548,2016,00:00.0,1403,14,DUNDAS ST W,CORDOVA AVE,34 m East of,1,Etobicoke York,3,22,Mid-Block,Intersection Related,No Control,Clear,Daylight,Dry,Non-Fatal Injury,Approaching,D22,14,Islington-City Centre West (14),-79.5283,43.649,NULL,NULL,N,NULL,NULL,NULL
1095732,2009,00:00.0,2320,23,KINGSTON Road,MIDLAND Aven,NULL,1,Scarborough,20,41,Intersection,NULL,Traffic Signal,Clear,Dark,Dry,Non-Fatal Injury,Pedestrian Collisions,D41,123,Cliffcrest (123),-79.2481,43.7111,NULL,NULL,N,NULL,NULL,NULL
7001555383,2017,00:00.0,849,8,5450 DUNDAS ST W,NULL,5 m South of,1,Etobicoke York,3,22,Mid-Block,At/Near Private Drive,No Control,Clear,Daylight,Dry,Non-Fatal Injury,Pedestrian Collisions,D22,14,Islington-City Centre West (14),-79.5434,43.6327,NULL,NULL,N,NULL,NULL,NULL
1031031,2008,00:00.0,1530,15,DUNDAS ST W,JANE ST,NULL,1,Toronto and East York,4,11,Intersection,At Intersection,Traffic Signal,Clear,Daylight,Dry,Non-Fatal Injury,Pedestrian Collisions,D11,89,Runnymede-Bloor West Village (89),-79.4911,43.6657,NULL,NULL,N,NULL,NULL,NULL
1114984,2009,00:00.0,1818,18,DUPONT ST,SHAW ST,NULL,1,Toronto and East York,11,14,Mid-Block,NULL,No Control,Clear,Daylight,Dry,Non-Fatal Injury,Turning Movement,D14,93,Dovercourt-Wallace Emerson-Junction (93),-79.4265,43.6705,NULL,NULL,N,NULL,NULL,NULL
1107892,2009,00:00.0,1400,14,DON VALLEY PARKWAY  S,BEECHWOOD DR,NULL,4,Toronto and East York,14,54,Mid-Block,Non Intersection,No Control,Clear,Daylight,Dry,Non-Fatal Injury,SMV Other,D54,57,Broadview North (57),-79.354,43.6959,NULL,NULL,N,NULL,NULL,NULL
1100690,2009,00:00.0,2150,21,ALBION RD,STEINWAY BLVD,NULL,1,Etobicoke York,1,23,Mid-Block,NULL,No Control,Freezing Rain,Dark,Ice,Non-Fatal Injury,Rear End,D23,1,West Humber-Clairville (1),-79.6265,43.7476,NULL,NULL,N,NULL,NULL,NULL
1098480,2009,00:00.0,1418,14,552 PRINCE EDWARD DR N,NULL,NULL,2,Etobicoke York,3,22,Mid-Block,NULL,No Control,Clear,Daylight,Dry,Non-Fatal Injury,Pedestrian Collisions,D22,15,Kingsway South (15),-79.51,43.6597,NULL,NULL,N,NULL,NULL,NULL
7001489368,2017,00:00.0,2215,22,DUFFERIN ST,CARTWRIGHT  AVE,NULL,1,North York,8,32,Intersection,At Intersection,No Control,Rain,"Dark, artificial",Wet,Non-Fatal Injury,Pedestrian Collisions,D32,31,Yorkdale-Glen Park (31),-79.4568,43.7237,NULL,NULL,N,NULL,NULL,NULL
1121287,2009,00:00.0,242,2,RIVER ST,DUNDAS ST E,NULL,1,Toronto and East York,13,51,Intersection,At Intersection,Traffic Signal,Clear,Dark,Dry,Non-Fatal Injury,Cyclist Collisions,D51,72,Regent Park (72),-79.3581,43.6611,NULL,NULL,N,NULL,NULL,NULL
1097979,2009,00:00.0,1245,12,10 MARTHA EATON WAY,MARTHA EATON Way,NULL,5,Etobicoke York,5,12,Mid-Block,NULL,No Control,Clear,Daylight,Dry,Non-Fatal Injury,Rear End,D12,30,Brookhaven-Amesbury (30),-79.4897,43.6966,NULL,NULL,N,NULL,NULL,NULL
1101573,2009,00:00.0,52,0,MCNICOLL AVE,MARKHAM RD,NULL,1,Scarborough,23,42,Mid-Block,NULL,No Control,Clear,Dark,Dry,Non-Fatal Injury,Angle,D42,131,Rouge (131),-79.248,43.8245,NULL,NULL,N,NULL,NULL,NULL
1088275,2009,00:00.0,1315,13,ISLINGTON Aven,SUMMITCREST Driv,NULL,1,Etobicoke York,2,23,Intersection,At Intersection,Traffic Signal,Clear,Daylight,Dry,Non-Fatal Injury,Pedestrian Collisions,D23,7,Willowridge-Martingrove-Richview (7),-79.5404,43.6831,NULL,NULL,N,NULL,NULL,NULL
1090872,2009,00:00.0,1528,15,DUFFERIN ST,WINGOLD AVE,NULL,1,North York,8,13,Intersection,NULL,Traffic Signal,Snow,Daylight,Slush,Non-Fatal Injury,Angle,D13,31,Yorkdale-Glen Park (31),-79.4524,43.7038,NULL,NULL,N,NULL,NULL,NULL
1058699,2008,00:00.0,1354,13,VICTORIA PARK Aven,SLOANE Aven,NULL,1,North York,NULL,NULL,Intersection,At Intersection,Stop Sign,Clear,Daylight,Dry,Non-Fatal Injury,Pedestrian Collisions,D33,119,Wexford/Maryvale (119),-79.3084,43.7387,NULL,NULL,N,NULL,NULL,NULL
1112152,2009,00:00.0,1352,13,COXWELL Aven,QUEEN Stre E,NULL,3,Toronto and East York,NULL,55,Intersection,At Intersection,Traffic Signal,Clear,Daylight,Dry,Non-Fatal Injury,Turning Movement,D55,65,Greenwood-Coxwell (65),-79.3165,43.6663,NULL,NULL,N,NULL,NULL,NULL
1053515,2008,00:00.0,700,7,EGLINTON AVE W,AVENUE RD,NULL,1,North York,NULL,53,Intersection,NULL,No Control,Clear,Daylight,Dry,Non-Fatal Injury,Rear End,D53,100,Yonge-Eglinton (100),-79.4082,43.7046,NULL,NULL,N,NULL,NULL,NULL
1087565,2009,00:00.0,2,0,PAPE Aven,LIPTON Aven,NULL,1,Toronto and East York,14,54,Mid-Block,NULL,No Control,Clear,Dark,Dry,Non-Fatal Injury,Pedestrian Collisions,D54,66,Danforth (66),-79.3452,43.6799,NULL,NULL,N,NULL,NULL,NULL
1086605,2009,00:00.0,715,7,MIDDLEFIELD RD,COMPASS CRT,NULL,3,Scarborough,23,42,Mid-Block,At Intersection,No Control,Clear,Daylight,Wet,Non-Fatal Injury,Angle,D42,129,Agincourt North (129),-79.2551,43.8066,NULL,NULL,N,NULL,NULL,NULL
1087632,2009,00:00.0,1640,16,GERRARD ST E,PAPE AVE,NULL,3,Toronto and East York,14,55,Intersection,At Intersection,Traffic Signal,Clear,Daylight,Wet,Non-Fatal Injury,Pedestrian Collisions,D55,70,South Riverdale (70),-79.3403,43.6681,NULL,NULL,N,NULL,NULL,NULL
1098951,2009,00:00.0,2302,23,SHEPPARD AVE E,MCCOWAN RD,NULL,1,Scarborough,23,42,Intersection,At Intersection,Traffic Signal,Clear,Dark,Dry,Non-Fatal Injury,Pedestrian Collisions,D42,128,Agincourt South-Malvern West (128),-79.2587,43.7896,NULL,NULL,N,NULL,NULL,NULL
1122153,2009,00:00.0,2357,23,KIPLING AVE,EVANS AVE,NULL,1,Etobicoke York,3,22,Intersection,NULL,Traffic Signal,Clear,Dark,Dry,Non-Fatal Injury,Turning Movement,D22,17,Mimico (17),-79.5245,43.6158,NULL,NULL,N,NULL,NULL,NULL
1113026,2009,00:00.0,2353,23,MCCOWAN Road,LAWRENCE Aven E,NULL,1,Scarborough,NULL,43,Intersection,At Intersection,Traffic Signal,Rain,Dark,Wet,Non-Fatal Injury,Pedestrian Collisions,D43,137,Woburn (137),-79.2453,43.7555,NULL,NULL,N,NULL,NULL,NULL
1106697,2009,00:00.0,1252,12,JOHN GARLAND Blvd,COLLINGDALE Rd,NULL,2,Etobicoke York,1,23,Mid-Block,NULL,No Control,Rain,Daylight,Wet,Non-Fatal Injury,SMV Other,D23,2,Mount Olive-Silverstone-Jamestown (2),-79.5831,43.7328,NULL,NULL,N,NULL,NULL,NULL
1123169,2009,00:00.0,430,4,48 ISABELLA ST,NULL,NULL,2,Toronto and East York,13,51,Mid-Block,NULL,No Control,Clear,Dark,Dry,Non-Fatal Injury,Pedestrian Collisions,D51,75,Church-Yonge Corridor (75),-79.3834,43.6679,NULL,NULL,N,NULL,NULL,NULL
1128823,2009,00:00.0,1132,11,CASTLEFIELD AVE,WOODBOROUGH AVE,NULL,2,Etobicoke York,5,12,Intersection,At Intersection,No Control,Clear,Daylight,Dry,Non-Fatal Injury,Cyclist Collisions,D12,112,Beechborough-Greenbrook (112),-79.4686,43.6963,NULL,NULL,N,NULL,NULL,NULL
1121624,2009,00:00.0,947,9,LAWRENCE AVE W,MARLEE AVE,NULL,1,North York,8,NULL,Intersection,At Intersection,Traffic Signal,Clear,Daylight,Dry,Fatal,Pedestrian Collisions,D32,31,Yorkdale-Glen Park (31),-79.4464,43.7156,NULL,NULL,N,NULL,NULL,NULL
1095752,2009,00:00.0,2319,23,QUEEN ST E,LESLIE ST,NULL,3,Toronto and East York,14,55,Intersection,NULL,Traffic Signal,Clear,Dark,Dry,Non-Fatal Injury,Pedestrian Collisions,D55,70,South Riverdale (70),-79.3301,43.6632,NULL,NULL,N,NULL,NULL,NULL
1092623,2009,00:00.0,804,8,NEILSON Rd,MCLEVIN Ave,NULL,3,Scarborough,NULL,42,Mid-Block,At Intersection,No Control,Clear,Daylight,Dry,Non-Fatal Injury,Pedestrian Collisions,D42,132,Malvern (132),-79.2206,43.8086,NULL,NULL,N,NULL,NULL,NULL
1112683,2009,00:00.0,2030,20,DON VALLEY PARKWAY  N,ST DENNIS DR,NULL,NULL,North York,16,54,Mid-Block,NULL,No Control,Clear,Daylight,Dry,Fatal,SMV Other,D54,44,Flemingdon Park (44),-79.3279,43.7187,NULL,NULL,N,NULL,NULL,NULL
1117940,2009,00:00.0,1440,14,STANLEY AVE,QUEENS AVE,NULL,4,Etobicoke York,3,22,Mid-Block,NULL,No Control,Clear,Daylight,Dry,Non-Fatal Injury,Pedestrian Collisions,D22,17,Mimico (17),-79.492,43.6148,NULL,NULL,N,NULL,NULL,NULL
1120462,2009,00:00.0,559,5,WILSON AVE,ALLARD AVE,NULL,1,North York,8,32,Mid-Block,NULL,No Control,Clear,Daylight,Dry,Non-Fatal Injury,SMV Other,D32,39,Bedford Park-Nortown (39),-79.4299,43.7377,NULL,NULL,N,NULL,NULL,NULL
1120536,2009,00:00.0,2028,20,EGLINTON AVE W,BATHURST ST,NULL,1,North York,NULL,NULL,Intersection,NULL,Traffic Signal,Clear,Daylight,Dry,Non-Fatal Injury,Cyclist Collisions,D13,101,Forest Hill South (101),-79.4255,43.7009,NULL,NULL,N,NULL,NULL,NULL
1097106,2009,00:00.0,1156,11,GERRARD St E,CARLAW Ave,NULL,3,Toronto and East York,14,55,Mid-Block,NULL,No Control,Clear,Daylight,Dry,Non-Fatal Injury,Cyclist Collisions,D55,70,South Riverdale (70),-79.3433,43.6674,NULL,NULL,N,NULL,NULL,NULL
1111945,2009,00:00.0,1930,19,5050 SHEPPARD AVE E,NULL,NULL,1,Scarborough,23,42,Mid-Block,NULL,No Control,Clear,Daylight,Dry,Fatal,Pedestrian Collisions,D42,128,Agincourt South-Malvern West (128),-79.2424,43.793,NULL,NULL,N,NULL,NULL,NULL
7001788522,2017,00:00.0,1915,19,QUEEN ST E,BROADVIEW AVE,25 m East of,1,Toronto and East York,14,55,Mid-Block,Intersection Related,No Control,Clear,"Dark, artificial",Dry,Non-Fatal Injury,SMV Unattended Vehicle,D55,70,South Riverdale (70),-79.3498,43.6588,NULL,NULL,N,NULL,NULL,NULL
7001174505,2017,00:00.0,306,3,JANE ST,LAWRENCE AVE W,8 m North of,1,Etobicoke York,5,12,Intersection,At Intersection,Traffic Signal,Clear,"Dark, artificial",Dry,Non-Fatal Injury,Rear End,D12,30,Brookhaven-Amesbury (30),-79.5037,43.7028,NULL,NULL,N,NULL,NULL,NULL
1073990,2008,00:00.0,1130,11,WESTON RD,EGLINTON AVE W,NULL,1,Etobicoke York,5,12,Intersection,At Intersection,Traffic Signal,Clear,Daylight,Dry,Non-Fatal Injury,Pedestrian Collisions,D12,115,Mount Dennis (115),-79.4894,43.6869,NULL,NULL,N,NULL,NULL,NULL
1073992,2008,00:00.0,1152,11,DUFFERIN Stre,WHITLEY Aven,NULL,1,North York,6,32,Intersection,NULL,No Control,Clear,Daylight,Dry,Non-Fatal Injury,Rear End,D32,33,Clanton Park (33),-79.458,43.729,NULL,NULL,N,NULL,NULL,NULL
1083356,2008,00:00.0,950,9,MCCOWAN RD,TOWN CENTRE CRT,NULL,1,Scarborough,NULL,43,Intersection,At Intersection,Traffic Signal,Clear,Daylight,Wet,Non-Fatal Injury,Angle,D43,137,Woburn (137),-79.2521,43.7745,NULL,NULL,N,NULL,NULL,NULL
7001366288,2017,00:00.0,237,2,DUNDAS ST W,KEELE ST,NULL,1,Toronto and East York,4,11,Intersection,At Intersection,Traffic Signal,Clear,Dark,Dry,Non-Fatal Injury,Angle,D11,90,Junction Area (90),-79.4645,43.6653,NULL,NULL,N,NULL,NULL,NULL
7000072801,2017,00:00.0,2258,22,WESTON RD,VEROBEACH BLVD,252 m South of,1,Etobicoke York,7,31,Mid-Block,Non Intersection,No Control,Clear,"Dark, artificial",Dry,Non-Fatal Injury,SMV Other,D31,22,Humbermede (22),-79.5389,43.7367,NULL,NULL,N,NULL,NULL,NULL
7001234920,2017,00:00.0,1250,12,DON MILLS RD,MCNICOLL AVE,NULL,1,North York,17,33,Intersection,At Intersection,Traffic Signal,Clear,Daylight,Dry,Non-Fatal Injury,Turning Movement,D33,48,Hillcrest Village (48),-79.354,43.7995,NULL,NULL,N,NULL,NULL,NULL
1073722,2008,00:00.0,1819,18,CALEDONIA RD,MARCIA AVE,NULL,3,North York,8,13,Intersection,At Intersection,Stop Sign,Clear,Dark,Dry,Non-Fatal Injury,Pedestrian Collisions,D13,31,Yorkdale-Glen Park (31),-79.4663,43.7104,NULL,NULL,N,NULL,NULL,NULL
7002025111,2017,00:00.0,1838,18,TRETHEWEY DR,IRVING RD,20 m North of,3,Etobicoke York,5,12,Intersection,Non Intersection,No Control,Clear,"Dark, artificial",Dry,Non-Fatal Injury,Cyclist Collisions,D12,112,Beechborough-Greenbrook (112),-79.4772,43.6923,NULL,NULL,N,NULL,NULL,NULL
7001277580,2017,00:00.0,2033,20,1450 CASTLEFIELD AVE,NULL,20 m West of,2,Etobicoke York,5,12,Mid-Block,Non Intersection,No Control,Clear,Daylight,Dry,Non-Fatal Injury,Sideswipe,D12,112,Beechborough-Greenbrook (112),-79.4669,43.6975,NULL,NULL,N,NULL,NULL,NULL
7001291645,2017,00:00.0,2115,21,BATHURST ST,BRENTHALL AVE,20 m  of,1,North York,NULL,32,Intersection,At Intersection,Stop Sign,Clear,"Daylight, artificial",Dry,Non-Fatal Injury,Turning Movement,D32,36,Newtonbrook West (36),-79.4431,43.7744,NULL,NULL,N,NULL,NULL,NULL
1107460,2009,00:00.0,0,0,F G GARDINER XY  E,KIPLING AVE,NULL,NULL,Etobicoke York,3,22,Mid-Block,NULL,No Control,Clear,Daylight,Dry,Non-Fatal Injury,Sideswipe,D22,17,Mimico (17),-79.5247,43.618,NULL,NULL,N,NULL,NULL,NULL
8001542376,2018,00:00.0,630,6,KEELE STREET,STEELES AVENUE WEST,NULL,1,North York,NULL,31,Intersection,At Intersection,Traffic Signal,Clear,"Dawn, artificial",Dry,Non-Fatal Injury,Pedestrian Collisions,D31,27,York University Heights (27),-79.4944,43.7815,NULL,NULL,N,NULL,NULL,NULL
7001320711,2017,00:00.0,620,6,114 TORYORK  DR,NULL,20 m East of,2,Etobicoke York,7,31,Mid-Block,Non Intersection,No Control,Clear,Dawn,Dry,Non-Fatal Injury,SMV Other,D31,21,Humber Summit (21),-79.5513,43.7565,NULL,NULL,N,NULL,NULL,NULL
7001357624,2017,00:00.0,1830,18,YONGE ST,BOGERT AVE,7 m North of,1,North York,18,32,Intersection,At Intersection,No Control,Clear,Daylight,Dry,Non-Fatal Injury,Sideswipe,D32,51,Willowdale East (51),-79.4107,43.7606,NULL,NULL,N,NULL,NULL,NULL
1122151,2009,00:00.0,1024,10,MC CAUL St,ORDE St,NULL,2,Toronto and East York,11,52,Mid-Block,At Intersection,No Control,Clear,Daylight,Dry,Non-Fatal Injury,Cyclist Collisions,D52,78,Kensington-Chinatown (78),-79.3931,43.6584,NULL,NULL,N,NULL,NULL,NULL
8001595420,2018,00:00.0,115,1,PHARMACY AVE,DORINE CRES,37 m North of,3,Scarborough,20,41,Mid-Block,Non Intersection,No Control,Clear,"Dark, artificial",Dry,Non-Fatal Injury,SMV Other,D41,120,Clairlea-Birchmount (120),-79.2922,43.713,NULL,NULL,N,NULL,NULL,NULL
7003035301,2017,00:00.0,1809,18,MORNINGSIDE AVE,CASEBRIDGE CRT,10 m North of,1,Scarborough,25,42,Intersection,At Intersection,Traffic Signal,Clear,"Dark, artificial",Dry,Non-Fatal Injury,Turning Movement,D42,131,Rouge (131),-79.2026,43.8088,NULL,NULL,N,NULL,NULL,NULL
7003059433,2017,00:00.0,840,8,VEROBEACH BLVD,INDRIO RD,NULL,4,Etobicoke York,7,31,Intersection,At Intersection,Stop Sign,Clear,Daylight,Dry,Non-Fatal Injury,Pedestrian Collisions,D31,22,Humbermede (22),-79.5421,43.7377,NULL,NULL,N,NULL,NULL,NULL
7001781044,2017,00:00.0,1615,16,DAVENPORT RD,DOVERCOURT ROAD,NULL,3,Toronto and East York,9,13,Intersection,At Intersection,No Control,Clear,Daylight,Dry,Non-Fatal Injury,Cyclist Collisions,D13,92,Corso Italia-Davenport (92),-79.4346,43.6742,NULL,NULL,N,NULL,NULL,NULL
7003122371,2017,00:00.0,1253,12,PRICE ST,YONGE ST,75 m East,4,Toronto and East York,11,53,Mid-Block,Non Intersection,No Control,Clear,Daylight,Dry,Fatal,Pedestrian Collisions,D53,98,Rosedale-Moore Park (98),-79.3898,43.6799,NULL,NULL,N,NULL,NULL,NULL
1033146,2008,00:00.0,1509,15,PAPE AVE,BAIN AVE,NULL,3,Toronto and East York,14,55,Intersection,At Intersection,Stop Sign,Clear,Daylight,Dry,Non-Fatal Injury,Pedestrian Collisions,D55,69,Blake-Jones (69),-79.3423,43.6729,NULL,NULL,N,NULL,NULL,NULL
7001696237,2017,00:00.0,2019,20,LAKE SHORE BLVD W,BRITISH COLUMBIA RD,1 m West of,1,Toronto and East York,4,14,Intersection,At Intersection,Traffic Signal,Clear,"Dark, artificial",Dry,Non-Fatal Injury,Cyclist Collisions,D14,85,South Parkdale (85),-79.4291,43.6313,NULL,NULL,N,NULL,NULL,NULL
7003148024,2017,00:00.0,700,7,WESTON RD,TORYORK  DR,NULL,1,Etobicoke York,7,31,Intersection,At Intersection,Traffic Signal,Clear,Dawn,Dry,Non-Fatal Injury,Pedestrian Collisions,D31,21,Humber Summit (21),-79.5426,43.7532,NULL,NULL,N,NULL,NULL,NULL
7003173302,2017,00:00.0,854,8,4975 DUNDAS ST W,NULL,92 m East of,1,Etobicoke York,3,22,Mid-Block,At/Near Private Drive,No Control,Clear,Daylight,Dry,Non-Fatal Injury,Pedestrian Collisions,D22,14,Islington-City Centre West (14),-79.5297,43.6475,NULL,NULL,N,NULL,NULL,NULL
8000812418,2018,00:00.0,2215,22,MARKHAM RD,ELLESMERE RD,7 m West of,1,Scarborough,24,43,Intersection,At Intersection,Traffic Signal,Clear,"Dark, artificial",Dry,Non-Fatal Injury,Turning Movement,D43,137,Woburn (137),-79.2317,43.7763,NULL,NULL,N,NULL,NULL,NULL
8000825405,2018,00:00.0,2050,20,JARVIS ST,RICHMOND ST E,30 m North of,1,Toronto and East York,13,51,Intersection,Intersection Related,No Control,Clear,"Dark, artificial",Dry,Non-Fatal Injury,Pedestrian Collisions,D51,73,Moss Park (73),-79.3727,43.6526,NULL,NULL,N,NULL,NULL,NULL
7002025580,2017,00:00.0,2009,20,KEELE ST,STEELES AVE W,NULL,1,Etobicoke York,NULL,31,Intersection,At Intersection,Traffic Signal,Clear,"Dark, artificial",Dry,Non-Fatal Injury,Turning Movement,D31,27,York University Heights (27),-79.4944,43.7815,NULL,NULL,N,NULL,NULL,NULL
8000921444,2018,00:00.0,1325,13,4800 LESLIE ST,NULL,60 m West of,1,North York,17,33,Mid-Block,Non Intersection,No Control,Clear,"Daylight, artificial",Dry,Non-Fatal Injury,Pedestrian Collisions,D33,47,Don Valley Village (47),-79.3656,43.7796,NULL,NULL,N,NULL,NULL,NULL
7003060621,2017,00:00.0,1148,11,SHEPPARD AVE E,VICTORIA PARK AVE,NULL,1,Scarborough,22,42,Mid-Block,Non Intersection,No Control,Clear,Daylight,Dry,Fatal,Pedestrian Collisions,D42,118,Tam O'Shanter-Sullivan (118),-79.3222,43.7753,NULL,NULL,N,NULL,NULL,NULL
7003071478,2017,00:00.0,2351,23,DUNDAS ST W,THE EAST MALL,NULL,1,Etobicoke York,3,22,Mid-Block,Non Intersection,No Control,Clear,"Dark, artificial",Dry,Non-Fatal Injury,Cyclist Collisions,D22,14,Islington-City Centre West (14),-79.5535,43.6292,NULL,NULL,N,NULL,NULL,NULL
7003203834,2017,00:00.0,2005,20,ADELAIDE ST W,YORK ST,NULL,1,Toronto and East York,10,52,Intersection,At Intersection,Traffic Signal,Clear,"Dark, artificial",Wet,Non-Fatal Injury,Pedestrian Collisions,D52,76,Bay Street Corridor (76),-79.384,43.6491,NULL,NULL,N,NULL,NULL,NULL
8000315190,2018,00:00.0,617,6,537 FINCH AVE W,NULL,11 m East of,1,North York,6,32,Mid-Block,Non Intersection,No Control,Clear,"Dark, artificial",Dry,Non-Fatal Injury,Approaching,D32,35,Westminster-Branson (35),-79.4475,43.7729,NULL,NULL,N,NULL,NULL,NULL
7001340005,2017,00:00.0,746,7,LAWRENCE AVE E,CARNFORTH RD,20 m East of,1,North York,16,33,Intersection,At Intersection,Traffic Signal,Clear,Daylight,Dry,Non-Fatal Injury,Rear End,D33,43,Victoria Village (43),-79.3142,43.7414,NULL,NULL,N,NULL,NULL,NULL
8000252171,2018,00:00.0,1125,11,LOWER JARVIS ST,FRONT ST E,74 m South of,1,Toronto and East York,13,51,Mid-Block,Non Intersection,No Control,Snow,Daylight,Loose Snow,Non-Fatal Injury,Pedestrian Collisions,D51,77,Waterfront Communities-The Island (77),-79.3711,43.6486,NULL,NULL,N,NULL,NULL,NULL
8000845725,2018,00:00.0,1845,18,EASTERN AVE,COXWELL AVE,NULL,3,Toronto and East York,NULL,55,Intersection,At Intersection,Traffic Signal,Clear,Daylight,Dry,Non-Fatal Injury,Turning Movement,D55,63,The Beaches (63),-79.3161,43.6654,NULL,NULL,N,NULL,NULL,NULL
8000265152,2018,00:00.0,1330,13,YONGE ST,MCGLASHAN RD,16 m North of,1,North York,NULL,32,Intersection,At Intersection,No Control,Freezing Rain,Daylight,Slush,Non-Fatal Injury,SMV Other,D32,41,Bridle Path-Sunnybrook-York Mills (41),-79.4062,43.7417,NULL,NULL,N,NULL,NULL,NULL
8000970456,2018,00:00.0,1700,17,QUEENS QUAY E,DOCKSIDE  DR,NULL,3,Toronto and East York,10,51,Intersection,At Intersection,Traffic Signal,Clear,Daylight,Dry,Non-Fatal Injury,Cyclist Collisions,D51,77,Waterfront Communities-The Island (77),-79.3654,43.645,NULL,NULL,N,NULL,NULL,NULL
8000979295,2018,00:00.0,2103,21,WOODBINE AVE,MERRILL AVE E,NULL,1,Toronto and East York,19,55,Intersection,At Intersection,No Control,Clear,"Dark, artificial",Dry,Non-Fatal Injury,Cyclist Collisions,D55,62,East End-Danforth (62),-79.3118,43.6833,NULL,NULL,N,NULL,NULL,NULL
7001709828,2017,00:00.0,1953,19,BROADVIEW AVE,NEALON AVE,NULL,3,Toronto and East York,14,54,Intersection,At Intersection,No Control,Clear,Dark,Dry,Fatal,Pedestrian Collisions,D54,57,Broadview North (57),-79.3571,43.6828,NULL,NULL,N,NULL,NULL,NULL
8001076637,2018,00:00.0,154,1,430 ROYAL YORK RD,NULL,25 m South of,3,Etobicoke York,3,22,Intersection,Intersection Related,No Control,Clear,"Dark, artificial",Dry,Non-Fatal Injury,Pedestrian Collisions,D22,17,Mimico (17),-79.5002,43.6206,NULL,NULL,N,NULL,NULL,NULL
7003285352,2017,00:00.0,1515,15,ST CLAIR AVE E,KENNEDY  RD,2 m East of,1,Scarborough,20,41,Intersection,At Intersection,Traffic Signal,Snow,Daylight,Loose Snow,Non-Fatal Injury,Other,D41,120,Clairlea-Birchmount (120),-79.2613,43.7164,NULL,NULL,N,NULL,NULL,NULL
8000275432,2018,00:00.0,247,2,DUFFERIN ST,BANK ST,16 m South of,3,Toronto East York,9,NULL,Intersection,Intersection Related,No Control,Clear,"Dark, artificial",Dry,Non-Fatal Injury,SMV Unattended Vehicle,D14,84,Little Portugal (84),-79.4306,43.6476,NULL,NULL,N,NULL,NULL,NULL
8000986648,2018,00:00.0,2054,20,LAWRENCE AVE E,MORNINGSIDE AVE,NULL,3,Scarborough,NULL,43,Intersection,Intersection Related,No Control,Clear,Daylight,Wet,Non-Fatal Injury,Pedestrian Collisions,D43,136,West Hill (136),-79.1861,43.7683,NULL,NULL,N,NULL,NULL,NULL
8000162835,2018,00:00.0,1430,14,QUEENS QUAY W,YORK ST,60 m West of,3,Toronto and East York,10,52,Mid-Block,Non Intersection,No Control,Clear,Daylight,Dry,Non-Fatal Injury,Pedestrian Collisions,D52,77,Waterfront Communities-The Island (77),-79.381,43.6397,NULL,NULL,N,NULL,NULL,NULL
8000027863,2018,00:00.0,1455,14,SUNRISE AVE,BERMONDSEY RD,408 m East of,2,North York,NULL,54,Mid-Block,At/Near Private Drive,No Control,Clear,Daylight,Dry,Non-Fatal Injury,Turning Movement,D54,43,Victoria Village (43),-79.3082,43.718,NULL,NULL,N,NULL,NULL,NULL
8000063695,2018,00:00.0,923,9,YONGE ST,RANLEIGH AVE,NULL,1,North York,NULL,32,Intersection,At Intersection,Traffic Signal,Clear,Daylight,Wet,Non-Fatal Injury,Pedestrian Collisions,D32,105,Lawrence Park North (105),-79.4029,43.7277,NULL,NULL,N,NULL,NULL,NULL
7003291964,2017,00:00.0,1745,17,3825 SHEPPARD AVE E,NULL,140 m East of,1,Scarborough,22,42,Mid-Block,Non Intersection,No Control,Clear,"Daylight, artificial",Wet,Non-Fatal Injury,Pedestrian Collisions,D42,118,Tam O'Shanter-Sullivan (118),-79.2917,43.7824,NULL,NULL,N,NULL,NULL,NULL
8000000595,2018,00:00.0,137,1,NEILSON RD,401 C W NEILSON RAMP RD,NULL,3,Scarborough,NULL,42,Intersection,At Intersection,Traffic Signal,Clear,"Dark, artificial",Dry,Non-Fatal Injury,Angle,D42,132,Malvern (132),-79.2163,43.795,NULL,NULL,N,NULL,NULL,NULL
8001610788,2018,00:00.0,852,8,330 KINGSTON RD,NULL,NULL,1,Scarborough,19,55,Mid-Block,Non Intersection,No Control,Clear,Daylight,Dry,Non-Fatal Injury,Rear End,D55,63,The Beaches (63),-79.3069,43.6746,NULL,NULL,N,NULL,NULL,NULL
8001115979,2018,00:00.0,1717,17,ANNETTE ST,QUEBEC AVE,NULL,3,Etobicoke York,4,11,Intersection,At Intersection,Stop Sign,Clear,Daylight,Dry,Non-Fatal Injury,Angle,D11,90,Junction Area (90),-79.4707,43.6624,NULL,NULL,N,NULL,NULL,NULL