ACCNUM,YEAR,DATE,TIME,HOUR,STREET1,STREET2,OFFSET,ROAD_CLASS,DISTRICT,WARDNUM,DIVISION,LOCCOORD,ACCLOC,TRAFFCTL,VISIBILITY,LIGHT,RDSFCOND,ACCLASS,IMPACTYPE,POLICE_DIVISION,HOOD_ID,NEIGHBOURHOOD,collision_lat,collision_long,red_light_lat,red_light_long,right_light_camera,LINEAR_NAME_FULL_1,LINEAR_NAME_FULL_2,ACTIVATION_DATE
8000083490,2018,00:00.0,1059,10,THE QUEENSWAY,ALDGATE AVE,100 m West of,1,Etobicoke York,3,22,Mid-Block,Non Intersection,No Control,Clear,Daylight,Dry,Non-Fatal Injury,Approaching,D22,16,Stonegate-Queensway (16),-79.4875,43.6295,NULL,NULL,N,NULL,NULL,NULL
8000090859,2018,00:00.0,1520,15,23 IANHALL RD,NULL,NULL,4,North York,6,31,Mid-Block,Non Intersection,No Control,Snow,Daylight,Loose Snow,Fatal,Pedestrian Collisions,D31,26,Downsview-Roding-CFB (26),-79.4882,43.7279,NULL,NULL,N,NULL,NULL,NULL
7002038270,2017,00:00.0,1850,18,O CONNOR DR,PAPE AVE,NULL,1,Toronto and East York,14,54,Intersection,At Intersection,Traffic Signal,Clear,"Dark, artificial",Dry,Non-Fatal Injury,Pedestrian Collisions,D54,58,Old East York (58),-79.3502,43.6931,NULL,NULL,N,NULL,NULL,NULL
8001185934,2018,00:00.0,2215,22,PACIFIC AVE,DUNDAS ST W,3 m North of,1,Etobicoke York,4,11,Intersection,At Intersection,Traffic Signal,Clear,"Dark, artificial",Dry,Non-Fatal Injury,Pedestrian Collisions,D11,90,Junction Area (90),-79.4685,43.6653,NULL,NULL,N,NULL,NULL,NULL
8000352220,2018,00:00.0,1950,19,ROYAL YORK RD,BLOOR ST W,NULL,1,Etobicoke York,3,22,Intersection,At Intersection,Traffic Signal,Clear,Dark,Dry,Non-Fatal Injury,Pedestrian Collisions,D22,16,Stonegate-Queensway (16),-79.5113,43.6472,NULL,NULL,N,NULL,NULL,NULL
8000390730,2018,00:00.0,1435,14,2083 LAWRENCE AVE W,NULL,NULL,1,Etobicoke York,5,12,Mid-Block,Non Intersection,No Control,Clear,Daylight,Dry,Non-Fatal Injury,Pedestrian Collisions,D12,113,Weston (113),-79.5175,43.6997,NULL,NULL,N,NULL,NULL,NULL
8000303628,2018,00:00.0,2319,23,3230 BAYVIEW AVE,NULL,NULL,1,North York,NULL,NULL,Mid-Block,Non Intersection,No Control,NULL,Dark,NULL,Fatal,SMV Other,D33,49,Bayview Woods-Steeles (49),-79.3927,43.7882,NULL,NULL,N,NULL,NULL,NULL
8001722145,2018,00:00.0,1001,10,STEELES AVE W,KEELE ST,NULL,1,North York,NULL,31,Intersection,At Intersection,Traffic Signal,Clear,Daylight,Dry,Non-Fatal Injury,Cyclist Collisions,D31,27,York University Heights (27),-79.4944,43.7815,NULL,NULL,N,NULL,NULL,NULL
8000516187,2018,00:00.0,2305,23,QUEENS QUAY W,YORK ST,60 m West of,3,Toronto and East York,10,52,Mid-Block,Non Intersection,No Control,Clear,"Dark, artificial",Dry,Non-Fatal Injury,Pedestrian Collisions,D52,77,Waterfront Communities-The Island (77),-79.381,43.6397,NULL,NULL,N,NULL,NULL,NULL
8001280273,2018,00:00.0,2121,21,TRETHEWEY DR,YORKTOWN  DR,NULL,3,Etobicoke York,5,12,Intersection,At Intersection,Stop Sign,Clear,"Dark, artificial",Dry,Non-Fatal Injury,Angle,D12,112,Beechborough-Greenbrook (112),-79.4772,43.6923,NULL,NULL,N,NULL,NULL,NULL
8000091274,2018,00:00.0,1623,16,YONGE ST,MELINDA ST,17 m North of,1,Toronto and East York,13,NULL,Intersection,Intersection Related,No Control,Snow,Daylight,Loose Snow,Non-Fatal Injury,Pedestrian Collisions,D51,75,Church-Yonge Corridor (75),-79.3776,43.6484,NULL,NULL,N,NULL,NULL,NULL
1124459,2009,00:00.0,10,0,FINCH Aven E,DON MILLS Road,NULL,1,North York,17,33,Intersection,At Intersection,Traffic Signal,Clear,Dark,Wet,Non-Fatal Injury,Cyclist Collisions,D33,47,Don Valley Village (47),-79.3546,43.7926,NULL,NULL,N,NULL,NULL,NULL
188016123,2018,00:00.0,1700,17,BAYVIEW AVE,THE BRIDLE PATH,NULL,1,North York,15,NULL,Mid-Block,Non Intersection,No Control,Clear,Daylight,Dry,Non-Fatal Injury,Pedestrian Collisions,D33,41,Bridle Path-Sunnybrook-York Mills (41),-79.3824,43.7392,NULL,NULL,N,NULL,NULL,NULL
7001806596,2017,00:00.0,1330,13,QUEEN ST W,PORTLAND ST,3 m East of,1,Toronto and East York,10,14,Mid-Block,At Intersection,Traffic Signal,Clear,Daylight,Dry,Non-Fatal Injury,Turning Movement,D14,77,Waterfront Communities-The Island (77),-79.4013,43.6476,NULL,NULL,N,NULL,NULL,NULL
1149845,2009,00:00.0,1947,19,WESTON RD,JANE ST,NULL,1,Etobicoke York,5,12,Intersection,At Intersection,Traffic Signal,Rain,Dark,Wet,Non-Fatal Injury,Pedestrian Collisions,D12,115,Mount Dennis (115),-79.5008,43.6912,NULL,NULL,N,NULL,NULL,NULL
1149846,2010,00:00.0,350,3,SPADINA AVE,WILLCOCKS ST,NULL,1,Toronto and East York,11,NULL,Intersection,At Intersection,Traffic Signal,Clear,Dark,Wet,Non-Fatal Injury,Sideswipe,D14,79,University (79),-79.4013,43.6612,NULL,NULL,N,NULL,NULL,NULL
8001389602,2018,00:00.0,2122,21,LAKE SHORE BLVD E,WINNERS CRCL,60 m East of,1,North York,19,55,Mid-Block,Non Intersection,No Control,Clear,Dark,Dry,Non-Fatal Injury,Pedestrian Collisions,D55,70,South Riverdale (70),-79.3077,43.6637,NULL,NULL,N,NULL,NULL,NULL
1148390,2010,00:00.0,655,6,MOUNT PLEASANT RD,EGLINTON AVE E,NULL,1,North York,NULL,53,Intersection,At Intersection,Traffic Signal,Clear,Dark,Dry,Fatal,Pedestrian Collisions,D53,99,Mount Pleasant East (99),-79.3901,43.7084,NULL,NULL,N,NULL,NULL,NULL
8001708692,2018,00:00.0,240,2,PARKSIDE DR,INDIAN VALLEY CRES,34 meters south,1,Toronto and East York,4,11,Mid-Block,Non Intersection,No Control,Clear,Dark,Dry,Fatal,Approaching,D11,87,High Park-Swansea (87),-79.4582,43.6504,NULL,NULL,N,NULL,NULL,NULL
1078551,2009,00:00.0,259,2,EGLINTON AVE E,DANFORTH RD,NULL,1,Scarborough,NULL,43,Intersection,At Intersection,Traffic Signal,Clear,Dark,Wet,Fatal,Pedestrian Collisions,D43,138,Eglinton East (138),-79.2461,43.737,-79.2461,43.737,Y,Eglinton Ave E,Danforth Rd,2017-03-10
1074035,2008,00:00.0,701,7,HIGHWAY 27  S,ALBION RD,NULL,1,Etobicoke York,1,23,Mid-Block,NULL,No Control,Clear,Dark,Wet,Non-Fatal Injury,Pedestrian Collisions,D23,1,West Humber-Clairville (1),-79.6102,43.7493,NULL,NULL,N,NULL,NULL,NULL
1079597,2008,00:00.0,706,7,WILSON AVE,LEXFIELD AVE,NULL,1,North York,6,31,Intersection,NULL,No Control,Clear,Daylight,Wet,Non-Fatal Injury,Pedestrian Collisions,D31,26,Downsview-Roding-CFB (26),-79.4967,43.7233,NULL,NULL,N,NULL,NULL,NULL
1122772,2009,00:00.0,1230,12,BAYVIEW AVE,401 C W BAYVIEW RAMP,NULL,1,North York,NULL,NULL,Intersection,At Intersection,Traffic Signal,Clear,Daylight,Dry,Non-Fatal Injury,Pedestrian Collisions,D33,52,Bayview Village (52),-79.3874,43.7645,NULL,NULL,N,NULL,NULL,NULL
1123411,2009,00:00.0,1540,15,HOVE ST,SHEPPARD AVE W,NULL,4,North York,6,32,Mid-Block,NULL,No Control,Clear,Daylight,Dry,Non-Fatal Injury,Pedestrian Collisions,D32,34,Bathurst Manor (34),-79.4415,43.7553,NULL,NULL,N,NULL,NULL,NULL
1151934,2010,00:00.0,1401,14,JANE Stre,HARDING Aven,NULL,1,Etobicoke York,5,12,Intersection,At Intersection,Traffic Signal,Clear,Daylight,Dry,Non-Fatal Injury,Pedestrian Collisions,D12,30,Brookhaven-Amesbury (30),-79.5028,43.6995,NULL,NULL,N,NULL,NULL,NULL
1147555,2010,00:00.0,148,1,BURNHAMTHORPE RD,PRENNAN AVE,NULL,1,Etobicoke York,2,22,Intersection,At Intersection,No Control,Clear,Dark,Wet,Non-Fatal Injury,SMV Other,D22,14,Islington-City Centre West (14),-79.5407,43.6507,NULL,NULL,N,NULL,NULL,NULL
1146741,2010,00:00.0,1012,10,DANFORTH AVE,DAWES RD,NULL,1,Toronto and East York,19,NULL,Intersection,At Intersection,Traffic Signal,Clear,Daylight,Dry,Non-Fatal Injury,Pedestrian Collisions,D54,62,East End-Danforth (62),-79.2967,43.6893,NULL,NULL,N,NULL,NULL,NULL
1146864,2010,00:00.0,329,3,KING ST E,PARLIAMENT ST,NULL,1,Toronto and East York,13,51,Intersection,At Intersection,Traffic Signal,Clear,Dark,Dry,Fatal,Approaching,D51,73,Moss Park (73),-79.3631,43.6527,NULL,NULL,N,NULL,NULL,NULL
1157271,2010,00:00.0,1848,18,O CONNOR Driv,BEECHWOOD Cres,NULL,3,Toronto and East York,14,54,Mid-Block,NULL,No Control,Clear,Dark,Dry,Non-Fatal Injury,Cyclist Collisions,D54,57,Broadview North (57),-79.3544,43.6923,NULL,NULL,N,NULL,NULL,NULL
1157957,2010,00:00.0,1942,19,QUEEN Stre W,BATHURST Stre,NULL,1,Toronto and East York,10,14,Intersection,At Intersection,Traffic Signal,Clear,Dark,Dry,Non-Fatal Injury,Pedestrian Collisions,D14,77,Waterfront Communities-The Island (77),-79.4039,43.6471,NULL,NULL,N,NULL,NULL,NULL
1172906,2010,00:00.0,155,1,WESTON RD,PORTER AVE,NULL,1,Etobicoke York,5,12,Intersection,At Intersection,No Control,Clear,Dark,Dry,Non-Fatal Injury,Pedestrian Collisions,D12,111,Rockcliffe-Smythe (111),-79.4786,43.6828,NULL,NULL,N,NULL,NULL,NULL
1181132,2010,00:00.0,2145,21,124 ELLESMERE RD,NULL,NULL,1,Scarborough,21,41,Mid-Block,NULL,No Control,Clear,Dark,Dry,Non-Fatal Injury,Turning Movement,D41,119,Wexford/Maryvale (119),-79.3094,43.7591,NULL,NULL,N,NULL,NULL,NULL
1176162,2010,00:00.0,1800,18,KING ST W,PETER ST,NULL,1,Toronto and East York,10,52,Intersection,At Intersection,Traffic Signal,Clear,Daylight,Dry,Non-Fatal Injury,Cyclist Collisions,D52,77,Waterfront Communities-The Island (77),-79.3922,43.6459,NULL,NULL,N,NULL,NULL,NULL
1181809,2010,00:00.0,1932,19,WARDEN AVE,HYMUS RD,NULL,1,Scarborough,20,41,Intersection,At Intersection,Stop Sign,Clear,Daylight,Dry,Non-Fatal Injury,Turning Movement,D41,120,Clairlea-Birchmount (120),-79.2841,43.7195,NULL,NULL,N,NULL,NULL,NULL
1182360,2010,00:00.0,1748,17,ST CLAIR Ave W,ST CLARENS Ave,NULL,1,Toronto and East York,9,13,Mid-Block,NULL,No Control,Clear,Daylight,Dry,Non-Fatal Injury,Cyclist Collisions,D13,92,Corso Italia-Davenport (92),-79.4489,43.6766,NULL,NULL,N,NULL,NULL,NULL
1177549,2010,00:00.0,1730,17,OTONABEE AVE,YONGE ST,NULL,1,North York,18,32,Intersection,At Intersection,Stop Sign,Clear,Daylight,Dry,Non-Fatal Injury,Cyclist Collisions,D32,50,Newtonbrook East (50),-79.4191,43.7946,NULL,NULL,N,NULL,NULL,NULL
1137628,2009,00:00.0,1100,11,QUEEN Stre W,BATHURST Stre,NULL,1,Toronto and East York,10,14,Intersection,NULL,Traffic Signal,Clear,Daylight,Dry,Non-Fatal Injury,Pedestrian Collisions,D14,77,Waterfront Communities-The Island (77),-79.4039,43.6471,NULL,NULL,N,NULL,NULL,NULL
1125430,2009,00:00.0,1349,13,KEELE ST,MURRAY ROSS PKWY,NULL,1,Etobicoke York,NULL,31,Intersection,At Intersection,Traffic Signal,Clear,Daylight,Dry,Non-Fatal Injury,SMV Other,D31,27,York University Heights (27),-79.4919,43.7673,NULL,NULL,N,NULL,NULL,NULL
1164773,2010,00:00.0,1455,14,2559 BLOOR St W,NULL,NULL,1,Toronto and East York,4,11,Intersection,NULL,No Control,Rain,Daylight,Wet,Non-Fatal Injury,Rear End,D11,114,Lambton Baby Point (114),-79.4907,43.648,NULL,NULL,N,NULL,NULL,NULL
1163368,2010,00:00.0,805,8,CARLINGVIEW Driv,INTERNATIONAL Boul,NULL,3,Etobicoke York,1,23,Mid-Block,NULL,No Control,Clear,Daylight,Dry,Non-Fatal Injury,Rear End,D23,1,West Humber-Clairville (1),-79.5905,43.6758,NULL,NULL,N,NULL,NULL,NULL
1171250,2010,00:00.0,120,1,DUFFERIN ST,ST CLAIR AVE W,NULL,1,Toronto and East York,9,13,Intersection,At Intersection,Traffic Signal,Rain,Dark,Wet,Fatal,Pedestrian Collisions,D13,92,Corso Italia-Davenport (92),-79.443,43.6779,NULL,NULL,N,NULL,NULL,NULL
1171865,2010,00:00.0,345,3,EGLINTON AVE W,LOCKSLEY AVE,NULL,1,North York,NULL,13,Intersection,At Intersection,No Control,"Fog, Mist, Smoke, Dust",Dark,Dry,Non-Fatal Injury,Pedestrian Collisions,D13,107,Oakwood Village (107),-79.4472,43.6963,NULL,NULL,N,NULL,NULL,NULL
1147870,2010,00:00.0,655,6,KIPLING AVE,STEVENSON RD,NULL,1,Etobicoke York,1,23,Mid-Block,NULL,No Control,Clear,Dusk,Wet,Non-Fatal Injury,Pedestrian Collisions,D23,2,Mount Olive-Silverstone-Jamestown (2),-79.5828,43.7449,NULL,NULL,N,NULL,NULL,NULL
1134244,2009,00:00.0,901,9,KEELE ST,STEELES AVE W,NULL,1,Etobicoke York,NULL,31,Intersection,At Intersection,Traffic Signal,Rain,Daylight,Wet,Fatal,Turning Movement,D31,27,York University Heights (27),-79.4944,43.7815,NULL,NULL,N,NULL,NULL,NULL
1180994,2010,00:00.0,1659,16,QUEEN ST W,CAMERON ST,NULL,1,Toronto and East York,10,14,Intersection,NULL,No Control,Clear,Daylight,Dry,Non-Fatal Injury,Turning Movement,D14,77,Waterfront Communities-The Island (77),-79.3975,43.6484,NULL,NULL,N,NULL,NULL,NULL
1170181,2010,00:00.0,1538,15,PORT UNION Rd,HIGHWAY 401 C  E,NULL,3,Scarborough,25,43,Mid-Block,NULL,No Control,Clear,Daylight,Dry,Non-Fatal Injury,Cyclist Collisions,D43,131,Rouge (131),-79.144,43.797,NULL,NULL,N,NULL,NULL,NULL
1158316,2010,00:00.0,402,4,DON VALLEY PARKWAY  N,LEASIDE BDGE,NULL,1,Toronto and East York,14,54,Mid-Block,NULL,No Control,Clear,Dark,Dry,Non-Fatal Injury,Pedestrian Collisions,D54,58,Old East York (58),-79.3496,43.698,NULL,NULL,N,NULL,NULL,NULL
1128465,2009,00:00.0,2057,20,EGLINTON AVE W,MARLEE AVE,NULL,1,North York,NULL,13,Intersection,At Intersection,Traffic Signal,Rain,Dark,Wet,Non-Fatal Injury,Pedestrian Collisions,D13,102,Forest Hill North (102),-79.4393,43.698,NULL,NULL,N,NULL,NULL,NULL
1177202,2010,00:00.0,1030,10,BATHURST ST,EGLINTON AVE W,NULL,1,North York,NULL,NULL,Intersection,At Intersection,Traffic Signal,Clear,Daylight,Dry,Non-Fatal Injury,Turning Movement,D13,101,Forest Hill South (101),-79.4255,43.7009,NULL,NULL,N,NULL,NULL,NULL
1171795,2010,00:00.0,2100,21,DONLANDS AVE,O CONNOR DR,NULL,1,Toronto and East York,14,54,Intersection,At Intersection,Traffic Signal,Rain,Dark,Wet,Non-Fatal Injury,Pedestrian Collisions,D54,58,Old East York (58),-79.343,43.6947,NULL,NULL,N,NULL,NULL,NULL
1138618,2009,00:00.0,630,6,WARDEN AVE,CATARAQUI CRES,NULL,3,Scarborough,20,41,Intersection,At Intersection,No Control,Rain,Dark,Wet,Fatal,Pedestrian Collisions,D41,120,Clairlea-Birchmount (120),-79.2769,43.7025,NULL,NULL,N,NULL,NULL,NULL
1134547,2009,00:00.0,1234,12,KINGSTON RD,LAWRENCE AVE E,NULL,1,Scarborough,24,43,Intersection,At Intersection,Traffic Signal,Clear,Daylight,Dry,Non-Fatal Injury,Pedestrian Collisions,D43,136,West Hill (136),-79.1895,43.7676,NULL,NULL,N,NULL,NULL,NULL
1131365,2009,00:00.0,306,3,ADELAIDE ST E,VICTORIA ST,NULL,1,Toronto and East York,13,51,Intersection,NULL,Traffic Signal,Clear,Dark,Dry,Non-Fatal Injury,Pedestrian Collisions,D51,75,Church-Yonge Corridor (75),-79.3772,43.6506,NULL,NULL,N,NULL,NULL,NULL
1135987,2009,00:00.0,1142,11,ST CLAIR Aven W,OLD WESTON Road,NULL,1,Toronto and East York,9,NULL,Mid-Block,NULL,Traffic Controller,Clear,Daylight,Dry,Non-Fatal Injury,Cyclist Collisions,D11,91,Weston-Pellam Park (91),-79.4649,43.673,NULL,NULL,N,NULL,NULL,NULL
1140988,2009,00:00.0,1456,14,FINCH AVE E,DON MILLS RD,NULL,1,North York,17,33,Intersection,NULL,Traffic Signal,Clear,Daylight,Dry,Fatal,Turning Movement,D33,47,Don Valley Village (47),-79.3546,43.7926,NULL,NULL,N,NULL,NULL,NULL
1142942,2009,00:00.0,2010,20,BLOOR Stre W,SHAVER Aven N,NULL,1,Etobicoke York,NULL,22,Intersection,NULL,Traffic Signal,Rain,Dark,Wet,Non-Fatal Injury,Angle,D22,14,Islington-City Centre West (14),-79.5477,43.639,NULL,NULL,N,NULL,NULL,NULL
1140607,2009,00:00.0,1033,10,GROSVENOR ST,BAY ST,NULL,2,Toronto and East York,11,52,Mid-Block,NULL,No Control,Clear,Daylight,Dry,Non-Fatal Injury,Sideswipe,D52,76,Bay Street Corridor (76),-79.3873,43.6622,NULL,NULL,N,NULL,NULL,NULL
8000565585,2018,00:00.0,1221,12,WILSON AVE,JULIAN RD,NULL,1,North York,6,31,Intersection,Intersection Related,Traffic Signal,Rain,Daylight,Wet,Fatal,Pedestrian Collisions,D31,26,Downsview-Roding-CFB (26),-79.491,43.7245,NULL,NULL,N,NULL,NULL,NULL
1172629,2010,00:00.0,812,8,BLOOR ST W,SPADINA AVE,NULL,1,Toronto and East York,11,NULL,Intersection,At Intersection,Traffic Signal,Clear,Daylight,Dry,Non-Fatal Injury,Cyclist Collisions,D14,95,Annex (95),-79.4038,43.6666,NULL,NULL,N,NULL,NULL,NULL
7001842185,2017,00:00.0,1140,11,KIPLING AVE,THE WESTWAY,153 m North of,1,Etobicoke York,2,23,Mid-Block,Non Intersection,No Control,Clear,Daylight,Dry,Non-Fatal Injury,Sideswipe,D23,6,Kingsview Village-The Westway (6),-79.5552,43.6868,NULL,NULL,N,NULL,NULL,NULL
8000589211,2018,00:00.0,1310,13,STEELES AVE E,DUMONT ST,13 m West of,1,North York,18,32,Intersection,Intersection Related,No Control,Clear,Daylight,Dry,Non-Fatal Injury,Pedestrian Collisions,D32,50,Newtonbrook East (50),-79.417,43.7986,NULL,NULL,N,NULL,NULL,NULL
8000645053,2018,00:00.0,2256,22,DUNDAS ST W,GOOCH AVE,1 m West of,1,Etobicoke York,4,11,Intersection,At Intersection,No Control,Clear,"Dark, artificial",Dry,Non-Fatal Injury,Pedestrian Collisions,D11,89,Runnymede-Bloor West Village (89),-79.4985,43.6655,NULL,NULL,N,NULL,NULL,NULL
1142168,2009,00:00.0,122,1,WILSON AVE,DUFFERIN ST,NULL,1,North York,6,32,Mid-Block,At Intersection,No Control,Clear,Dark,Wet,Fatal,SMV Unattended Vehicle,D32,33,Clanton Park (33),-79.4579,43.7322,NULL,NULL,N,NULL,NULL,NULL
7001916414,2017,00:00.0,427,4,AVENUE  RD,WILLOWBANK BLVD,7 m South of,1,North York,8,53,Intersection,Intersection Related,No Control,Clear,"Dark, artificial",Dry,Non-Fatal Injury,SMV Other,D53,100,Yonge-Eglinton (100),-79.4097,43.706,NULL,NULL,N,NULL,NULL,NULL
7001917146,2017,00:00.0,833,8,ELLESMERE RD,PHARMACY AVE,NULL,1,Scarborough,21,41,Intersection,At Intersection,Traffic Signal,Clear,Daylight,Dry,Non-Fatal Injury,Pedestrian Collisions,D41,119,Wexford/Maryvale (119),-79.3101,43.7589,NULL,NULL,N,NULL,NULL,NULL
7001974417,2017,00:00.0,2223,22,STEELES AVE W,KEELE ST,NULL,1,Etobicoke York,NULL,31,Intersection,At Intersection,Traffic Signal,Other,Dark,Other,Fatal,Turning Movement,D31,27,York University Heights (27),-79.4944,43.7815,NULL,NULL,N,NULL,NULL,NULL
8002260892,2018,00:00.0,1650,16,176 LAWRENCE AVE E,NULL,50 m East of,1,North York,15,NULL,Mid-Block,Non Intersection,No Control,Clear,Daylight,Dry,Non-Fatal Injury,SMV Unattended Vehicle,D53,103,Lawrence Park South (103),-79.3929,43.7269,NULL,NULL,N,NULL,NULL,NULL
8002279692,2018,00:00.0,1538,15,PROGRESS AVE,SHEPPARD AVE E,NULL,1,Scarborough,23,42,Intersection,At Intersection,Traffic Signal,Clear,Daylight,Dry,Non-Fatal Injury,Pedestrian Collisions,D42,132,Malvern (132),-79.2348,43.7945,NULL,NULL,N,NULL,NULL,NULL
1132677,2009,00:00.0,755,7,1251 KENNEDY Rd,NULL,NULL,1,Scarborough,21,41,Mid-Block,NULL,No Control,Rain,Daylight,Wet,Non-Fatal Injury,SMV Other,D41,126,Dorset Park (126),-79.2773,43.7563,NULL,NULL,N,NULL,NULL,NULL
9000402520,2019,00:00.0,1755,17,GARDINER LAKESHORE  E,LOWER JARVIS ST,55 m West of,9,Toronto and East York,10,52,Mid-Block,Non Intersection,No Control,Clear,Daylight,Dry,Non-Fatal Injury,Pedestrian Collisions,D51,77,Waterfront Communities-The Island (77),-79.3703,43.6453,NULL,NULL,N,NULL,NULL,NULL
1131172,2009,00:00.0,1301,13,STEELES AVE W,TANGREEN CRT,NULL,1,North York,18,32,Intersection,NULL,No Control,Clear,Daylight,Dry,Fatal,Pedestrian Collisions,D32,36,Newtonbrook West (36),-79.4262,43.7966,NULL,NULL,N,NULL,NULL,NULL
8002363781,2018,00:00.0,1853,18,4968 DUNDAS ST W,NULL,NULL,1,Etobicoke York,3,22,Mid-Block,Non Intersection,No Control,Clear,"Dark, artificial",Dry,Fatal,Pedestrian Collisions,D22,14,Islington-City Centre West (14),-79.5297,43.6475,NULL,NULL,N,NULL,NULL,NULL
1164945,2010,00:00.0,52,0,SPADINA Aven,BALDWIN Stre,NULL,1,Toronto and East York,11,NULL,Intersection,NULL,No Control,Clear,Dark,Dry,Non-Fatal Injury,Pedestrian Collisions,D52,78,Kensington-Chinatown (78),-79.3987,43.6548,NULL,NULL,N,NULL,NULL,NULL
9000146770,2019,00:00.0,639,6,284 OAKWOOD AVE,NULL,2 m South of,3,Etobicoke York,9,13,Mid-Block,Non Intersection,No Control,Freezing Rain,"Dark, artificial",Ice,Non-Fatal Injury,Pedestrian Collisions,D13,107,Oakwood Village (107),-79.4375,43.6842,NULL,NULL,N,NULL,NULL,NULL
1131662,2009,00:00.0,1320,13,SUNNYSIDE Aven,MARION Stre,NULL,2,Toronto and East York,4,11,Mid-Block,NULL,No Control,Clear,Daylight,Dry,Non-Fatal Injury,Pedestrian Collisions,D11,87,High Park-Swansea (87),-79.4488,43.6399,NULL,NULL,N,NULL,NULL,NULL
9001012160,2019,00:00.0,1247,12,MCLEVIN AVE,HUPFIELD TRL,NULL,3,Scarborough,25,42,Intersection,At Intersection,Traffic Signal,Clear,Daylight,Dry,Non-Fatal Injury,Pedestrian Collisions,D42,132,Malvern (132),-79.2199,43.8102,NULL,NULL,N,NULL,NULL,NULL
1227964,2020,00:00.0,1703,17,BROADVIEW AVE,HILLSIDE DR,NULL,3,Toronto East York,14,54,Intersection,At Intersection,Traffic Signal,Clear,Daylight,Dry,Non-Fatal Injury,Turning Movement,D54,57,Broadview North (57),-79.3562,43.6859,NULL,NULL,N,NULL,NULL,NULL
1472371,2020,00:00.0,700,7,HORNER AVE,ALDEBRAE  AVE,NULL,3,Etobicoke York,3,22,Intersection,At Intersection,Stop Sign,Clear,Daylight,Dry,Non-Fatal Injury,Turning Movement,D22,20,Alderwood (20),-79.5407,43.6026,NULL,NULL,N,NULL,NULL,NULL
1492582,2020,00:00.0,551,5,MARKHAM RD,FINCH AVE E,NULL,1,Scarborough,23,42,Intersection,At Intersection,Traffic Signal,Clear,"Dark, artificial",Dry,Non-Fatal Injury,Pedestrian Collisions,D42,132,Malvern (132),-79.243,43.8129,-79.243,43.8129,Y,Finch Ave E,Markham Rd,2021-06-03
1799525,2020,00:00.0,1350,13,WILSON AV,CLAYSON RD,120 m West of,NULL,NULL,NULL,NULL,Mid-Block,Non Intersection,Traffic Signal,Clear,Daylight,Dry,Non-Fatal Injury,Turning Movement,D31,26,Downsview-Roding-CFB (26),-79.5244,43.7174,NULL,NULL,N,NULL,NULL,NULL
1584883,2020,00:00.0,421,4,ST CLAIR AV E,KENNEDY RD,NULL,1,Scarborough,20,41,Intersection,Intersection Related,Traffic Signal,Clear,"Dark, artificial",Dry,Non-Fatal Injury,Cyclist Collisions,D41,120,Clairlea-Birchmount (120),-79.2613,43.7165,NULL,NULL,N,NULL,NULL,NULL
1510299,2020,00:00.0,1528,15,ST CLAIR AVE E,NORTH BONNINGTON AVE,NULL,1,Scarborough,NULL,NULL,Intersection,At Intersection,No Control,Clear,Daylight,Dry,Non-Fatal Injury,Rear End,D41,120,Clairlea-Birchmount (120),-79.2656,43.7154,NULL,NULL,N,NULL,NULL,NULL
1533233,2020,00:00.0,1835,18,THE WESTWAY,SANDWELL DR,21 m West of,NULL,NULL,NULL,NULL,Mid-Block,Non Intersection,No Control,Clear,Daylight,Dry,Non-Fatal Injury,Turning Movement,D23,7,Willowridge-Martingrove-Richview (7),-79.565,43.6837,NULL,NULL,N,NULL,NULL,NULL
2372537,2020,00:00.0,1141,11,LAWRENCE AVE E,HOWDEN RD,NULL,1,Scarborough,21,41,Intersection,At Intersection,Traffic Signal,Clear,Daylight,Dry,Fatal,Pedestrian Collisions,D41,119,Wexford/Maryvale (119),-79.2879,43.7467,NULL,NULL,N,NULL,NULL,NULL
1402441,2020,00:00.0,700,7,STANLEY AVE,STATION RD,NULL,4,Etobicoke York,3,22,Intersection,Intersection Related,Stop Sign,Clear,Daylight,Dry,Fatal,Pedestrian Collisions,D22,17,Mimico (17),-79.4941,43.6149,NULL,NULL,N,NULL,NULL,NULL
1243422,2011,00:00.0,700,7,F G GARDINER XY Expr E,KIPLING AVE,NULL,NULL,Etobicoke York,3,22,Mid-Block,NULL,No Control,Clear,Daylight,Dry,Non-Fatal Injury,Rear End,D22,17,Mimico (17),-79.5244,43.618,NULL,NULL,N,NULL,NULL,NULL
1250782,2011,00:00.0,1610,16,AVENUE Road,EDMUND Aven,NULL,1,Toronto and East York,12,53,Intersection,NULL,Traffic Signal,Clear,Daylight,Dry,Non-Fatal Injury,Cyclist Collisions,D53,97,Yonge-St.Clair (97),-79.3997,43.6825,NULL,NULL,N,NULL,NULL,NULL
1253635,2011,00:00.0,1800,18,QUEENS QUAY W,REES ST,NULL,3,Toronto and East York,10,52,Intersection,At Intersection,Traffic Signal,Clear,Daylight,Dry,Non-Fatal Injury,Cyclist Collisions,D52,77,Waterfront Communities-The Island (77),-79.3865,43.6388,NULL,NULL,N,NULL,NULL,NULL