ACCNUM,YEAR,DATE,TIME,HOUR,STREET1,STREET2,OFFSET,ROAD_CLASS,DISTRICT,WARDNUM,DIVISION,LOCCOORD,ACCLOC,TRAFFCTL,VISIBILITY,LIGHT,RDSFCOND,ACCLASS,IMPACTYPE,POLICE_DIVISION,HOOD_ID,NEIGHBOURHOOD,collision_lat,collision_long,red_light_lat,red_light_long,right_light_camera,LINEAR_NAME_FULL_1,LINEAR_NAME_FULL_2,ACTIVATION_DATE
1251711,2011,00:00.0,1645,16,NORTHERN DANCER BLVD,QUEEN ST E,NULL,3,Toronto and East York,19,55,Intersection,At Intersection,Stop Sign,Clear,Daylight,Dry,Non-Fatal Injury,Pedestrian Collisions,D55,63,The Beaches (63),-79.3113,43.6674,NULL,NULL,N,NULL,NULL,NULL
95001,2020,00:00.0,1812,18,MCLEVIN AVE,TAPSCOTT RD,NULL,3,Scarborough,23,42,Intersection,At Intersection,Traffic Signal,Rain,Dark,Wet,Non-Fatal Injury,Pedestrian Collisions,D42,132,Malvern (132),-79.2266,43.8051,NULL,NULL,N,NULL,NULL,NULL
2266447,2020,00:00.0,1901,19,VICTORIA PARK AVE,VAN HORNE AVE,NULL,1,North York,NULL,NULL,Intersection,At Intersection,Traffic Signal,Rain,"Dark, artificial",Wet,Non-Fatal Injury,Pedestrian Collisions,D42,117,L'Amoreaux (117),-79.3295,43.7892,NULL,NULL,N,NULL,NULL,NULL
1281294,2012,00:00.0,630,6,STEELES AVE E,BIRCHMOUNT RD,NULL,1,Scarborough,22,42,Intersection,At Intersection,Traffic Signal,Clear,"Dark, artificial",Dry,Non-Fatal Injury,Pedestrian Collisions,D42,116,Steeles (116),-79.3168,43.8213,NULL,NULL,N,NULL,NULL,NULL
1253771,2011,00:00.0,1958,19,LAKE SHORE BLVD W,bastion  st,NULL,1,Toronto and East York,10,14,Intersection,At Intersection,Traffic Signal,Clear,"Dark, artificial",Dry,Non-Fatal Injury,Pedestrian Collisions,D14,82,Niagara (82),-79.4035,43.6359,NULL,NULL,N,NULL,NULL,NULL
1273001,2011,00:00.0,1610,16,COLLEGE ST,HAVELOCK ST,NULL,1,Toronto and East York,9,14,Intersection,At Intersection,Stop Sign,Clear,Daylight,Dry,Non-Fatal Injury,Turning Movement,D14,84,Little Portugal (84),-79.4293,43.6529,NULL,NULL,N,NULL,NULL,NULL
1241592,2011,00:00.0,2229,22,WARDEN AVE,HUNTINGWOOD DR,NULL,1,Scarborough,22,42,Mid-Block,NULL,No Control,Clear,Dark,Dry,Fatal,Pedestrian Collisions,D42,117,L'Amoreaux (117),-79.3115,43.7869,NULL,NULL,N,NULL,NULL,NULL
1261321,2011,00:00.0,1952,19,QUEENS PARK,QUEENS PARK CRES W,NULL,1,Toronto and East York,11,52,Mid-Block,NULL,No Control,Rain,Dark,Wet,Non-Fatal Injury,Pedestrian Collisions,D52,76,Bay Street Corridor (76),-79.3932,43.6667,NULL,NULL,N,NULL,NULL,NULL
1277761,2011,00:00.0,1920,19,CHURCH ST,GOULD ST,NULL,3,Toronto and East York,13,51,Intersection,At Intersection,Traffic Signal,Clear,Dark,Dry,Non-Fatal Injury,Cyclist Collisions,D51,75,Church-Yonge Corridor (75),-79.3778,43.6582,NULL,NULL,N,NULL,NULL,NULL
1269733,2011,00:00.0,853,8,STEELES Aven E,WARDEN Aven,NULL,1,Scarborough,22,42,Intersection,At Intersection,Traffic Signal,Clear,Daylight,Dry,Non-Fatal Injury,Pedestrian Collisions,D42,116,Steeles (116),-79.3243,43.8196,NULL,NULL,N,NULL,NULL,NULL
1269584,2011,00:00.0,1830,18,KEELE ST,GRANDRAVINE DR,NULL,1,Etobicoke York,NULL,31,Intersection,At Intersection,Traffic Signal,Clear,Dusk,Dry,Non-Fatal Injury,Pedestrian Collisions,D31,27,York University Heights (27),-79.4881,43.752,NULL,NULL,N,NULL,NULL,NULL
1250979,2011,00:00.0,1630,16,DON MILLS RD,WYNFORD DR,NULL,1,North York,16,33,Mid-Block,NULL,No Control,Clear,Daylight,Dry,Non-Fatal Injury,Cyclist Collisions,D33,42,Banbury-Don Mills (42),-79.3396,43.7234,NULL,NULL,N,NULL,NULL,NULL
1251261,2011,00:00.0,1130,11,KEELE ST,YORE RD,NULL,1,Etobicoke York,5,12,Intersection,NULL,No Control,Clear,Daylight,Dry,Non-Fatal Injury,SMV Other,D12,112,Beechborough-Greenbrook (112),-79.4742,43.6919,NULL,NULL,N,NULL,NULL,NULL
9002276399,2019,00:00.0,1609,16,QUEENS QUAY W,ROBERTSON CRES,6 m  of,3,Toronto and East York,10,52,Intersection,Intersection Related,Traffic Signal,Clear,Daylight,Dry,Non-Fatal Injury,Cyclist Collisions,D52,77,Waterfront Communities-The Island (77),-79.3865,43.6388,NULL,NULL,N,NULL,NULL,NULL
1260146,2011,00:00.0,630,6,SPADINA AVE W,KING ST W,NULL,1,Toronto and East York,10,NULL,Intersection,At Intersection,Traffic Signal,Clear,Dark,Dry,Fatal,Pedestrian Collisions,D52,77,Waterfront Communities-The Island (77),-79.3949,43.6454,NULL,NULL,N,NULL,NULL,NULL
1268357,2011,00:00.0,2000,20,DANFORTH AVE,AUGUST AVE,NULL,1,Scarborough,20,41,Intersection,At Intersection,No Control,Clear,Dark,Dry,Non-Fatal Injury,Pedestrian Collisions,D41,121,Oakridge (121),-79.281,43.6928,NULL,NULL,N,NULL,NULL,NULL
1254931,2011,00:00.0,1354,13,4277 LAWRENCE AVE E,NULL,NULL,3,Scarborough,25,43,Mid-Block,NULL,No Control,Rain,Daylight,Wet,Non-Fatal Injury,Cyclist Collisions,D43,136,West Hill (136),-79.179,43.77,NULL,NULL,N,NULL,NULL,NULL
2340093,2020,00:00.0,325,3,1208 AVENUE RD,1208 AVENUE RD,NULL,NULL,NULL,NULL,NULL,Mid-Block,Non Intersection,No Control,Clear,"Dark, artificial",Dry,Non-Fatal Injury,SMV Other,D53,103,Lawrence Park South (103),-79.4117,43.7124,NULL,NULL,N,NULL,NULL,NULL
1266936,2011,00:00.0,130,1,1279 BLOOR St W,NULL,NULL,1,Toronto and East York,9,11,Mid-Block,NULL,No Control,Clear,Dark,Dry,Non-Fatal Injury,Pedestrian Collisions,D11,83,Dufferin Grove (83),-79.4421,43.6584,NULL,NULL,N,NULL,NULL,NULL
1275046,2012,00:00.0,906,9,ST CLAIR AVE E,DANFORTH RD,NULL,1,Scarborough,20,41,Intersection,NULL,Traffic Signal,Clear,Daylight,Dry,Non-Fatal Injury,Angle,D41,120,Clairlea-Birchmount (120),-79.2599,43.7168,-79.2599,43.7168,Y,St Clair Ave E,Danforth Rd,2021-04-27
1279732,2011,00:00.0,711,7,STEELES AVE E,MARKHAM RD,NULL,1,Scarborough,23,42,Intersection,NULL,Traffic Signal,Rain,"Dark, artificial",Wet,Non-Fatal Injury,Pedestrian Collisions,D42,131,Rouge (131),-79.2511,43.8365,-79.2511,43.8365,Y,Steeles Ave E,Markham Rd,2021-06-30
1251014,2011,00:00.0,1335,13,60 LACEY AVE,CAMERON Aven,NULL,4,Etobicoke York,5,12,Mid-Block,NULL,No Control,Clear,Daylight,Dry,Non-Fatal Injury,Cyclist Collisions,D12,110,Keelesdale-Eglinton West (110),-79.4685,43.6898,NULL,NULL,N,NULL,NULL,NULL
1258248,2011,00:00.0,1457,14,BIRCHMOUNT RD,BONIS AVE,NULL,1,Scarborough,22,42,Intersection,At Intersection,Traffic Signal,Clear,Daylight,Dry,Non-Fatal Injury,Cyclist Collisions,D42,118,Tam O'Shanter-Sullivan (118),-79.2992,43.7835,NULL,NULL,N,NULL,NULL,NULL
1267797,2011,00:00.0,1912,19,LAKE SHORE BLVD W,KIPLING AVE,NULL,1,Etobicoke York,3,22,Intersection,At Intersection,Traffic Signal,Rain,Dark,Wet,Non-Fatal Injury,Pedestrian Collisions,D22,18,New Toronto (18),-79.5168,43.5981,NULL,NULL,N,NULL,NULL,NULL
1267990,2011,00:00.0,1700,17,QUEEN ST E,HILTZ AVE,NULL,3,Toronto and East York,14,55,Mid-Block,NULL,No Control,Clear,Daylight,Dry,Non-Fatal Injury,Rear End,D55,65,Greenwood-Coxwell (65),-79.3267,43.6639,NULL,NULL,N,NULL,NULL,NULL
1291646,2012,00:00.0,1515,15,ADELAIDE Stre W,UNIVERSITY Aven,NULL,1,Toronto and East York,10,52,Mid-Block,NULL,No Control,Clear,Daylight,Dry,Non-Fatal Injury,Pedestrian Collisions,D52,76,Bay Street Corridor (76),-79.385,43.6489,NULL,NULL,N,NULL,NULL,NULL
1269088,2011,00:00.0,1900,19,STEELES AVE E,MARKHAM RD,NULL,1,Scarborough,23,42,Intersection,At Intersection,Traffic Signal,Rain,"Dusk, artificial",Wet,Non-Fatal Injury,Pedestrian Collisions,D42,131,Rouge (131),-79.2511,43.8365,-79.2511,43.8365,Y,Steeles Ave E,Markham Rd,2021-06-30
1290049,2012,00:00.0,1910,19,STEELES AVE E,TOWNSEND RD,NULL,1,North York,17,33,Intersection,At Intersection,Traffic Signal,Clear,Dark,Wet,Non-Fatal Injury,Pedestrian Collisions,D33,48,Hillcrest Village (48),-79.3574,43.8119,NULL,NULL,N,NULL,NULL,NULL
1264083,2011,00:00.0,1855,18,JANE ST,WILLIAM CRAGG DR,NULL,1,Etobicoke York,NULL,31,Mid-Block,At Intersection,No Control,Clear,"Dark, artificial",Dry,Non-Fatal Injury,Pedestrian Collisions,D31,26,Downsview-Roding-CFB (26),-79.5088,43.7219,NULL,NULL,N,NULL,NULL,NULL
1604895,2020,00:00.0,2148,21,GARDINER XWY E,LAKE SHORE BLVD E OFF RAMP,65 m West of,NULL,NULL,NULL,NULL,Mid-Block,Non Intersection,No Control,Clear,"Dark, artificial",Dry,Non-Fatal Injury,Rear End,D55,70,South Riverdale (70),-79.3414,43.6532,NULL,NULL,N,NULL,NULL,NULL
1280694,2012,00:00.0,1942,19,STEELES AVE E,YONGE ST,NULL,1,North York,18,32,Intersection,At Intersection,Traffic Signal,Clear,Dark,Wet,Non-Fatal Injury,Pedestrian Collisions,D32,50,Newtonbrook East (50),-79.42,43.7979,-79.42,43.7979,Y,NULL,NULL,2017-08-11
1266196,2011,00:00.0,1556,15,KINGSTON Road,RASPBERRY Road,NULL,1,Scarborough,25,42,Intersection,At Intersection,No Control,Clear,Daylight,Dry,Non-Fatal Injury,Cyclist Collisions,D42,131,Rouge (131),-79.1422,43.8014,NULL,NULL,N,NULL,NULL,NULL
1329449,2012,00:00.0,2128,21,VICTORIA PARK Ave,BISCAYNE BLVD,NULL,1,North York,NULL,NULL,Mid-Block,NULL,No Control,Clear,"Dark, artificial",Dry,Non-Fatal Injury,Turning Movement,D41,119,Wexford/Maryvale (119),-79.3046,43.7295,NULL,NULL,N,NULL,NULL,NULL
1281373,2011,00:00.0,1807,18,EGLINTON AVE W,KANE AVE,NULL,1,Etobicoke York,5,12,Mid-Block,NULL,No Control,Clear,Dark,Dry,Non-Fatal Injury,Pedestrian Collisions,D12,110,Keelesdale-Eglinton West (110),-79.4709,43.691,NULL,NULL,N,NULL,NULL,NULL
1331914,2012,00:00.0,420,4,470 RICHMOND ST E,NULL,NULL,1,Toronto and East York,13,51,Mid-Block,NULL,No Control,Clear,Dark,Dry,Non-Fatal Injury,Pedestrian Collisions,D51,73,Moss Park (73),-79.3656,43.6541,NULL,NULL,N,NULL,NULL,NULL
1329833,2012,00:00.0,100,1,GLENHOLME AVE,ROGERS RD,NULL,3,Toronto and East York,NULL,13,Intersection,At Intersection,Traffic Signal,Clear,Daylight,Dry,Non-Fatal Injury,Pedestrian Collisions,D13,107,Oakwood Village (107),-79.4415,43.6865,NULL,NULL,N,NULL,NULL,NULL
1326953,2012,00:00.0,1853,18,LESLIE ST,LAKE SHORE BLVD E,NULL,1,Toronto and East York,14,55,Intersection,At Intersection,Traffic Signal,Clear,Dark,Dry,Non-Fatal Injury,Cyclist Collisions,D55,63,The Beaches (63),-79.3283,43.6592,NULL,NULL,N,NULL,NULL,NULL
1307494,2012,00:00.0,1840,18,BLOOR ST W,DURIE ST,NULL,1,Toronto and East York,4,11,Intersection,At Intersection,Stop Sign,Clear,Daylight,Dry,Non-Fatal Injury,Pedestrian Collisions,D11,89,Runnymede-Bloor West Village (89),-79.4781,43.6507,NULL,NULL,N,NULL,NULL,NULL
1301789,2012,00:00.0,1815,18,FINCH AVE W,KIPLING AVE,NULL,1,Etobicoke York,1,23,Mid-Block,NULL,No Control,Clear,Daylight,Dry,Non-Fatal Injury,SMV Other,D23,2,Mount Olive-Silverstone-Jamestown (2),-79.5827,43.7431,NULL,NULL,N,NULL,NULL,NULL
1256606,2011,00:00.0,1842,18,AILEEN AVE,KEELE ST,NULL,4,Etobicoke York,5,12,Mid-Block,NULL,No Control,Rain,Daylight,Wet,Non-Fatal Injury,Cyclist Collisions,D12,110,Keelesdale-Eglinton West (110),-79.4714,43.6833,NULL,NULL,N,NULL,NULL,NULL
1307048,2012,00:00.0,54,0,ST CLAIR AVE W,BATHURST ST,NULL,1,Toronto and East York,12,13,Intersection,NULL,No Control,Clear,"Dark, artificial",Dry,Non-Fatal Injury,Pedestrian Collisions,D13,96,Casa Loma (96),-79.418,43.6832,NULL,NULL,N,NULL,NULL,NULL
1308465,2012,00:00.0,1011,10,MAITLAND PL,JARVIS ST,NULL,1,Toronto and East York,13,51,Intersection,At Intersection,Traffic Signal,Clear,Daylight,Dry,Non-Fatal Injury,Pedestrian Collisions,D51,71,Cabbagetown-South St.James Town (71),-79.3778,43.6652,NULL,NULL,N,NULL,NULL,NULL
1308128,2012,00:00.0,1010,10,STEELES AVE E,BIRCHMOUNT RD,NULL,1,Scarborough,22,42,Intersection,At Intersection,Traffic Signal,Clear,Daylight,Dry,Non-Fatal Injury,Cyclist Collisions,D42,116,Steeles (116),-79.3168,43.8213,NULL,NULL,N,NULL,NULL,NULL
1287084,2012,00:00.0,230,2,MOUNT PLEASANT RD,STIBBARD AVE,NULL,1,North York,15,53,Intersection,NULL,No Control,Clear,Dark,Dry,Fatal,SMV Other,D53,99,Mount Pleasant East (99),-79.3935,43.7169,NULL,NULL,N,NULL,NULL,NULL
1300682,2012,00:00.0,1026,10,CRESCENT RD,MOUNT PLEASANT RD,NULL,2,Toronto and East York,11,53,Mid-Block,NULL,No Control,Clear,Daylight,Dry,Non-Fatal Injury,SMV Unattended Vehicle,D53,98,Rosedale-Moore Park (98),-79.3789,43.678,NULL,NULL,N,NULL,NULL,NULL
1293835,2012,00:00.0,1239,12,DUPLEX AVE,ANDERSON AVE,NULL,2,Toronto and East York,12,53,Intersection,At Intersection,Stop Sign,Clear,Daylight,Dry,Fatal,Pedestrian Collisions,D53,100,Yonge-Eglinton (100),-79.4004,43.7042,NULL,NULL,N,NULL,NULL,NULL
1310920,2012,00:00.0,1615,16,AVENUE RD,COTTINGHAM ST,NULL,1,Toronto and East York,12,53,Mid-Block,At Intersection,No Control,Clear,Daylight,Dry,Non-Fatal Injury,Pedestrian Collisions,D53,97,Yonge-St.Clair (97),-79.3985,43.6797,NULL,NULL,N,NULL,NULL,NULL
1305957,2012,00:00.0,2235,22,THE EAST MALL,WEST DEANE PARK Dr,NULL,3,Etobicoke York,2,22,Mid-Block,At Intersection,No Control,Clear,"Dark, artificial",Dry,Non-Fatal Injury,SMV Other,D22,11,Eringate-Centennial-West Deane (11),-79.5682,43.6575,NULL,NULL,N,NULL,NULL,NULL
1311042,2012,00:00.0,640,6,ALBION RD,ISLINGTON AVE,NULL,1,Etobicoke York,1,23,Intersection,At Intersection,Traffic Signal,Clear,Daylight,Dry,Non-Fatal Injury,Cyclist Collisions,D23,3,Thistletown-Beaumond Heights (3),-79.5652,43.7372,NULL,NULL,N,NULL,NULL,NULL
1307372,2012,00:00.0,1615,16,COLLEGE ST,BORDEN ST,NULL,1,Toronto and East York,11,14,Intersection,At Intersection,Traffic Signal,Clear,Daylight,Dry,Non-Fatal Injury,Cyclist Collisions,D14,78,Kensington-Chinatown (78),-79.4051,43.6569,NULL,NULL,N,NULL,NULL,NULL
1291892,2012,00:00.0,1937,19,HYDE AVE,VALLEY CRES,NULL,4,Etobicoke York,5,12,Intersection,NULL,No Control,Clear,Daylight,Dry,Non-Fatal Injury,SMV Unattended Vehicle,D12,110,Keelesdale-Eglinton West (110),-79.4763,43.6832,NULL,NULL,N,NULL,NULL,NULL
1326143,2012,00:00.0,1743,17,FINCH AVE E,WILFRED AVE,NULL,1,North York,18,32,Intersection,NULL,No Control,Clear,"Dark, artificial",Dry,Non-Fatal Injury,Pedestrian Collisions,D32,51,Willowdale East (51),-79.4018,43.7827,NULL,NULL,N,NULL,NULL,NULL
1327123,2012,00:00.0,1705,17,EGLINTON AVE W,JANE ST,NULL,1,Etobicoke York,5,12,Intersection,At Intersection,Traffic Signal,Clear,Dark,Dry,Non-Fatal Injury,Sideswipe,D12,115,Mount Dennis (115),-79.4987,43.6844,NULL,NULL,N,NULL,NULL,NULL
1291754,2012,00:00.0,1214,12,1 MASSEY Sq,NULL,NULL,5,Toronto and East York,19,54,Mid-Block,NULL,No Control,Clear,Daylight,Dry,Non-Fatal Injury,Pedestrian Collisions,D54,61,Taylor-Massey (61),-79.2922,43.6964,NULL,NULL,N,NULL,NULL,NULL
1324125,2012,00:00.0,1040,10,MCNICOLL Ave,PHARMACY Ave,NULL,3,Scarborough,22,42,Intersection,At Intersection,Traffic Signal,Clear,Daylight,Dry,Non-Fatal Injury,Angle,D42,116,Steeles (116),-79.3307,43.8041,-79.3307,43.8041,Y,Pharmacy Ave,McNicoll Ave,2017-03-24
1370122,2013,00:00.0,1133,11,STEELES AVE E,MIDDLEFIELD RD,NULL,1,Scarborough,23,42,Intersection,At Intersection,Traffic Signal,Clear,Daylight,Dry,Fatal,Pedestrian Collisions,D42,130,Milliken (130),-79.2679,43.8326,NULL,NULL,N,NULL,NULL,NULL
1292918,2012,00:00.0,801,8,STEELES AVE E,BIRCHMOUNT RD,NULL,1,Scarborough,22,42,Intersection,At Intersection,Traffic Signal,Clear,Daylight,Dry,Fatal,Pedestrian Collisions,D42,116,Steeles (116),-79.3168,43.8213,NULL,NULL,N,NULL,NULL,NULL
1313657,2012,00:00.0,1730,17,SPADINA AVE,KING ST W,NULL,1,Toronto and East York,10,NULL,Intersection,At Intersection,Traffic Signal,Clear,Daylight,Dry,Non-Fatal Injury,Cyclist Collisions,D52,77,Waterfront Communities-The Island (77),-79.3949,43.6454,NULL,NULL,N,NULL,NULL,NULL
1305650,2012,00:00.0,2000,20,WALLACE AVE,PERTH AVE,NULL,4,Toronto and East York,9,11,Intersection,At Intersection,Stop Sign,Clear,"Dark, artificial",Dry,Non-Fatal Injury,Cyclist Collisions,D11,93,Dovercourt-Wallace Emerson-Junction (93),-79.4505,43.661,NULL,NULL,N,NULL,NULL,NULL
1323691,2012,00:00.0,152,1,WESTON Rd,LAWRENCE Ave W,NULL,1,Etobicoke York,5,12,Intersection,At Intersection,Traffic Signal,Rain,"Dark, artificial",Wet,Non-Fatal Injury,Angle,D12,113,Weston (113),-79.5161,43.7001,NULL,NULL,N,NULL,NULL,NULL
1294403,2012,00:00.0,1426,14,WESTON RD,STEELES AVE W,NULL,1,Etobicoke York,7,31,Intersection,At Intersection,Traffic Signal,Clear,Daylight,Dry,Fatal,Pedestrian Collisions,D31,21,Humber Summit (21),-79.5464,43.7702,NULL,NULL,N,NULL,NULL,NULL
1293088,2012,00:00.0,1810,18,BLOOR Stre W,LAUREL Aven,NULL,1,Etobicoke York,NULL,22,Intersection,At Intersection,No Control,Clear,Daylight,Dry,Non-Fatal Injury,Rear End,D22,14,Islington-City Centre West (14),-79.5514,43.6381,NULL,NULL,N,NULL,NULL,NULL
1284915,2012,00:00.0,2014,20,FINCH AVE W,SENTINEL RD,NULL,1,Etobicoke York,7,31,Intersection,At Intersection,Traffic Signal,Clear,"Dark, artificial",Dry,Non-Fatal Injury,Turning Movement,D31,27,York University Heights (27),-79.4999,43.761,NULL,NULL,N,NULL,NULL,NULL
1273336,2011,00:00.0,712,7,JANE Stre,WILSON Aven,NULL,1,Etobicoke York,NULL,31,Intersection,At Intersection,Traffic Signal,Clear,Dawn,Dry,Non-Fatal Injury,Pedestrian Collisions,D31,26,Downsview-Roding-CFB (26),-79.5085,43.7209,NULL,NULL,N,NULL,NULL,NULL
1328014,2012,00:00.0,1039,10,BERNARD AVE,SPADINA RD,NULL,3,Toronto and East York,11,NULL,Intersection,At Intersection,Traffic Signal,Clear,Daylight,Dry,Non-Fatal Injury,Pedestrian Collisions,D53,95,Annex (95),-79.4059,43.6721,NULL,NULL,N,NULL,NULL,NULL
1321561,2012,00:00.0,1059,10,FINCH AVE E,MILLIKEN BLVD,NULL,1,Scarborough,22,42,Intersection,At Intersection,Traffic Signal,Clear,Daylight,Dry,Non-Fatal Injury,Cyclist Collisions,D42,130,Milliken (130),-79.2942,43.8018,NULL,NULL,N,NULL,NULL,NULL
1328482,2012,00:00.0,1343,13,PARLIAMENT ST,CARLTON ST,NULL,3,Toronto and East York,13,51,Intersection,At Intersection,Traffic Signal,Clear,Daylight,Dry,Non-Fatal Injury,Pedestrian Collisions,D51,71,Cabbagetown-South St.James Town (71),-79.3679,43.6642,NULL,NULL,N,NULL,NULL,NULL
1294734,2012,00:00.0,15,0,FRONT Stre W,SIMCOE Stre,NULL,3,Toronto and East York,10,52,Intersection,At Intersection,Traffic Signal,Clear,"Dark, artificial",Dry,Non-Fatal Injury,Pedestrian Collisions,D52,77,Waterfront Communities-The Island (77),-79.3849,43.6447,NULL,NULL,N,NULL,NULL,NULL
1300277,2012,00:00.0,1644,16,1437 VICTORIA PARK AVE,NULL,NULL,1,North York,NULL,NULL,Mid-Block,At Intersection,No Control,Clear,Daylight,Dry,Non-Fatal Injury,Pedestrian Collisions,D41,120,Clairlea-Birchmount (120),-79.3015,43.7221,NULL,NULL,N,NULL,NULL,NULL
1300648,2012,00:00.0,1340,13,GEOFFREY ST,SORAUREN AVE,NULL,2,Toronto and East York,4,11,Intersection,NULL,No Control,Clear,Daylight,Dry,Non-Fatal Injury,Pedestrian Collisions,D11,86,Roncesvalles (86),-79.4445,43.649,NULL,NULL,N,NULL,NULL,NULL
1300754,2012,00:00.0,1530,15,DUFFERIN ST,ASCOT AVE,NULL,1,Toronto and East York,9,13,Intersection,At Intersection,Traffic Signal,Rain,Daylight,Wet,Non-Fatal Injury,Pedestrian Collisions,D13,92,Corso Italia-Davenport (92),-79.4439,43.6801,NULL,NULL,N,NULL,NULL,NULL
1298952,2012,00:00.0,738,7,ADELAIDE ST W,BRANT ST,NULL,1,Toronto and East York,10,14,Intersection,At Intersection,Traffic Signal,Clear,Daylight,Dry,Fatal,Pedestrian Collisions,D14,77,Waterfront Communities-The Island (77),-79.3981,43.6462,NULL,NULL,N,NULL,NULL,NULL
1319075,2012,00:00.0,1404,14,VICTORIA PARK AVE,SOUTHMEAD RD,NULL,1,North York,NULL,NULL,Mid-Block,NULL,No Control,Clear,Daylight,Dry,Non-Fatal Injury,Other,D54,120,Clairlea-Birchmount (120),-79.3018,43.7228,NULL,NULL,N,NULL,NULL,NULL
1380661,2013,00:00.0,2158,21,SHEPPARD AVE E,ROUGE RIVER DR,NULL,1,Scarborough,25,42,Intersection,NULL,Traffic Signal,Clear,"Dark, artificial",Dry,Non-Fatal Injury,Pedestrian Collisions,D42,131,Rouge (131),-79.1803,43.8062,NULL,NULL,N,NULL,NULL,NULL
1368450,2013,00:00.0,1604,16,LANGDEN AVE,CLIFF ST,NULL,4,Etobicoke York,5,12,Intersection,NULL,No Control,Clear,Daylight,Dry,Fatal,Pedestrian Collisions,D12,111,Rockcliffe-Smythe (111),-79.4847,43.6806,NULL,NULL,N,NULL,NULL,NULL
1293932,2012,00:00.0,149,1,LAKE SHORE BLVD W,ELLIS AVE,NULL,1,Toronto and East York,4,11,Mid-Block,NULL,No Control,Clear,"Dark, artificial",Dry,Non-Fatal Injury,SMV Other,D11,85,South Parkdale (85),-79.4634,43.637,NULL,NULL,N,NULL,NULL,NULL
1290286,2012,00:00.0,1337,13,VICTORIA PARK AVE,ARNCLIFFE CRES,NULL,1,North York,NULL,NULL,Intersection,NULL,Traffic Signal,Clear,Daylight,Dry,Non-Fatal Injury,Cyclist Collisions,D41,119,Wexford/Maryvale (119),-79.3055,43.7318,NULL,NULL,N,NULL,NULL,NULL
1320969,2012,00:00.0,1214,12,KING ST E,BERKELEY ST,NULL,1,Toronto and East York,13,51,Intersection,NULL,Traffic Signal,Clear,Daylight,Dry,Non-Fatal Injury,Turning Movement,D51,73,Moss Park (73),-79.3643,43.6521,NULL,NULL,N,NULL,NULL,NULL
1320431,2012,00:00.0,1825,18,DANFORTH Road,HUNTINGTON Aven,NULL,1,Scarborough,20,41,Intersection,NULL,No Control,Clear,Daylight,Dry,Non-Fatal Injury,Rear End,D41,124,Kennedy Park (124),-79.2524,43.7277,NULL,NULL,N,NULL,NULL,NULL
1350745,2013,00:00.0,1145,11,DON MILLS RD,LEITH HILL RD,NULL,1,North York,17,33,Intersection,NULL,Traffic Signal,Clear,Daylight,Dry,Non-Fatal Injury,Angle,D33,47,Don Valley Village (47),-79.3478,43.7771,NULL,NULL,N,NULL,NULL,NULL
1366796,2013,00:00.0,2035,20,FINCH AVE W,WILMINGTON AVE,NULL,1,North York,6,32,Intersection,At Intersection,Traffic Signal,Clear,Daylight,Dry,Non-Fatal Injury,Turning Movement,D32,34,Bathurst Manor (34),-79.4607,43.7702,NULL,NULL,N,NULL,NULL,NULL
1321216,2012,00:00.0,325,3,MCNICOLL AVE,BIRCHMOUNT RD,NULL,3,Scarborough,22,42,Mid-Block,At Intersection,No Control,Clear,"Dark, artificial",Dry,Fatal,SMV Other,D42,116,Steeles (116),-79.3141,43.8079,NULL,NULL,N,NULL,NULL,NULL
1369657,2013,00:00.0,936,9,LOWER JARVIS St,THE ESPLANADE,NULL,1,Toronto and East York,NULL,51,Intersection,NULL,Traffic Signal,Clear,Daylight,Dry,Non-Fatal Injury,Pedestrian Collisions,D51,77,Waterfront Communities-The Island (77),-79.3709,43.6482,-79.3709,43.6482,Y,Lower Jarvis St,The Esplanade,2009-08-06
1316385,2012,00:00.0,647,6,VICTORIA PARK AVE,TERRAVIEW BLVD,NULL,1,North York,NULL,NULL,Intersection,NULL,No Control,Clear,Daylight,Dry,Non-Fatal Injury,Pedestrian Collisions,D41,119,Wexford/Maryvale (119),-79.318,43.7644,NULL,NULL,N,NULL,NULL,NULL
1366519,2013,00:00.0,900,9,VICTORIA PARK AVE,WOODALE AVE,NULL,3,Toronto and East York,NULL,NULL,Intersection,NULL,No Control,Clear,Daylight,Dry,Non-Fatal Injury,Pedestrian Collisions,D41,122,Birchcliffe-Cliffside (122),-79.285,43.6833,NULL,NULL,N,NULL,NULL,NULL
1369145,2013,00:00.0,1802,18,DAVENPORT Rd,BELMONT St,NULL,1,Toronto and East York,11,53,Intersection,At Intersection,Traffic Signal,Clear,Daylight,Dry,Non-Fatal Injury,Cyclist Collisions,D53,95,Annex (95),-79.3928,43.6747,NULL,NULL,N,NULL,NULL,NULL
1346813,2013,00:00.0,1252,12,WARDEN AVE,STEELES AVE E,NULL,1,Scarborough,22,42,Intersection,NULL,Traffic Signal,Clear,Daylight,Dry,Non-Fatal Injury,Cyclist Collisions,D42,116,Steeles (116),-79.3243,43.8196,NULL,NULL,N,NULL,NULL,NULL
1383943,2013,00:00.0,2020,20,YONGE St,BELSIZE Dr,NULL,1,Toronto and East York,12,53,Intersection,At Intersection,Traffic Signal,Rain,"Dark, artificial",Wet,Non-Fatal Injury,Pedestrian Collisions,D53,104,Mount Pleasant West (104),-79.397,43.7002,NULL,NULL,N,NULL,NULL,NULL
1372585,2013,00:00.0,545,5,KENNEDY RD,STRATTON AVE,NULL,1,Scarborough,21,41,Intersection,NULL,Stop Sign,Clear,Dark,Dry,Non-Fatal Injury,Cyclist Collisions,D41,125,Ionview (125),-79.2704,43.7382,NULL,NULL,N,NULL,NULL,NULL