ACCNUM,YEAR,DATE,TIME,HOUR,STREET1,STREET2,OFFSET,ROAD_CLASS,DISTRICT,WARDNUM,DIVISION,LOCCOORD,ACCLOC,TRAFFCTL,VISIBILITY,LIGHT,RDSFCOND,ACCLASS,IMPACTYPE,POLICE_DIVISION,HOOD_ID,NEIGHBOURHOOD,collision_lat,collision_long,red_light_lat,red_light_long,right_light_camera,LINEAR_NAME_FULL_1,LINEAR_NAME_FULL_2,ACTIVATION_DATE
1363588,2013,00:00.0,1830,18,BORDEN ST,BLOOR ST W,NULL,1,Toronto and East York,11,14,Intersection,NULL,No Control,Clear,Daylight,Dry,Non-Fatal Injury,SMV Other,D14,79,University (79),-79.4086,43.6656,NULL,NULL,N,NULL,NULL,NULL
1382904,2013,00:00.0,1335,13,DAN LECKIE WAY,LAKE SHORE BLVD W,NULL,1,Toronto and East York,10,14,Intersection,At Intersection,Traffic Signal,Clear,Daylight,Dry,Non-Fatal Injury,Pedestrian Collisions,D14,77,Waterfront Communities-The Island (77),-79.3971,43.6373,NULL,NULL,N,NULL,NULL,NULL
1312366,2012,00:00.0,1019,10,RATHBURN RD,THE EAST MALL,NULL,3,Etobicoke York,2,22,Intersection,At Intersection,Traffic Signal,Clear,Daylight,Other,Non-Fatal Injury,Pedestrian Collisions,D22,11,Eringate-Centennial-West Deane (11),-79.5642,43.6549,NULL,NULL,N,NULL,NULL,NULL
1333725,2012,00:00.0,2005,20,MARKHAM RD,PROGRESS AVE,NULL,1,Scarborough,24,43,Intersection,At Intersection,Traffic Signal,Clear,"Dark, artificial",Dry,Non-Fatal Injury,Turning Movement,D43,137,Woburn (137),-79.2338,43.7817,-79.2338,43.7817,Y,Markham Rd,Progress Ave,2017-08-11
1349207,2013,00:00.0,800,8,37 SIX POINT Rd,NULL,NULL,4,Etobicoke York,3,22,Mid-Block,NULL,No Control,Clear,Daylight,Dry,Non-Fatal Injury,Angle,D22,14,Islington-City Centre West (14),-79.5265,43.6355,NULL,NULL,N,NULL,NULL,NULL
1349085,2013,00:00.0,1923,19,DANFORTH Ave,LUTTRELL Ave,NULL,1,Toronto and East York,19,NULL,Intersection,NULL,No Control,Rain,Dusk,Wet,Non-Fatal Injury,Turning Movement,D55,62,East End-Danforth (62),-79.2937,43.6899,NULL,NULL,N,NULL,NULL,NULL
1292500,2012,00:00.0,1855,18,LAKE SHORE BLVD W,LAKE CRES,NULL,1,Etobicoke York,3,22,Intersection,NULL,No Control,Clear,Daylight,Dry,Non-Fatal Injury,SMV Other,D22,17,Mimico (17),-79.4904,43.6069,NULL,NULL,N,NULL,NULL,NULL
1363081,2013,00:00.0,2201,22,DANFORTH RD,HUNTINGTON AVE,NULL,1,Scarborough,20,41,Intersection,NULL,No Control,Clear,Dark,Dry,Non-Fatal Injury,Pedestrian Collisions,D41,124,Kennedy Park (124),-79.2524,43.7277,NULL,NULL,N,NULL,NULL,NULL
1332159,2012,00:00.0,1723,17,DONCASTER AVE,MAIN ST,NULL,3,Toronto and East York,19,54,Intersection,At Intersection,No Control,Clear,Dark,Dry,Non-Fatal Injury,Pedestrian Collisions,D54,61,Taylor-Massey (61),-79.3033,43.6916,NULL,NULL,N,NULL,NULL,NULL
1372004,2013,00:00.0,1838,18,HYDE AVE,VALLEY CRES,NULL,4,Etobicoke York,5,12,Intersection,NULL,Stop Sign,Clear,Daylight,Dry,Non-Fatal Injury,Turning Movement,D12,110,Keelesdale-Eglinton West (110),-79.4763,43.6831,NULL,NULL,N,NULL,NULL,NULL
1388519,2013,00:00.0,1615,16,THE EAST MALL,EAST MALL CRES,NULL,3,Etobicoke York,3,22,Intersection,NULL,Traffic Signal,Clear,Daylight,Dry,Non-Fatal Injury,Turning Movement,D22,14,Islington-City Centre West (14),-79.5523,43.6314,NULL,NULL,N,NULL,NULL,NULL
1333335,2012,00:00.0,1827,18,MCCOWAN RD,ELLESMERE RD,NULL,1,Scarborough,NULL,43,Mid-Block,NULL,No Control,Clear,"Dark, artificial",Wet,Non-Fatal Injury,Pedestrian Collisions,D43,137,Woburn (137),-79.2515,43.7728,NULL,NULL,N,NULL,NULL,NULL
1351701,2013,00:00.0,1213,12,CHURCH ST,GOULD ST,NULL,3,Toronto and East York,13,51,Intersection,At Intersection,Traffic Signal,Rain,Daylight,Wet,Non-Fatal Injury,Pedestrian Collisions,D51,75,Church-Yonge Corridor (75),-79.3778,43.6582,NULL,NULL,N,NULL,NULL,NULL
1382675,2013,00:00.0,1340,13,QUEEN ST W,OHARA AVE,NULL,1,Toronto and East York,4,NULL,Intersection,NULL,No Control,Clear,Daylight,Dry,Non-Fatal Injury,Pedestrian Collisions,D14,85,South Parkdale (85),-79.4341,43.641,NULL,NULL,N,NULL,NULL,NULL
1375838,2013,00:00.0,1444,14,QUEENS QUAY E,LOWER JARVIS ST,NULL,3,Toronto and East York,10,NULL,Intersection,At Intersection,Traffic Signal,Clear,Daylight,Dry,Non-Fatal Injury,Cyclist Collisions,D51,77,Waterfront Communities-The Island (77),-79.3689,43.6438,NULL,NULL,N,NULL,NULL,NULL
1335099,2013,00:00.0,757,7,FINCH AVE W,TANGIERS RD,NULL,1,North York,6,31,Intersection,At Intersection,Traffic Signal,Clear,Daylight,Wet,Non-Fatal Injury,Angle,D31,27,York University Heights (27),-79.4882,43.764,NULL,NULL,N,NULL,NULL,NULL
1215284,2011,00:00.0,0,0,BLOOR ST W,CONCORD AVE,NULL,1,Toronto and East York,9,14,Intersection,At Intersection,No Control,Clear,Dark,Dry,Fatal,Pedestrian Collisions,D14,93,Dovercourt-Wallace Emerson-Junction (93),-79.4268,43.6617,NULL,NULL,N,NULL,NULL,NULL
1226385,2011,00:00.0,745,7,KINGSTON RD,CATHEDRAL BLUFFS DR,NULL,1,Scarborough,20,43,Intersection,At Intersection,Traffic Signal,Clear,Daylight,Dry,Non-Fatal Injury,Pedestrian Collisions,D43,123,Cliffcrest (123),-79.2323,43.7251,NULL,NULL,N,NULL,NULL,NULL
1210705,2010,00:00.0,1430,14,CARRIER Driv,WOODBINE DOWNS Boul,NULL,2,Etobicoke York,1,23,Intersection,At Intersection,Stop Sign,Clear,Daylight,Dry,Non-Fatal Injury,Angle,D23,1,West Humber-Clairville (1),-79.6075,43.7386,NULL,NULL,N,NULL,NULL,NULL
1205981,2010,00:00.0,1445,14,ANNETTE ST,RUNNYMEDE RD,NULL,3,Toronto and East York,4,11,Intersection,At Intersection,Traffic Signal,Clear,Daylight,Loose Snow,Non-Fatal Injury,Pedestrian Collisions,D11,88,High Park North (88),-79.4799,43.66,NULL,NULL,N,NULL,NULL,NULL
1205980,2010,00:00.0,1855,18,THE QUEENSWAY,COLBORNE LODGE DR,NULL,1,Toronto and East York,4,11,Mid-Block,NULL,No Control,Snow,Dark,Dry,Non-Fatal Injury,Pedestrian Collisions,D11,87,High Park-Swansea (87),-79.4566,43.6396,NULL,NULL,N,NULL,NULL,NULL
1212585,2010,00:00.0,631,6,RIVALDA RD,SHEPPARD AVE W,NULL,1,Etobicoke York,7,31,Intersection,At Intersection,Traffic Signal,Clear,Dark,Dry,Non-Fatal Injury,Pedestrian Collisions,D31,23,Pelmo Park-Humberlea (23),-79.5338,43.7346,NULL,NULL,N,NULL,NULL,NULL
1196444,2010,00:00.0,1315,13,STEELES AVE W,CARPENTER RD,NULL,1,North York,6,32,Intersection,At Intersection,Traffic Signal,Clear,Daylight,Dry,Non-Fatal Injury,Pedestrian Collisions,D32,35,Westminster-Branson (35),-79.4475,43.792,-79.4475,43.792,Y,Steeles Ave W,Carpenter Rd,2007-11-09
1196331,2010,00:00.0,1128,11,MAIN ST,DANFORTH AVE,NULL,3,Toronto and East York,19,54,Mid-Block,NULL,No Control,Clear,Daylight,Dry,Non-Fatal Injury,Turning Movement,D54,62,East End-Danforth (62),-79.302,43.6887,NULL,NULL,N,NULL,NULL,NULL
1205381,2010,00:00.0,1952,19,QUEEN Stre W,SPADINA Aven,NULL,1,Toronto and East York,10,52,Intersection,NULL,No Control,Clear,Dark,Dry,Non-Fatal Injury,Pedestrian Collisions,D52,77,Waterfront Communities-The Island (77),-79.3957,43.6488,NULL,NULL,N,NULL,NULL,NULL
1197862,2010,00:00.0,2001,20,6212 YONGE ST,NULL,NULL,1,North York,18,32,Intersection,NULL,No Control,Rain,Dark,Wet,Non-Fatal Injury,Pedestrian Collisions,D32,50,Newtonbrook East (50),-79.4191,43.7947,NULL,NULL,N,NULL,NULL,NULL
1228987,2011,00:00.0,538,5,MARKHAM RD,HIGHWAY 401 C  E,NULL,1,Scarborough,NULL,NULL,Mid-Block,NULL,No Control,Rain,Dark,Wet,Non-Fatal Injury,Cyclist Collisions,D43,137,Woburn (137),-79.2351,43.7853,NULL,NULL,N,NULL,NULL,NULL
1204378,2010,00:00.0,545,5,BLOOR RAMP,CASTLE FRANK RD,NULL,NULL,Toronto and East York,11,53,Mid-Block,NULL,No Control,Clear,Dark,Dry,Non-Fatal Injury,SMV Other,D53,98,Rosedale-Moore Park (98),-79.368,43.6765,NULL,NULL,N,NULL,NULL,NULL
1233671,2011,00:00.0,200,2,QUEENS Aven,ALLEN Aven,NULL,4,Etobicoke York,3,22,Intersection,NULL,Stop Sign,Rain,Dark,Wet,Non-Fatal Injury,Pedestrian Collisions,D22,17,Mimico (17),-79.4915,43.6126,NULL,NULL,N,NULL,NULL,NULL
1224710,2011,00:00.0,2225,22,SHEPPARD AVE E,MURISON BLVD,NULL,1,Scarborough,25,42,Intersection,At Intersection,Traffic Signal,Clear,Dark,Dry,Fatal,Pedestrian Collisions,D42,132,Malvern (132),-79.2128,43.7991,NULL,NULL,N,NULL,NULL,NULL
1189375,2010,00:00.0,418,4,WESTON RD,CHURCH ST,NULL,3,Etobicoke York,5,12,Mid-Block,NULL,No Control,Clear,Dark,Dry,Fatal,SMV Unattended Vehicle,D12,113,Weston (113),-79.5259,43.7032,NULL,NULL,N,NULL,NULL,NULL
1263273,2011,00:00.0,910,9,DAVENPORT Rd,HAZELTON Ave,NULL,1,Toronto and East York,11,53,Intersection,NULL,No Control,Clear,Daylight,Dry,Non-Fatal Injury,Cyclist Collisions,D53,95,Annex (95),-79.3947,43.675,NULL,NULL,N,NULL,NULL,NULL
1246736,2011,00:00.0,1349,13,LAWRENCE AVE E,OVERTURE RD,NULL,1,Scarborough,24,43,Intersection,At Intersection,Traffic Signal,Clear,Daylight,Dry,Fatal,Approaching,D43,136,West Hill (136),-79.1994,43.7654,NULL,NULL,N,NULL,NULL,NULL
1204248,2010,00:00.0,15,0,AUGUSTA AVE,COLLEGE ST,NULL,2,Toronto and East York,11,14,Mid-Block,NULL,No Control,Clear,Dark,Dry,Non-Fatal Injury,Pedestrian Collisions,D14,78,Kensington-Chinatown (78),-79.4028,43.6565,NULL,NULL,N,NULL,NULL,NULL
1176359,2010,00:00.0,1723,17,471 ASHDALE AVE,NULL,NULL,4,Toronto and East York,14,55,Mid-Block,NULL,No Control,Clear,Daylight,Dry,Non-Fatal Injury,Pedestrian Collisions,D55,65,Greenwood-Coxwell (65),-79.3236,43.6766,NULL,NULL,N,NULL,NULL,NULL
1187759,2010,00:00.0,1429,14,1048 BLOOR ST W,NULL,NULL,1,Toronto and East York,9,14,Intersection,NULL,No Control,Clear,Daylight,Dry,Non-Fatal Injury,Pedestrian Collisions,D14,93,Dovercourt-Wallace Emerson-Junction (93),-79.4322,43.6605,NULL,NULL,N,NULL,NULL,NULL
1269009,2011,00:00.0,1010,10,GREENWIN VILLAGE Road,BISON Driv,NULL,2,North York,18,32,Intersection,NULL,No Control,Clear,Daylight,Dry,Non-Fatal Injury,Pedestrian Collisions,D32,36,Newtonbrook West (36),-79.444,43.7908,NULL,NULL,N,NULL,NULL,NULL
1282698,2011,00:00.0,1945,19,UNIVERSITY AVE,WELLINGTON ST W,NULL,1,Toronto and East York,10,52,Intersection,NULL,No Control,Clear,"Dark, artificial",Dry,Non-Fatal Injury,Pedestrian Collisions,D52,76,Bay Street Corridor (76),-79.384,43.6462,NULL,NULL,N,NULL,NULL,NULL
1237710,2011,00:00.0,1858,18,BEECROFT Road,NORTH YORK Boul,NULL,3,North York,18,32,Intersection,At Intersection,Stop Sign,Clear,Daylight,Dry,Non-Fatal Injury,Pedestrian Collisions,D32,37,Willowdale West (37),-79.4153,43.7663,NULL,NULL,N,NULL,NULL,NULL
9001762726,2019,00:00.0,105,1,DON VALLEY PARKWAY  N,SPANBRIDGE RD,25 m South of,8,North York,16,54,Mid-Block,Non Intersection,No Control,Rain,"Dark, artificial",Wet,Non-Fatal Injury,SMV Other,D54,44,Flemingdon Park (44),-79.3254,43.7125,NULL,NULL,N,NULL,NULL,NULL
9001878764,2019,00:00.0,2031,20,KIPLING AVE,BETHRIDGE RD,NULL,1,Etobicoke York,1,23,Mid-Block,Non Intersection,No Control,Clear,"Daylight, artificial",Dry,Fatal,Pedestrian Collisions,D23,1,West Humber-Clairville (1),-79.5647,43.7073,NULL,NULL,N,NULL,NULL,NULL
9001949959,2019,00:00.0,1446,14,KINGSTON RD,PORT UNION RD,82 m West of,1,Scarborough,25,42,Mid-Block,At/Near Private Drive,No Control,Clear,Daylight,Dry,Non-Fatal Injury,Turning Movement,D42,133,Centennial Scarborough (133),-79.1476,43.7978,NULL,NULL,N,NULL,NULL,NULL
9001771919,2019,00:00.0,1030,10,WILSON AVE,DELAHAYE ST,63 m East of,1,North York,6,32,Mid-Block,Non Intersection,No Control,Clear,Daylight,Wet,Non-Fatal Injury,Approaching,D32,33,Clanton Park (33),-79.441,43.7358,NULL,NULL,N,NULL,NULL,NULL
9001843126,2019,00:00.0,2046,20,DANFORTH AVE,WANSTEAD AVE,NULL,1,Scarborough,20,41,Intersection,At Intersection,No Control,Clear,"Dark, artificial",Dry,Fatal,Pedestrian Collisions,D41,121,Oakridge (121),-79.2822,43.6924,NULL,NULL,N,NULL,NULL,NULL
1253623,2011,00:00.0,1316,13,STEELES AVE W,STEINWAY BLVD,NULL,1,Etobicoke York,1,23,Mid-Block,NULL,No Control,Clear,Daylight,Dry,Fatal,Turning Movement,D23,1,West Humber-Clairville (1),-79.6209,43.7539,NULL,NULL,N,NULL,NULL,NULL
1260151,2011,00:00.0,1742,17,WRIGHT AVE,SAM FRUSTAGLIO DR,NULL,4,Etobicoke York,5,12,Intersection,At Intersection,No Control,Clear,"Daylight, artificial",Dry,Non-Fatal Injury,SMV Other,D12,113,Weston (113),-79.5089,43.6993,NULL,NULL,N,NULL,NULL,NULL
1256647,2011,00:00.0,2035,20,HOLLISTER RD,INVERDON RD,NULL,4,Etobicoke York,2,22,Intersection,At Intersection,No Control,Clear,Dark,Dry,Non-Fatal Injury,Pedestrian Collisions,D22,11,Eringate-Centennial-West Deane (11),-79.5731,43.6648,NULL,NULL,N,NULL,NULL,NULL
9001093937,2019,00:00.0,1934,19,SHEPPARD AVE E,FAIRVIEW MALL DR,NULL,1,North York,17,33,Intersection,At Intersection,Traffic Signal,Clear,Daylight,Wet,Fatal,Turning Movement,D33,53,Henry Farm (53),-79.3411,43.7761,NULL,NULL,N,NULL,NULL,NULL
1263204,2011,00:00.0,803,8,MIDLAND AVE,STEELES AVE E,NULL,1,Scarborough,NULL,42,Intersection,At Intersection,Traffic Signal,Clear,Daylight,Dry,Non-Fatal Injury,Pedestrian Collisions,D42,130,Milliken (130),-79.2972,43.8259,NULL,NULL,N,NULL,NULL,NULL
9002255296,2019,00:00.0,1352,13,LAWRENCE AVE W,ROSEWELL AVE,NULL,1,North York,NULL,NULL,Intersection,Intersection Related,No Control,Clear,Daylight,Dry,Fatal,Pedestrian Collisions,D53,103,Lawrence Park South (103),-79.4141,43.7224,NULL,NULL,N,NULL,NULL,NULL
1231402,2011,00:00.0,2135,21,QUEEN Stre W,NIAGARA Stre,NULL,1,Toronto and East York,10,14,Intersection,At Intersection,Traffic Signal,Rain,Dark,Wet,Non-Fatal Injury,Pedestrian Collisions,D14,82,Niagara (82),-79.4098,43.6459,NULL,NULL,N,NULL,NULL,NULL
1239243,2011,00:00.0,1432,14,WEDGEWOOD DR,YONGE ST,NULL,1,North York,18,32,Intersection,At Intersection,Stop Sign,Clear,Daylight,Dry,Fatal,Pedestrian Collisions,D32,50,Newtonbrook East (50),-79.4177,43.7889,NULL,NULL,N,NULL,NULL,NULL
9001957432,2019,00:00.0,1429,14,CHRISTIE ST,TYRREL AVE,NULL,3,Toronto and East York,12,13,Intersection,At Intersection,Stop Sign,Clear,Daylight,Dry,Non-Fatal Injury,Cyclist Collisions,D13,94,Wychwood (94),-79.4242,43.6781,NULL,NULL,N,NULL,NULL,NULL
1010845,2020,00:00.0,1857,18,2525 WARDEN AVE,NULL,NULL,1,Scarborough,22,42,Mid-Block,Non Intersection,No Control,Clear,Daylight,Dry,Non-Fatal Injury,SMV Other,D42,117,L'Amoreaux (117),-79.3135,43.7912,NULL,NULL,N,NULL,NULL,NULL
1223676,2011,00:00.0,2120,21,EGLINTON Aven W,BRAEMAR Aven,NULL,1,North York,NULL,53,Intersection,NULL,No Control,Clear,Dark,Dry,Non-Fatal Injury,Pedestrian Collisions,D53,100,Yonge-Eglinton (100),-79.4095,43.7043,NULL,NULL,N,NULL,NULL,NULL
1186795,2010,00:00.0,2030,20,WESTMORE DR,COUNTRYMAN CRCL,NULL,2,Etobicoke York,1,23,Intersection,At Intersection,Stop Sign,Clear,Dark,Dry,Non-Fatal Injury,Pedestrian Collisions,D23,1,West Humber-Clairville (1),-79.6005,43.7336,NULL,NULL,N,NULL,NULL,NULL
2026103,2020,00:00.0,1620,16,BATHURST ST,5988 BATHURST ST,15 m West of,1,North York,NULL,32,NULL,At/Near Private Drive,No Control,Clear,Daylight,Dry,Non-Fatal Injury,Pedestrian Collisions,D32,36,Newtonbrook West (36),-79.4457,43.7847,NULL,NULL,N,NULL,NULL,NULL
1343123,2020,00:00.0,1802,18,LAWRENCE AVE E,MCMILLAN AVE,NULL,3,Scarborough,25,43,Intersection,Intersection Related,No Control,Clear,Daylight,Dry,Fatal,Approaching,D43,136,West Hill (136),-79.1654,43.7729,NULL,NULL,N,NULL,NULL,NULL
1184036,2010,00:00.0,1936,19,MEADOWVALE Rd,SHEPPARD Ave E,NULL,1,Scarborough,25,42,Intersection,At Intersection,Traffic Signal,Clear,Daylight,Dry,Non-Fatal Injury,Pedestrian Collisions,D42,131,Rouge (131),-79.1707,43.8083,NULL,NULL,N,NULL,NULL,NULL
9001234049,2019,00:00.0,735,7,DAVENPORT RD,HECTOR AVE,NULL,3,Toronto and East York,12,13,Intersection,At Intersection,No Control,Clear,"Daylight, artificial",Dry,Non-Fatal Injury,Cyclist Collisions,D13,94,Wychwood (94),-79.424,43.6752,NULL,NULL,N,NULL,NULL,NULL
374527,2020,00:00.0,320,3,GRANDRAVINE DR,FUTURA DR,35 m East of,NULL,NULL,NULL,NULL,Mid-Block,Non Intersection,No Control,Clear,"Dark, artificial",Dry,Non-Fatal Injury,SMV Other,D31,25,Glenfield-Jane Heights (25),-79.5068,43.7486,NULL,NULL,N,NULL,NULL,NULL
9001960766,2019,00:00.0,2259,22,THE QUEENSWAY,STOCK AVE,47 m East of,1,Etobicoke York,3,22,Mid-Block,Non Intersection,No Control,Clear,"Dark, artificial",Dry,Non-Fatal Injury,Rear End,D22,14,Islington-City Centre West (14),-79.5248,43.6212,NULL,NULL,N,NULL,NULL,NULL
450742,2020,00:00.0,1520,15,GERRARD ST E,NORWOOD RD,NULL,3,Toronto East York,19,55,Intersection,At Intersection,Pedestrian Crossover,Rain,Daylight,Wet,Non-Fatal Injury,Pedestrian Collisions,D55,62,East End-Danforth (62),-79.3028,43.6832,NULL,NULL,N,NULL,NULL,NULL
1675722,2020,00:00.0,2030,20,WILSON AV,AVENUE RD,NULL,1,North York,8,32,Intersection,Intersection Related,Traffic Signal,Clear,Daylight,Dry,Non-Fatal Injury,Pedestrian Collisions,D32,39,Bedford Park-Nortown (39),-79.4216,43.7398,NULL,NULL,N,NULL,NULL,NULL
342262,2020,00:00.0,1949,19,LAKE SHORE BV W,THIRTY NINTH ST,15 m South of,1,Etobicoke York,3,22,Mid-Block,Non Intersection,No Control,Clear,"Dark, artificial",Dry,Non-Fatal Injury,Pedestrian Collisions,D22,19,Long Branch (19),-79.5282,43.5956,NULL,NULL,N,NULL,NULL,NULL
9002063791,2019,00:00.0,2028,20,CUMMER AVE,WILLOWDALE AVE,NULL,3,North York,18,32,Intersection,At Intersection,Traffic Signal,Clear,"Dark, artificial",Dry,Non-Fatal Injury,Cyclist Collisions,D32,50,Newtonbrook East (50),-79.4098,43.7885,NULL,NULL,N,NULL,NULL,NULL
806061,2020,00:00.0,858,8,KENNEDY RD,ELLESMERE RD,NULL,1,Scarborough,21,41,Intersection,At Intersection,Traffic Signal,Clear,Daylight,Dry,Non-Fatal Injury,Pedestrian Collisions,D41,126,Dorset Park (126),-79.281,43.7657,NULL,NULL,N,NULL,NULL,NULL
9001964458,2019,00:00.0,1320,13,678 KENNEDY RD,NULL,5 m East of,1,Scarborough,20,41,Mid-Block,At/Near Private Drive,No Control,Clear,Daylight,Dry,Non-Fatal Injury,Turning Movement,D41,124,Kennedy Park (124),-79.2656,43.7267,NULL,NULL,N,NULL,NULL,NULL
565895,2020,00:00.0,1220,12,MCCOWAN RD,MILNER AVE,6 m South of,1,Scarborough,23,42,Intersection,At Intersection,Traffic Signal,Clear,Daylight,Dry,Non-Fatal Injury,Sideswipe,D42,128,Agincourt South-Malvern West (128),-79.2564,43.7853,NULL,NULL,N,NULL,NULL,NULL
9002192000,2019,00:00.0,943,9,960 LAWRENCE AVE W,NULL,9 m South of,1,North York,8,NULL,Mid-Block,Non Intersection,No Control,Clear,Daylight,Dry,Fatal,Angle,D13,31,Yorkdale-Glen Park (31),-79.4576,43.7133,NULL,NULL,N,NULL,NULL,NULL
1378008,2020,00:00.0,1554,15,KINGSTON RD,LAKEHURST DR,3 m West of,1,Scarborough,20,41,Mid-Block,Non Intersection,No Control,Clear,Daylight,Dry,Non-Fatal Injury,Pedestrian Collisions,D41,122,Birchcliffe-Cliffside (122),-79.2579,43.6963,NULL,NULL,N,NULL,NULL,NULL
1676151,2020,00:00.0,2146,21,AVENUE RD,BLOOR ST,NULL,1,Toronto and East York,11,NULL,Intersection,At Intersection,Traffic Signal,Clear,Dark,Dry,Non-Fatal Injury,Turning Movement,D52,95,Annex (95),-79.3941,43.6687,NULL,NULL,N,NULL,NULL,NULL
9002072728,2019,00:00.0,255,2,3550 ELLESMERE RD,NULL,83 m West of,3,Scarborough,25,43,Mid-Block,Non Intersection,No Control,Rain,"Dark, artificial",Wet,Non-Fatal Injury,SMV Other,D43,134,Highland Creek (134),-79.1748,43.7896,NULL,NULL,N,NULL,NULL,NULL
9002076820,2019,00:00.0,1820,18,WARDEN AVE,CONTINENTAL PL,2 m West of,1,Scarborough,21,41,Intersection,At Intersection,No Control,Clear,Daylight,Dry,Non-Fatal Injury,Turning Movement,D41,119,Wexford/Maryvale (119),-79.3012,43.7634,NULL,NULL,N,NULL,NULL,NULL
9001987118,2019,00:00.0,442,4,DUFFERIN ST,FINCH AVE W,NULL,1,North York,6,32,Intersection,At Intersection,Traffic Signal,Clear,"Dark, artificial",Dry,Non-Fatal Injury,Turning Movement,D32,34,Bathurst Manor (34),-79.4668,43.7687,NULL,NULL,N,NULL,NULL,NULL
9001987144,2019,00:00.0,457,4,LAMBTON AVE,ROCKCLIFFE BLVD,NULL,2,Etobicoke York,5,12,Intersection,Intersection Related,No Control,Clear,Daylight,Dry,Non-Fatal Injury,SMV Other,D12,111,Rockcliffe-Smythe (111),-79.4916,43.6823,NULL,NULL,N,NULL,NULL,NULL
1995407,2020,00:00.0,744,7,LAWRENCE AVE E,ASTERFIELD DR,10 m West of,NULL,NULL,NULL,NULL,Intersection,Intersection Related,No Control,Rain,"Dark, artificial",Wet,Non-Fatal Injury,Turning Movement,D43,136,West Hill (136),-79.1738,43.7711,NULL,NULL,N,NULL,NULL,NULL
1884326,2020,00:00.0,1152,11,ADELAIDE ST E,POWER ST,5 m South of,1,Toronto and East York,13,51,Intersection,At Intersection,Stop Sign,Rain,Daylight,Wet,Non-Fatal Injury,Turning Movement,D51,73,Moss Park (73),-79.3627,43.654,NULL,NULL,N,NULL,NULL,NULL
1052462,2020,00:00.0,830,8,LAWRENCE AVE W,RENFIELD ST,NULL,1,Etobicoke York,NULL,NULL,Intersection,At Intersection,Stop Sign,Clear,Daylight,Dry,Non-Fatal Injury,Turning Movement,D12,30,Brookhaven-Amesbury (30),-79.4987,43.7038,NULL,NULL,N,NULL,NULL,NULL
1766011,2020,00:00.0,2000,20,QUEEN ST E,CARROLL ST,3 m West of,1,Toronto and East York,14,55,Intersection,Intersection Related,Pedestrian Crossover,Clear,"Dark, artificial",Dry,Non-Fatal Injury,Pedestrian Collisions,D55,70,South Riverdale (70),-79.3522,43.6583,NULL,NULL,N,NULL,NULL,NULL
1886672,2020,00:00.0,1906,19,DUFFERIN ST,FINCH AV W,NULL,1,North York,6,32,Intersection,Intersection Related,Traffic Signal,Rain,"Dark, artificial",Wet,Non-Fatal Injury,Pedestrian Collisions,D32,34,Bathurst Manor (34),-79.4669,43.7688,-79.4669,43.7688,Y,Dufferin St,Finch Ave W,2017-06-05
1887920,2020,00:00.0,1,0,QUEENS PARK CRESCENT E,73 QUEENS PARK CRESCENT E,5 m North of,NULL,NULL,NULL,NULL,Mid-Block,Non Intersection,Traffic Signal,Clear,"Dark, artificial",Wet,Non-Fatal Injury,Pedestrian Collisions,D14,82,Niagara (82),-79.4191,43.6372,NULL,NULL,N,NULL,NULL,NULL
9001991874,2019,00:00.0,1751,17,BAYVIEW AVE,SOUDAN AVE,40 m North of,1,North York,15,53,Mid-Block,Non Intersection,Pedestrian Crossover,Clear,Daylight,Dry,Non-Fatal Injury,Pedestrian Collisions,D53,56,Leaside-Bennington (56),-79.3766,43.7094,NULL,NULL,N,NULL,NULL,NULL
9002000570,2019,00:00.0,2251,22,DANFORTH AVE,FERRIER AVE,19 m East of,1,Toronto and East York,14,NULL,Intersection,Intersection Related,No Control,Clear,"Dark, artificial",Dry,Non-Fatal Injury,Turning Movement,D55,68,North Riverdale (68),-79.3482,43.6781,NULL,NULL,N,NULL,NULL,NULL
9002113038,2019,00:00.0,1825,18,SPADINA RD,MACPHERSON AVE,NULL,3,Etobicoke York,12,NULL,Intersection,At Intersection,Stop Sign,Clear,Dusk,Dry,Non-Fatal Injury,Pedestrian Collisions,D53,96,Casa Loma (96),-79.4074,43.6758,NULL,NULL,N,NULL,NULL,NULL
9002113660,2019,00:00.0,1941,19,GERRARD ST E,JONES AVE,NULL,3,Toronto and East York,14,55,Intersection,At Intersection,Traffic Signal,Clear,"Dark, artificial",Dry,Non-Fatal Injury,Cyclist Collisions,D55,70,South Riverdale (70),-79.3355,43.6691,NULL,NULL,N,NULL,NULL,NULL
9002221424,2019,00:00.0,1515,15,QUEEN ST W,BAY ST,36 m East of,1,North York,NULL,52,Mid-Block,Non Intersection,No Control,Clear,Daylight,Dry,Non-Fatal Injury,Pedestrian Collisions,D52,76,Bay Street Corridor (76),-79.381,43.6519,NULL,NULL,N,NULL,NULL,NULL
118659,2020,00:00.0,2140,21,THE EAST ML,CORONET RD,NULL,NULL,NULL,NULL,NULL,Mid-Block,Non Intersection,No Control,Clear,"Dark, artificial",Dry,Non-Fatal Injury,Sideswipe,D22,14,Islington-City Centre West (14),-79.5497,43.6228,NULL,NULL,N,NULL,NULL,NULL