ACCNUM,YEAR,DATE,TIME,HOUR,STREET1,STREET2,OFFSET,ROAD_CLASS,DISTRICT,WARDNUM,DIVISION,LOCCOORD,ACCLOC,TRAFFCTL,VISIBILITY,LIGHT,RDSFCOND,ACCLASS,IMPACTYPE,POLICE_DIVISION,HOOD_ID,NEIGHBOURHOOD,collision_lat,collision_long,red_light_lat,red_light_long,right_light_camera,LINEAR_NAME_FULL_1,LINEAR_NAME_FULL_2,ACTIVATION_DATE
188526,2020,00:00.0,2030,20,3775 DUNDAS ST W,NULL,NULL,1,Etobicoke York,4,11,Mid-Block,Non Intersection,No Control,Clear,"Dark, artificial",Dry,Fatal,Pedestrian Collisions,D11,114,Lambton Baby Point (114),-79.4998,43.6653,NULL,NULL,N,NULL,NULL,NULL
220521,2020,00:00.0,406,4,ST CLAIR AVE W,ATLAS AVE,23 m West of,1,Toronto East York,12,13,Intersection,At Intersection,No Control,Clear,"Dark, artificial",Wet,Non-Fatal Injury,Rear End,D13,94,Wychwood (94),-79.4306,43.6805,NULL,NULL,N,NULL,NULL,NULL
74293,2020,00:00.0,1938,19,WESTON RD,DORA SPENCER RD,NULL,3,Etobicoke York,5,12,Intersection,At Intersection,No Control,Rain,"Dark, artificial",Wet,Non-Fatal Injury,Pedestrian Collisions,D12,115,Mount Dennis (115),-79.5027,43.6919,NULL,NULL,N,NULL,NULL,NULL
9002403770,2019,00:00.0,1653,16,BLOOR ST W,ABERFOYLE CRES,NULL,1,Etobicoke York,3,22,Intersection,At Intersection,Traffic Signal,Clear,"Dusk, artificial",Dry,Non-Fatal Injury,Cyclist Collisions,D22,16,Stonegate-Queensway (16),-79.5189,43.6455,NULL,NULL,N,NULL,NULL,NULL
1940250,2020,00:00.0,2250,22,MCCOWAN RD,BRIDLEY DR,163 m North of,1,Scarborough,23,42,Mid-Block,Non Intersection,No Control,Rain,"Dark, artificial",Wet,Non-Fatal Injury,SMV Other,D42,129,Agincourt North (129),-79.2703,43.8142,NULL,NULL,N,NULL,NULL,NULL
1487545,2020,00:00.0,1106,11,YONGE ST,ELM ST,13 m South of,NULL,NULL,NULL,NULL,Mid-Block,Non Intersection,No Control,Clear,Daylight,Dry,Non-Fatal Injury,Pedestrian Collisions,D51,75,Church-Yonge Corridor (75),-79.3815,43.6579,NULL,NULL,N,NULL,NULL,NULL
1494344,2020,00:00.0,1117,11,OAKWOOD AVE,JESMOND AVE,25 m South of,3,North York,NULL,NULL,Intersection,At Intersection,Traffic Signal,Clear,Daylight,Dry,Non-Fatal Injury,Cyclist Collisions,D13,107,Oakwood Village (107),-79.4394,43.6894,NULL,NULL,N,NULL,NULL,NULL
1522941,2020,00:00.0,1105,11,CALEDONIA RD,GLENGROVE AVE,NULL,3,North York,NULL,NULL,Intersection,At Intersection,No Control,Clear,Daylight,Dry,Fatal,Pedestrian Collisions,D13,31,Yorkdale-Glen Park (31),-79.4652,43.7063,NULL,NULL,N,NULL,NULL,NULL
1784235,2020,00:00.0,1101,11,DUFFERIN ST,4440 DUFFERIN ST,NULL,1,North York,6,32,Intersection,Intersection Related,Traffic Signal,Clear,Daylight,Dry,Non-Fatal Injury,Pedestrian Collisions,D32,34,Bathurst Manor (34),-79.4669,43.7688,-79.4669,43.7688,Y,Dufferin St,Finch Ave W,2017-06-05
1286418,2012,00:00.0,223,2,EGLINTON AVE W,OLD PARK RD,NULL,1,North York,NULL,13,Intersection,At Intersection,Traffic Signal,Clear,Daylight,Dry,Non-Fatal Injury,Pedestrian Collisions,D13,102,Forest Hill North (102),-79.4309,43.6998,NULL,NULL,N,NULL,NULL,NULL
1740995,2020,00:00.0,1200,12,VICTORIA ST,SHUTER ST,84 m North of,2,Toronto East York,NULL,NULL,Mid-Block,Non Intersection,No Control,Clear,Daylight,Dry,Non-Fatal Injury,Pedestrian Collisions,D51,75,Church-Yonge Corridor (75),-79.379,43.6551,NULL,NULL,N,NULL,NULL,NULL
2228307,2020,00:00.0,1922,19,LANSDOWNE AV,DUPONT ST,112 m South of,NULL,NULL,NULL,NULL,NULL,At/Near Private Drive,No Control,Clear,"Dark, artificial",Dry,Non-Fatal Injury,Rear End,D11,93,Dovercourt-Wallace Emerson-Junction (93),-79.446,43.6657,NULL,NULL,N,NULL,NULL,NULL
1535541,2020,00:00.0,145,1,YONGE STREET,GERRARD STREET,25 m East of,NULL,NULL,NULL,NULL,Mid-Block,Non Intersection,No Control,Clear,"Dark, artificial",Dry,Non-Fatal Injury,SMV Other,D51,75,Church-Yonge Corridor (75),-79.3817,43.6591,NULL,NULL,N,NULL,NULL,NULL
1250936,2011,00:00.0,714,7,SYMINGTON AVE,DUPONT ST,NULL,1,Toronto and East York,9,11,Intersection,At Intersection,Traffic Signal,Clear,Daylight,Dry,Non-Fatal Injury,Angle,D11,93,Dovercourt-Wallace Emerson-Junction (93),-79.4511,43.6657,NULL,NULL,N,NULL,NULL,NULL
187607,2020,00:00.0,1817,18,MORNINGSIDE AVE,401 C E MORNINGSIDE AVE S RAMP,61 m North of,1,Scarborough,25,42,Mid-Block,Non Intersection,No Control,Clear,"Dark, artificial",Dry,Non-Fatal Injury,Pedestrian Collisions,D43,134,Highland Creek (134),-79.1965,43.7953,NULL,NULL,N,NULL,NULL,NULL
2279200,2020,00:00.0,1829,18,DUFFERIN ST,SYLVAN AVE,NULL,1,Toronto and East York,NULL,NULL,Intersection,Intersection Related,No Control,Clear,Daylight,Dry,Fatal,Cyclist Collisions,D14,83,Dufferin Grove (83),-79.4333,43.6546,NULL,NULL,N,NULL,NULL,NULL
1086962,2020,00:00.0,1040,10,SHERBOURNE ST,QUEEN ST E,NULL,1,Toronto East York,13,51,Intersection,At Intersection,Traffic Signal,Clear,Daylight,Dry,Non-Fatal Injury,Cyclist Collisions,D51,73,Moss Park (73),-79.3694,43.6544,NULL,NULL,N,NULL,NULL,NULL
1275593,2012,00:00.0,1348,13,LAWRENCE Aven E,SUSAN Stre,NULL,1,Scarborough,24,43,Mid-Block,NULL,No Control,Rain,Daylight,Wet,Non-Fatal Injury,Rear End,D43,137,Woburn (137),-79.2095,43.7631,NULL,NULL,N,NULL,NULL,NULL
2383203,2020,00:00.0,2238,22,YORK MILLS RD,DON VALLEY PKWY RAMP S,NULL,1,North York,16,33,Intersection,At Intersection,Traffic Signal,Clear,Dark,Dry,Non-Fatal Injury,Turning Movement,D33,45,Parkwoods-Donalda (45),-79.3358,43.7582,NULL,NULL,N,NULL,NULL,NULL
1261319,2011,00:00.0,1938,19,BATHURST ST,VAUGHAN RD,NULL,1,Toronto and East York,12,13,Intersection,At Intersection,No Control,Rain,Dark,Wet,Non-Fatal Injury,Pedestrian Collisions,D13,96,Casa Loma (96),-79.4176,43.6816,NULL,NULL,N,NULL,NULL,NULL
9002437548,2019,00:00.0,1538,15,MARINE PARADE DR,WATERFRONT DR,96 m West of,2,Etobicoke York,3,22,Mid-Block,Non Intersection,No Control,Clear,"Dark, artificial",Dry,Non-Fatal Injury,Rear End,D22,17,Mimico (17),-79.4759,43.6283,NULL,NULL,N,NULL,NULL,NULL
1258191,2011,00:00.0,437,4,DORIS AVE,NORTHTOWN WAY,NULL,3,North York,18,32,Intersection,NULL,No Control,Clear,Dark,Dry,Non-Fatal Injury,Pedestrian Collisions,D32,51,Willowdale East (51),-79.4127,43.7754,NULL,NULL,N,NULL,NULL,NULL
1285331,2012,00:00.0,1020,10,ERINDALE Aven,BROADVIEW Aven,NULL,3,Toronto and East York,14,54,Intersection,At Intersection,No Control,Clear,Daylight,Dry,Non-Fatal Injury,Pedestrian Collisions,D54,67,Playter Estates-Danforth (67),-79.3586,43.6775,NULL,NULL,N,NULL,NULL,NULL
1276186,2012,00:00.0,2214,22,SENECA HILL DR,DON MILLS RD,NULL,2,North York,17,33,Mid-Block,NULL,No Control,Snow,Dark,Packed Snow,Fatal,SMV Other,D33,47,Don Valley Village (47),-79.3551,43.79,NULL,NULL,N,NULL,NULL,NULL
1269972,2011,00:00.0,855,8,COLLEGE ST,BRUNSWICK AVE,NULL,1,Toronto and East York,11,14,Intersection,At Intersection,Stop Sign,Clear,Daylight,Dry,Non-Fatal Injury,Pedestrian Collisions,D14,79,University (79),-79.404,43.6571,NULL,NULL,N,NULL,NULL,NULL
1270067,2011,00:00.0,550,5,LANSDOWNE AVE,COLLEGE ST,NULL,3,Toronto and East York,9,11,Intersection,At Intersection,Traffic Signal,Clear,"Dark, artificial",Dry,Non-Fatal Injury,Pedestrian Collisions,D11,83,Dufferin Grove (83),-79.4399,43.6509,NULL,NULL,N,NULL,NULL,NULL
1277367,2012,00:00.0,1945,19,LAWRENCE AVE E,CARNFORTH RD,NULL,1,North York,16,33,Mid-Block,NULL,No Control,Rain,"Dark, artificial",Wet,Non-Fatal Injury,Pedestrian Collisions,D33,43,Victoria Village (43),-79.3123,43.7416,NULL,NULL,N,NULL,NULL,NULL
1288047,2012,00:00.0,415,4,HUPFIELD TRL,PENNYHILL DR,NULL,2,Scarborough,25,42,Mid-Block,NULL,No Control,Clear,Dark,Dry,Non-Fatal Injury,SMV Other,D42,132,Malvern (132),-79.215,43.8159,NULL,NULL,N,NULL,NULL,NULL
1270018,2011,00:00.0,810,8,LANSDOWNE AVE,COLLEGE ST,NULL,3,Toronto and East York,9,11,Intersection,At Intersection,Traffic Signal,Clear,Daylight,Dry,Non-Fatal Injury,Cyclist Collisions,D11,83,Dufferin Grove (83),-79.4399,43.6509,NULL,NULL,N,NULL,NULL,NULL
1261497,2011,00:00.0,1127,11,YONGE ST,ELM ST,NULL,1,Toronto and East York,NULL,NULL,Intersection,NULL,No Control,Clear,Daylight,Dry,Non-Fatal Injury,Pedestrian Collisions,D51,75,Church-Yonge Corridor (75),-79.3815,43.6579,NULL,NULL,N,NULL,NULL,NULL
1267111,2011,00:00.0,312,3,YONGE ST,SHEPPARD AVE E,NULL,1,North York,18,32,Intersection,At Intersection,Traffic Signal,Clear,"Dark, artificial",Dry,Non-Fatal Injury,Turning Movement,D32,51,Willowdale East (51),-79.4108,43.7615,NULL,NULL,N,NULL,NULL,NULL
1266347,2011,00:00.0,2233,22,DUFFERIN Stre,DUNDAS Stre W,NULL,3,Toronto and East York,9,NULL,Intersection,At Intersection,Traffic Signal,Clear,"Dark, artificial",Wet,Non-Fatal Injury,Cyclist Collisions,D11,84,Little Portugal (84),-79.4314,43.6496,NULL,NULL,N,NULL,NULL,NULL
2318123,2020,00:00.0,1856,18,CORDOVA AVE,MABELLE AVE,75 m South of,2,Etobicoke York,3,22,NULL,Overpass or Bridge,Stop Sign,Clear,Dark,Dry,Non-Fatal Injury,SMV Other,D22,14,Islington-City Centre West (14),-79.5254,43.6471,NULL,NULL,N,NULL,NULL,NULL
1266558,2011,00:00.0,1613,16,HARBORD ST,MAJOR ST,NULL,3,Toronto and East York,11,14,Intersection,At Intersection,No Control,Rain,Daylight,Wet,Non-Fatal Injury,Cyclist Collisions,D14,79,University (79),-79.4047,43.6624,NULL,NULL,N,NULL,NULL,NULL
1279209,2012,00:00.0,233,2,F G GARDINER XY  E,DUFFERIN ST,NULL,NULL,Toronto and East York,4,14,Mid-Block,NULL,No Control,Clear,"Dark, artificial",Other,Fatal,Pedestrian Collisions,D14,85,South Parkdale (85),-79.4292,43.6326,NULL,NULL,N,NULL,NULL,NULL
1257392,2011,00:00.0,137,1,BLACK CREEK DR,PHOTOGRAPHY DR W,NULL,1,Etobicoke York,5,12,Mid-Block,At Intersection,No Control,Clear,Dark,Dry,Non-Fatal Injury,Rear End,D12,110,Keelesdale-Eglinton West (110),-79.4826,43.6878,NULL,NULL,N,NULL,NULL,NULL
1249833,2011,00:00.0,658,6,BATHURST ST,WILLIS ST,NULL,1,Toronto and East York,10,14,Intersection,NULL,No Control,Clear,Daylight,Dry,Non-Fatal Injury,Pedestrian Collisions,D14,78,Kensington-Chinatown (78),-79.4041,43.6476,NULL,NULL,N,NULL,NULL,NULL
1266990,2011,00:00.0,102,1,JANE ST,ELLIS AVE,NULL,1,Etobicoke York,5,12,Intersection,NULL,No Control,Clear,"Dark, artificial",Dry,Fatal,Pedestrian Collisions,D12,30,Brookhaven-Amesbury (30),-79.5035,43.7021,NULL,NULL,N,NULL,NULL,NULL
1269435,2011,00:00.0,1815,18,DANFORTH AVE,EUSTON AVE,NULL,1,Toronto and East York,14,NULL,Intersection,At Intersection,No Control,Clear,Daylight,Dry,Non-Fatal Injury,Turning Movement,D54,66,Danforth (66),-79.3377,43.6803,NULL,NULL,N,NULL,NULL,NULL
1290624,2012,00:00.0,2020,20,DUNDAS ST W,ST CLARENS AVE,NULL,3,Toronto and East York,9,11,Intersection,At Intersection,Stop Sign,Clear,Dark,Dry,Non-Fatal Injury,Cyclist Collisions,D11,83,Dufferin Grove (83),-79.4382,43.65,NULL,NULL,N,NULL,NULL,NULL
1288002,2012,00:00.0,1820,18,WYNFORD DR,CONCORDE PL,NULL,3,North York,16,33,Intersection,At Intersection,Traffic Signal,Clear,"Dark, artificial",Dry,Non-Fatal Injury,Pedestrian Collisions,D33,42,Banbury-Don Mills (42),-79.3277,43.7273,NULL,NULL,N,NULL,NULL,NULL
1289419,2012,00:00.0,1430,14,KING St W,TECUMSETH St,NULL,1,Toronto and East York,10,14,Intersection,At Intersection,Traffic Signal,Clear,Daylight,Wet,Non-Fatal Injury,Cyclist Collisions,D14,82,Niagara (82),-79.4052,43.6433,NULL,NULL,N,NULL,NULL,NULL
1247862,2011,00:00.0,1154,11,DIXON RD,GOLFWOOD HTS Heig,NULL,1,Etobicoke York,NULL,23,Intersection,At Intersection,Traffic Signal,Clear,Daylight,Dry,Fatal,Turning Movement,D23,6,Kingsview Village-The Westway (6),-79.5398,43.6985,NULL,NULL,N,NULL,NULL,NULL
1248931,2011,00:00.0,1800,18,28 REGATTA CRES,NULL,NULL,4,North York,18,32,Intersection,NULL,No Control,Clear,Daylight,Dry,Fatal,Pedestrian Collisions,D32,36,Newtonbrook West (36),-79.4438,43.7893,NULL,NULL,N,NULL,NULL,NULL
1268378,2011,00:00.0,353,3,960 WARDEN Ave,NULL,NULL,1,Scarborough,21,41,Mid-Block,NULL,No Control,Clear,Dark,Dry,Non-Fatal Injury,Rear End,D41,119,Wexford/Maryvale (119),-79.2904,43.7347,NULL,NULL,N,NULL,NULL,NULL
1277349,2011,00:00.0,1620,16,CHURCH ST,GLOUCESTER ST,NULL,3,Toronto and East York,13,51,Intersection,At Intersection,No Control,Clear,Daylight,Dry,Non-Fatal Injury,Pedestrian Collisions,D51,75,Church-Yonge Corridor (75),-79.3815,43.6673,NULL,NULL,N,NULL,NULL,NULL
1249510,2011,00:00.0,606,6,374 BROCK AVE,PUBLIC LANE,NULL,7,Toronto and East York,9,11,"Park, Private Property, Public Lane",NULL,No Control,Clear,Daylight,Dry,Fatal,SMV Other,D11,83,Dufferin Grove (83),-79.4373,43.6527,NULL,NULL,N,NULL,NULL,NULL
1275965,2011,00:00.0,1604,16,YORK MILLS Road,LESMILL Road,NULL,1,North York,16,33,Intersection,NULL,Traffic Signal,Clear,Daylight,Dry,Non-Fatal Injury,Cyclist Collisions,D33,42,Banbury-Don Mills (42),-79.3519,43.7546,NULL,NULL,N,NULL,NULL,NULL
1268173,2011,00:00.0,1954,19,SHEPPARD AVE E,VICTORIA PARK AVE,NULL,1,North York,NULL,NULL,Intersection,At Intersection,Traffic Signal,Clear,Dark,Dry,Non-Fatal Injury,Pedestrian Collisions,D42,118,Tam O'Shanter-Sullivan (118),-79.3229,43.7752,NULL,NULL,N,NULL,NULL,NULL
1278436,2011,00:00.0,1622,16,SPADINA AVE,NASSAU ST,NULL,1,Toronto and East York,11,NULL,Intersection,NULL,No Control,Clear,Daylight,Dry,Non-Fatal Injury,Pedestrian Collisions,D52,78,Kensington-Chinatown (78),-79.3991,43.6558,NULL,NULL,N,NULL,NULL,NULL
1264528,2011,00:00.0,1045,10,DUNDAS ST W,GRACE ST,NULL,1,Toronto and East York,NULL,14,Intersection,At Intersection,Traffic Signal,Clear,Daylight,Dry,Non-Fatal Injury,Pedestrian Collisions,D14,81,Trinity-Bellwoods (81),-79.4138,43.6507,NULL,NULL,N,NULL,NULL,NULL
1277496,2011,00:00.0,1655,16,20 MURRAY ST,NULL,NULL,4,Toronto and East York,11,52,Mid-Block,NULL,No Control,Clear,Dusk,Dry,Non-Fatal Injury,Pedestrian Collisions,D52,78,Kensington-Chinatown (78),-79.3907,43.6569,NULL,NULL,N,NULL,NULL,NULL
1302226,2012,00:00.0,1940,19,YORK MILLS RD,FENSIDE DR,NULL,1,North York,16,33,Intersection,At Intersection,Traffic Signal,Clear,Daylight,Dry,Non-Fatal Injury,Pedestrian Collisions,D33,45,Parkwoods-Donalda (45),-79.3276,43.7606,NULL,NULL,N,NULL,NULL,NULL
1323727,2012,00:00.0,223,2,ST CLAIR AVE W,OLD WESTON RD,NULL,1,Toronto and East York,9,NULL,Intersection,NULL,Traffic Signal,Clear,"Dark, artificial",Dry,Non-Fatal Injury,SMV Other,D11,91,Weston-Pellam Park (91),-79.4629,43.6735,NULL,NULL,N,NULL,NULL,NULL
1272451,2011,00:00.0,915,9,F G GARDINER XY  E,KIPLING Ave,NULL,NULL,Etobicoke York,3,22,Mid-Block,NULL,No Control,Rain,Daylight,Wet,Non-Fatal Injury,SMV Other,D22,17,Mimico (17),-79.5224,43.6184,NULL,NULL,N,NULL,NULL,NULL
1274044,2011,00:00.0,1650,16,MILLWOOD RD,CLEVELAND ST,NULL,2,North York,15,53,Intersection,At Intersection,Stop Sign,Clear,Dusk,Wet,Non-Fatal Injury,Angle,D53,99,Mount Pleasant East (99),-79.3779,43.7035,NULL,NULL,N,NULL,NULL,NULL
1324915,2012,00:00.0,953,9,JOHN ST,KING ST W,NULL,1,Toronto and East York,10,52,Intersection,At Intersection,Traffic Signal,Clear,Daylight,Dry,Non-Fatal Injury,Pedestrian Collisions,D52,77,Waterfront Communities-The Island (77),-79.3897,43.6465,NULL,NULL,N,NULL,NULL,NULL
1302753,2012,00:00.0,323,3,KEELE ST,FINCH AVE W,NULL,1,Etobicoke York,NULL,31,Intersection,At Intersection,Traffic Signal,Clear,"Dark, artificial",Dry,Non-Fatal Injury,SMV Other,D31,27,York University Heights (27),-79.4909,43.7634,NULL,NULL,N,NULL,NULL,NULL
1281411,2011,00:00.0,1710,17,CHICOUTIMI AVE,LAWRENCE AVE W,NULL,1,North York,8,NULL,Intersection,NULL,No Control,Rain,Dark,Wet,Non-Fatal Injury,Pedestrian Collisions,D53,39,Bedford Park-Nortown (39),-79.4243,43.7203,NULL,NULL,N,NULL,NULL,NULL
1332390,2012,00:00.0,627,6,KEELE ST,IRVING RD,NULL,1,Etobicoke York,5,12,Intersection,NULL,No Control,Clear,"Dark, artificial",Dry,Non-Fatal Injury,Turning Movement,D12,112,Beechborough-Greenbrook (112),-79.4744,43.6929,NULL,NULL,N,NULL,NULL,NULL
1270503,2011,00:00.0,600,6,JANE ST,ALLIANCE AVE,NULL,1,Etobicoke York,5,12,Intersection,At Intersection,No Control,Clear,"Dark, artificial",Dry,Non-Fatal Injury,Pedestrian Collisions,D12,111,Rockcliffe-Smythe (111),-79.4956,43.6762,NULL,NULL,N,NULL,NULL,NULL
1274629,2011,00:00.0,1307,13,MARKHAM Road,TUXEDO Cour,NULL,1,Scarborough,24,43,Intersection,At Intersection,Traffic Signal,Clear,Daylight,Dry,Non-Fatal Injury,Rear End,D43,137,Woburn (137),-79.2329,43.7794,NULL,NULL,N,NULL,NULL,NULL
1308216,2012,00:00.0,42,0,CINEMART DR,MILNER AVE,NULL,2,Scarborough,25,42,Mid-Block,NULL,No Control,Clear,"Dark, artificial",Dry,Non-Fatal Injury,Pedestrian Collisions,D42,132,Malvern (132),-79.2043,43.797,NULL,NULL,N,NULL,NULL,NULL
1315616,2012,00:00.0,1523,15,285 RALEIGH AVE,NULL,NULL,2,Scarborough,20,41,Mid-Block,NULL,No Control,Rain,Daylight,Wet,Non-Fatal Injury,Pedestrian Collisions,D41,120,Clairlea-Birchmount (120),-79.2609,43.7094,NULL,NULL,N,NULL,NULL,NULL
1311027,2012,00:00.0,1146,11,MOORE AVE,POTTERY RD,NULL,2,North York,15,53,Intersection,NULL,No Control,Clear,Daylight,Dry,Non-Fatal Injury,Pedestrian Collisions,D53,56,Leaside-Bennington (56),-79.37,43.697,NULL,NULL,N,NULL,NULL,NULL
1311229,2012,00:00.0,1610,16,145 NEWTON Dr,NULL,NULL,2,North York,18,32,Mid-Block,NULL,No Control,Clear,Daylight,Dry,Non-Fatal Injury,SMV Other,D32,50,Newtonbrook East (50),-79.4084,43.795,NULL,NULL,N,NULL,NULL,NULL
1116367,2009,00:00.0,1838,18,DANFORTH AVE,WOODYCREST AVE,NULL,1,Toronto and East York,14,NULL,Intersection,NULL,No Control,Clear,Daylight,Dry,Non-Fatal Injury,Cyclist Collisions,D55,69,Blake-Jones (69),-79.3417,43.6795,NULL,NULL,N,NULL,NULL,NULL
1116081,2009,00:00.0,351,3,JANE ST,GORDON MACKAY RD,NULL,1,Etobicoke York,5,12,Mid-Block,NULL,No Control,Clear,Dark,Dry,Non-Fatal Injury,Approaching,D12,28,Rustic (28),-79.5076,43.717,NULL,NULL,N,NULL,NULL,NULL
1113047,2009,00:00.0,1256,12,PRITCHARD Aven,MOULD Aven,NULL,4,Etobicoke York,5,12,Intersection,At Intersection,Stop Sign,Clear,Daylight,Dry,Non-Fatal Injury,Pedestrian Collisions,D12,111,Rockcliffe-Smythe (111),-79.488,43.6705,NULL,NULL,N,NULL,NULL,NULL
1115973,2009,00:00.0,2130,21,JANE ST,MACDONALD AVE,NULL,1,Etobicoke York,5,12,Intersection,NULL,No Control,Clear,Dark,Dry,Non-Fatal Injury,Pedestrian Collisions,D12,28,Rustic (28),-79.5041,43.7044,NULL,NULL,N,NULL,NULL,NULL
1093205,2009,00:00.0,420,4,F G GARDINER XY Expr W,PARKSIDE DR,NULL,NULL,Toronto and East York,4,14,Mid-Block,NULL,No Control,Clear,Dark,Dry,Non-Fatal Injury,Rear End,D14,85,South Parkdale (85),-79.4423,43.6363,NULL,NULL,N,NULL,NULL,NULL
1122576,2009,00:00.0,725,7,JOHN ST,WELLINGTON ST W,NULL,3,Toronto and East York,10,52,Intersection,At Intersection,Traffic Signal,Clear,Daylight,Dry,Non-Fatal Injury,Angle,D52,77,Waterfront Communities-The Island (77),-79.3891,43.6452,NULL,NULL,N,NULL,NULL,NULL
1115566,2009,00:00.0,1720,17,BENTWORTH AVE,DUFFERIN ST,NULL,1,North York,8,32,Intersection,At Intersection,Traffic Signal,Rain,Daylight,Wet,Non-Fatal Injury,Pedestrian Collisions,D32,31,Yorkdale-Glen Park (31),-79.4564,43.7218,NULL,NULL,N,NULL,NULL,NULL
7001344660,2017,00:00.0,2100,21,EGLINTON AVE E,VICTORIA PARK AVE,NULL,1,North York,NULL,NULL,Intersection,At Intersection,Traffic Signal,Rain,"Dark, artificial",Wet,Non-Fatal Injury,Pedestrian Collisions,D41,120,Clairlea-Birchmount (120),-79.3026,43.7246,NULL,NULL,N,NULL,NULL,NULL
1073449,2008,00:00.0,1820,18,WARDEN AVE,BERTRAND AVE,NULL,1,Scarborough,21,41,Intersection,At Intersection,Traffic Signal,Clear,Dark,Wet,Non-Fatal Injury,Turning Movement,D41,119,Wexford/Maryvale (119),-79.2896,43.733,NULL,NULL,N,NULL,NULL,NULL
7001286988,2017,00:00.0,825,8,VICTORIA PARK AVE,FINCH AVE E,NULL,1,North York,NULL,NULL,Intersection,At Intersection,Traffic Signal,Clear,Daylight,Dry,Non-Fatal Injury,Pedestrian Collisions,D42,117,L'Amoreaux (117),-79.3313,43.793,NULL,NULL,N,NULL,NULL,NULL
1075796,2008,00:00.0,920,9,BLOOR ST W,BROCK AVE,NULL,1,Toronto and East York,9,11,NULL,NULL,No Control,Clear,Daylight,Dry,Non-Fatal Injury,Pedestrian Collisions,D11,93,Dovercourt-Wallace Emerson-Junction (93),-79.4386,43.6592,NULL,NULL,N,NULL,NULL,NULL
1117988,2009,00:00.0,2300,23,WARDEN AVE,ELLESMERE RD,NULL,1,Scarborough,21,41,Intersection,At Intersection,Traffic Signal,Rain,Dark,Wet,Non-Fatal Injury,Pedestrian Collisions,D41,119,Wexford/Maryvale (119),-79.3007,43.7611,-79.3007,43.7611,Y,Warden Ave,Ellesmere Rd,2021-06-11
1110560,2009,00:00.0,2350,23,F G GARDINER Expr W,DUFFERIN Stre,NULL,NULL,Toronto and East York,10,14,Mid-Block,NULL,No Control,Clear,Dark,Dry,Non-Fatal Injury,Rear End,D14,82,Niagara (82),-79.4213,43.6349,NULL,NULL,N,NULL,NULL,NULL
8001506875,2018,00:00.0,1914,19,DUFFERIN ST,DUFFERIN PARK AVE,100 m South of,1,Toronto and East York,9,NULL,Mid-Block,Non Intersection,No Control,Clear,Daylight,Dry,Non-Fatal Injury,SMV Other,D14,83,Dufferin Grove (83),-79.4339,43.6561,NULL,NULL,N,NULL,NULL,NULL
8001540104,2018,00:00.0,1918,19,O CONNOR DR,WOODMOUNT AVE,NULL,1,Toronto and East York,19,54,Intersection,Intersection Related,No Control,Clear,Daylight,Dry,Non-Fatal Injury,Pedestrian Collisions,D54,58,Old East York (58),-79.3213,43.6994,NULL,NULL,N,NULL,NULL,NULL
8001556477,2018,00:00.0,909,9,WARWICK AVE,CHILTERN HILL RD,25 m East of,4,Toronto and East York,12,13,Mid-Block,Non Intersection,No Control,Clear,Daylight,Dry,Non-Fatal Injury,Rear End,D13,106,Humewood-Cedarvale (106),-79.4258,43.6951,NULL,NULL,N,NULL,NULL,NULL
7001621842,2017,00:00.0,1538,15,EGLINTON AVE E,BIMBROK RD,NULL,1,Scarborough,NULL,41,Intersection,At Intersection,No Control,Clear,Daylight,Dry,Non-Fatal Injury,Turning Movement,D41,124,Kennedy Park (124),-79.252,43.7357,NULL,NULL,N,NULL,NULL,NULL
7001651562,2017,00:00.0,844,8,COSBURN AVE,LESMOUNT AVE,NULL,3,Toronto and East York,14,54,Intersection,At Intersection,No Control,Clear,Daylight,Dry,Non-Fatal Injury,Cyclist Collisions,D54,59,Danforth East York (59),-79.3406,43.6913,NULL,NULL,N,NULL,NULL,NULL
8001595104,2018,00:00.0,2341,23,KEELE ST,GLENLAKE AVE,81 m North of,1,Scarborough,4,11,Mid-Block,Non Intersection,No Control,Clear,"Dark, artificial",Dry,Non-Fatal Injury,Pedestrian Collisions,D11,88,High Park North (88),-79.4617,43.6589,NULL,NULL,N,NULL,NULL,NULL
8001616700,2018,00:00.0,319,3,KEELE ST,DOVEHOUSE AV,59 m North of,1,North York,6,31,Mid-Block,Non Intersection,No Control,Clear,"Dark, artificial",Dry,Non-Fatal Injury,Approaching,D31,27,York University Heights (27),-79.4875,43.7496,NULL,NULL,N,NULL,NULL,NULL
7003043829,2017,00:00.0,2319,23,LAKE SHORE BLVD W,LOWER SIMCOE ST,NULL,8,Toronto and East York,10,52,Intersection,At Intersection,Traffic Signal,Clear,"Dark, artificial",Dry,Non-Fatal Injury,Pedestrian Collisions,D52,77,Waterfront Communities-The Island (77),-79.3831,43.6402,NULL,NULL,N,NULL,NULL,NULL
178057130,2017,00:00.0,1110,11,BAYVIEW AVE,LAWRENCE AVE E,NULL,1,North York,15,NULL,Mid-Block,Non Intersection,No Control,Clear,Daylight,Dry,Non-Fatal Injury,SMV Other,D53,41,Bridle Path-Sunnybrook-York Mills (41),-79.3813,43.7301,NULL,NULL,N,NULL,NULL,NULL
8001494074,2018,00:00.0,2301,23,NINTH ST,TENTH ST,NULL,4,Etobicoke York,3,22,Intersection,Intersection Related,No Control,Clear,Dark,Dry,Non-Fatal Injury,Pedestrian Collisions,D22,18,New Toronto (18),-79.5079,43.601,NULL,NULL,N,NULL,NULL,NULL