ACCNUM,YEAR,DATE,TIME,HOUR,STREET1,STREET2,OFFSET,ROAD_CLASS,DISTRICT,WARDNUM,DIVISION,LOCCOORD,ACCLOC,TRAFFCTL,VISIBILITY,LIGHT,RDSFCOND,ACCLASS,IMPACTYPE,POLICE_DIVISION,HOOD_ID,NEIGHBOURHOOD,collision_lat,collision_long,red_light_lat,red_light_long,right_light_camera,LINEAR_NAME_FULL_1,LINEAR_NAME_FULL_2,ACTIVATION_DATE
7003236001,2017,00:00.0,1845,18,PASSMORE AVE,MAYBROOK DR,NULL,2,Scarborough,23,42,Mid-Block,Non Intersection,No Control,Other,Daylight,Other,Fatal,Pedestrian Collisions,D42,130,Milliken (130),-79.2627,43.8278,NULL,NULL,N,NULL,NULL,NULL
1072743,2008,00:00.0,1854,18,BLOOR ST E,PARLIAMENT ST,NULL,1,Toronto and East York,13,NULL,Intersection,At Intersection,Yield Sign,Rain,Dark,Wet,Non-Fatal Injury,Pedestrian Collisions,D53,71,Cabbagetown-South St.James Town (71),-79.3706,43.672,NULL,NULL,N,NULL,NULL,NULL
8000911603,2018,00:00.0,2117,21,WINTERMUTE BLVD,SANDYHOOK SQ,NULL,2,Scarborough,22,42,Intersection,At Intersection,No Control,Clear,"Dusk, artificial",Dry,Non-Fatal Injury,Pedestrian Collisions,D42,116,Steeles (116),-79.3221,43.818,NULL,NULL,N,NULL,NULL,NULL
7001179140,2017,00:00.0,2240,22,THE WEST MALL,HOLIDAY DR,90 m North of,3,Etobicoke York,2,22,Mid-Block,Non Intersection,No Control,Clear,"Dark, artificial",Dry,Non-Fatal Injury,Pedestrian Collisions,D22,13,Etobicoke West Mall (13),-79.5689,43.65,NULL,NULL,N,NULL,NULL,NULL
8000824301,2018,00:00.0,1746,17,DANFORTH AVE,WOODINGTON AVE,1 m West of,1,Toronto and East York,19,NULL,Intersection,At Intersection,Traffic Signal,Clear,Daylight,Dry,Non-Fatal Injury,Pedestrian Collisions,D55,64,Woodbine Corridor (64),-79.3208,43.6838,NULL,NULL,N,NULL,NULL,NULL
7002059893,2017,00:00.0,1054,10,STEELES AVE E,SHADLOCK ST,20 m East of,1,Scarborough,23,42,Intersection,At Intersection,Traffic Signal,Clear,Daylight,Dry,Non-Fatal Injury,Rear End,D42,130,Milliken (130),-79.2611,43.8342,NULL,NULL,N,NULL,NULL,NULL
7003025582,2017,00:00.0,145,1,MARKHAM RD,HIGHWAY 401 C E,NULL,1,Scarborough,24,43,Intersection,At Intersection,Traffic Signal,Rain,"Dark, artificial",Wet,Non-Fatal Injury,Turning Movement,D43,137,Woburn (137),-79.2346,43.7838,NULL,NULL,N,NULL,NULL,NULL
8001000021,2018,00:00.0,1845,18,BADEN ST,LAKEVIEW AVE,8 m East of,4,North York,9,14,Intersection,Intersection Related,Stop Sign,Clear,Daylight,Dry,Non-Fatal Injury,Pedestrian Collisions,D14,81,Trinity-Bellwoods (81),-79.4228,43.6495,NULL,NULL,N,NULL,NULL,NULL
8001650785,2018,00:00.0,1310,13,ANTHONY RD,NAJIB ABBOUD LANE,NULL,4,North York,6,32,Mid-Block,Non Intersection,No Control,Clear,Daylight,Dry,Non-Fatal Injury,Cyclist Collisions,D32,26,Downsview-Roding-CFB (26),-79.4593,43.7306,NULL,NULL,N,NULL,NULL,NULL
8000879667,2018,00:00.0,55,0,QUEEN ST E,JARVIS ST,NULL,1,Toronto and East York,13,51,Intersection,At Intersection,Traffic Signal,Clear,"Dark, artificial",Dry,Non-Fatal Injury,Cyclist Collisions,D51,73,Moss Park (73),-79.3732,43.6536,NULL,NULL,N,NULL,NULL,NULL
8001218664,2018,00:00.0,2043,20,RAVENCLIFF CRES,BATTERSWOOD DR,40 m West of,4,Scarborough,22,42,Mid-Block,Non Intersection,No Control,Clear,"Daylight, artificial",Wet,Non-Fatal Injury,Other,D42,118,Tam O'Shanter-Sullivan (118),-79.3176,43.7789,NULL,NULL,N,NULL,NULL,NULL
7001764156,2017,00:00.0,2135,21,4322 MCCOWAN RD,NULL,30 m South of,1,Scarborough,23,42,Mid-Block,Non Intersection,No Control,Clear,"Dark, artificial",Dry,Fatal,Pedestrian Collisions,D42,130,Milliken (130),-79.2749,43.8295,NULL,NULL,N,NULL,NULL,NULL
8000324261,2018,00:00.0,1640,16,QUEEN ST E,ONTARIO ST,NULL,1,North York,13,51,Intersection,At Intersection,Pedestrian Crossover,Clear,"Dusk, artificial",Wet,Non-Fatal Injury,Pedestrian Collisions,D51,73,Moss Park (73),-79.3671,43.6549,NULL,NULL,N,NULL,NULL,NULL
7003056643,2017,00:00.0,1856,18,KINGSTON RD,BALSAM AVE,NULL,1,Toronto and East York,19,55,Intersection,At Intersection,No Control,Clear,Dark,Dry,Non-Fatal Injury,Cyclist Collisions,D55,63,The Beaches (63),-79.2891,43.6802,NULL,NULL,N,NULL,NULL,NULL
7003103184,2017,00:00.0,1709,17,WARDEN  AVE,BAMBURGH  CRCL,NULL,1,Scarborough,22,42,Intersection,At Intersection,Traffic Signal,Rain,Dusk,Wet,Non-Fatal Injury,Cyclist Collisions,D42,116,Steeles (116),-79.3233,43.8115,NULL,NULL,N,NULL,NULL,NULL
8001632520,2018,00:00.0,1902,19,SHEPPARD AVE E,WATER TOWER GT,300 m East of,1,Scarborough,25,42,Mid-Block,Non Intersection,No Control,Clear,Daylight,Dry,Non-Fatal Injury,SMV Other,D42,131,Rouge (131),-79.1913,43.8038,NULL,NULL,N,NULL,NULL,NULL
8001108986,2018,00:00.0,1720,17,26 HOMEWOOD AVE,NULL,8 m North of,4,North York,18,32,Mid-Block,At/Near Private Drive,No Control,Clear,Daylight,Dry,Non-Fatal Injury,SMV Other,D32,36,Newtonbrook West (36),-79.4198,43.7907,NULL,NULL,N,NULL,NULL,NULL
8000392366,2018,00:00.0,1914,19,GREENCEDAR CRCT,DAPHNE RD,NULL,2,Scarborough,24,43,Intersection,At Intersection,No Control,Other,Dark,Other,Fatal,Pedestrian Collisions,D43,137,Woburn (137),-79.2293,43.7568,NULL,NULL,N,NULL,NULL,NULL
8000397220,2018,00:00.0,1515,15,BATHURST ST,STEELES AVE W,10 m South of,1,North York,NULL,32,Intersection,Intersection Related,Traffic Signal,Clear,Daylight,Dry,Non-Fatal Injury,Angle,D32,36,Newtonbrook West (36),-79.4457,43.7923,NULL,NULL,N,NULL,NULL,NULL
8000501010,2018,00:00.0,1741,17,RENFORTH DR,EGLINTON AVE W,10 m South of,3,Etobicoke York,2,NULL,Intersection,Intersection Related,No Control,Clear,Daylight,Dry,Non-Fatal Injury,Rear End,D22,11,Eringate-Centennial-West Deane (11),-79.5876,43.666,NULL,NULL,N,NULL,NULL,NULL
8000286363,2018,00:00.0,1545,15,KIPLING AVE,MOUNT OLIVE DR,NULL,1,Etobicoke York,1,23,Intersection,At Intersection,Traffic Signal,Clear,Daylight,Dry,Non-Fatal Injury,Pedestrian Collisions,D23,2,Mount Olive-Silverstone-Jamestown (2),-79.5837,43.7467,NULL,NULL,N,NULL,NULL,NULL
8000324266,2018,00:00.0,1645,16,BATHURST ST,ELLERSLIE AVE,NULL,1,North York,NULL,32,Intersection,At Intersection,Traffic Signal,Rain,Daylight,Wet,Fatal,Pedestrian Collisions,D32,37,Willowdale West (37),-79.4408,43.7653,NULL,NULL,N,NULL,NULL,NULL
8000361053,2018,00:00.0,842,8,COLLIER ST,CHURCH ST,NULL,4,Toronto and East York,11,53,Intersection,At Intersection,Stop Sign,Clear,Daylight,Dry,Non-Fatal Injury,SMV Unattended Vehicle,D53,98,Rosedale-Moore Park (98),-79.3861,43.6723,NULL,NULL,N,NULL,NULL,NULL
8000912175,2018,00:00.0,2307,23,WILSON AVE,401 C W WILSON AV RAMP,NULL,1,Etobicoke York,6,32,Mid-Block,Non Intersection,No Control,Clear,"Dark, artificial",Dry,Fatal,Approaching,D32,33,Clanton Park (33),-79.4385,43.7363,NULL,NULL,N,NULL,NULL,NULL
8000166254,2018,00:00.0,116,1,EGLINTON AVE E,VICTORIA PARK AVE,NULL,1,North York,NULL,NULL,Intersection,At Intersection,Traffic Signal,Clear,"Dark, artificial",Dry,Non-Fatal Injury,Turning Movement,D41,120,Clairlea-Birchmount (120),-79.3026,43.7246,NULL,NULL,N,NULL,NULL,NULL
7001289449,2017,00:00.0,1504,15,BLOOR ST W,JANE ST,NULL,1,Toronto and East York,4,11,Intersection,At Intersection,Traffic Signal,Clear,Daylight,Dry,Fatal,Rear End,D11,87,High Park-Swansea (87),-79.4844,43.6492,NULL,NULL,N,NULL,NULL,NULL
8001683748,2018,00:00.0,1339,13,RONCESVALLES AVE,MARION ST,7 m North of,3,Toronto and East York,4,11,Intersection,Intersection Related,No Control,Clear,Daylight,Dry,Non-Fatal Injury,Other,D11,86,Roncesvalles (86),-79.4469,43.641,NULL,NULL,N,NULL,NULL,NULL
8000053420,2018,00:00.0,1817,18,EGLINTON AVE E,ROSEMOUNT DR,W of,1,Scarborough,NULL,41,Mid-Block,Non Intersection,No Control,Clear,Dark,Wet,Fatal,Pedestrian Collisions,D41,125,Ionview (125),-79.275,43.7304,NULL,NULL,N,NULL,NULL,NULL
8000118334,2018,00:00.0,1800,18,FINCH AVE E,DUDLEY AVE,NULL,1,North York,18,32,Intersection,At Intersection,Stop Sign,Clear,"Dark, artificial",Dry,Non-Fatal Injury,Angle,D32,51,Willowdale East (51),-79.4096,43.7809,NULL,NULL,N,NULL,NULL,NULL
8001693998,2018,00:00.0,2300,23,MCCOWAN RD,TOWN CENTRE CRT,NULL,1,Scarborough,NULL,43,Intersection,At Intersection,Traffic Signal,Clear,"Dark, artificial",Dry,Non-Fatal Injury,Pedestrian Collisions,D43,137,Woburn (137),-79.2522,43.7745,NULL,NULL,N,NULL,NULL,NULL
1081003,2008,00:00.0,1215,12,LAKE SHORE BLVD E,LOWER JARVIS ST,NULL,1,Toronto and East York,10,51,Intersection,NULL,Traffic Signal,Clear,Daylight,Wet,Non-Fatal Injury,Turning Movement,D51,77,Waterfront Communities-The Island (77),-79.3698,43.6456,NULL,NULL,N,NULL,NULL,NULL
8001177346,2018,00:00.0,1803,18,MOUNT PLEASANT RD,CRESCENT RD,11 m South of,1,Toronto and East York,11,53,Intersection,Intersection Related,Traffic Controller,Clear,Daylight,Dry,Non-Fatal Injury,SMV Other,D53,98,Rosedale-Moore Park (98),-79.3806,43.6782,NULL,NULL,N,NULL,NULL,NULL
1122728,2009,00:00.0,636,6,ISLINGTON AVE,THE WESTWAY,NULL,1,Etobicoke York,2,23,Intersection,At Intersection,Traffic Signal,Clear,Daylight,Dry,Non-Fatal Injury,Angle,D23,6,Kingsview Village-The Westway (6),-79.5428,43.6886,-79.5428,43.6886,Y,Islington Ave,The Westway,2008-12-10
8001667999,2018,00:00.0,2317,23,QUEEN ST E,GRANT ST,30 m East of,3,Toronto and East York,14,55,Intersection,At Intersection,No Control,Clear,"Dark, artificial",Dry,Non-Fatal Injury,Pedestrian Collisions,D55,70,South Riverdale (70),-79.3484,43.6591,NULL,NULL,N,NULL,NULL,NULL
1150084,2010,00:00.0,1250,12,MCCOWAN RD,ALTON TOWERS CRCL,NULL,1,Scarborough,23,42,Mid-Block,NULL,No Control,Snow,Daylight,Loose Snow,Non-Fatal Injury,Approaching,D42,130,Milliken (130),-79.2752,43.8255,NULL,NULL,N,NULL,NULL,NULL
1084803,2008,00:00.0,920,9,FINCH AVE W,VIRGILWOOD DR,NULL,1,North York,6,32,Intersection,At Intersection,Traffic Signal,Clear,Daylight,Dry,Non-Fatal Injury,Pedestrian Collisions,D32,35,Westminster-Branson (35),-79.4481,43.7728,NULL,NULL,N,NULL,NULL,NULL
1078367,2008,00:00.0,52,0,DON VALLEY PARKWAY  S,GERRARD ST E,NULL,NULL,Toronto and East York,NULL,NULL,Mid-Block,NULL,No Control,Snow,Dark,Loose Snow,Non-Fatal Injury,SMV Other,D55,68,North Riverdale (68),-79.3561,43.6653,NULL,NULL,N,NULL,NULL,NULL
1148377,2010,00:00.0,1339,13,FINCH Aven E,ALEXMUIR Boul,NULL,1,Scarborough,23,42,Mid-Block,At Intersection,No Control,Clear,Daylight,Dry,Non-Fatal Injury,SMV Other,D42,129,Agincourt North (129),-79.2814,43.8047,NULL,NULL,N,NULL,NULL,NULL
1150406,2010,00:00.0,2108,21,DANFORTH Road,MACKINAC Cres,NULL,1,Scarborough,21,43,Intersection,NULL,No Control,Clear,Dark,Dry,Non-Fatal Injury,Cyclist Collisions,D43,127,Bendale (127),-79.2444,43.7495,NULL,NULL,N,NULL,NULL,NULL
8000214982,2018,00:00.0,1525,15,8 HERTFORD AVE,NULL,30 m North of,4,Etobicoke York,5,12,Mid-Block,Non Intersection,No Control,Clear,"Daylight, artificial",Dry,Non-Fatal Injury,Cyclist Collisions,D12,110,Keelesdale-Eglinton West (110),-79.4773,43.6887,NULL,NULL,N,NULL,NULL,NULL
1156513,2010,00:00.0,1541,15,SECORD AVE,EASTDALE AVE,NULL,2,Toronto and East York,19,54,Intersection,NULL,No Control,Clear,Daylight,Dry,Non-Fatal Injury,Pedestrian Collisions,D54,61,Taylor-Massey (61),-79.3,43.6931,NULL,NULL,N,NULL,NULL,NULL
8001453091,2018,00:00.0,244,2,QUEEN ST W,BELLWOODS AVE,10 m West of,1,Toronto and East York,10,14,Intersection,Intersection Related,No Control,Rain,"Dark, artificial",Wet,Non-Fatal Injury,Pedestrian Collisions,D14,82,Niagara (82),-79.4107,43.6457,NULL,NULL,N,NULL,NULL,NULL
1168069,2010,00:00.0,1720,17,ROGERS RD,KANE AVE,NULL,3,Etobicoke York,NULL,12,Intersection,NULL,No Control,Clear,Daylight,Dry,Non-Fatal Injury,Sideswipe,D12,110,Keelesdale-Eglinton West (110),-79.4664,43.682,NULL,NULL,N,NULL,NULL,NULL
1144189,2009,00:00.0,1517,15,BAYVIEW AVE,BAYVIEW S BLOOR E RAMP,NULL,1,Toronto and East York,11,53,Mid-Block,NULL,No Control,Drifting Snow,Daylight,Ice,Non-Fatal Injury,Approaching,D53,98,Rosedale-Moore Park (98),-79.3676,43.6782,NULL,NULL,N,NULL,NULL,NULL
1133583,2009,00:00.0,1400,14,UNIVERSITY Ave,RICHMOND St W,NULL,1,Toronto and East York,10,52,Intersection,At Intersection,Traffic Signal,Rain,Daylight,Wet,Non-Fatal Injury,Angle,D52,76,Bay Street Corridor (76),-79.3862,43.65,-79.3862,43.65,Y,University Ave,Richmond St W,2017-07-24
8001122394,2018,00:00.0,1535,15,3930 LAWRENCE AVE E,NULL,3 m South of,1,Scarborough,24,43,Intersection,At/Near Private Drive,No Control,Clear,Daylight,Dry,Non-Fatal Injury,Pedestrian Collisions,D43,137,Woburn (137),-79.2056,43.7639,NULL,NULL,N,NULL,NULL,NULL
1149557,2010,00:00.0,32,0,QUEEN ST E,MUNRO ST,NULL,1,Toronto and East York,14,55,Intersection,At Intersection,No Control,Clear,Dark,Dry,Fatal,Pedestrian Collisions,D55,70,South Riverdale (70),-79.3513,43.6585,NULL,NULL,N,NULL,NULL,NULL
1124865,2009,00:00.0,1400,14,KIPLING AVE,ALBION RD,NULL,1,Etobicoke York,1,23,Mid-Block,NULL,No Control,Clear,Daylight,Dry,Fatal,Pedestrian Collisions,D23,3,Thistletown-Beaumond Heights (3),-79.5799,43.7389,NULL,NULL,N,NULL,NULL,NULL
1152191,2010,00:00.0,1743,17,PASSMORE AVE,SILVER STAR BLVD,NULL,2,Scarborough,22,42,Intersection,At Intersection,Traffic Signal,Clear,Dark,Wet,Non-Fatal Injury,Pedestrian Collisions,D42,130,Milliken (130),-79.298,43.8199,NULL,NULL,N,NULL,NULL,NULL
1149559,2010,00:00.0,1741,17,CARLINGVIEW DR,DIXON RD,NULL,1,Etobicoke York,1,23,Intersection,At Intersection,Traffic Signal,Rain,Dark,Wet,Non-Fatal Injury,Pedestrian Collisions,D23,1,West Humber-Clairville (1),-79.5955,43.6867,-79.5955,43.6867,Y,Dixon Rd,Carlingview Dr,2009-03-19
1153216,2010,00:00.0,1845,18,GRACEDALE BLVD,FINCH AVE W,NULL,1,Etobicoke York,7,31,Intersection,At Intersection,No Control,Clear,Dusk,Wet,Non-Fatal Injury,Pedestrian Collisions,D31,21,Humber Summit (21),-79.5587,43.7485,NULL,NULL,N,NULL,NULL,NULL
1155645,2010,00:00.0,2031,20,MCCOWAN RD,SANDHURST CRCL,NULL,1,Scarborough,23,42,Intersection,At Intersection,Traffic Signal,Rain,Daylight,Wet,Non-Fatal Injury,Angle,D42,129,Agincourt North (129),-79.2691,43.8116,NULL,NULL,N,NULL,NULL,NULL
1179966,2010,00:00.0,1302,13,MILVERTON BLVD,LINNSMORE CRES,NULL,4,Toronto and East York,14,54,Mid-Block,NULL,No Control,Clear,Daylight,Dry,Non-Fatal Injury,Cyclist Collisions,D54,66,Danforth (66),-79.3304,43.6853,NULL,NULL,N,NULL,NULL,NULL
1172992,2010,00:00.0,916,9,ISLINGTON AVE,THE WESTWAY,NULL,1,Etobicoke York,2,23,Intersection,At Intersection,Traffic Signal,Clear,Daylight,Dry,Fatal,Angle,D23,6,Kingsview Village-The Westway (6),-79.5428,43.6886,-79.5428,43.6886,Y,Islington Ave,The Westway,2008-12-10
1181388,2010,00:00.0,1722,17,ELM RIDGE DR,NEWGATE RD,NULL,2,North York,8,13,Intersection,NULL,No Control,Clear,Daylight,Dry,Non-Fatal Injury,Pedestrian Collisions,D13,102,Forest Hill North (102),-79.4369,43.7031,NULL,NULL,N,NULL,NULL,NULL
1182676,2010,00:00.0,1254,12,SHAW St,HARBORD St,NULL,3,Toronto and East York,11,14,Intersection,At Intersection,Traffic Signal,Rain,Daylight,Wet,Non-Fatal Injury,Pedestrian Collisions,D14,80,Palmerston-Little Italy (80),-79.4218,43.659,NULL,NULL,N,NULL,NULL,NULL
1200768,2010,00:00.0,910,9,BARTLETT AVE,DUPONT ST,NULL,4,Toronto and East York,9,NULL,Mid-Block,NULL,Traffic Gate,Clear,Daylight,Dry,Non-Fatal Injury,Pedestrian Collisions,D14,93,Dovercourt-Wallace Emerson-Junction (93),-79.4365,43.6695,NULL,NULL,N,NULL,NULL,NULL
1078711,2008,00:00.0,1330,13,BATHURST Stre,ULSTER Stre,NULL,1,Toronto and East York,11,14,Intersection,At Intersection,Traffic Signal,Freezing Rain,Daylight,Wet,Non-Fatal Injury,Sideswipe,D14,79,University (79),-79.409,43.6597,NULL,NULL,N,NULL,NULL,NULL
1175797,2010,00:00.0,1542,15,QUEEN St E,BROOKLYN Ave,NULL,3,Toronto and East York,14,55,Intersection,NULL,No Control,Clear,Daylight,Dry,Non-Fatal Injury,Cyclist Collisions,D55,70,South Riverdale (70),-79.3358,43.662,NULL,NULL,N,NULL,NULL,NULL
1161062,2010,00:00.0,746,7,WOODBINE Aven,KINGSTON Road,NULL,1,Toronto and East York,19,55,Intersection,At Intersection,Traffic Signal,Clear,Daylight,Dry,Non-Fatal Injury,Angle,D55,63,The Beaches (63),-79.3078,43.6739,NULL,NULL,N,NULL,NULL,NULL
1161266,2010,00:00.0,1700,17,KINGSTON RD,SHEPPARD AVE E,NULL,1,Scarborough,25,42,Intersection,At Intersection,Traffic Signal,Clear,Daylight,Dry,Non-Fatal Injury,Turning Movement,D42,131,Rouge (131),-79.1462,43.7989,-79.1462,43.7989,Y,Kingston Rd,Port Union Rd,2008-03-18
1171946,2010,00:00.0,246,2,BAYVIEW AVE,POTTERY RD,NULL,1,North York,NULL,53,Mid-Block,NULL,No Control,Rain,Dark,Wet,Non-Fatal Injury,SMV Other,D53,56,Leaside-Bennington (56),-79.3621,43.6907,NULL,NULL,N,NULL,NULL,NULL
1180878,2010,00:00.0,908,9,DUNDAS ST E,SACKVILLE ST,NULL,1,Toronto and East York,13,51,Intersection,NULL,No Control,Clear,Daylight,Dry,Non-Fatal Injury,Cyclist Collisions,D51,72,Regent Park (72),-79.3629,43.6601,NULL,NULL,N,NULL,NULL,NULL
1163512,2010,00:00.0,2000,20,CARLINGVIEW Driv,DIXON Road,NULL,1,Etobicoke York,1,23,Intersection,At Intersection,Traffic Signal,Rain,Dark,Wet,Non-Fatal Injury,Pedestrian Collisions,D23,1,West Humber-Clairville (1),-79.5955,43.6867,-79.5955,43.6867,Y,Dixon Rd,Carlingview Dr,2009-03-19
1135071,2009,00:00.0,1655,16,STEELES Ave W,HIGHWAY 27  N,NULL,1,Etobicoke York,1,23,Mid-Block,NULL,No Control,Clear,Daylight,Dry,Non-Fatal Injury,Approaching,D23,1,West Humber-Clairville (1),-79.615,43.7552,NULL,NULL,N,NULL,NULL,NULL
1178296,2010,00:00.0,1508,15,QUEENS QUAY W,LOWER SIMCOE ST,NULL,3,Toronto and East York,10,52,Mid-Block,NULL,No Control,Clear,Daylight,Dry,Non-Fatal Injury,Turning Movement,D52,77,Waterfront Communities-The Island (77),-79.3838,43.6392,NULL,NULL,N,NULL,NULL,NULL
1178593,2010,00:00.0,1541,15,BLOOR ST W,ROYAL YORK RD,NULL,1,Etobicoke York,3,22,Intersection,At Intersection,Traffic Signal,Clear,Daylight,Dry,Non-Fatal Injury,Rear End,D22,16,Stonegate-Queensway (16),-79.5113,43.6473,NULL,NULL,N,NULL,NULL,NULL
1133419,2009,00:00.0,1018,10,STEELES AVE E,STRAWBERRY HILLS DR,NULL,1,Scarborough,23,42,Intersection,At Intersection,Traffic Signal,Rain,Dusk,Wet,Non-Fatal Injury,Pedestrian Collisions,D42,130,Milliken (130),-79.2803,43.8298,NULL,NULL,N,NULL,NULL,NULL
1139528,2009,00:00.0,1810,18,F G GARDINER Expr E,REES Stre,NULL,1,Toronto and East York,10,52,Mid-Block,NULL,No Control,Clear,Dark,Dry,Non-Fatal Injury,SMV Other,D52,77,Waterfront Communities-The Island (77),-79.3864,43.6395,NULL,NULL,N,NULL,NULL,NULL
1144058,2009,00:00.0,820,8,3 DUFFIELD Rd,NULL,NULL,4,Etobicoke York,2,23,Mid-Block,NULL,No Control,Clear,Daylight,Dry,Non-Fatal Injury,SMV Unattended Vehicle,D23,7,Willowridge-Martingrove-Richview (7),-79.5319,43.6905,NULL,NULL,N,NULL,NULL,NULL
1232571,2011,00:00.0,1134,11,F G GARDINER XY Expr W,KIPLING AVE,NULL,NULL,Etobicoke York,3,22,Mid-Block,NULL,No Control,Clear,Daylight,Dry,Non-Fatal Injury,Rear End,D22,17,Mimico (17),-79.5268,43.6177,NULL,NULL,N,NULL,NULL,NULL
1154990,2010,00:00.0,2300,23,VILLIERS ST,MUNITION ST,NULL,4,Toronto and East York,14,51,Mid-Block,NULL,No Control,Clear,Dark,Dry,Fatal,SMV Unattended Vehicle,D51,70,South Riverdale (70),-79.3498,43.6485,NULL,NULL,N,NULL,NULL,NULL
1142399,2009,00:00.0,1943,19,505 KINGSTON RD,NULL,NULL,1,Toronto and East York,19,55,Mid-Block,NULL,No Control,Clear,Dark,Dry,Non-Fatal Injury,Cyclist Collisions,D55,63,The Beaches (63),-79.3025,43.6775,NULL,NULL,N,NULL,NULL,NULL
1153821,2010,00:00.0,1546,15,SHEPPARD AVE W,LAURA RD,NULL,1,Etobicoke York,7,31,Mid-Block,At Intersection,No Control,Clear,Daylight,Dry,Non-Fatal Injury,Pedestrian Collisions,D31,26,Downsview-Roding-CFB (26),-79.5144,43.739,NULL,NULL,N,NULL,NULL,NULL
1136272,2009,00:00.0,1759,17,BIRCHMOUNT RD,ROLARK DR,NULL,1,Scarborough,21,41,Intersection,NULL,No Control,Clear,Dusk,Dry,Fatal,Pedestrian Collisions,D41,126,Dorset Park (126),-79.2922,43.7676,NULL,NULL,N,NULL,NULL,NULL
1140944,2009,00:00.0,540,5,FINCH AVE W,KIPLING AVE,NULL,1,Etobicoke York,1,23,Intersection,At Intersection,Traffic Signal,Clear,Dark,Dry,Fatal,Pedestrian Collisions,D23,3,Thistletown-Beaumond Heights (3),-79.582,43.7432,NULL,NULL,N,NULL,NULL,NULL
1145801,2009,00:00.0,1405,14,110 CARRIER Dr,NULL,NULL,2,Etobicoke York,1,23,Mid-Block,NULL,No Control,Clear,Daylight,Dry,Non-Fatal Injury,Pedestrian Collisions,D23,1,West Humber-Clairville (1),-79.6128,43.7394,NULL,NULL,N,NULL,NULL,NULL
1148132,2009,00:00.0,2100,21,SPADINA Road,BLOOR Stre W,NULL,3,Toronto and East York,11,NULL,Mid-Block,NULL,No Control,Clear,Dark,Dry,Non-Fatal Injury,Pedestrian Collisions,D53,95,Annex (95),-79.4042,43.6678,NULL,NULL,N,NULL,NULL,NULL
1133909,2009,00:00.0,1915,19,EGLINTON Aven E,MIDLAND Aven,NULL,1,Scarborough,NULL,41,Intersection,At Intersection,Traffic Signal,Clear,Dark,Dry,Non-Fatal Injury,Turning Movement,D41,138,Eglinton East (138),-79.258,43.7345,NULL,NULL,N,NULL,NULL,NULL
1158031,2010,00:00.0,1546,15,LAWRENCE AVE E,WEST HILL DR,NULL,3,Scarborough,25,43,Mid-Block,NULL,No Control,Clear,Daylight,Dry,Non-Fatal Injury,SMV Unattended Vehicle,D43,136,West Hill (136),-79.1787,43.77,NULL,NULL,N,NULL,NULL,NULL
1144896,2009,00:00.0,1543,15,BROOKMILL BLVD,LA PEER BLVD,NULL,2,Scarborough,22,42,Intersection,NULL,Stop Sign,Clear,Daylight,Dry,Non-Fatal Injury,Turning Movement,D42,117,L'Amoreaux (117),-79.3136,43.8019,NULL,NULL,N,NULL,NULL,NULL
1132426,2009,00:00.0,1220,12,BLOOR ST W,RENFORTH DR,NULL,1,Etobicoke York,2,22,Intersection,At Intersection,Stop Sign,Clear,Daylight,Dry,Non-Fatal Injury,Turning Movement,D22,13,Etobicoke West Mall (13),-79.5636,43.6353,NULL,NULL,N,NULL,NULL,NULL
1237939,2011,00:00.0,726,7,COLLEGE Stre,BATHURST Stre,NULL,1,Toronto and East York,11,14,Intersection,At Intersection,No Control,Rain,Daylight,Wet,Non-Fatal Injury,Pedestrian Collisions,D14,78,Kensington-Chinatown (78),-79.4076,43.6564,NULL,NULL,N,NULL,NULL,NULL
1130772,2009,00:00.0,2047,20,DANFORTH Aven,DAWES Road,NULL,1,Toronto and East York,19,NULL,Intersection,At Intersection,Traffic Signal,Clear,Dark,Dry,Non-Fatal Injury,Pedestrian Collisions,D55,62,East End-Danforth (62),-79.2967,43.6892,NULL,NULL,N,NULL,NULL,NULL
7001838870,2017,00:00.0,2100,21,3358 MCCOWAN RD,NULL,NULL,1,Scarborough,23,42,Mid-Block,At/Near Private Drive,Traffic Signal,Clear,"Dark, artificial",Dry,Non-Fatal Injury,Pedestrian Collisions,D42,130,Milliken (130),-79.275,43.825,NULL,NULL,N,NULL,NULL,NULL
1143613,2009,00:00.0,2002,20,KIPLING AVE,BELFIELD RD,NULL,1,Etobicoke York,1,23,Intersection,At Intersection,Traffic Signal,Clear,Dark,Dry,Non-Fatal Injury,Angle,D23,1,West Humber-Clairville (1),-79.5634,43.7048,NULL,NULL,N,NULL,NULL,NULL
8000723660,2018,00:00.0,801,8,HORNER AVE,BETA ST,25 m West of,3,Etobicoke York,3,22,Intersection,At Intersection,No Control,Clear,Daylight,Dry,Non-Fatal Injury,Pedestrian Collisions,D22,20,Alderwood (20),-79.5384,43.6031,NULL,NULL,N,NULL,NULL,NULL
1141450,2009,00:00.0,1707,17,WARDEN Aven,ARKONA Driv,NULL,1,Scarborough,22,42,Intersection,At Intersection,Traffic Signal,Clear,Dark,Dry,Non-Fatal Injury,Turning Movement,D42,118,Tam O'Shanter-Sullivan (118),-79.3053,43.773,-79.3053,43.773,Y,Warden Ave,Arkona Dr,2008-08-11