ACCNUM,YEAR,DATE,TIME,HOUR,STREET1,STREET2,OFFSET,ROAD_CLASS,DISTRICT,WARDNUM,DIVISION,LOCCOORD,ACCLOC,TRAFFCTL,VISIBILITY,LIGHT,RDSFCOND,ACCLASS,IMPACTYPE,POLICE_DIVISION,HOOD_ID,NEIGHBOURHOOD,collision_lat,collision_long,red_light_lat,red_light_long,right_light_camera,LINEAR_NAME_FULL_1,LINEAR_NAME_FULL_2,ACTIVATION_DATE
8000662467,2018,00:00.0,1512,15,JANE ST,BEVERLY HILLS DR,NULL,1,Etobicoke York,NULL,31,Intersection,At Intersection,Traffic Signal,NULL,Daylight,NULL,Fatal,Pedestrian Collisions,D31,26,Downsview-Roding-CFB (26),-79.5081,43.719,NULL,NULL,N,NULL,NULL,NULL
9000846736,2019,00:00.0,124,1,BRIMLEY RD,MCNICOLL AVE,NULL,1,Scarborough,23,42,Mid-Block,Non Intersection,No Control,Rain,"Dark, artificial",Wet,Fatal,SMV Other,D42,130,Milliken (130),-79.2822,43.8164,NULL,NULL,N,NULL,NULL,NULL
7001991111,2017,00:00.0,1202,12,PROGRESS AVE,MIDLAND AVE,NULL,1,Scarborough,21,41,Intersection,At Intersection,Traffic Signal,Clear,Daylight,Dry,Non-Fatal Injury,Pedestrian Collisions,D41,127,Bendale (127),-79.2729,43.7728,NULL,NULL,N,NULL,NULL,NULL
1165679,2010,00:00.0,916,9,SANDHURST CRCL,MCCOWAN RD,NULL,1,Scarborough,23,42,Intersection,At Intersection,Traffic Signal,Clear,Daylight,Dry,Non-Fatal Injury,Cyclist Collisions,D42,129,Agincourt North (129),-79.2691,43.8116,NULL,NULL,N,NULL,NULL,NULL
1132060,2009,00:00.0,2315,23,LAWRENCE AVE E,BIRCHMOUNT RD,NULL,1,Scarborough,21,41,Mid-Block,NULL,No Control,Clear,Dark,Dry,Non-Fatal Injury,Pedestrian Collisions,D41,126,Dorset Park (126),-79.2839,43.7476,NULL,NULL,N,NULL,NULL,NULL
1136056,2009,00:00.0,1819,18,ROYAL YORK Road,ALLANHURST Driv,NULL,3,Etobicoke York,2,22,Intersection,NULL,Traffic Signal,Clear,Dark,Wet,Non-Fatal Injury,Rear End,D22,9,Edenbridge-Humber Valley (9),-79.5252,43.6792,NULL,NULL,N,NULL,NULL,NULL
1136099,2009,00:00.0,710,7,LANSDOWNE Aven,DUNDAS Stre W,NULL,3,Toronto and East York,9,11,Intersection,At Intersection,Traffic Signal,Clear,Daylight,Dry,Non-Fatal Injury,Turning Movement,D11,83,Dufferin Grove (83),-79.4396,43.6501,NULL,NULL,N,NULL,NULL,NULL
1146948,2009,00:00.0,1618,16,GERRARD Stre E,MARJORY Aven,NULL,3,Toronto and East York,14,55,Intersection,At Intersection,Traffic Signal,Rain,Daylight,Wet,Non-Fatal Injury,Pedestrian Collisions,D55,70,South Riverdale (70),-79.3375,43.6687,NULL,NULL,N,NULL,NULL,NULL
7001954444,2017,00:00.0,2031,20,FINCH  AVE W,KIPLING  AVE,NULL,1,Etobicoke York,1,23,Intersection,At Intersection,Traffic Signal,Clear,Dark,Dry,Non-Fatal Injury,Cyclist Collisions,D23,3,Thistletown-Beaumond Heights (3),-79.582,43.7431,NULL,NULL,N,NULL,NULL,NULL
8002257421,2018,00:00.0,49,0,CENTENNIAL PARK RD,RATHBURN RD,25 m North of,4,Etobicoke York,2,22,Intersection,At Intersection,No Control,Clear,"Dark, artificial",Dry,Non-Fatal Injury,SMV Other,D22,11,Eringate-Centennial-West Deane (11),-79.5811,43.6508,NULL,NULL,N,NULL,NULL,NULL
9000040914,2019,00:00.0,2012,20,CLOSE  AVE,QUEEN  ST W,119 m south,4,Toronto and East York,4,14,Mid-Block,Non Intersection,No Control,Rain,"Dark, artificial",Wet,Fatal,Pedestrian Collisions,D14,85,South Parkdale (85),-79.4355,43.6395,NULL,NULL,N,NULL,NULL,NULL
7001988112,2017,00:00.0,2215,22,1172 QUEEN ST W,NULL,75 m East of,1,Toronto and East York,9,14,Mid-Block,Non Intersection,No Control,Rain,Dark,Wet,Non-Fatal Injury,Pedestrian Collisions,D14,84,Little Portugal (84),-79.4254,43.6428,NULL,NULL,N,NULL,NULL,NULL
9000357586,2019,00:00.0,1949,19,FINCH AVE W,PEARLDALE AVE,NULL,1,Etobicoke York,7,31,Intersection,At Intersection,Traffic Signal,Other,Dark,Other,Fatal,Pedestrian Collisions,D31,22,Humbermede (22),-79.5623,43.7476,NULL,NULL,N,NULL,NULL,NULL
9000408644,2019,00:00.0,1640,16,KINGSTON RD,SHARPE ST,NULL,1,Scarborough,20,41,Intersection,At Intersection,Traffic Signal,Clear,Daylight,Dry,Non-Fatal Injury,Pedestrian Collisions,D41,122,Birchcliffe-Cliffside (122),-79.2512,43.7062,NULL,NULL,N,NULL,NULL,NULL
9000097480,2019,00:00.0,1303,13,ALLEN X S LAWRENCE E RAMP,LAWRENCE AVE W,NULL,1,North York,8,NULL,Intersection,At Intersection,Traffic Signal,Clear,Daylight,Dry,Fatal,Pedestrian Collisions,D13,31,Yorkdale-Glen Park (31),-79.4449,43.7158,NULL,NULL,N,NULL,NULL,NULL
9001520840,2019,00:00.0,1505,15,JANE ST,BEVERLY HILLS DR,NULL,1,Etobicoke York,NULL,31,Intersection,Intersection Related,Traffic Signal,Clear,Daylight,Dry,Non-Fatal Injury,Turning Movement,D31,26,Downsview-Roding-CFB (26),-79.5081,43.719,NULL,NULL,N,NULL,NULL,NULL
9001526087,2019,00:00.0,1044,10,RICHMOND ST W,UNIVERSITY AVE,NULL,1,Scarborough,10,52,Intersection,At Intersection,Traffic Signal,Clear,Daylight,Dry,Non-Fatal Injury,Cyclist Collisions,D52,76,Bay Street Corridor (76),-79.3862,43.65,-79.3862,43.65,Y,University Ave,Richmond St W,2017-07-24
8002341194,2018,00:00.0,623,6,DAVENPORT  RD,HAZELTON  AVE,42.9 M EAST OF,1,Toronto East York,11,53,Mid-Block,Non Intersection,No Control,Clear,"Dawn, artificial",Dry,Fatal,Pedestrian Collisions,D53,95,Annex (95),-79.3941,43.6751,NULL,NULL,N,NULL,NULL,NULL
8001797776,2018,00:00.0,1723,17,AVENUE RD,FARNHAM AVE,4 m West of,1,Toronto and East York,12,53,Intersection,At Intersection,Stop Sign,Clear,Daylight,Dry,Non-Fatal Injury,Turning Movement,D53,97,Yonge-St.Clair (97),-79.4001,43.6834,NULL,NULL,N,NULL,NULL,NULL
7001875614,2017,00:00.0,1800,18,LAWRENCE AVE E,GREENCEDAR CRCT,NULL,1,Scarborough,24,43,Intersection,At Intersection,Traffic Signal,Clear,"Dark, artificial",Dry,Non-Fatal Injury,Turning Movement,D43,137,Woburn (137),-79.233,43.7581,-79.233,43.7581,Y,Lawrence Ave E,Greencedar Crct,2017-03-10
9000931177,2019,00:00.0,724,7,KENNEDY RD,FINCH AVE E,NULL,1,Scarborough,22,42,Intersection,At Intersection,Traffic Signal,Clear,Daylight,Dry,Non-Fatal Injury,Angle,D42,117,L'Amoreaux (117),-79.2965,43.8011,NULL,NULL,N,NULL,NULL,NULL
9000106457,2019,00:00.0,1900,19,DANFORTH RD,PATTERSON AVE,NULL,3,Scarborough,20,41,Intersection,At Intersection,No Control,Clear,"Dark, artificial",Dry,Non-Fatal Injury,Pedestrian Collisions,D41,121,Oakridge (121),-79.2763,43.6946,NULL,NULL,N,NULL,NULL,NULL
8002018629,2018,00:00.0,2215,22,WILSON AVE,DUBRAY AVE,NULL,1,North York,6,31,Intersection,At Intersection,Traffic Signal,Rain,"Daylight, artificial",Wet,Non-Fatal Injury,Turning Movement,D31,26,Downsview-Roding-CFB (26),-79.4777,43.728,NULL,NULL,N,NULL,NULL,NULL
9000716051,2019,00:00.0,108,1,F G GARDINER XY  W,ROYAL YORK RD,151 m West of,8,Etobicoke York,3,22,Mid-Block,Non Intersection,No Control,Clear,"Dark, artificial",Dry,Non-Fatal Injury,Sideswipe,D22,17,Mimico (17),-79.503,43.6224,NULL,NULL,N,NULL,NULL,NULL
8001118177,2018,00:00.0,12,0,HIGHWAY 27  N,ALBION RD,158 m South of,1,Etobicoke York,1,23,Mid-Block,Non Intersection,No Control,Clear,"Dark, artificial",Dry,Non-Fatal Injury,Pedestrian Collisions,D23,1,West Humber-Clairville (1),-79.6069,43.7429,NULL,NULL,N,NULL,NULL,NULL
8001386062,2018,00:00.0,1029,10,144 NORSEMAN ST,NULL,NULL,2,Etobicoke York,3,22,Mid-Block,Non Intersection,No Control,Clear,Daylight,Dry,Fatal,SMV Other,D22,14,Islington-City Centre West (14),-79.52,43.6338,NULL,NULL,N,NULL,NULL,NULL
1118031,2009,00:00.0,1851,18,ROYAL YORK Road,JUDSON Stre,NULL,3,Etobicoke York,3,22,Mid-Block,At Intersection,No Control,Clear,Daylight,Dry,Non-Fatal Injury,Cyclist Collisions,D22,17,Mimico (17),-79.4982,43.6159,NULL,NULL,N,NULL,NULL,NULL
1123824,2009,00:00.0,856,8,EASTERN AVE,BOOTH AVE,NULL,1,Toronto and East York,14,55,Intersection,At Intersection,Stop Sign,Clear,Daylight,Dry,Non-Fatal Injury,Pedestrian Collisions,D55,70,South Riverdale (70),-79.3424,43.6576,NULL,NULL,N,NULL,NULL,NULL
8000134975,2018,00:00.0,1130,11,THURMAN  RD,STEELES  AVE W,NULL,1,North York,6,32,Intersection,At Intersection,Traffic Signal,Rain,Daylight,Wet,Non-Fatal Injury,Cyclist Collisions,D32,35,Westminster-Branson (35),-79.4529,43.7907,NULL,NULL,N,NULL,NULL,NULL
8001780907,2018,00:00.0,709,7,ST CLAIR AVE E,JEANETTE ST,NULL,3,Scarborough,20,41,Intersection,At Intersection,Traffic Signal,Clear,Daylight,Dry,Fatal,Pedestrian Collisions,D41,123,Cliffcrest (123),-79.247,43.7195,NULL,NULL,N,NULL,NULL,NULL
8001315456,2018,00:00.0,259,2,JOHN ST,STEPHANIE ST,10 m South of,4,Toronto and East York,10,52,Intersection,Intersection Related,No Control,Clear,"Dark, artificial",Dry,Non-Fatal Injury,Pedestrian Collisions,D52,78,Kensington-Chinatown (78),-79.3916,43.6511,NULL,NULL,N,NULL,NULL,NULL
8001315928,2018,00:00.0,711,7,BROADVIEW AVE,TORRENS AVE,NULL,3,Toronto and East York,14,54,Intersection,At Intersection,Pedestrian Crossover,Clear,Daylight,Dry,Non-Fatal Injury,Pedestrian Collisions,D54,57,Broadview North (57),-79.3551,43.6902,NULL,NULL,N,NULL,NULL,NULL
8001752003,2018,00:00.0,1723,17,WOODBINE TRACK ACCESS,REXDALE BLVD,150 m South of,4,Etobicoke York,1,23,Mid-Block,Non Intersection,No Control,Rain,Daylight,Wet,Non-Fatal Injury,Turning Movement,D23,1,West Humber-Clairville (1),-79.6034,43.7176,NULL,NULL,N,NULL,NULL,NULL
1143325,2009,00:00.0,1310,13,WARDEN AVE,HUNTINGWOOD DR,NULL,1,Scarborough,22,42,Mid-Block,NULL,No Control,Rain,Daylight,Wet,Non-Fatal Injury,Turning Movement,D42,118,Tam O'Shanter-Sullivan (118),-79.3107,43.7849,NULL,NULL,N,NULL,NULL,NULL
8001217493,2018,00:00.0,1720,17,DANFORTH RD,CARSLAKE CRES,10 m South of,1,Scarborough,21,43,Intersection,Intersection Related,No Control,Clear,Daylight,Dry,Non-Fatal Injury,Approaching,D43,127,Bendale (127),-79.2445,43.7462,NULL,NULL,N,NULL,NULL,NULL
1122738,2009,00:00.0,1310,13,JANE ST,FALSTAFF AVE,NULL,1,Etobicoke York,5,12,Intersection,At Intersection,Traffic Signal,Clear,Daylight,Dry,Non-Fatal Injury,Pedestrian Collisions,D12,28,Rustic (28),-79.5071,43.7154,NULL,NULL,N,NULL,NULL,NULL
8001463987,2018,00:00.0,1415,14,REXDALE BLVD,BERGAMOT AVE,NULL,1,Etobicoke York,1,23,Intersection,At Intersection,Traffic Signal,Clear,Daylight,Dry,Non-Fatal Injury,Turning Movement,D23,1,West Humber-Clairville (1),-79.5596,43.7132,NULL,NULL,N,NULL,NULL,NULL
1151614,2010,00:00.0,1153,11,EGLINTON Aven E,CEDAR Driv,NULL,1,Scarborough,24,43,Intersection,At Intersection,Traffic Signal,Clear,Daylight,Dry,Non-Fatal Injury,Pedestrian Collisions,D43,139,Scarborough Village (139),-79.2155,43.7439,NULL,NULL,N,NULL,NULL,NULL
8001410781,2018,00:00.0,2100,21,JANE ST,GRANDRAVINE DR,NULL,1,Etobicoke York,7,31,Intersection,Intersection Related,Traffic Signal,Clear,"Dark, artificial",Dry,Non-Fatal Injury,Pedestrian Collisions,D31,25,Glenfield-Jane Heights (25),-79.515,43.747,NULL,NULL,N,NULL,NULL,NULL
1148593,2010,00:00.0,1150,11,ST CLAIR GDNS,NORTON AVE,NULL,4,Toronto and East York,9,13,Intersection,NULL,No Control,Clear,Daylight,Dry,Non-Fatal Injury,Pedestrian Collisions,D13,92,Corso Italia-Davenport (92),-79.4453,43.6783,NULL,NULL,N,NULL,NULL,NULL
1129232,2009,00:00.0,1216,12,230 ISLAND Rd,NULL,NULL,4,Scarborough,25,43,Mid-Block,NULL,No Control,Clear,Daylight,Dry,Non-Fatal Injury,SMV Other,D43,131,Rouge (131),-79.1329,43.7993,NULL,NULL,N,NULL,NULL,NULL
1117715,2009,00:00.0,1535,15,2330 KENNEDY RD,NULL,NULL,1,Scarborough,22,42,Mid-Block,NULL,No Control,Clear,Daylight,Dry,Non-Fatal Injury,Pedestrian Collisions,D42,128,Agincourt South-Malvern West (128),-79.2886,43.7841,NULL,NULL,N,NULL,NULL,NULL
1153073,2010,00:00.0,9,0,LAWRENCE AVE E,PHARMACY AVE,NULL,1,Scarborough,21,41,Intersection,NULL,Traffic Signal,Clear,Dark,Dry,Fatal,Turning Movement,D41,119,Wexford/Maryvale (119),-79.3045,43.7432,NULL,NULL,N,NULL,NULL,NULL
1145082,2009,00:00.0,1903,19,BATHURST ST,GLENGROVE AVE,NULL,1,North York,8,NULL,Intersection,NULL,No Control,Rain,Dark,Wet,Non-Fatal Injury,Pedestrian Collisions,D13,39,Bedford Park-Nortown (39),-79.4285,43.7141,NULL,NULL,N,NULL,NULL,NULL
1163874,2010,00:00.0,2039,20,QUEEN Stre E,SACKVILLE Stre,NULL,1,Toronto and East York,13,51,Intersection,At Intersection,No Control,Clear,Dark,Dry,Non-Fatal Injury,Pedestrian Collisions,D51,73,Moss Park (73),-79.3614,43.6562,NULL,NULL,N,NULL,NULL,NULL
1160766,2010,00:00.0,159,1,ALBION Rd,HIGHWAY 27  N,NULL,1,Etobicoke York,1,23,Intersection,At Intersection,Traffic Signal,Clear,Dark,Dry,Non-Fatal Injury,Rear End,D23,1,West Humber-Clairville (1),-79.6074,43.7442,NULL,NULL,N,NULL,NULL,NULL
1155651,2010,00:00.0,242,2,COLLEGE ST,BORDEN ST,NULL,1,Toronto and East York,11,14,Intersection,NULL,Traffic Signal,Clear,Dark,Wet,Non-Fatal Injury,Pedestrian Collisions,D14,79,University (79),-79.4053,43.6569,NULL,NULL,N,NULL,NULL,NULL
1149753,2010,00:00.0,1825,18,SYMINGTON AVE,DAVENPORT RD,NULL,3,Toronto and East York,9,11,Intersection,At Intersection,Traffic Signal,Clear,Dark,Wet,Fatal,Pedestrian Collisions,D11,91,Weston-Pellam Park (91),-79.4532,43.6707,NULL,NULL,N,NULL,NULL,NULL
8001686841,2018,00:00.0,2200,22,DUNDAS ST W,BEVERLEY ST,NULL,1,Toronto and East York,NULL,52,Intersection,At Intersection,Traffic Signal,Clear,"Dark, artificial",Dry,Non-Fatal Injury,Angle,D52,78,Kensington-Chinatown (78),-79.3938,43.6537,NULL,NULL,N,NULL,NULL,NULL
1133576,2009,00:00.0,1520,15,OAKWOOD AVE,EGLINTON AVE W,NULL,1,North York,NULL,13,Intersection,NULL,Traffic Signal,Clear,Daylight,Wet,Non-Fatal Injury,Turning Movement,D13,107,Oakwood Village (107),-79.4427,43.6972,NULL,NULL,N,NULL,NULL,NULL
1147342,2010,00:00.0,1317,13,DUNDAS ST W,RONCESVALLES AVE,NULL,3,Toronto and East York,4,11,Intersection,At Intersection,Traffic Signal,Clear,Daylight,Dry,Fatal,Pedestrian Collisions,D11,86,Roncesvalles (86),-79.4517,43.6538,NULL,NULL,N,NULL,NULL,NULL
1175068,2010,00:00.0,1110,11,LAWRENCE AVE E,MORNINGSIDE AVE,NULL,3,Scarborough,25,43,Mid-Block,At Intersection,No Control,Other,Daylight,Wet,Non-Fatal Injury,Pedestrian Collisions,D43,136,West Hill (136),-79.185,43.7686,NULL,NULL,N,NULL,NULL,NULL
1074266,2008,00:00.0,1353,13,SHEPPARD AVE W,YEOMANS RD,NULL,1,North York,6,32,Mid-Block,NULL,No Control,Clear,Daylight,Dry,Non-Fatal Injury,Pedestrian Collisions,D32,33,Clanton Park (33),-79.4421,43.7547,NULL,NULL,N,NULL,NULL,NULL
1169892,2010,00:00.0,1013,10,MOUNT PLEASANT Road,ELM Aven,NULL,1,Toronto and East York,11,53,Intersection,At Intersection,Traffic Signal,Clear,Daylight,Dry,Non-Fatal Injury,Rear End,D53,98,Rosedale-Moore Park (98),-79.3801,43.6745,NULL,NULL,N,NULL,NULL,NULL
8001352624,2018,00:00.0,1505,15,ELIZABETH ST,GERRARD ST W,NULL,3,Toronto and East York,11,52,Intersection,At Intersection,Traffic Signal,Clear,Daylight,Dry,Non-Fatal Injury,Pedestrian Collisions,D52,76,Bay Street Corridor (76),-79.3863,43.6581,NULL,NULL,N,NULL,NULL,NULL
1180385,2010,00:00.0,45,0,1492 LAKE SHORE BLVD W,NULL,NULL,1,Toronto and East York,4,11,Mid-Block,NULL,No Control,Rain,Dark,Wet,Non-Fatal Injury,SMV Other,D11,85,South Parkdale (85),-79.4573,43.6379,NULL,NULL,N,NULL,NULL,NULL
8001784875,2018,00:00.0,1755,17,BRIMLEY RD,BRIMWOOD BLVD,NULL,1,Scarborough,23,42,Intersection,At Intersection,Traffic Signal,Clear,Daylight,Dry,Non-Fatal Injury,Cyclist Collisions,D42,129,Agincourt North (129),-79.2797,43.8109,NULL,NULL,N,NULL,NULL,NULL
1137250,2009,00:00.0,845,8,GREENWIN VILLAGE RD,VILLAGE GT,NULL,2,North York,18,32,Intersection,At Intersection,Stop Sign,Clear,Daylight,Dry,Fatal,Pedestrian Collisions,D32,36,Newtonbrook West (36),-79.4404,43.7924,NULL,NULL,N,NULL,NULL,NULL
1155407,2010,00:00.0,1605,16,HORNER AVE,EDILOU DR,NULL,3,Etobicoke York,3,22,Intersection,NULL,No Control,Clear,Daylight,Dry,Fatal,Pedestrian Collisions,D22,20,Alderwood (20),-79.5313,43.6047,NULL,NULL,N,NULL,NULL,NULL
1162673,2010,00:00.0,2030,20,BURNHAMTHORPE RD,MARTIN GROVE RD,NULL,1,Etobicoke York,2,22,Intersection,At Intersection,Traffic Signal,Clear,Dark,Dry,Non-Fatal Injury,Turning Movement,D22,14,Islington-City Centre West (14),-79.5489,43.6488,NULL,NULL,N,NULL,NULL,NULL
1130499,2009,00:00.0,2302,23,DON MILLS RD,OVERLEA BLVD,NULL,1,North York,NULL,54,Intersection,At Intersection,Traffic Signal,Clear,Dark,Dry,Non-Fatal Injury,Pedestrian Collisions,D54,44,Flemingdon Park (44),-79.3343,43.7099,NULL,NULL,N,NULL,NULL,NULL
1143363,2009,00:00.0,1725,17,SHEPPARD AVE E,ROUGE RIVER DR,NULL,1,Scarborough,25,42,Intersection,NULL,No Control,Rain,Dark,Wet,Non-Fatal Injury,Pedestrian Collisions,D42,131,Rouge (131),-79.1865,43.8049,NULL,NULL,N,NULL,NULL,NULL
1162426,2010,00:00.0,1500,15,MARTIN GROVE RD,BETHRIDGE RD,NULL,1,Etobicoke York,1,23,Intersection,At Intersection,Traffic Signal,Clear,Daylight,Dry,Non-Fatal Injury,Angle,D23,1,West Humber-Clairville (1),-79.5781,43.7075,NULL,NULL,N,NULL,NULL,NULL
1174308,2010,00:00.0,1325,13,KEELE ST,CALVINGTON DR,NULL,1,North York,6,31,Intersection,NULL,Traffic Signal,Clear,Daylight,Dry,Non-Fatal Injury,Rear End,D31,26,Downsview-Roding-CFB (26),-79.4836,43.7335,NULL,NULL,N,NULL,NULL,NULL
1178114,2010,00:00.0,1318,13,AVENUE RD,ELGIN AVE,NULL,1,Toronto and East York,11,53,Intersection,NULL,No Control,Clear,Daylight,Dry,Non-Fatal Injury,Cyclist Collisions,D53,95,Annex (95),-79.3956,43.6724,NULL,NULL,N,NULL,NULL,NULL
1175820,2010,00:00.0,1530,15,WANDLE AVE,KEELE ST,NULL,1,North York,6,31,Intersection,At Intersection,No Control,Clear,Daylight,Dry,Non-Fatal Injury,Pedestrian Collisions,D31,26,Downsview-Roding-CFB (26),-79.4831,43.7311,NULL,NULL,N,NULL,NULL,NULL
1177187,2010,00:00.0,1050,10,NOBLE ST,BROCK AVE,NULL,2,Toronto and East York,4,11,Intersection,At Intersection,No Control,Clear,Daylight,Dry,Non-Fatal Injury,Pedestrian Collisions,D11,86,Roncesvalles (86),-79.4326,43.6423,NULL,NULL,N,NULL,NULL,NULL
1207898,2010,00:00.0,1602,16,HORNER Aven,CONNELL Cour,NULL,3,Etobicoke York,3,22,Intersection,NULL,Stop Sign,Clear,Daylight,Dry,Non-Fatal Injury,Turning Movement,D22,17,Mimico (17),-79.5172,43.6141,NULL,NULL,N,NULL,NULL,NULL
1146015,2009,00:00.0,1754,17,LEDUC DR,TORBOLTON DR,NULL,4,Etobicoke York,1,23,Intersection,At Intersection,No Control,Clear,Dark,Wet,Non-Fatal Injury,Pedestrian Collisions,D23,4,Rexdale-Kipling (4),-79.5585,43.7179,NULL,NULL,N,NULL,NULL,NULL
1141818,2009,00:00.0,1125,11,BROWNS LINE,RIMILTON AVE,NULL,1,Etobicoke York,3,22,Intersection,NULL,No Control,Clear,Daylight,Dry,Non-Fatal Injury,Cyclist Collisions,D22,20,Alderwood (20),-79.5461,43.6038,NULL,NULL,N,NULL,NULL,NULL
1143969,2009,00:00.0,1920,19,HIGHWAY 27  S,QUEENS PLATE DR,NULL,1,Etobicoke York,1,23,Intersection,At Intersection,Traffic Signal,Clear,Dark,Dry,Non-Fatal Injury,Rear End,D23,1,West Humber-Clairville (1),-79.5981,43.7227,NULL,NULL,N,NULL,NULL,NULL
8000732809,2018,00:00.0,1401,14,VICTORIA PARK AVE,JONESVILLE CRES,NULL,1,North York,NULL,NULL,Intersection,At Intersection,Traffic Signal,Clear,Daylight,Dry,Non-Fatal Injury,Turning Movement,D41,119,Wexford/Maryvale (119),-79.3034,43.7266,NULL,NULL,N,NULL,NULL,NULL
8000749115,2018,00:00.0,1942,19,ISLINGTON AVE,ALBION RD,NULL,1,Etobicoke York,1,23,Intersection,At Intersection,Traffic Signal,Clear,"Dusk, artificial",Dry,Non-Fatal Injury,Turning Movement,D23,3,Thistletown-Beaumond Heights (3),-79.5652,43.7371,NULL,NULL,N,NULL,NULL,NULL
9001464095,2019,00:00.0,1435,14,2929 DUFFERIN ST,NULL,20 m North of,1,North York,8,13,Intersection,At/Near Private Drive,No Control,Clear,"Daylight, artificial",Dry,Non-Fatal Injury,Cyclist Collisions,D13,31,Yorkdale-Glen Park (31),-79.4536,43.7089,NULL,NULL,N,NULL,NULL,NULL
1209207,2010,00:00.0,2027,20,BATHURST ST,BRIDGMAN AVE,NULL,1,Toronto and East York,NULL,NULL,Mid-Block,NULL,No Control,Clear,Dark,Dry,Fatal,Pedestrian Collisions,D13,96,Casa Loma (96),-79.4146,43.6739,NULL,NULL,N,NULL,NULL,NULL
9001693858,2019,00:00.0,1722,17,O CONNOR DR,SUNRISE AVE,NULL,1,North York,NULL,54,Intersection,At Intersection,Traffic Signal,Clear,Daylight,Dry,Non-Fatal Injury,Angle,D54,43,Victoria Village (43),-79.3044,43.7188,NULL,NULL,N,NULL,NULL,NULL
1137133,2009,00:00.0,1127,11,F G GARDINER XY  W,CHERRY ST,NULL,1,Toronto and East York,10,51,Mid-Block,NULL,No Control,Clear,Daylight,Dry,Non-Fatal Injury,Rear End,D51,77,Waterfront Communities-The Island (77),-79.3524,43.649,NULL,NULL,N,NULL,NULL,NULL
7001905037,2017,00:00.0,648,6,EGLINTON AV W,ISLINGTON AV,200 m West of,1,Etobicoke York,2,NULL,Mid-Block,Non Intersection,No Control,Clear,"Dark, artificial",Dry,Non-Fatal Injury,SMV Other,D22,10,Princess-Rosethorn (10),-79.5412,43.6792,NULL,NULL,N,NULL,NULL,NULL
7001983024,2017,00:00.0,840,8,161 THE WEST MALL,NULL,NULL,3,Etobicoke York,3,22,Mid-Block,Non Intersection,No Control,NULL,Daylight,NULL,Fatal,Approaching,D22,14,Islington-City Centre West (14),-79.5602,43.6212,NULL,NULL,N,NULL,NULL,NULL
9000320789,2019,00:00.0,815,8,GERRARD ST E,MARJORY AVE,39 m West of,3,Toronto and East York,14,55,Mid-Block,At/Near Private Drive,No Control,Clear,Daylight,Wet,Non-Fatal Injury,Pedestrian Collisions,D55,70,South Riverdale (70),-79.338,43.6685,NULL,NULL,N,NULL,NULL,NULL
1142865,2009,00:00.0,1950,19,BLOOR ST E,CASTLE FRANK CRES,NULL,1,Toronto and East York,11,NULL,Mid-Block,At Intersection,No Control,Clear,Dark,Dry,Fatal,Pedestrian Collisions,D51,71,Cabbagetown-South St.James Town (71),-79.3692,43.6729,NULL,NULL,N,NULL,NULL,NULL
9000021101,2019,00:00.0,1325,13,BATHURST ST,BAINBRIDGE AVE,NULL,1,North York,6,32,Intersection,At Intersection,Traffic Signal,Clear,Daylight,Dry,Non-Fatal Injury,Pedestrian Collisions,D32,38,Lansing-Westgate (38),-79.4372,43.7506,NULL,NULL,N,NULL,NULL,NULL
1135839,2009,00:00.0,1230,12,ALBION RD,ARMEL CRT,NULL,1,Etobicoke York,1,23,Intersection,At Intersection,Traffic Signal,Clear,"Daylight, artificial",Dry,Non-Fatal Injury,Pedestrian Collisions,D23,5,Elms-Old Rexdale (5),-79.5455,43.7213,NULL,NULL,N,NULL,NULL,NULL
9001464192,2019,00:00.0,1500,15,55 KING ST W,NULL,100 m West of,1,Toronto and East York,10,52,Mid-Block,Non Intersection,No Control,Clear,Daylight,Dry,Non-Fatal Injury,Pedestrian Collisions,D52,76,Bay Street Corridor (76),-79.3812,43.6483,NULL,NULL,N,NULL,NULL,NULL
1141420,2009,00:00.0,1558,15,DEWSON ST,DOVERCOURT RD,NULL,3,Toronto and East York,9,14,Intersection,At Intersection,Traffic Signal,Clear,Daylight,Dry,Non-Fatal Injury,Turning Movement,D14,80,Palmerston-Little Italy (80),-79.4273,43.6561,NULL,NULL,N,NULL,NULL,NULL
9001534741,2019,00:00.0,1329,13,STEELES  AVE E,MCCOWAN  RD,NULL,1,Scarborough,23,42,Intersection,At Intersection,Traffic Signal,Clear,Daylight,Dry,Fatal,Turning Movement,D42,130,Milliken (130),-79.2751,43.8309,NULL,NULL,N,NULL,NULL,NULL
9000219394,2019,00:00.0,854,8,BLOOR ST W,WINDERMERE AVE,3 m North of,1,Etobicoke York,4,11,Intersection,At Intersection,Traffic Signal,Clear,Daylight,Wet,Non-Fatal Injury,Pedestrian Collisions,D11,87,High Park-Swansea (87),-79.4804,43.6501,NULL,NULL,N,NULL,NULL,NULL
9001598052,2019,00:00.0,815,8,ISLINGTON AVE,ANGLESEY BLVD,NULL,1,Etobicoke York,2,22,Intersection,At Intersection,Stop Sign,Clear,Daylight,Dry,Non-Fatal Injury,Angle,D22,9,Edenbridge-Humber Valley (9),-79.5319,43.6642,NULL,NULL,N,NULL,NULL,NULL