ACCNUM,YEAR,DATE,TIME,HOUR,STREET1,STREET2,OFFSET,ROAD_CLASS,DISTRICT,WARDNUM,DIVISION,LOCCOORD,ACCLOC,TRAFFCTL,VISIBILITY,LIGHT,RDSFCOND,ACCLASS,IMPACTYPE,POLICE_DIVISION,HOOD_ID,NEIGHBOURHOOD,collision_lat,collision_long,red_light_lat,red_light_long,right_light_camera,LINEAR_NAME_FULL_1,LINEAR_NAME_FULL_2,ACTIVATION_DATE
9000074527,2019,00:00.0,2213,22,MCCOWAN  RD,BRIMORTON  DR,100 m south,1,Scarborough,NULL,43,Mid-Block,Non Intersection,No Control,Clear,"Dark, artificial",Dry,Fatal,Sideswipe,D43,137,Woburn (137),-79.2485,43.7644,NULL,NULL,N,NULL,NULL,NULL
9000107139,2019,00:00.0,2122,21,LENNOX  ST,BATHURST  ST,NULL,1,Toronto and East York,11,14,Intersection,At Intersection,Traffic Signal,Clear,"Dark, artificial",Dry,Fatal,Pedestrian Collisions,D14,79,University (79),-79.4106,43.6637,NULL,NULL,N,NULL,NULL,NULL
9001563776,2019,00:00.0,1235,12,GODSTONE RD,FAIRVIEW MALL DR,NULL,3,North York,17,33,Intersection,At Intersection,Traffic Signal,Clear,Daylight,Dry,Non-Fatal Injury,Pedestrian Collisions,D33,47,Don Valley Village (47),-79.3456,43.7795,NULL,NULL,N,NULL,NULL,NULL
9001351159,2019,00:00.0,2240,22,DUNDAS ST W,DONNYBROOK LANE,NULL,1,Etobicoke York,2,22,Intersection,Intersection Related,No Control,Clear,"Dark, artificial",Dry,Fatal,Turning Movement,D22,15,Kingsway South (15),-79.5246,43.6531,NULL,NULL,N,NULL,NULL,NULL
9000115545,2019,00:00.0,530,5,MILLWOOD RD,LAIRD DR,NULL,1,North York,15,53,Mid-Block,Non Intersection,No Control,Clear,"Dark, artificial",Dry,Fatal,SMV Other,D53,55,Thorncliffe Park (55),-79.3593,43.7022,NULL,NULL,N,NULL,NULL,NULL
8001812158,2018,00:00.0,600,6,STEELES AVE E,FIREBRACE RD,NULL,1,Scarborough,22,42,Intersection,At Intersection,Traffic Signal,Rain,"Dark, artificial",Wet,Non-Fatal Injury,Sideswipe,D42,116,Steeles (116),-79.332,43.8178,NULL,NULL,N,NULL,NULL,NULL
9001006697,2019,00:00.0,1515,15,BLOOR ST W,KEELE ST,NULL,1,North York,4,11,Intersection,At Intersection,Traffic Signal,Clear,Daylight,Dry,Non-Fatal Injury,Cyclist Collisions,D11,87,High Park-Swansea (87),-79.46,43.6546,NULL,NULL,N,NULL,NULL,NULL
9001473932,2019,00:00.0,41,0,PARLIAMENT ST,SHUTER ST,NULL,3,Toronto and East York,13,51,Intersection,At Intersection,Traffic Signal,Clear,"Dark, artificial",Dry,Non-Fatal Injury,Angle,D51,72,Regent Park (72),-79.3649,43.6568,NULL,NULL,N,NULL,NULL,NULL
9000942318,2019,00:00.0,1730,17,QUEEN ST E,CARROLL ST,NULL,1,North York,14,55,Intersection,At Intersection,Pedestrian Crossover,Clear,Daylight,Dry,Non-Fatal Injury,Pedestrian Collisions,D55,70,South Riverdale (70),-79.3521,43.6582,NULL,NULL,N,NULL,NULL,NULL
8001927322,2018,00:00.0,2208,22,GODSTONE RD,FAIRVIEW MALL DR,NULL,3,North York,17,33,Intersection,At Intersection,Traffic Signal,Clear,"Dark, artificial",Dry,Non-Fatal Injury,Pedestrian Collisions,D33,47,Don Valley Village (47),-79.3456,43.7795,NULL,NULL,N,NULL,NULL,NULL
9001420476,2019,00:00.0,1503,15,ST CLAIR AVE E,GLENBURN AVE,2 m North of,1,Toronto and East York,19,54,Intersection,At Intersection,Stop Sign,Clear,Daylight,Dry,Non-Fatal Injury,Angle,D54,54,O'Connor-Parkview (54),-79.2982,43.7085,NULL,NULL,N,NULL,NULL,NULL
9001441633,2019,00:00.0,1423,14,F G GARDINER XY  W,GARDINER X W 427 X N RAMP,155 m East of,8,Etobicoke York,NULL,NULL,Mid-Block,Non Intersection,No Control,Clear,Daylight,Dry,Non-Fatal Injury,Rear End,D22,20,Alderwood (20),-79.5338,43.6163,NULL,NULL,N,NULL,NULL,NULL
9001605294,2019,00:00.0,752,7,DAVENPORT RD,BATHURST ST,NULL,3,Toronto and East York,12,13,Intersection,At Intersection,Traffic Signal,Clear,Daylight,Dry,Non-Fatal Injury,Rear End,D13,96,Casa Loma (96),-79.4157,43.6766,NULL,NULL,N,NULL,NULL,NULL
9001663278,2019,00:00.0,740,7,MOUNT PLEASANT RD,ELM AVE,2 m North of,1,North York,11,53,Intersection,At Intersection,Traffic Signal,Clear,Daylight,Dry,Non-Fatal Injury,Pedestrian Collisions,D53,98,Rosedale-Moore Park (98),-79.3801,43.6744,NULL,NULL,N,NULL,NULL,NULL
8002001180,2018,00:00.0,1037,10,STEELES AVE E,WARDEN AVE,NULL,1,Scarborough,22,42,Intersection,At Intersection,Traffic Signal,Clear,Daylight,Dry,Non-Fatal Injury,Cyclist Collisions,D42,116,Steeles (116),-79.3243,43.8195,NULL,NULL,N,NULL,NULL,NULL
8002006909,2018,00:00.0,727,7,DUNDAS ST E,SHERBOURNE ST,17 m West of,1,Scarborough,13,51,Intersection,Intersection Related,No Control,Rain,Dark,Wet,Non-Fatal Injury,Pedestrian Collisions,D51,73,Moss Park (73),-79.3709,43.6582,NULL,NULL,N,NULL,NULL,NULL
9000524060,2019,00:00.0,330,3,SHEPPARD AVE W,SUNFIELD RD,NULL,1,North York,6,31,Intersection,At Intersection,Stop Sign,Other,Other,NULL,Fatal,Turning Movement,D31,26,Downsview-Roding-CFB (26),-79.4925,43.7434,NULL,NULL,N,NULL,NULL,NULL
9000528494,2019,00:00.0,1950,19,BREADALBANE ST,BAY ST,54 m East of,4,Toronto and East York,13,52,Mid-Block,At/Near Private Drive,No Control,Clear,Daylight,Dry,Non-Fatal Injury,Cyclist Collisions,D52,76,Bay Street Corridor (76),-79.3859,43.6634,NULL,NULL,N,NULL,NULL,NULL
8002203899,2018,00:00.0,1750,17,KIPLING AVE,BELFIELD RD,NULL,1,Etobicoke York,1,23,Intersection,At Intersection,Traffic Signal,Clear,Dark,Dry,Non-Fatal Injury,Pedestrian Collisions,D23,1,West Humber-Clairville (1),-79.5634,43.7047,NULL,NULL,N,NULL,NULL,NULL
9001303685,2019,00:00.0,1415,14,DUFFERIN ST,GERRY FITZGERALD DR,NULL,1,North York,6,32,Intersection,At Intersection,Traffic Signal,Clear,Daylight,Dry,Non-Fatal Injury,Pedestrian Collisions,D32,34,Bathurst Manor (34),-79.4701,43.7837,NULL,NULL,N,NULL,NULL,NULL
9000583629,2019,00:00.0,848,8,QUEEN ST E,CARROLL ST,13 m East of,1,Toronto and East York,14,55,Intersection,At Intersection,Pedestrian Crossover,Clear,Daylight,Dry,Non-Fatal Injury,Pedestrian Collisions,D55,70,South Riverdale (70),-79.3521,43.6582,NULL,NULL,N,NULL,NULL,NULL
9000589078,2019,00:00.0,55,0,STEELES AVE E,ASPENWOOD DR,65 m East of,1,North York,17,33,Mid-Block,Non Intersection,No Control,Clear,Dark,Dry,Non-Fatal Injury,Pedestrian Collisions,D33,48,Hillcrest Village (48),-79.3666,43.8097,NULL,NULL,N,NULL,NULL,NULL
8001943043,2018,00:00.0,1213,12,BREMNER BLVD,LOWER SIMCOE ST,44 m East of,3,Toronto and East York,10,52,Mid-Block,Non Intersection,No Control,Clear,Daylight,Dry,Non-Fatal Injury,Turning Movement,D52,77,Waterfront Communities-The Island (77),-79.3832,43.6424,NULL,NULL,N,NULL,NULL,NULL
1210132,2011,00:00.0,105,1,MCCOWAN RD,ELLESMERE RD,NULL,1,Scarborough,NULL,43,Intersection,At Intersection,Traffic Signal,Clear,Dark,Dry,Non-Fatal Injury,Turning Movement,D43,137,Woburn (137),-79.2514,43.7721,-79.2514,43.7721,Y,McCowan Rd,Ellesmere Rd,2021-08-27
8002192666,2018,00:00.0,253,2,MCNICOLL AVE,MARKHAM RD,39 m East of,3,North York,23,42,Mid-Block,Non Intersection,No Control,Clear,"Dark, artificial",Dry,Non-Fatal Injury,SMV Other,D42,131,Rouge (131),-79.2467,43.8241,NULL,NULL,N,NULL,NULL,NULL
9001729898,2019,00:00.0,1605,16,LAWRENCE AVE W,AVENUE RD,NULL,1,North York,8,NULL,Intersection,At Intersection,Traffic Signal,Clear,Daylight,Dry,Non-Fatal Injury,Turning Movement,D53,39,Bedford Park-Nortown (39),-79.4155,43.7221,NULL,NULL,N,NULL,NULL,NULL
9001731704,2019,00:00.0,2043,20,EGLINTON AVE W,CHILTERN HILL RD,NULL,1,Toronto and East York,NULL,13,Intersection,At Intersection,Stop Sign,Clear,Dark,Dry,Non-Fatal Injury,Turning Movement,D13,106,Humewood-Cedarvale (106),-79.4277,43.7004,NULL,NULL,N,NULL,NULL,NULL
1064375,2020,00:00.0,2201,22,DANFORTH AV,BARRINGTON AV,27 m West of,NULL,NULL,NULL,NULL,Mid-Block,Non Intersection,No Control,Clear,Dark,Dry,Non-Fatal Injury,Rear End,D55,62,East End-Danforth (62),-79.3008,43.6883,NULL,NULL,N,NULL,NULL,NULL
9001746758,2019,00:00.0,2056,20,JANE ST,GRANDRAVINE DR,NULL,1,North York,7,31,Intersection,At Intersection,Traffic Signal,Rain,"Dark, artificial",Wet,Non-Fatal Injury,Pedestrian Collisions,D31,25,Glenfield-Jane Heights (25),-79.515,43.747,NULL,NULL,N,NULL,NULL,NULL
1189642,2010,00:00.0,1116,11,EGLINTON Ave E,GILDER Dr,NULL,1,Scarborough,NULL,41,Intersection,At Intersection,Traffic Signal,Clear,Daylight,Dry,Non-Fatal Injury,Rear End,D41,124,Kennedy Park (124),-79.2531,43.7355,NULL,NULL,N,NULL,NULL,NULL
1186961,2010,00:00.0,1420,14,AVENUE RD,PEARS AVE,NULL,1,Toronto and East York,11,53,Intersection,At Intersection,No Control,Clear,Daylight,Dry,Non-Fatal Injury,Rear End,D53,95,Annex (95),-79.3968,43.6755,NULL,NULL,N,NULL,NULL,NULL
1188456,2010,00:00.0,1530,15,5785 YONGE ST,NULL,NULL,1,North York,18,32,Mid-Block,NULL,No Control,Clear,Daylight,Dry,Non-Fatal Injury,Turning Movement,D32,50,Newtonbrook East (50),-79.4165,43.7837,NULL,NULL,N,NULL,NULL,NULL
1219697,2011,00:00.0,1007,10,DUPONT ST,CHRISTIE ST,NULL,1,Toronto and East York,11,14,Intersection,At Intersection,Traffic Signal,Clear,Daylight,Dry,Non-Fatal Injury,Pedestrian Collisions,D14,95,Annex (95),-79.4214,43.6716,NULL,NULL,N,NULL,NULL,NULL
1211140,2011,00:00.0,1430,14,BATHURST ST,PORTUGAL SQ,NULL,1,Toronto and East York,10,14,Intersection,NULL,No Control,Clear,Daylight,Wet,Non-Fatal Injury,Pedestrian Collisions,D14,77,Waterfront Communities-The Island (77),-79.4033,43.6455,NULL,NULL,N,NULL,NULL,NULL
1221155,2011,00:00.0,1956,19,QUEEN ST W,RYERSON AVE,NULL,1,Toronto and East York,10,14,Intersection,NULL,No Control,Snow,Dark,Loose Snow,Non-Fatal Injury,Pedestrian Collisions,D14,77,Waterfront Communities-The Island (77),-79.4021,43.6475,NULL,NULL,N,NULL,NULL,NULL
1222965,2011,00:00.0,2005,20,ST CLAIR AVE W,GUNNS RD,NULL,1,Etobicoke York,5,NULL,Intersection,At Intersection,Traffic Signal,Clear,Dark,Dry,Non-Fatal Injury,Rear End,D11,90,Junction Area (90),-79.471,43.6717,NULL,NULL,N,NULL,NULL,NULL
8002056791,2018,00:00.0,1850,18,MIDDLEFIELD RD,ARBOR LOW GT,20 m North of,3,Scarborough,23,42,Intersection,Intersection Related,No Control,Clear,"Dark, artificial",Dry,Non-Fatal Injury,Pedestrian Collisions,D42,130,Milliken (130),-79.2585,43.8117,NULL,NULL,N,NULL,NULL,NULL
8002098708,2018,00:00.0,1107,11,YORK MILLS RD,SCARSDALE RD,NULL,1,North York,16,33,Intersection,At Intersection,Traffic Signal,Clear,Daylight,Dry,Non-Fatal Injury,Pedestrian Collisions,D33,42,Banbury-Don Mills (42),-79.3574,43.7534,NULL,NULL,N,NULL,NULL,NULL
1197847,2010,00:00.0,1755,17,2110 KEELE ST,NULL,NULL,1,Etobicoke York,5,12,Mid-Block,NULL,No Control,Clear,Daylight,Dry,Non-Fatal Injury,Approaching,D12,30,Brookhaven-Amesbury (30),-79.476,43.6999,NULL,NULL,N,NULL,NULL,NULL
1214720,2011,00:00.0,825,8,MCCOWAN RD,ST ANDREWS RD,NULL,1,Scarborough,NULL,43,Mid-Block,NULL,No Control,Clear,Daylight,Wet,Non-Fatal Injury,Pedestrian Collisions,D43,137,Woburn (137),-79.2465,43.7594,NULL,NULL,N,NULL,NULL,NULL
1217361,2011,00:00.0,1822,18,DUNDAS ST E,SHERBOURNE ST,NULL,1,Toronto and East York,13,51,Intersection,At Intersection,Traffic Signal,Clear,Dark,Dry,Non-Fatal Injury,Pedestrian Collisions,D51,73,Moss Park (73),-79.3709,43.6582,NULL,NULL,N,NULL,NULL,NULL
1217753,2011,00:00.0,1100,11,JANE Stre,EGLINTON Aven W,NULL,1,Etobicoke York,5,12,Mid-Block,NULL,No Control,Clear,Daylight,Dry,Non-Fatal Injury,Approaching,D12,115,Mount Dennis (115),-79.4985,43.6837,NULL,NULL,N,NULL,NULL,NULL
1228657,2011,00:00.0,1200,12,SHEPPARD Aven E,IDAGROVE Gate,NULL,1,Scarborough,25,42,Intersection,At Intersection,Traffic Signal,Clear,Daylight,Dry,Non-Fatal Injury,Pedestrian Collisions,D42,131,Rouge (131),-79.1755,43.8073,NULL,NULL,N,NULL,NULL,NULL
1230262,2011,00:00.0,1233,12,ST CLAIR Aven W,MOULD Aven,NULL,1,Etobicoke York,5,NULL,Intersection,NULL,Traffic Signal,Clear,Daylight,Dry,Non-Fatal Injury,Turning Movement,D11,111,Rockcliffe-Smythe (111),-79.4869,43.6681,NULL,NULL,N,NULL,NULL,NULL
1192624,2010,00:00.0,1905,19,SHAFTESBURY ST,CODSELL AVE,NULL,4,North York,6,32,Intersection,NULL,Stop Sign,Clear,Dusk,Dry,Non-Fatal Injury,SMV Other,D32,34,Bathurst Manor (34),-79.456,43.7548,NULL,NULL,N,NULL,NULL,NULL
1193217,2010,00:00.0,1640,16,COLLEGE ST,GLADSTONE AVE,NULL,1,Toronto and East York,9,14,Intersection,At Intersection,No Control,Clear,Daylight,Dry,Non-Fatal Injury,Cyclist Collisions,D14,83,Dufferin Grove (83),-79.431,43.6528,NULL,NULL,N,NULL,NULL,NULL
1226490,2011,00:00.0,745,7,DUNDAS ST W,BLOOR ST W,NULL,3,Toronto and East York,4,11,Mid-Block,NULL,No Control,Clear,Daylight,Dry,Non-Fatal Injury,Pedestrian Collisions,D11,86,Roncesvalles (86),-79.4522,43.6557,NULL,NULL,N,NULL,NULL,NULL
1227443,2011,00:00.0,1750,17,LA ROSE Aven,TIMOTHY Cour,NULL,2,Etobicoke York,2,23,NULL,NULL,Pedestrian Crossover,Clear,Daylight,Dry,Non-Fatal Injury,Pedestrian Collisions,D23,8,Humber Heights-Westmount (8),-79.5195,43.6858,NULL,NULL,N,NULL,NULL,NULL
9001401954,2019,00:00.0,2245,22,KINGSTON RD,PORT UNION RD,290 m East of,1,Scarborough,25,43,Mid-Block,At/Near Private Drive,No Control,Clear,"Dark, artificial",Dry,Non-Fatal Injury,Turning Movement,D42,131,Rouge (131),-79.1433,43.8006,NULL,NULL,N,NULL,NULL,NULL
1235812,2011,00:00.0,718,7,EGLINTON AVE W,RENFORTH DR,NULL,1,Etobicoke York,2,NULL,Mid-Block,NULL,No Control,Clear,Dawn,Dry,Non-Fatal Injury,SMV Other,D22,11,Eringate-Centennial-West Deane (11),-79.5877,43.6657,NULL,NULL,N,NULL,NULL,NULL
1232010,2011,00:00.0,1400,14,YONGE ST,MCGLASHAN RD,NULL,1,North York,NULL,32,Intersection,NULL,No Control,Clear,Daylight,Dry,Non-Fatal Injury,Sideswipe,D32,41,Bridle Path-Sunnybrook-York Mills (41),-79.4061,43.7418,NULL,NULL,N,NULL,NULL,NULL
1183681,2010,00:00.0,1420,14,DUNDAS St E,CHURCH St,NULL,1,Toronto and East York,13,51,Intersection,At Intersection,Traffic Signal,Clear,Daylight,Dry,Non-Fatal Injury,Cyclist Collisions,D51,75,Church-Yonge Corridor (75),-79.377,43.6564,NULL,NULL,N,NULL,NULL,NULL
1202989,2010,00:00.0,744,7,LOWER SPADINA AVE,LAKE SHORE BLVD W,NULL,1,Toronto and East York,10,NULL,Intersection,At Intersection,Traffic Signal,Clear,Daylight,Dry,Fatal,Cyclist Collisions,D52,77,Waterfront Communities-The Island (77),-79.3921,43.6384,NULL,NULL,N,NULL,NULL,NULL
1243108,2011,00:00.0,1900,19,TRINNELL Boul,FLAGSTAFF Road,NULL,4,Scarborough,20,41,Mid-Block,NULL,No Control,Clear,Daylight,Dry,Non-Fatal Injury,Pedestrian Collisions,D41,120,Clairlea-Birchmount (120),-79.2742,43.7109,NULL,NULL,N,NULL,NULL,NULL
1252518,2011,00:00.0,1905,19,WILLOWDALE AVE,PARKVIEW AVE,NULL,3,North York,18,32,Intersection,At Intersection,Stop Sign,Clear,Dusk,Dry,Non-Fatal Injury,Pedestrian Collisions,D32,51,Willowdale East (51),-79.4035,43.7731,NULL,NULL,N,NULL,NULL,NULL
1196138,2010,00:00.0,35,0,26 FIRENZA DR,NULL,NULL,4,Etobicoke York,7,31,Intersection,NULL,No Control,Clear,Dark,Dry,Non-Fatal Injury,Pedestrian Collisions,D31,21,Humber Summit (21),-79.5656,43.7513,NULL,NULL,N,NULL,NULL,NULL
1202672,2010,00:00.0,726,7,DON MILLS RD,STEELES AVE E,NULL,1,North York,17,33,Intersection,At Intersection,Traffic Signal,Clear,Daylight,Wet,Non-Fatal Injury,Turning Movement,D33,48,Hillcrest Village (48),-79.3607,43.8111,-79.3607,43.8111,Y,Steeles Ave E,Don Mills Rd,2021-09-13
1200931,2010,00:00.0,934,9,F G GARDINER Expr W,DON VALLEY PARKWAY  N,NULL,NULL,Toronto and East York,10,51,Mid-Block,NULL,No Control,Clear,Daylight,Dry,Non-Fatal Injury,SMV Other,D51,77,Waterfront Communities-The Island (77),-79.3489,43.6507,NULL,NULL,N,NULL,NULL,NULL
1236141,2011,00:00.0,1206,12,MCNICOLL AVE,TAPSCOTT RD,NULL,3,Scarborough,23,42,Mid-Block,NULL,No Control,Clear,Daylight,Dry,Non-Fatal Injury,SMV Other,D42,131,Rouge (131),-79.2399,43.8267,NULL,NULL,N,NULL,NULL,NULL
1246241,2011,00:00.0,2020,20,CHURCH ST,ALEXANDER ST,NULL,3,Toronto and East York,13,51,Intersection,NULL,No Control,Clear,Dark,Dry,Non-Fatal Injury,Cyclist Collisions,D51,75,Church-Yonge Corridor (75),-79.3799,43.6636,NULL,NULL,N,NULL,NULL,NULL
1252379,2011,00:00.0,1540,15,MIDLAND AVE,BAYLAWN DR,NULL,1,Scarborough,NULL,42,Mid-Block,NULL,No Control,Clear,Daylight,Dry,Fatal,SMV Other,D42,129,Agincourt North (129),-79.2848,43.8005,NULL,NULL,N,NULL,NULL,NULL
1261536,2011,00:00.0,2000,20,LAKE SHORE Boul E,CARLAW Aven,NULL,1,Toronto and East York,14,55,Intersection,At Intersection,Traffic Signal,Clear,Dark,Wet,Non-Fatal Injury,Turning Movement,D55,70,South Riverdale (70),-79.3373,43.6549,NULL,NULL,N,NULL,NULL,NULL
1244686,2011,00:00.0,1330,13,YONGE ST,YORK MILLS RD,NULL,1,North York,NULL,32,Mid-Block,NULL,No Control,Clear,Daylight,Dry,Non-Fatal Injury,Pedestrian Collisions,D32,40,St.Andrew-Windfields (40),-79.4069,43.7452,NULL,NULL,N,NULL,NULL,NULL
9001855890,2019,00:00.0,1445,14,EGLINTON AVE E,WYNFORD DR,60 m East of,1,North York,16,NULL,Mid-Block,Non Intersection,No Control,Clear,Daylight,Dry,Non-Fatal Injury,Cyclist Collisions,D54,44,Flemingdon Park (44),-79.3243,43.7245,NULL,NULL,N,NULL,NULL,NULL
1260139,2011,00:00.0,1050,10,ELLESMERE RD,MCCOWAN RD,NULL,1,Scarborough,NULL,43,Intersection,At Intersection,Traffic Signal,Clear,Daylight,Dry,Non-Fatal Injury,Angle,D43,137,Woburn (137),-79.2514,43.7721,-79.2514,43.7721,Y,McCowan Rd,Ellesmere Rd,2021-08-27
1250852,2011,00:00.0,1905,19,WILLOWDALE AVE,PARKVIEW AVE,NULL,3,North York,18,32,Intersection,At Intersection,Stop Sign,Clear,Daylight,Dry,Non-Fatal Injury,Pedestrian Collisions,D32,51,Willowdale East (51),-79.4035,43.7731,NULL,NULL,N,NULL,NULL,NULL
1238470,2011,00:00.0,1,0,F G GARDINER Expr E,CHERRY Stre,NULL,1,Toronto and East York,10,51,Mid-Block,NULL,No Control,Clear,Dark,Dry,Non-Fatal Injury,SMV Other,D51,77,Waterfront Communities-The Island (77),-79.3567,43.649,NULL,NULL,N,NULL,NULL,NULL
1246857,2011,00:00.0,1405,14,DUPONT Stre,CAMPBELL Aven,NULL,1,Toronto and East York,9,11,Intersection,At Intersection,No Control,Clear,Daylight,Dry,Non-Fatal Injury,Sideswipe,D11,93,Dovercourt-Wallace Emerson-Junction (93),-79.45,43.6659,NULL,NULL,N,NULL,NULL,NULL
1192613,2010,00:00.0,1232,12,KING ST W,FRASER AVE,NULL,1,Toronto and East York,10,14,Intersection,At Intersection,Stop Sign,Clear,Daylight,Dry,Non-Fatal Injury,Turning Movement,D14,85,South Parkdale (85),-79.4247,43.6394,NULL,NULL,N,NULL,NULL,NULL
1192130,2010,00:00.0,2344,23,CHESSWOOD DR,CHAMPAGNE DR,NULL,3,North York,6,32,Intersection,At Intersection,Stop Sign,Clear,Dark,Dry,Non-Fatal Injury,Angle,D32,27,York University Heights (27),-79.4765,43.7643,NULL,NULL,N,NULL,NULL,NULL
9001955336,2019,00:00.0,932,9,LOWER SIMCOE ST,QUEENS QUAY W,25 m North of,2,Toronto and East York,10,52,Mid-Block,Intersection Related,No Control,Clear,Daylight,Dry,Non-Fatal Injury,Turning Movement,D52,77,Waterfront Communities-The Island (77),-79.3826,43.6394,NULL,NULL,N,NULL,NULL,NULL
1010606,2020,00:00.0,1820,18,BATHURST ST,GLENGROVE AVE,NULL,1,North York,NULL,NULL,Intersection,At Intersection,Stop Sign,Clear,Daylight,Dry,Fatal,Turning Movement,D53,39,Bedford Park-Nortown (39),-79.4285,43.7141,NULL,NULL,N,NULL,NULL,NULL
348999,2020,00:00.0,1818,18,4673 JANE ST,NULL,NULL,1,Etobicoke York,7,31,Mid-Block,Non Intersection,No Control,Clear,"Dark, artificial",Wet,Non-Fatal Injury,SMV Other,D31,24,Black Creek (24),-79.5206,43.77,NULL,NULL,N,NULL,NULL,NULL
865160,2020,00:00.0,700,7,KINGSTON RD,SCARBOROUGH GOLF CLUB RD,NULL,1,Scarborough,24,43,Intersection,At Intersection,Traffic Signal,Clear,Daylight,Dry,Non-Fatal Injury,Pedestrian Collisions,D43,140,Guildwood (140),-79.2093,43.7459,NULL,NULL,N,NULL,NULL,NULL
1254054,2011,00:00.0,1840,18,4662 DUNDAS ST W,NULL,NULL,1,Etobicoke York,2,22,Mid-Block,NULL,No Control,Clear,Daylight,Dry,Non-Fatal Injury,Other,D22,15,Kingsway South (15),-79.5231,43.6548,NULL,NULL,N,NULL,NULL,NULL
9001051544,2019,00:00.0,1925,19,DANFORTH AVE,COXWELL AVE,60 m North of,1,Toronto and East York,NULL,NULL,Mid-Block,Non Intersection,No Control,Clear,"Daylight, artificial",Dry,Non-Fatal Injury,Pedestrian Collisions,D55,64,Woodbine Corridor (64),-79.3225,43.6834,NULL,NULL,N,NULL,NULL,NULL
9001778423,2019,00:00.0,1016,10,BRIMLEY RD,HEATHER RD,NULL,1,Scarborough,23,42,Intersection,At Intersection,Traffic Signal,Clear,Daylight,Dry,Non-Fatal Injury,Approaching,D42,129,Agincourt North (129),-79.2699,43.7905,NULL,NULL,N,NULL,NULL,NULL
1186032,2010,00:00.0,309,3,DUFFERIN ST,WALLACE AVE,NULL,1,Toronto and East York,9,NULL,Intersection,NULL,No Control,Clear,Daylight,Dry,Non-Fatal Injury,SMV Unattended Vehicle,D14,93,Dovercourt-Wallace Emerson-Junction (93),-79.4371,43.6642,NULL,NULL,N,NULL,NULL,NULL
1187617,2010,00:00.0,505,5,BATHURST ST,ARDMORE RD,NULL,1,Toronto and East York,12,13,Intersection,At Intersection,Stop Sign,Clear,Dark,Dry,Non-Fatal Injury,Turning Movement,D13,101,Forest Hill South (101),-79.4225,43.6937,NULL,NULL,N,NULL,NULL,NULL
1188695,2010,00:00.0,1538,15,AVENUE Rd,GLENVIEW Ave,NULL,1,North York,8,53,Intersection,NULL,No Control,Rain,Daylight,Wet,Non-Fatal Injury,SMV Other,D53,103,Lawrence Park South (103),-79.4144,43.7178,NULL,NULL,N,NULL,NULL,NULL
1222908,2011,00:00.0,1350,13,LAWRENCE AVE E,BARRYMORE RD,NULL,1,Scarborough,21,43,Intersection,At Intersection,Traffic Signal,Clear,Daylight,Dry,Non-Fatal Injury,Pedestrian Collisions,D43,127,Bendale (127),-79.2515,43.7542,NULL,NULL,N,NULL,NULL,NULL
1188873,2010,00:00.0,1820,18,BLOOR ST E,CASTLE FRANK RD,NULL,1,Toronto and East York,11,NULL,Mid-Block,NULL,No Control,Clear,Daylight,Dry,Non-Fatal Injury,Pedestrian Collisions,D51,71,Cabbagetown-South St.James Town (71),-79.3677,43.674,NULL,NULL,N,NULL,NULL,NULL
1194692,2010,00:00.0,2224,22,LANSDOWNE Aven,WALLACE Aven,NULL,3,Toronto and East York,9,11,Mid-Block,NULL,No Control,Rain,Dark,Wet,Non-Fatal Injury,Sideswipe,D11,93,Dovercourt-Wallace Emerson-Junction (93),-79.4451,43.6633,NULL,NULL,N,NULL,NULL,NULL
8001870911,2018,00:00.0,939,9,OSSINGTON AVE,COLLEGE ST,NULL,1,Toronto and East York,NULL,14,Intersection,At Intersection,Traffic Signal,Clear,Daylight,Dry,Non-Fatal Injury,Pedestrian Collisions,D14,81,Trinity-Bellwoods (81),-79.4226,43.6543,NULL,NULL,N,NULL,NULL,NULL
8002165186,2018,00:00.0,1731,17,WARDEN AVE,HUNTINGWOOD DR,NULL,1,Scarborough,22,42,Intersection,At Intersection,Traffic Signal,Rain,"Dark, artificial",Wet,Non-Fatal Injury,Pedestrian Collisions,D42,118,Tam O'Shanter-Sullivan (118),-79.3109,43.7854,-79.3109,43.7854,Y,Warden Ave,Huntingwood Dr,2022-03-17
9000625948,2019,00:00.0,1330,13,PORT UNION RD,CONFERENCE BLVD,4 m  of,3,Scarborough,25,43,Intersection,At Intersection,Traffic Signal,Clear,Daylight,Dry,Non-Fatal Injury,Pedestrian Collisions,D43,131,Rouge (131),-79.1393,43.786,NULL,NULL,N,NULL,NULL,NULL
9000663260,2019,00:00.0,1515,15,QUEEN ST W,SHAW ST,30 m West of,1,Toronto and East York,10,14,Intersection,At Intersection,Traffic Signal,Clear,Daylight,Dry,Non-Fatal Injury,Cyclist Collisions,D14,82,Niagara (82),-79.4162,43.6446,NULL,NULL,N,NULL,NULL,NULL
1196563,2010,00:00.0,2230,22,SILVER SPRINGS BLVD,BIRCHMOUNT RD,NULL,2,Scarborough,22,42,Mid-Block,NULL,Pedestrian Crossover,Clear,Dark,Dry,Non-Fatal Injury,Pedestrian Collisions,D42,117,L'Amoreaux (117),-79.3026,43.8018,NULL,NULL,N,NULL,NULL,NULL
1194057,2010,00:00.0,220,2,YONGE ST,AVONDALE AVE,NULL,1,North York,18,32,Intersection,NULL,No Control,Clear,Daylight,Dry,Non-Fatal Injury,Sideswipe,D32,51,Willowdale East (51),-79.41,43.758,NULL,NULL,N,NULL,NULL,NULL