ACCNUM,YEAR,DATE,TIME,HOUR,STREET1,STREET2,OFFSET,ROAD_CLASS,DISTRICT,WARDNUM,DIVISION,LOCCOORD,ACCLOC,TRAFFCTL,VISIBILITY,LIGHT,RDSFCOND,ACCLASS,IMPACTYPE,POLICE_DIVISION,HOOD_ID,NEIGHBOURHOOD,collision_lat,collision_long,red_light_lat,red_light_long,right_light_camera,LINEAR_NAME_FULL_1,LINEAR_NAME_FULL_2,ACTIVATION_DATE
1185756,2010,00:00.0,1234,12,KING ST W,UNIVERSITY AVE,NULL,1,Toronto and East York,10,52,Intersection,At Intersection,Traffic Signal,Clear,Daylight,Dry,Non-Fatal Injury,Cyclist Collisions,D52,76,Bay Street Corridor (76),-79.3847,43.6476,NULL,NULL,N,NULL,NULL,NULL
1234265,2011,00:00.0,1122,11,FINCH AVE E,SANDHURST CRCL,NULL,1,Scarborough,23,42,Intersection,NULL,No Control,Clear,Daylight,Dry,Non-Fatal Injury,SMV Other,D42,129,Agincourt North (129),-79.2627,43.8088,NULL,NULL,N,NULL,NULL,NULL
9000650063,2019,00:00.0,2138,21,DANFORTH RD,TRUDELLE ST,50 m North of,1,Scarborough,21,43,Mid-Block,At/Near Private Drive,No Control,Clear,"Dark, artificial",Dry,Non-Fatal Injury,Turning Movement,D43,138,Eglinton East (138),-79.2455,43.7404,NULL,NULL,N,NULL,NULL,NULL
1208298,2010,00:00.0,620,6,FINCH AVE W,ALBION RD,NULL,1,Etobicoke York,1,23,Intersection,At Intersection,Traffic Signal,Rain,"Dark, artificial",Wet,Non-Fatal Injury,Pedestrian Collisions,D23,2,Mount Olive-Silverstone-Jamestown (2),-79.587,43.7431,NULL,NULL,N,NULL,NULL,NULL
1201907,2010,00:00.0,1825,18,QUEEN Stre E,KENILWORTH Aven,NULL,3,Toronto and East York,19,55,Intersection,NULL,No Control,Clear,Dark,Dry,Non-Fatal Injury,Cyclist Collisions,D55,63,The Beaches (63),-79.3018,43.6696,NULL,NULL,N,NULL,NULL,NULL
1191582,2010,00:00.0,2309,23,LAKE SHORE BLVD W,COLBORNE LODGE DR,NULL,1,Toronto and East York,4,11,Intersection,At Intersection,Traffic Signal,Clear,Dark,Dry,Fatal,Cyclist Collisions,D11,85,South Parkdale (85),-79.4589,43.6379,NULL,NULL,N,NULL,NULL,NULL
1234879,2011,00:00.0,1430,14,FINCH AVE E,DORIS AVE,NULL,1,North York,18,32,Intersection,At Intersection,Traffic Signal,Clear,Daylight,Wet,Non-Fatal Injury,Pedestrian Collisions,D32,51,Willowdale East (51),-79.4122,43.7804,NULL,NULL,N,NULL,NULL,NULL
1185601,2010,00:00.0,1338,13,GERRARD ST E,NASMITH AVE,NULL,3,Toronto and East York,13,51,Intersection,NULL,No Control,Rain,Daylight,Wet,Non-Fatal Injury,Rear End,D51,72,Regent Park (72),-79.3622,43.6629,NULL,NULL,N,NULL,NULL,NULL
1205835,2010,00:00.0,421,4,422 BRIMORTON DR,NULL,NULL,2,Scarborough,24,43,Mid-Block,NULL,No Control,Clear,Dark,Dry,Fatal,SMV Other,D43,137,Woburn (137),-79.2375,43.769,NULL,NULL,N,NULL,NULL,NULL
1212390,2010,00:00.0,821,8,4472 STEELES AVE E,NULL,NULL,1,Scarborough,22,42,Mid-Block,NULL,No Control,Clear,Daylight,Dry,Non-Fatal Injury,Pedestrian Collisions,D42,116,Steeles (116),-79.3149,43.8218,NULL,NULL,N,NULL,NULL,NULL
9001591969,2019,00:00.0,1130,11,SHEPPARD AVE E,MIDLAND AVE,NULL,1,Scarborough,NULL,42,Intersection,At Intersection,Traffic Signal,Clear,Daylight,Dry,Fatal,Pedestrian Collisions,D42,128,Agincourt South-Malvern West (128),-79.2785,43.7852,NULL,NULL,N,NULL,NULL,NULL
1237144,2011,00:00.0,1930,19,WESTON Road,LANYARD Road,NULL,1,Etobicoke York,7,31,Intersection,At Intersection,Traffic Signal,Clear,Dark,Dry,Non-Fatal Injury,Sideswipe,D31,22,Humbermede (22),-79.5415,43.7482,NULL,NULL,N,NULL,NULL,NULL
1194056,2010,00:00.0,2350,23,KINGSTON RD,KALMAR AVE,NULL,1,Scarborough,20,41,Intersection,NULL,No Control,Clear,Dark,Dry,Non-Fatal Injury,Pedestrian Collisions,D41,122,Birchcliffe-Cliffside (122),-79.2678,43.6897,NULL,NULL,N,NULL,NULL,NULL
1278086,2012,00:00.0,1428,14,STEELES AVE W,ISLINGTON AVE,NULL,1,Etobicoke York,7,31,Intersection,At Intersection,Traffic Signal,Clear,Daylight,Dry,Fatal,Turning Movement,D31,21,Humber Summit (21),-79.5748,43.7643,-79.5748,43.7643,Y,Steeles Ave W,Islington Ave,2008-10-28
1226172,2011,00:00.0,319,3,SHEPPARD AVE W,WESTON RD,NULL,1,Etobicoke York,7,31,Intersection,At Intersection,Traffic Signal,Rain,Dark,Wet,Non-Fatal Injury,SMV Other,D31,22,Humbermede (22),-79.5381,43.7337,NULL,NULL,N,NULL,NULL,NULL
1232425,2011,00:00.0,1628,16,EGLINTON AVE W,HEDDINGTON AVE,NULL,1,North York,NULL,53,Intersection,At Intersection,Traffic Signal,Clear,Daylight,Dry,Non-Fatal Injury,Rear End,D53,101,Forest Hill South (101),-79.4138,43.7034,NULL,NULL,N,NULL,NULL,NULL
1202163,2010,00:00.0,2250,22,DIXON RD,KIPLING AVE,NULL,1,Etobicoke York,NULL,23,Intersection,At Intersection,Traffic Signal,Rain,Dark,Wet,Non-Fatal Injury,Pedestrian Collisions,D23,6,Kingsview Village-The Westway (6),-79.5585,43.6942,NULL,NULL,N,NULL,NULL,NULL
1202192,2010,00:00.0,1945,19,PARLIAMENT ST,GERRARD ST E,NULL,3,Toronto and East York,13,51,Intersection,At Intersection,Traffic Signal,Clear,Dark,Dry,Non-Fatal Injury,Pedestrian Collisions,D51,72,Regent Park (72),-79.3669,43.6619,NULL,NULL,N,NULL,NULL,NULL
1182546,2010,00:00.0,830,8,EGLINTON AVE W,SATELLITE DR,NULL,1,Etobicoke York,2,22,Intersection,At Intersection,Traffic Signal,Clear,Daylight,Dry,Non-Fatal Injury,Pedestrian Collisions,D22,11,Eringate-Centennial-West Deane (11),-79.603,43.6515,NULL,NULL,N,NULL,NULL,NULL
1176798,2010,00:00.0,2100,21,KIPLING AVE,THE QUEENSWAY,NULL,1,Etobicoke York,3,22,Intersection,At Intersection,Traffic Signal,Clear,Dark,Dry,Non-Fatal Injury,Turning Movement,D22,14,Islington-City Centre West (14),-79.5266,43.6209,NULL,NULL,N,NULL,NULL,NULL
1207741,2010,00:00.0,1820,18,322 THE WESTWAY,NULL,NULL,3,Etobicoke York,2,23,Mid-Block,NULL,No Control,Clear,Dark,Dry,Non-Fatal Injury,Pedestrian Collisions,D23,7,Willowridge-Martingrove-Richview (7),-79.5576,43.6853,NULL,NULL,N,NULL,NULL,NULL
1236980,2011,00:00.0,2210,22,LAWRENCE AVE W,VARNA DR,NULL,1,North York,8,NULL,Intersection,At Intersection,Traffic Signal,Clear,Dark,Dry,Non-Fatal Injury,Turning Movement,D13,32,Englemount-Lawrence (32),-79.4376,43.7174,NULL,NULL,N,NULL,NULL,NULL
1201108,2010,00:00.0,1740,17,SHEPPARD AVE E,REAN DR,NULL,1,North York,17,33,Intersection,At Intersection,Traffic Signal,Clear,Dark,Dry,Non-Fatal Injury,Turning Movement,D33,52,Bayview Village (52),-79.383,43.7677,NULL,NULL,N,NULL,NULL,NULL
1180034,2010,00:00.0,1011,10,SPADINA AVE,ST ANDREW ST,NULL,1,Toronto and East York,11,NULL,Intersection,NULL,Traffic Signal,Clear,Daylight,Dry,Non-Fatal Injury,Pedestrian Collisions,D52,78,Kensington-Chinatown (78),-79.3985,43.6543,NULL,NULL,N,NULL,NULL,NULL
1192618,2010,00:00.0,1810,18,FINCH AVE W,PEARLDALE AVE,NULL,1,Etobicoke York,7,31,Intersection,At Intersection,Traffic Signal,Clear,Daylight,Dry,Non-Fatal Injury,Pedestrian Collisions,D31,22,Humbermede (22),-79.5623,43.7477,NULL,NULL,N,NULL,NULL,NULL
1240761,2011,00:00.0,2225,22,KEELE St,GRANDRAVINE Dr,NULL,1,North York,6,31,Mid-Block,NULL,No Control,Clear,Dark,Dry,Non-Fatal Injury,Pedestrian Collisions,D31,27,York University Heights (27),-79.488,43.7515,NULL,NULL,N,NULL,NULL,NULL
1255302,2011,00:00.0,1930,19,LANSDOWNE Aven,RIDEAU Aven,NULL,3,Toronto and East York,4,11,Mid-Block,NULL,No Control,Clear,"Dark, artificial",Dry,Non-Fatal Injury,Cyclist Collisions,D11,86,Roncesvalles (86),-79.4384,43.6454,NULL,NULL,N,NULL,NULL,NULL
1261370,2011,00:00.0,1830,18,SIMCOE ST,WELLINGTON ST W,NULL,3,Toronto and East York,10,52,Intersection,At Intersection,Traffic Signal,Clear,Daylight,Dry,Non-Fatal Injury,Pedestrian Collisions,D52,76,Bay Street Corridor (76),-79.3855,43.646,-79.3855,43.646,Y,Simcoe St,Wellington St W,2017-08-08
1239766,2011,00:00.0,1935,19,THE ESPLANADE,BERKELEY Stre,NULL,2,Toronto and East York,NULL,51,Intersection,NULL,Traffic Signal,Clear,Daylight,Dry,Non-Fatal Injury,SMV Other,D51,77,Waterfront Communities-The Island (77),-79.3635,43.6501,NULL,NULL,N,NULL,NULL,NULL
9001763544,2019,00:00.0,511,5,333 SHERBOURNE ST,NULL,NULL,3,Toronto and East York,13,51,Mid-Block,At/Near Private Drive,No Control,Clear,"Daylight, artificial",Dry,Non-Fatal Injury,Cyclist Collisions,D51,73,Moss Park (73),-79.3726,43.6621,NULL,NULL,N,NULL,NULL,NULL
1209188,2010,00:00.0,2242,22,DUNDAS ST E,GEORGE ST,NULL,1,Toronto and East York,13,51,Mid-Block,NULL,No Control,Clear,Dark,Dry,Non-Fatal Injury,SMV Other,D51,73,Moss Park (73),-79.3729,43.6577,NULL,NULL,N,NULL,NULL,NULL
9001911446,2019,00:00.0,955,9,EGLINTON AVE W,HEDDINGTON AVE,NULL,1,North York,NULL,53,Intersection,At Intersection,Traffic Signal,Clear,Daylight,Dry,Non-Fatal Injury,Pedestrian Collisions,D53,101,Forest Hill South (101),-79.4138,43.7034,NULL,NULL,N,NULL,NULL,NULL
9001818682,2019,00:00.0,1430,14,KINGSTON RD,OVERTURE RD,170 m East of,1,Scarborough,24,43,Mid-Block,Non Intersection,No Control,Clear,Daylight,Dry,Non-Fatal Injury,Pedestrian Collisions,D43,136,West Hill (136),-79.1963,43.7601,NULL,NULL,N,NULL,NULL,NULL
9001821850,2019,00:00.0,2242,22,MCCOWAN RD,HOLLYHEDGE DR,NULL,1,Scarborough,21,43,Intersection,At Intersection,No Control,Clear,Dark,Dry,Non-Fatal Injury,Turning Movement,D43,127,Bendale (127),-79.2446,43.7534,NULL,NULL,N,NULL,NULL,NULL
9001921394,2019,00:00.0,1611,16,DUPONT ST,BEDFORD RD,NULL,3,Toronto and East York,11,53,Intersection,At Intersection,No Control,Clear,Daylight,Dry,Non-Fatal Injury,Cyclist Collisions,D53,95,Annex (95),-79.4005,43.6762,NULL,NULL,N,NULL,NULL,NULL
9001959130,2019,00:00.0,1821,18,LAWRENCE AVE E,CROCKFORD BLVD,NULL,1,Scarborough,21,41,Intersection,At Intersection,Traffic Signal,Clear,Daylight,Dry,Non-Fatal Injury,Pedestrian Collisions,D41,119,Wexford/Maryvale (119),-79.2912,43.746,NULL,NULL,N,NULL,NULL,NULL
1193019,2010,00:00.0,1619,16,FRONT ST W,BLUE JAYS WAY,NULL,3,Toronto and East York,10,52,Intersection,At Intersection,Traffic Signal,Rain,Daylight,Wet,Non-Fatal Injury,Turning Movement,D52,77,Waterfront Communities-The Island (77),-79.3912,43.6434,NULL,NULL,N,NULL,NULL,NULL
1184541,2010,00:00.0,1343,13,230 ROSETHORN AVE,NULL,NULL,4,Etobicoke York,5,12,Mid-Block,NULL,No Control,Rain,Daylight,Wet,Non-Fatal Injury,Pedestrian Collisions,D12,110,Keelesdale-Eglinton West (110),-79.4645,43.683,NULL,NULL,N,NULL,NULL,NULL
1277797,2011,00:00.0,1700,17,BELLAMY Road N,BURNVIEW Cres,NULL,3,Scarborough,NULL,43,Intersection,At Intersection,No Control,Clear,Daylight,Dry,Non-Fatal Injury,Rear End,D43,137,Woburn (137),-79.2341,43.7539,NULL,NULL,N,NULL,NULL,NULL
9001103097,2019,00:00.0,48,0,QUEEN ST W,DUFFERIN ST,NULL,1,Toronto and East York,NULL,NULL,Intersection,At Intersection,Traffic Signal,Clear,"Dark, artificial",Dry,Non-Fatal Injury,Cyclist Collisions,D14,85,South Parkdale (85),-79.4286,43.6421,NULL,NULL,N,NULL,NULL,NULL
1196819,2010,00:00.0,817,8,INTERNATIONAL BLVD,CARLINGVIEW DR,NULL,1,Etobicoke York,1,23,Intersection,At Intersection,Traffic Signal,Clear,Daylight,Dry,Non-Fatal Injury,Pedestrian Collisions,D23,1,West Humber-Clairville (1),-79.591,43.6768,NULL,NULL,N,NULL,NULL,NULL
1192115,2010,00:00.0,855,8,BATHURST ST,SHEPPARD AVE W,NULL,1,North York,6,32,Intersection,At Intersection,Traffic Signal,Clear,Daylight,Dry,Non-Fatal Injury,Turning Movement,D32,34,Bathurst Manor (34),-79.4384,43.7554,-79.4384,43.7554,Y,Bathurst St,Sheppard Ave W,2007-11-09
1183570,2010,00:00.0,1019,10,COSBURN Ave,WOODBINE Ave,NULL,1,Toronto and East York,19,54,Intersection,At Intersection,Traffic Signal,Clear,Daylight,Dry,Non-Fatal Injury,Cyclist Collisions,D54,60,Woodbine-Lumsden (60),-79.3173,43.6964,NULL,NULL,N,NULL,NULL,NULL
1119919,2020,00:00.0,958,9,WOODBINE AVE,CORLEY AVE,NULL,1,Toronto East York,19,55,Intersection,At Intersection,Traffic Signal,Clear,Daylight,Dry,Non-Fatal Injury,Pedestrian Collisions,D55,62,East End-Danforth (62),-79.3089,43.6763,NULL,NULL,N,NULL,NULL,NULL
9001076374,2019,00:00.0,1305,13,ST CLAIR AVE E,NORTH WOODROW BLVD,NULL,1,Scarborough,20,41,Intersection,At Intersection,No Control,Clear,Daylight,Dry,Non-Fatal Injury,Pedestrian Collisions,D41,120,Clairlea-Birchmount (120),-79.2667,43.7151,NULL,NULL,N,NULL,NULL,NULL
987519,2020,00:00.0,44,0,LAWRENCE AVE E,MARKHAM RD,45 m West of,1,Scarborough,24,43,Mid-Block,Non Intersection,No Control,Clear,"Dark, artificial",Dry,Non-Fatal Injury,Turning Movement,D43,137,Woburn (137),-79.2267,43.7594,NULL,NULL,N,NULL,NULL,NULL
1253770,2011,00:00.0,1355,13,LUMSDEN AVE,OAK PARK AVE,NULL,3,Toronto and East York,19,54,Intersection,At Intersection,Stop Sign,Clear,Daylight,Dry,Non-Fatal Injury,Pedestrian Collisions,D54,60,Woodbine-Lumsden (60),-79.3103,43.6939,NULL,NULL,N,NULL,NULL,NULL
1302166,2020,00:00.0,135,1,SOUTH KINGSWAY,QUEENSWAY S KINGSWAY RAMP,2 m South of,NULL,NULL,NULL,NULL,Mid-Block,Non Intersection,No Control,Clear,Dark,Dry,Non-Fatal Injury,Angle,D11,87,High Park-Swansea (87),-79.4744,43.636,NULL,NULL,N,NULL,NULL,NULL
9001143584,2019,00:00.0,1315,13,REGENT PARK BLVD,NULL,NULL,1,Toronto and East York,13,51,Intersection,At Intersection,Traffic Signal,Clear,Daylight,Dry,Fatal,Pedestrian Collisions,D51,72,Regent Park (72),-79.3617,43.6602,NULL,NULL,N,NULL,NULL,NULL
2019769,2020,00:00.0,1621,16,DUPONT ST,CHRISTIE ST,NULL,1,Toronto and East York,11,14,Intersection,Intersection Related,Traffic Signal,Clear,Daylight,Dry,Fatal,Pedestrian Collisions,D14,95,Annex (95),-79.4215,43.6715,NULL,NULL,N,NULL,NULL,NULL
1247513,2011,00:00.0,1707,17,QUEEN Stre E,MC GEE Stre,NULL,3,Toronto and East York,14,55,Intersection,At Intersection,No Control,Clear,Daylight,Dry,Non-Fatal Injury,Pedestrian Collisions,D55,70,South Riverdale (70),-79.3454,43.6598,NULL,NULL,N,NULL,NULL,NULL
608251,2020,00:00.0,1845,18,LASCELLES BLVD,FROBISHER AVE,NULL,4,Toronto East York,12,53,Intersection,At Intersection,Stop Sign,Clear,"Dark, artificial",Dry,Non-Fatal Injury,SMV Other,D53,100,Yonge-Eglinton (100),-79.4001,43.6964,NULL,NULL,N,NULL,NULL,NULL
1055551,2020,00:00.0,1656,16,555 WILSON HEIGHTS BLVD,NULL,NULL,3,North York,NULL,NULL,Mid-Block,At/Near Private Drive,No Control,Clear,Daylight,Dry,Non-Fatal Injury,Cyclist Collisions,D32,33,Clanton Park (33),-79.4562,43.751,NULL,NULL,N,NULL,NULL,NULL
1070817,2020,00:00.0,2115,21,LAWRENCE AVE W,VARNA DR,NULL,1,North York,8,NULL,Intersection,At Intersection,Traffic Signal,Rain,"Dark, artificial",Wet,Non-Fatal Injury,Cyclist Collisions,D13,32,Englemount-Lawrence (32),-79.4376,43.7174,NULL,NULL,N,NULL,NULL,NULL
1254646,2011,00:00.0,955,9,FINCH AVE E,KENNETH AVE,NULL,1,North York,18,32,Intersection,At Intersection,Traffic Signal,Clear,Daylight,Dry,Non-Fatal Injury,Pedestrian Collisions,D32,51,Willowdale East (51),-79.4122,43.7804,NULL,NULL,N,NULL,NULL,NULL
9002072643,2019,00:00.0,238,2,NEILSON DR,JEFF DR,112 m South of,4,Etobicoke York,2,22,Mid-Block,Non Intersection,No Control,Rain,Dark,Wet,Non-Fatal Injury,SMV Other,D22,12,Markland Wood (12),-79.5638,43.6308,NULL,NULL,N,NULL,NULL,NULL
9001971045,2019,00:00.0,1215,12,OLD WESTON ROAD,TURNBERRY AVENUE,NULL,3,Toronto and East York,9,12,Intersection,Intersection Related,Traffic Signal,Clear,Daylight,Dry,Non-Fatal Injury,Pedestrian Collisions,D12,91,Weston-Pellam Park (91),-79.4647,43.6783,NULL,NULL,N,NULL,NULL,NULL
9001991012,2019,00:00.0,1548,15,MCCOWAN RD,KINGSTON RD,NULL,1,Scarborough,20,43,Intersection,At Intersection,Traffic Signal,Clear,Daylight,Dry,Non-Fatal Injury,Pedestrian Collisions,D43,123,Cliffcrest (123),-79.2324,43.725,NULL,NULL,N,NULL,NULL,NULL
9002080634,2019,00:00.0,1005,10,ST CLAIR  AVE W,CASTLETON  AVE,NULL,1,Etobicoke York,5,NULL,Intersection,Intersection Related,Stop Sign,Clear,Daylight,Dry,Fatal,Pedestrian Collisions,D11,111,Rockcliffe-Smythe (111),-79.4856,43.6684,NULL,NULL,N,NULL,NULL,NULL
9002099223,2019,00:00.0,2015,20,39 HOWDEN  RD,NULL,NULL,2,Scarborough,21,41,Mid-Block,Non Intersection,No Control,Rain,"Dark, artificial",Wet,Fatal,Pedestrian Collisions,D41,119,Wexford/Maryvale (119),-79.2894,43.7504,NULL,NULL,N,NULL,NULL,NULL
778481,2020,00:00.0,1345,13,347 MORNINGSIDE AVE,NULL,1 m East of,1,Scarborough,NULL,43,Mid-Block,At/Near Private Drive,No Control,Clear,Daylight,Dry,Non-Fatal Injury,Turning Movement,D43,136,West Hill (136),-79.1892,43.7759,NULL,NULL,N,NULL,NULL,NULL
76304,2020,00:00.0,330,3,FRONT ST W,JOHN ST,17 m West of,3,Toronto East York,10,52,Intersection,At Intersection,Traffic Signal,Rain,"Dark, artificial",Wet,Non-Fatal Injury,Pedestrian Collisions,D52,77,Waterfront Communities-The Island (77),-79.3886,43.6438,NULL,NULL,N,NULL,NULL,NULL
105298,2020,00:00.0,540,5,DANZIG ST,MORNINGSIDE AVE,NULL,3,Scarborough,NULL,43,Intersection,At Intersection,Traffic Signal,Rain,"Dark, artificial",Wet,Non-Fatal Injury,Pedestrian Collisions,D43,136,West Hill (136),-79.1848,43.7647,NULL,NULL,N,NULL,NULL,NULL
133203,2020,00:00.0,940,9,F G GARDINER XY  W,YONGE ST,20 m West of,8,Toronto East York,NULL,NULL,Mid-Block,Non Intersection,No Control,Clear,Daylight,Dry,Non-Fatal Injury,SMV Other,D51,77,Waterfront Communities-The Island (77),-79.3751,43.6445,NULL,NULL,N,NULL,NULL,NULL
825994,2020,00:00.0,1538,15,12 QUEENS QUAY W,NULL,NULL,3,Toronto East York,10,52,Mid-Block,At/Near Private Drive,Stop Sign,Rain,Daylight,Wet,Non-Fatal Injury,Cyclist Collisions,D52,77,Waterfront Communities-The Island (77),-79.3759,43.6413,NULL,NULL,N,NULL,NULL,NULL
9002380779,2019,00:00.0,1454,14,SHEPPARD AVE W,SENLAC RD,NULL,1,North York,18,32,Intersection,At Intersection,Traffic Signal,Clear,Daylight,Dry,Fatal,Turning Movement,D32,38,Lansing-Westgate (38),-79.4225,43.7589,NULL,NULL,N,NULL,NULL,NULL
1650875,2020,00:00.0,1238,12,BLOOR ST W,GLADSTONE AVE,9 m South of,NULL,NULL,NULL,NULL,Mid-Block,Non Intersection,No Control,Clear,Daylight,Dry,Non-Fatal Injury,Cyclist Collisions,D14,93,Dovercourt-Wallace Emerson-Junction (93),-79.434,43.6601,NULL,NULL,N,NULL,NULL,NULL
9002468442,2019,00:00.0,657,6,OLD WESTON RD,TURNBERRY AVE,NULL,3,Toronto and East York,9,12,Intersection,At Intersection,Traffic Signal,Clear,Dawn,Wet,Non-Fatal Injury,Pedestrian Collisions,D12,91,Weston-Pellam Park (91),-79.4647,43.6783,NULL,NULL,N,NULL,NULL,NULL
1787576,2020,00:00.0,2058,20,SEWELL'S,KENGATE DR,NULL,NULL,NULL,NULL,NULL,Intersection,Intersection Related,Stop Sign,Clear,"Dark, artificial",Dry,Non-Fatal Injury,Pedestrian Collisions,D42,131,Rouge (131),-79.2029,43.8192,NULL,NULL,N,NULL,NULL,NULL
1789627,2020,00:00.0,615,6,LAWRENCE AVE EAST,CROCKFORD BV,NULL,1,Scarborough,21,41,Intersection,Intersection Related,Traffic Signal,Clear,Dark,Dry,Non-Fatal Injury,Pedestrian Collisions,D41,119,Wexford/Maryvale (119),-79.2912,43.746,NULL,NULL,N,NULL,NULL,NULL
1810261,2020,00:00.0,2314,23,DON VALLEY PKWY S,WYNFORD DR,280 m North of,3,North York,16,33,Mid-Block,Non Intersection,No Control,Clear,Dark,Dry,Non-Fatal Injury,SMV Other,D33,42,Banbury-Don Mills (42),-79.3306,43.7267,NULL,NULL,N,NULL,NULL,NULL
1830669,2020,00:00.0,1754,17,ST CLAIR AVE E,PHARMACY AV,NULL,1,Scarborough,20,41,Intersection,At Intersection,Traffic Signal,Clear,Daylight,Dry,Non-Fatal Injury,Rear End,D41,120,Clairlea-Birchmount (120),-79.2909,43.7098,NULL,NULL,N,NULL,NULL,NULL
1378850,2020,00:00.0,1752,17,BRIMLEY ROAD,MINERVA AVENUE,NULL,3,Scarborough,20,NULL,Intersection,Intersection Related,Stop Sign,Clear,Daylight,Dry,Non-Fatal Injury,Angle,D43,123,Cliffcrest (123),-79.2421,43.7226,NULL,NULL,N,NULL,NULL,NULL
2154297,2020,00:00.0,1245,12,GERVAIS DR,WYNFORD DR,51 m North of,NULL,NULL,NULL,NULL,Mid-Block,Non Intersection,Traffic Signal,Clear,Daylight,Dry,Non-Fatal Injury,Approaching,D33,42,Banbury-Don Mills (42),-79.3364,43.7234,NULL,NULL,N,NULL,NULL,NULL
1567749,2020,00:00.0,1743,17,1602 BATHURST ST,HEATHDALE RD,50 m South of,NULL,NULL,NULL,NULL,Mid-Block,Non Intersection,No Control,Clear,Daylight,Dry,Non-Fatal Injury,Pedestrian Collisions,D13,101,Forest Hill South (101),-79.4205,43.6886,NULL,NULL,N,NULL,NULL,NULL
1573372,2020,00:00.0,1417,14,JARVIS ST,DUNDAS ST E,50 m North of,NULL,NULL,NULL,NULL,Mid-Block,Non Intersection,No Control,Clear,Daylight,Dry,Non-Fatal Injury,Angle,D51,73,Moss Park (73),-79.3745,43.657,NULL,NULL,N,NULL,NULL,NULL
1228966,2020,00:00.0,1920,19,ORMONT DR,WESTON RD,NULL,1,Etobicoke York,7,31,Intersection,Intersection Related,Traffic Signal,Clear,Daylight,Dry,Non-Fatal Injury,Angle,D31,21,Humber Summit (21),-79.5453,43.7648,NULL,NULL,N,NULL,NULL,NULL
1279660,2012,00:00.0,1623,16,FINCH AVE W,WESTON RD,NULL,1,Etobicoke York,7,31,Intersection,At Intersection,Traffic Signal,Clear,"Dusk, artificial",Dry,Non-Fatal Injury,Pedestrian Collisions,D31,21,Humber Summit (21),-79.5423,43.752,NULL,NULL,N,NULL,NULL,NULL
2390427,2020,00:00.0,305,3,ISLINGTON AVENUE,DUNDAS STREET WEST,12 m East of,1,Etobicoke York,2,22,Intersection,Intersection Related,Traffic Signal,Rain,"Dark, artificial",Wet,Non-Fatal Injury,SMV Other,D22,15,Kingsway South (15),-79.5263,43.6513,NULL,NULL,N,NULL,NULL,NULL
1393549,2020,00:00.0,2119,21,881 SHEPPARD AVE W,NULL,NULL,1,North York,6,32,Mid-Block,Non Intersection,No Control,Clear,"Dark, artificial",Dry,Fatal,Pedestrian Collisions,D32,33,Clanton Park (33),-79.4551,43.7519,NULL,NULL,N,NULL,NULL,NULL
144397,2020,00:00.0,1900,19,OAKWOOD AVE,VAUGHAN RD,NULL,3,North York,12,13,Intersection,At Intersection,Traffic Signal,Clear,"Dark, artificial",Wet,Non-Fatal Injury,Turning Movement,D13,107,Oakwood Village (107),-79.4408,43.6925,NULL,NULL,N,NULL,NULL,NULL
2266275,2020,00:00.0,1829,18,SHEPPARD AVE,WARDEN AVE,5 m East of,1,Scarborough,22,42,Intersection,At Intersection,Traffic Signal,Rain,"Dark, artificial",Wet,Non-Fatal Injury,Pedestrian Collisions,D42,118,Tam O'Shanter-Sullivan (118),-79.3078,43.7787,NULL,NULL,N,NULL,NULL,NULL
1411275,2020,00:00.0,845,8,MIDLAND AVE,COPTHORNE AVE,NULL,1,Scarborough,NULL,42,Intersection,At Intersection,Traffic Signal,Clear,Daylight,Dry,Non-Fatal Injury,Pedestrian Collisions,D42,130,Milliken (130),-79.2948,43.8207,NULL,NULL,N,NULL,NULL,NULL
1417758,2020,00:00.0,953,9,OSSINGTON AVE,746 OSSINGTON AVE,3 m East of,3,Toronto and East York,NULL,14,Mid-Block,Non Intersection,No Control,Clear,Daylight,Dry,Non-Fatal Injury,Pedestrian Collisions,D14,93,Dovercourt-Wallace Emerson-Junction (93),-79.4258,43.6624,NULL,NULL,N,NULL,NULL,NULL
1488478,2020,00:00.0,1345,13,KINGSTON RD,BROOKLAWN AVE,NULL,1,Scarborough,20,43,Intersection,Intersection Related,Traffic Signal,Clear,Daylight,Dry,Non-Fatal Injury,Rear End,D43,123,Cliffcrest (123),-79.2361,43.7218,NULL,NULL,N,NULL,NULL,NULL
1250828,2011,00:00.0,847,8,SHEPPARD Aven E,MORNINGSIDE Aven,NULL,1,Scarborough,25,42,Mid-Block,NULL,No Control,Clear,Daylight,Dry,Non-Fatal Injury,Rear End,D42,131,Rouge (131),-79.1982,43.8022,NULL,NULL,N,NULL,NULL,NULL
2134679,2020,00:00.0,1430,14,FINCH AVE E,4168 Finch Ave. E.,5 m East of,1,Scarborough,22,42,NULL,At/Near Private Drive,No Control,Clear,Daylight,Dry,Non-Fatal Injury,Pedestrian Collisions,D42,128,Agincourt South-Malvern West (128),-79.2888,43.8031,NULL,NULL,N,NULL,NULL,NULL