ACCNUM,YEAR,DATE,TIME,HOUR,STREET1,STREET2,OFFSET,ROAD_CLASS,DISTRICT,WARDNUM,DIVISION,LOCCOORD,ACCLOC,TRAFFCTL,VISIBILITY,LIGHT,RDSFCOND,ACCLASS,IMPACTYPE,POLICE_DIVISION,HOOD_ID,NEIGHBOURHOOD,collision_lat,collision_long,red_light_lat,red_light_long,right_light_camera,LINEAR_NAME_FULL_1,LINEAR_NAME_FULL_2,ACTIVATION_DATE
1259641,2011,00:00.0,2145,21,DON VALLEY PARKWAY  S,LAWRENCE AVE E,NULL,NULL,North York,16,33,Mid-Block,NULL,No Control,Clear,Dark,Dry,Non-Fatal Injury,Rear End,D33,42,Banbury-Don Mills (42),-79.3322,43.7401,NULL,NULL,N,NULL,NULL,NULL
9002407490,2019,00:00.0,720,7,LAWRENCE AVE W,ALLEN X N LAWRENCE RAMP,NULL,1,North York,8,NULL,Intersection,At Intersection,Traffic Signal,Rain,Daylight,Wet,Non-Fatal Injury,Turning Movement,D13,32,Englemount-Lawrence (32),-79.4431,43.7162,NULL,NULL,N,NULL,NULL,NULL
1269753,2011,00:00.0,1659,16,WESTACRES Driv,KEELE Stre,NULL,1,Etobicoke York,5,12,Intersection,At Intersection,Stop Sign,Clear,Daylight,Dry,Non-Fatal Injury,Pedestrian Collisions,D12,112,Beechborough-Greenbrook (112),-79.4748,43.6949,NULL,NULL,N,NULL,NULL,NULL
2202286,2020,00:00.0,1643,16,ROYAL YORK RD,JUDSON ST,NULL,3,Etobicoke York,3,22,Intersection,At Intersection,No Control,Clear,Dusk,Dry,Fatal,Cyclist Collisions,D22,17,Mimico (17),-79.4983,43.6161,NULL,NULL,N,NULL,NULL,NULL
1241593,2011,00:00.0,2345,23,DON VALLEY PARKWAY  N,EASTERN AVE DIVERSION,NULL,NULL,Toronto and East York,14,55,Mid-Block,Non Intersection,No Control,Clear,Dark,Dry,Non-Fatal Injury,Rear End,D55,70,South Riverdale (70),-79.352,43.6563,NULL,NULL,N,NULL,NULL,NULL
1279220,2012,00:00.0,1800,18,GERRARD ST E,BROADVIEW AVE,NULL,3,Toronto and East York,14,55,Intersection,At Intersection,Traffic Signal,Clear,"Dark, artificial",Dry,Non-Fatal Injury,Pedestrian Collisions,D55,70,South Riverdale (70),-79.3525,43.6654,NULL,NULL,N,NULL,NULL,NULL
1257763,2011,00:00.0,1945,19,JANE St,COURAGE Ave,NULL,1,Etobicoke York,7,31,Intersection,At Intersection,No Control,Clear,Dark,Dry,Non-Fatal Injury,Pedestrian Collisions,D31,25,Glenfield-Jane Heights (25),-79.5145,43.7448,NULL,NULL,N,NULL,NULL,NULL
1250588,2011,00:00.0,1915,19,BLOOR ST W,CLISSOLD RD,NULL,1,Etobicoke York,3,22,Intersection,NULL,No Control,Clear,Daylight,Dry,Non-Fatal Injury,Rear End,D22,14,Islington-City Centre West (14),-79.5244,43.6444,NULL,NULL,N,NULL,NULL,NULL
1250055,2011,00:00.0,100,1,STEELES AVE E,STAINES RD,NULL,1,Scarborough,23,42,Mid-Block,NULL,No Control,Clear,Dark,Dry,Non-Fatal Injury,Approaching,D42,131,Rouge (131),-79.2376,43.8396,NULL,NULL,N,NULL,NULL,NULL
1255918,2011,00:00.0,1617,16,O CONNOR Driv,DOHME Aven,NULL,1,Toronto and East York,19,54,Intersection,At Intersection,Traffic Signal,Clear,Daylight,Dry,Non-Fatal Injury,Pedestrian Collisions,D54,54,O'Connor-Parkview (54),-79.3089,43.7105,NULL,NULL,N,NULL,NULL,NULL
1266373,2011,00:00.0,1910,19,MOUNT PLEASANT Road,KEEWATIN Aven,NULL,1,North York,15,53,Intersection,At Intersection,Stop Sign,Clear,Dark,Dry,Non-Fatal Injury,Turning Movement,D53,99,Mount Pleasant East (99),-79.3921,43.7137,NULL,NULL,N,NULL,NULL,NULL
1271678,2011,00:00.0,2020,20,FINCH Aven W,KIPLING Aven,NULL,1,Etobicoke York,1,23,Intersection,NULL,No Control,Clear,Dark,Dry,Non-Fatal Injury,Pedestrian Collisions,D23,3,Thistletown-Beaumond Heights (3),-79.5819,43.7432,NULL,NULL,N,NULL,NULL,NULL
1288652,2012,00:00.0,1438,14,LAWRENCE Aven E,MILDENHALL Road,NULL,1,North York,15,NULL,Mid-Block,NULL,No Control,Clear,Daylight,Dry,Non-Fatal Injury,Rear End,D53,41,Bridle Path-Sunnybrook-York Mills (41),-79.387,43.7282,NULL,NULL,N,NULL,NULL,NULL
1260759,2011,00:00.0,1515,15,QUEEN ST E,HASTINGS AVE,NULL,3,Toronto and East York,14,55,Intersection,NULL,No Control,Clear,Daylight,Dry,Non-Fatal Injury,Pedestrian Collisions,D55,70,South Riverdale (70),-79.3289,43.6635,NULL,NULL,N,NULL,NULL,NULL
1267274,2011,00:00.0,1830,18,LAWRENCE AVE E,TOWNLEY AVE,NULL,1,Scarborough,21,41,Intersection,At Intersection,No Control,Clear,"Dusk, artificial",Dry,Fatal,Pedestrian Collisions,D41,119,Wexford/Maryvale (119),-79.3072,43.7426,NULL,NULL,N,NULL,NULL,NULL
1272572,2011,00:00.0,1745,17,MCCOWAN RD,FINCH AVE E,NULL,1,Scarborough,23,42,Intersection,At Intersection,Traffic Signal,Clear,"Dark, artificial",Dry,Non-Fatal Injury,Pedestrian Collisions,D42,129,Agincourt North (129),-79.2664,43.808,NULL,NULL,N,NULL,NULL,NULL
1282583,2011,00:00.0,1826,18,DUFFERIN ST,LIVINGSTONE AVE,NULL,1,North York,8,13,Intersection,NULL,Stop Sign,Rain,Dusk,Wet,Non-Fatal Injury,Pedestrian Collisions,D13,108,Briar Hill-Belgravia (108),-79.4507,43.6964,NULL,NULL,N,NULL,NULL,NULL
1290476,2012,00:00.0,1505,15,BROADVIEW AVE,BAIN AVE,NULL,3,Toronto and East York,14,55,Intersection,NULL,No Control,Clear,Daylight,Dry,Non-Fatal Injury,Pedestrian Collisions,D55,68,North Riverdale (68),-79.3538,43.6704,NULL,NULL,N,NULL,NULL,NULL
1282294,2012,00:00.0,2356,23,BATHURST ST,MCALLISTER RD,NULL,1,North York,6,32,Intersection,NULL,No Control,Clear,"Dark, artificial",Dry,Non-Fatal Injury,Pedestrian Collisions,D32,38,Lansing-Westgate (38),-79.4379,43.7534,NULL,NULL,N,NULL,NULL,NULL
1267808,2011,00:00.0,1515,15,WELLINGTON ST W,BLUE JAYS WAY,NULL,2,Toronto and East York,10,52,Intersection,NULL,Traffic Signal,Clear,Daylight,Dry,Non-Fatal Injury,Pedestrian Collisions,D52,77,Waterfront Communities-The Island (77),-79.3917,43.6447,NULL,NULL,N,NULL,NULL,NULL
1258477,2011,00:00.0,640,6,KIPLING Aven,FROST Stre,NULL,1,Etobicoke York,1,23,Intersection,NULL,No Control,Rain,Daylight,Wet,Non-Fatal Injury,Pedestrian Collisions,D23,4,Rexdale-Kipling (4),-79.5678,43.7141,NULL,NULL,N,NULL,NULL,NULL
1248878,2011,00:00.0,1808,18,DUFFERIN Stre,STEEPROCK Driv,NULL,1,North York,6,32,Intersection,At Intersection,Traffic Signal,Clear,Daylight,Dry,Non-Fatal Injury,Turning Movement,D32,34,Bathurst Manor (34),-79.4651,43.761,NULL,NULL,N,NULL,NULL,NULL
1249168,2011,00:00.0,2110,21,F G GARDINER XY Expr E,427 X S GARDINER X E RAMP,NULL,NULL,Etobicoke York,3,22,Mid-Block,NULL,No Control,Clear,Dark,Dry,Non-Fatal Injury,Rear End,D22,20,Alderwood (20),-79.5343,43.616,NULL,NULL,N,NULL,NULL,NULL
1244530,2011,00:00.0,28,0,BAYVIEW Ave,MCKEE Ave,NULL,1,North York,NULL,NULL,Mid-Block,NULL,No Control,Clear,"Dark, artificial",Dry,Non-Fatal Injury,Pedestrian Collisions,D33,52,Bayview Village (52),-79.3907,43.7788,NULL,NULL,N,NULL,NULL,NULL
1247356,2011,00:00.0,1322,13,DANFORTH AVE,BYRON AVE,NULL,1,Toronto and East York,14,NULL,Intersection,NULL,No Control,Clear,Daylight,Dry,Non-Fatal Injury,Pedestrian Collisions,D55,66,Danforth (66),-79.3353,43.6808,NULL,NULL,N,NULL,NULL,NULL
1291089,2012,00:00.0,110,1,YONGE Stre,EGLINTON Aven E,NULL,1,North York,NULL,53,Mid-Block,NULL,No Control,Clear,Dark,Dry,Non-Fatal Injury,Pedestrian Collisions,D53,104,Mount Pleasant West (104),-79.3984,43.7073,NULL,NULL,N,NULL,NULL,NULL
1264317,2011,00:00.0,1704,17,MILNER Aven,MORNINGSIDE Aven,NULL,1,Scarborough,25,42,Intersection,NULL,Traffic Signal,Clear,"Dusk, artificial",Wet,Non-Fatal Injury,Rear End,D42,131,Rouge (131),-79.199,43.8002,-79.199,43.8002,Y,Morningside Ave,Milner Ave,2017-03-10
1280050,2012,00:00.0,404,4,DUNDAS ST E,GEORGE ST,NULL,1,Toronto and East York,13,51,Mid-Block,At Intersection,No Control,Clear,"Dark, artificial",Loose Snow,Non-Fatal Injury,SMV Other,D51,73,Moss Park (73),-79.3729,43.6577,NULL,NULL,N,NULL,NULL,NULL
1305187,2012,00:00.0,1720,17,COLLEGE ST,BORDEN ST,NULL,1,Toronto and East York,11,14,Intersection,At Intersection,No Control,Clear,Daylight,Dry,Non-Fatal Injury,Cyclist Collisions,D14,79,University (79),-79.4051,43.6571,NULL,NULL,N,NULL,NULL,NULL
1278387,2011,00:00.0,1830,18,BRIMWOOD BLVD,SANDHURST CRCL,NULL,2,Scarborough,23,42,Intersection,NULL,Stop Sign,Rain,Dark,Wet,Non-Fatal Injury,Pedestrian Collisions,D42,129,Agincourt North (129),-79.2709,43.8109,NULL,NULL,N,NULL,NULL,NULL
1278438,2011,00:00.0,2252,22,BROADVIEW AVE,GERRARD ST E,NULL,3,Toronto and East York,14,55,Intersection,At Intersection,Traffic Signal,Clear,Dark,Dry,Non-Fatal Injury,Pedestrian Collisions,D55,70,South Riverdale (70),-79.3525,43.6654,NULL,NULL,N,NULL,NULL,NULL
1256431,2011,00:00.0,1604,16,GERRARD Stre E,SCARBOROUGH Road,NULL,3,Toronto and East York,19,55,Intersection,At Intersection,Stop Sign,Clear,Daylight,Dry,Non-Fatal Injury,Turning Movement,D55,62,East End-Danforth (62),-79.2894,43.6862,NULL,NULL,N,NULL,NULL,NULL
1249781,2011,00:00.0,2318,23,QUEEN ST W,YORK ST,NULL,1,Toronto and East York,10,52,Mid-Block,NULL,No Control,Clear,Dark,Dry,Non-Fatal Injury,Pedestrian Collisions,D52,76,Bay Street Corridor (76),-79.3834,43.6515,NULL,NULL,N,NULL,NULL,NULL
1323889,2012,00:00.0,1110,11,KING Stre W,BAY Stre,NULL,1,Toronto and East York,10,52,Mid-Block,NULL,No Control,Clear,Daylight,Dry,Non-Fatal Injury,Cyclist Collisions,D52,76,Bay Street Corridor (76),-79.3817,43.6482,NULL,NULL,N,NULL,NULL,NULL
1317668,2012,00:00.0,1044,10,EGLINTON Ave W,ALAMEDA Ave,NULL,1,North York,NULL,13,Mid-Block,NULL,No Control,Clear,Daylight,Dry,Non-Fatal Injury,Pedestrian Collisions,D13,107,Oakwood Village (107),-79.4408,43.6976,NULL,NULL,N,NULL,NULL,NULL
1324885,2012,00:00.0,1000,10,DON MILLS RD,THE DONWAY  E,NULL,1,North York,16,33,Intersection,NULL,Traffic Signal,Clear,Daylight,Dry,Non-Fatal Injury,Pedestrian Collisions,D33,42,Banbury-Don Mills (42),-79.342,43.7322,NULL,NULL,N,NULL,NULL,NULL
1324692,2012,00:00.0,1820,18,SHUTER Stre,CHURCH Stre,NULL,3,Toronto and East York,13,51,Intersection,At Intersection,Traffic Signal,Clear,"Dark, artificial",Dry,Non-Fatal Injury,Cyclist Collisions,D51,75,Church-Yonge Corridor (75),-79.3764,43.6548,NULL,NULL,N,NULL,NULL,NULL
1075854,2008,00:00.0,145,1,COLLEGE ST,MARKHAM ST,NULL,1,Toronto and East York,11,14,Intersection,At Intersection,Stop Sign,Clear,Dark,Dry,Non-Fatal Injury,Pedestrian Collisions,D14,80,Palmerston-Little Italy (80),-79.4089,43.6562,NULL,NULL,N,NULL,NULL,NULL
1094001,2009,00:00.0,1725,17,YONGE ST,HARLANDALE AVE W,NULL,1,North York,18,32,Intersection,NULL,No Control,Clear,Daylight,Dry,Non-Fatal Injury,Pedestrian Collisions,D32,51,Willowdale East (51),-79.4111,43.7623,NULL,NULL,N,NULL,NULL,NULL
1088222,2009,00:00.0,1116,11,EGLINTON AVE E,SLOANE AVE,NULL,1,North York,16,NULL,Intersection,NULL,Traffic Signal,Clear,Daylight,Dry,Non-Fatal Injury,Pedestrian Collisions,D33,43,Victoria Village (43),-79.3134,43.726,NULL,NULL,N,NULL,NULL,NULL
1107097,2009,00:00.0,553,5,ANNETTE ST,KEELE ST,NULL,1,Toronto and East York,4,11,Intersection,At Intersection,Traffic Signal,Rain,Dawn,Wet,Non-Fatal Injury,Angle,D11,90,Junction Area (90),-79.4637,43.6636,NULL,NULL,N,NULL,NULL,NULL
1075851,2008,00:00.0,1943,19,NEILSON Rd,MCLEVIN Ave,NULL,3,Scarborough,NULL,42,Intersection,NULL,Traffic Signal,Clear,Daylight,Dry,Non-Fatal Injury,SMV Other,D42,132,Malvern (132),-79.2216,43.8091,-79.2216,43.8091,Y,Neilson Rd,McLevin Ave,2017-06-05
1109820,2009,00:00.0,1708,17,KEELE ST,DUNDAS ST W,NULL,1,Toronto and East York,4,11,Mid-Block,NULL,No Control,Rain,Daylight,Wet,Fatal,Pedestrian Collisions,D11,90,Junction Area (90),-79.4643,43.6649,NULL,NULL,N,NULL,NULL,NULL
1099302,2009,00:00.0,308,3,YONGE ST,WILLIAM CARSON CRES,NULL,1,North York,NULL,32,Mid-Block,NULL,No Control,Clear,Dark,Dry,Non-Fatal Injury,Pedestrian Collisions,D32,40,St.Andrew-Windfields (40),-79.408,43.7521,NULL,NULL,N,NULL,NULL,NULL
1091289,2009,00:00.0,1930,19,HUMBER COLLEGE Boul,WINDWOOD Driv,NULL,3,Etobicoke York,1,23,Mid-Block,NULL,Pedestrian Crossover,Rain,Dark,Wet,Non-Fatal Injury,Pedestrian Collisions,D23,1,West Humber-Clairville (1),-79.6066,43.7307,NULL,NULL,N,NULL,NULL,NULL
1116001,2009,00:00.0,2152,21,COSBURN AVE,GREENWOOD AVE,NULL,3,Toronto and East York,14,54,Intersection,At Intersection,Traffic Signal,Clear,Dark,Wet,Non-Fatal Injury,Pedestrian Collisions,D54,58,Old East York (58),-79.3377,43.692,NULL,NULL,N,NULL,NULL,NULL
1110376,2009,00:00.0,1600,16,WARDEN AVE,KINGSTON RD,NULL,1,Scarborough,20,41,Intersection,At Intersection,Traffic Signal,Clear,Daylight,Dry,Non-Fatal Injury,Cyclist Collisions,D41,122,Birchcliffe-Cliffside (122),-79.2708,43.6877,NULL,NULL,N,NULL,NULL,NULL
1092227,2009,00:00.0,1700,17,BLACK CREEK DR,EGLINTON AVE W,NULL,1,Etobicoke York,5,12,Intersection,At Intersection,Traffic Signal,Clear,Dusk,Dry,Non-Fatal Injury,Rear End,D12,110,Keelesdale-Eglinton West (110),-79.4828,43.6883,NULL,NULL,N,NULL,NULL,NULL
1092795,2009,00:00.0,1345,13,3372 KEELE ST,NULL,NULL,1,North York,6,31,Mid-Block,NULL,No Control,Clear,Daylight,Dry,Non-Fatal Injury,Turning Movement,D31,27,York University Heights (27),-79.487,43.7475,NULL,NULL,N,NULL,NULL,NULL
1116599,2009,00:00.0,1600,16,ST CLAIR AVE W,JANE ST,NULL,1,Etobicoke York,5,NULL,Intersection,NULL,Traffic Signal,Clear,Daylight,Dry,Non-Fatal Injury,Pedestrian Collisions,D11,111,Rockcliffe-Smythe (111),-79.4917,43.6671,-79.4917,43.6671,Y,Jane St,St Clair Ave W,2021-08-16
1116589,2009,00:00.0,2218,22,DANFORTH AVE,GREENWOOD AVE,NULL,1,Toronto and East York,14,NULL,Intersection,At Intersection,Traffic Signal,Clear,Dark,Dry,Non-Fatal Injury,Turning Movement,D55,65,Greenwood-Coxwell (65),-79.3323,43.6814,-79.3323,43.6814,Y,Danforth Ave,Greenwood Ave,2010-01-07
1095081,2009,00:00.0,1438,14,VICTORIA PARK AVE,MUSGRAVE ST,NULL,1,Toronto and East York,NULL,NULL,Intersection,NULL,Traffic Signal,Clear,Daylight,Dry,Non-Fatal Injury,Pedestrian Collisions,D41,122,Birchcliffe-Cliffside (122),-79.2869,43.6879,NULL,NULL,N,NULL,NULL,NULL
1072049,2008,00:00.0,1510,15,61 RICHVIEW RD,NULL,NULL,4,Etobicoke York,2,23,Mid-Block,NULL,No Control,Clear,Daylight,Dry,Non-Fatal Injury,Turning Movement,D23,9,Edenbridge-Humber Valley (9),-79.5196,43.6838,NULL,NULL,N,NULL,NULL,NULL
1112065,2009,00:00.0,1500,15,EGLINTON Aven E,BERMONDSEY Road,NULL,1,North York,16,NULL,Intersection,At Intersection,Traffic Signal,Rain,Daylight,Wet,Non-Fatal Injury,Rear End,D33,43,Victoria Village (43),-79.3134,43.726,NULL,NULL,N,NULL,NULL,NULL
1067680,2008,00:00.0,1145,11,1168 QUEEN ST E,NULL,NULL,3,Toronto and East York,14,55,Intersection,NULL,No Control,Clear,Daylight,Dry,Non-Fatal Injury,Pedestrian Collisions,D55,70,South Riverdale (70),-79.3321,43.6628,NULL,NULL,N,NULL,NULL,NULL
1113423,2009,00:00.0,1830,18,1183 FINCH Ave W,NULL,NULL,1,North York,6,31,Mid-Block,NULL,Traffic Signal,Clear,Daylight,Dry,Non-Fatal Injury,Rear End,D31,27,York University Heights (27),-79.4828,43.7652,NULL,NULL,N,NULL,NULL,NULL
1116082,2009,00:00.0,350,3,VICTORIA PARK AVE,LAWRENCE AVE E,NULL,1,North York,NULL,NULL,Intersection,NULL,Traffic Signal,Rain,Dark,Wet,Non-Fatal Injury,SMV Other,D41,119,Wexford/Maryvale (119),-79.3097,43.7421,NULL,NULL,N,NULL,NULL,NULL
7001349582,2017,00:00.0,1540,15,QUEEN ST W,YONGE  ST,11 m West of,1,Toronto and East York,13,NULL,Intersection,At Intersection,Traffic Signal,Clear,Daylight,Dry,Non-Fatal Injury,Other,D51,75,Church-Yonge Corridor (75),-79.3792,43.6523,NULL,NULL,N,NULL,NULL,NULL
8000432892,2018,00:00.0,2240,22,STEELES AVE E,FOUNDERS RD,185 m East of,1,Etobicoke York,7,31,Mid-Block,Non Intersection,No Control,Clear,"Dark, artificial",Dry,Non-Fatal Injury,Pedestrian Collisions,D31,27,York University Heights (27),-79.5021,43.7796,NULL,NULL,N,NULL,NULL,NULL
1116707,2009,00:00.0,1900,19,PALMERSTON AVE,DUNDAS ST W,NULL,1,Toronto and East York,NULL,14,Intersection,NULL,Stop Sign,Clear,Daylight,Dry,Non-Fatal Injury,Pedestrian Collisions,D14,81,Trinity-Bellwoods (81),-79.4084,43.6517,NULL,NULL,N,NULL,NULL,NULL
8001522708,2018,00:00.0,223,2,315 UNWIN AVE,NULL,365 m East of REGATTA ROAD,4,Toronto and East York,14,55,Mid-Block,Non Intersection,No Control,Clear,"Dark, artificial",Wet,Non-Fatal Injury,Pedestrian Collisions,D51,70,South Riverdale (70),-79.3402,43.6425,NULL,NULL,N,NULL,NULL,NULL
1101072,2009,00:00.0,1035,10,QUEENS QUAY W,YORK ST,NULL,3,Toronto and East York,10,NULL,Intersection,NULL,Traffic Signal,Clear,Daylight,Dry,Non-Fatal Injury,Pedestrian Collisions,D52,77,Waterfront Communities-The Island (77),-79.3801,43.6399,NULL,NULL,N,NULL,NULL,NULL
7001628368,2017,00:00.0,1505,15,BALLIOL ST,BAYVIEW AVE,NULL,1,North York,15,53,Intersection,At Intersection,Stop Sign,Clear,Daylight,Dry,Non-Fatal Injury,Cyclist Collisions,D53,56,Leaside-Bennington (56),-79.3737,43.7019,NULL,NULL,N,NULL,NULL,NULL
1106823,2009,00:00.0,1909,19,1472 AVENUE RD,NULL,NULL,1,North York,8,53,Mid-Block,NULL,No Control,Clear,Daylight,Dry,Non-Fatal Injury,Pedestrian Collisions,D53,39,Bedford Park-Nortown (39),-79.415,43.7204,NULL,NULL,N,NULL,NULL,NULL
7001771267,2017,00:00.0,2325,23,YONGE ST,ORCHARD VIEW BLVD,21 m North of,1,North York,NULL,53,Intersection,Non Intersection,Traffic Signal,Rain,Dark,Wet,Non-Fatal Injury,Pedestrian Collisions,D53,104,Mount Pleasant West (104),-79.3986,43.7081,NULL,NULL,N,NULL,NULL,NULL
1093141,2009,00:00.0,440,4,WILLIAM R ALLEN RD,TRANSIT RD,NULL,1,North York,6,32,Intersection,At Intersection,Traffic Signal,Clear,Dark,Wet,Fatal,SMV Other,D32,33,Clanton Park (33),-79.4542,43.7418,NULL,NULL,N,NULL,NULL,NULL
7001224557,2017,00:00.0,1900,19,KIPLING  AVE,CLEMENT RD,NULL,1,Etobicoke York,2,23,Intersection,At Intersection,Traffic Signal,Clear,Daylight,Dry,Non-Fatal Injury,Turning Movement,D23,7,Willowridge-Martingrove-Richview (7),-79.5527,43.6813,NULL,NULL,N,NULL,NULL,NULL
8001484332,2018,00:00.0,1430,14,CHUDLEIGH RD,HARVIE AVE,NULL,4,Etobicoke York,9,13,Intersection,At Intersection,Stop Sign,Clear,Daylight,Dry,Non-Fatal Injury,Cyclist Collisions,D13,109,Caledonia-Fairbank (109),-79.4548,43.6886,NULL,NULL,N,NULL,NULL,NULL
8001005899,2018,00:00.0,1730,17,YONGE ST,FRANKLIN AVE,10 m East of,1,North York,18,32,Intersection,Intersection Related,No Control,Clear,Daylight,Dry,Non-Fatal Injury,SMV Other,D32,51,Willowdale East (51),-79.4095,43.7564,NULL,NULL,N,NULL,NULL,NULL
1067883,2008,00:00.0,930,9,1491 LAKE SHORE BLVD W,NULL,NULL,1,Toronto and East York,4,14,Mid-Block,NULL,No Control,Clear,Daylight,Dry,Fatal,SMV Other,D14,85,South Parkdale (85),-79.4439,43.6364,NULL,NULL,N,NULL,NULL,NULL
8001650518,2018,00:00.0,1225,12,DUPONT ST,DUFFERIN ST,100 m West of,1,Toronto and East York,9,11,Mid-Block,Non Intersection,No Control,Clear,Daylight,Dry,Non-Fatal Injury,Turning Movement,D11,93,Dovercourt-Wallace Emerson-Junction (93),-79.4402,43.6683,NULL,NULL,N,NULL,NULL,NULL
8001600081,2018,00:00.0,1725,17,ISLINGTON AVE,AYLESBURY RD,NULL,1,Etobicoke York,2,22,Intersection,At Intersection,No Control,Clear,Daylight,Dry,Non-Fatal Injury,Pedestrian Collisions,D22,9,Edenbridge-Humber Valley (9),-79.5329,43.6663,NULL,NULL,N,NULL,NULL,NULL
8001625092,2018,00:00.0,1346,13,DUPONT ST,LANSDOWNE AVE,NULL,1,Toronto and East York,9,11,Intersection,At Intersection,Traffic Signal,Clear,Daylight,Dry,Non-Fatal Injury,Turning Movement,D11,93,Dovercourt-Wallace Emerson-Junction (93),-79.4464,43.6666,NULL,NULL,N,NULL,NULL,NULL
8000781512,2018,00:00.0,1905,19,DANFORTH AVE,BIRCHMOUNT RD,180 m East of,3,Scarborough,20,41,Mid-Block,Non Intersection,No Control,Clear,Daylight,Dry,Non-Fatal Injury,Rear End,D41,122,Birchcliffe-Cliffside (122),-79.2618,43.6977,NULL,NULL,N,NULL,NULL,NULL
7002039286,2017,00:00.0,2233,22,WARDEN AVE,WAYNE AVE,147 M North,1,Scarborough,21,41,Mid-Block,Non Intersection,No Control,Clear,"Dark, artificial",Dry,Fatal,Pedestrian Collisions,D41,119,Wexford/Maryvale (119),-79.2921,43.7389,NULL,NULL,N,NULL,NULL,NULL
1113557,2009,00:00.0,1900,19,KEELE ST,VICTORY DR,NULL,1,North York,6,31,Intersection,NULL,No Control,Clear,Daylight,Dry,Non-Fatal Injury,Pedestrian Collisions,D31,26,Downsview-Roding-CFB (26),-79.4824,43.7285,NULL,NULL,N,NULL,NULL,NULL
7003223464,2017,00:00.0,2151,21,FINCH AVE W,SIGNET  DR,NULL,1,Etobicoke York,7,31,Intersection,At Intersection,Traffic Signal,Clear,"Dark, artificial",Dry,Non-Fatal Injury,Pedestrian Collisions,D31,22,Humbermede (22),-79.5362,43.7532,NULL,NULL,N,NULL,NULL,NULL
7001269132,2017,00:00.0,1335,13,538 MCLEVIN AVE,NULL,107 m East of,3,Scarborough,25,42,Mid-Block,At/Near Private Drive,No Control,Clear,Daylight,Dry,Non-Fatal Injury,Pedestrian Collisions,D42,132,Malvern (132),-79.2166,43.8104,NULL,NULL,N,NULL,NULL,NULL
8000874551,2018,00:00.0,935,9,YONGE ST,LAWRENCE AVE E,NULL,1,North York,NULL,NULL,Intersection,At Intersection,Traffic Signal,NULL,Daylight,NULL,Fatal,Pedestrian Collisions,D53,103,Lawrence Park South (103),-79.4021,43.725,NULL,NULL,N,NULL,NULL,NULL
8000880741,2018,00:00.0,800,8,JONES AVE,DUNDAS ST E,NULL,3,Toronto and East York,14,55,Intersection,At Intersection,Traffic Signal,Clear,Daylight,Dry,Fatal,Cyclist Collisions,D55,70,South Riverdale (70),-79.3342,43.666,NULL,NULL,N,NULL,NULL,NULL
8000903951,2018,00:00.0,1550,15,STANLEY  AVE,VICTOR AVE,18 m West of,4,Etobicoke York,3,22,Intersection,At/Near Private Drive,No Control,Clear,Daylight,Dry,Non-Fatal Injury,Pedestrian Collisions,D22,17,Mimico (17),-79.4902,43.6158,NULL,NULL,N,NULL,NULL,NULL
8001631452,2018,00:00.0,1522,15,AVENUE RD,CHAPLIN CRES,NULL,1,Scarborough,12,53,Intersection,At Intersection,Traffic Signal,Clear,Daylight,Dry,Non-Fatal Injury,Angle,D53,100,Yonge-Eglinton (100),-79.4061,43.6987,NULL,NULL,N,NULL,NULL,NULL
8001077165,2018,00:00.0,558,5,ST CLAIR AVE E,DANFORTH RD,NULL,1,Scarborough,20,41,Intersection,At Intersection,Traffic Signal,Clear,Daylight,Dry,Fatal,Turning Movement,D41,120,Clairlea-Birchmount (120),-79.2598,43.7167,NULL,NULL,N,NULL,NULL,NULL
8001571012,2018,00:00.0,1112,11,5825 YONGE ST,NULL,NULL,1,North York,18,32,Mid-Block,At/Near Private Drive,No Control,Clear,Daylight,Dry,Non-Fatal Injury,Other,D32,50,Newtonbrook East (50),-79.417,43.7858,NULL,NULL,N,NULL,NULL,NULL
7003087545,2017,00:00.0,1212,12,EDITH DR,ORCHARD VIEW BLVD,NULL,2,North York,8,53,Intersection,At Intersection,Stop Sign,Clear,Daylight,Dry,Fatal,Pedestrian Collisions,D53,100,Yonge-Eglinton (100),-79.4032,43.7071,NULL,NULL,N,NULL,NULL,NULL
8000916945,2018,00:00.0,2020,20,STEELES AVE W,HIGHWAY 27  N,50 m West of,1,North York,1,23,Mid-Block,Non Intersection,No Control,Clear,"Dark, artificial",Dry,Non-Fatal Injury,Rear End,D23,1,West Humber-Clairville (1),-79.6155,43.755,NULL,NULL,N,NULL,NULL,NULL
8000973371,2018,00:00.0,329,3,MARTIN GROVE RD,VULCAN ST,NULL,1,Etobicoke York,1,23,Intersection,At Intersection,Traffic Signal,NULL,Dark,NULL,Fatal,Turning Movement,D23,1,West Humber-Clairville (1),-79.5771,43.7051,NULL,NULL,N,NULL,NULL,NULL
8000806863,2018,00:00.0,407,4,LAWRENCE AVE E,KENNEDY RD,NULL,1,Scarborough,21,41,Intersection,At Intersection,Traffic Signal,Clear,"Dark, artificial",Dry,Non-Fatal Injury,Angle,D41,126,Dorset Park (126),-79.2748,43.7494,NULL,NULL,N,NULL,NULL,NULL
8000256570,2018,00:00.0,34,0,BATHURST ST,DUNDAS ST W,25 m South of,1,Toronto and East York,NULL,14,Intersection,Intersection Related,No Control,Drifting Snow,"Dark, artificial",Wet,Non-Fatal Injury,Pedestrian Collisions,D14,78,Kensington-Chinatown (78),-79.4059,43.6522,NULL,NULL,N,NULL,NULL,NULL