ACCNUM,YEAR,DATE,TIME,HOUR,STREET1,STREET2,OFFSET,ROAD_CLASS,DISTRICT,WARDNUM,DIVISION,LOCCOORD,ACCLOC,TRAFFCTL,VISIBILITY,LIGHT,RDSFCOND,ACCLASS,IMPACTYPE,POLICE_DIVISION,HOOD_ID,NEIGHBOURHOOD,collision_lat,collision_long,red_light_lat,red_light_long,right_light_camera,LINEAR_NAME_FULL_1,LINEAR_NAME_FULL_2,ACTIVATION_DATE
7003278373,2017,00:00.0,1138,11,DUNDAS ST W,CORDOVA AVE,NULL,1,Etobicoke York,3,22,Intersection,At Intersection,Traffic Signal,Clear,Daylight,Wet,Non-Fatal Injury,Pedestrian Collisions,D22,14,Islington-City Centre West (14),-79.5287,43.6486,NULL,NULL,N,NULL,NULL,NULL
8001668494,2018,00:00.0,105,1,1035 SHEPPARD AVE W,NULL,20 m West of,1,North York,6,32,Intersection,Intersection Related,No Control,Clear,"Dark, artificial",Dry,Non-Fatal Injury,Pedestrian Collisions,D32,26,Downsview-Roding-CFB (26),-79.4627,43.7502,NULL,NULL,N,NULL,NULL,NULL
8000409756,2018,00:00.0,1505,15,BATHURST ST,DEWBOURNE AVE,45 m  of,1,Toronto and East York,12,13,Mid-Block,Non Intersection,No Control,Clear,Daylight,Dry,Non-Fatal Injury,Rear End,D13,101,Forest Hill South (101),-79.4244,43.6983,NULL,NULL,N,NULL,NULL,NULL
8000000539,2018,00:00.0,125,1,BAYVIEW AVE,POTTERY RD,403 m N of,1,North York,NULL,53,Mid-Block,Non Intersection,No Control,Clear,"Dark, artificial",Dry,Fatal,SMV Other,D53,56,Leaside-Bennington (56),-79.3619,43.692,NULL,NULL,N,NULL,NULL,NULL
7003008719,2017,00:00.0,1120,11,FINCH AVE E,RAVEL RD,NULL,1,North York,17,33,Intersection,At Intersection,No Control,Clear,Daylight,Dry,Non-Fatal Injury,Pedestrian Collisions,D33,47,Don Valley Village (47),-79.3652,43.7902,NULL,NULL,N,NULL,NULL,NULL
8001149979,2018,00:00.0,1740,17,WELLINGTON ST E,YONGE ST,NULL,1,Toronto and East York,13,NULL,Intersection,At Intersection,Traffic Signal,Clear,"Daylight, artificial",Dry,Non-Fatal Injury,Pedestrian Collisions,D51,75,Church-Yonge Corridor (75),-79.3773,43.6477,NULL,NULL,N,NULL,NULL,NULL
8000300733,2018,00:00.0,1800,18,DON MILLS RD,BARBER GREENE RD,NULL,1,North York,16,33,Intersection,At Intersection,Traffic Signal,Clear,"Dark, artificial",Dry,Non-Fatal Injury,Turning Movement,D33,42,Banbury-Don Mills (42),-79.3408,43.7275,NULL,NULL,N,NULL,NULL,NULL
8001712147,2018,00:00.0,1625,16,DIXON RD,KIPLING AVE,200 m East of,1,Etobicoke York,NULL,23,Mid-Block,At/Near Private Drive,No Control,Clear,Daylight,Dry,Non-Fatal Injury,Turning Movement,D23,6,Kingsview Village-The Westway (6),-79.5567,43.6945,NULL,NULL,N,NULL,NULL,NULL
8000148881,2018,00:00.0,1150,11,WARDEN AVE,BAMBURGH CRCL,195 m South,1,Scarborough,22,42,Mid-Block,Non Intersection,Traffic Signal,Clear,Daylight,Dry,Fatal,Pedestrian Collisions,D42,116,Steeles (116),-79.3245,43.8142,NULL,NULL,N,NULL,NULL,NULL
8001753831,2018,00:00.0,2227,22,2265 MIDLAND AVE,NULL,3 m West of,1,Scarborough,21,41,Mid-Block,Non Intersection,No Control,Clear,Dark,Dry,Non-Fatal Injury,Pedestrian Collisions,D41,127,Bendale (127),-79.274,43.7755,NULL,NULL,N,NULL,NULL,NULL
8001252744,2018,00:00.0,2302,23,LAWRENCE AVE E,KENNEDY RD,NULL,1,Scarborough,21,41,Intersection,At Intersection,Traffic Signal,Clear,"Dark, artificial",Dry,Non-Fatal Injury,Pedestrian Collisions,D41,126,Dorset Park (126),-79.2748,43.7494,NULL,NULL,N,NULL,NULL,NULL
8001708273,2018,00:00.0,50,0,DUFFERIN ST,LAPPIN AVE,8 m East of,1,Toronto and East York,9,NULL,Intersection,Intersection Related,No Control,Clear,"Dark, artificial",Dry,Non-Fatal Injury,Cyclist Collisions,D11,93,Dovercourt-Wallace Emerson-Junction (93),-79.4382,43.6663,NULL,NULL,N,NULL,NULL,NULL
1122545,2009,00:00.0,812,8,KINGSTON RD,MAIN ST,NULL,1,Toronto and East York,19,55,Intersection,At Intersection,Traffic Signal,Clear,Daylight,Dry,Non-Fatal Injury,Pedestrian Collisions,D55,63,The Beaches (63),-79.2979,43.6788,NULL,NULL,N,NULL,NULL,NULL
141413547,2014,00:00.0,1310,13,SHEPPARD AVE E,CONSUMERS RD,NULL,1,North York,17,33,Intersection,NULL,Traffic Signal,Snow,Daylight,Loose Snow,Fatal,Rear End,D33,46,Pleasant View (46),-79.3312,43.775,NULL,NULL,N,NULL,NULL,NULL
8001771158,2018,00:00.0,1430,14,YONGE ST,WELLINGTON ST E,NULL,1,North York,13,NULL,Intersection,At Intersection,Traffic Signal,Clear,Daylight,Dry,Non-Fatal Injury,Cyclist Collisions,D51,75,Church-Yonge Corridor (75),-79.3773,43.6477,NULL,NULL,N,NULL,NULL,NULL
8001764546,2018,00:00.0,1735,17,DANFORTH AVE,GREENWOOD AVE,28 m East of,1,Toronto and East York,14,NULL,Intersection,At/Near Private Drive,No Control,Clear,Daylight,Dry,Non-Fatal Injury,Cyclist Collisions,D55,65,Greenwood-Coxwell (65),-79.3323,43.6814,-79.3323,43.6814,Y,Danforth Ave,Greenwood Ave,2010-01-07
8000332004,2018,00:00.0,1838,18,37 WILLIAM KITCHEN RD,NULL,NULL,2,Scarborough,21,41,Mid-Block,Non Intersection,No Control,Clear,"Dark, artificial",Dry,Fatal,Pedestrian Collisions,D41,126,Dorset Park (126),-79.2827,43.7733,NULL,NULL,N,NULL,NULL,NULL
8001469544,2018,00:00.0,1038,10,KINGSTON RD,SOUTHWOOD DR,NULL,1,Toronto and East York,19,55,Intersection,At Intersection,Traffic Signal,Clear,Daylight,Dry,Non-Fatal Injury,Pedestrian Collisions,D55,63,The Beaches (63),-79.2979,43.6788,NULL,NULL,N,NULL,NULL,NULL
8001736723,2018,00:00.0,1242,12,F G GARDINER XY  E,LOWER JARVIS ST,338 m West of,8,Toronto and East York,10,51,Mid-Block,Non Intersection,No Control,Clear,Daylight,Dry,Non-Fatal Injury,SMV Other,D51,77,Waterfront Communities-The Island (77),-79.3717,43.6452,NULL,NULL,N,NULL,NULL,NULL
1144154,2009,00:00.0,640,6,MARWILL ST,ALMORE AVE,NULL,4,North York,6,32,Intersection,NULL,No Control,Clear,Dark,Dry,Fatal,Pedestrian Collisions,D32,33,Clanton Park (33),-79.4444,43.7468,NULL,NULL,N,NULL,NULL,NULL
8001367293,2018,00:00.0,1515,15,OSSINGTON  AVE,GEARY AVE,NULL,3,Toronto and East York,NULL,13,Intersection,At Intersection,No Control,Rain,"Daylight, artificial",Wet,Non-Fatal Injury,Cyclist Collisions,D13,94,Wychwood (94),-79.4295,43.6713,NULL,NULL,N,NULL,NULL,NULL
8001653005,2018,00:00.0,1300,13,BLOOR ST W,OSSINGTON AVE,50 m East of,1,Toronto and East York,11,14,Mid-Block,Non Intersection,No Control,Clear,Daylight,Dry,Non-Fatal Injury,Cyclist Collisions,D14,80,Palmerston-Little Italy (80),-79.425,43.6619,NULL,NULL,N,NULL,NULL,NULL
8001275127,2018,00:00.0,740,7,FRITH RD,ROSEGLEN CRES,31.8 m East of,4,Etobicoke York,7,31,Mid-Block,Non Intersection,No Control,Clear,Daylight,Dry,Non-Fatal Injury,Pedestrian Collisions,D31,25,Glenfield-Jane Heights (25),-79.5157,43.7461,NULL,NULL,N,NULL,NULL,NULL
8001355778,2018,00:00.0,45,0,DORIS AVE,HOLMES AVE,42 m South,3,North York,18,32,Mid-Block,Non Intersection,No Control,Clear,"Dark, artificial",Wet,Fatal,SMV Other,D32,51,Willowdale East (51),-79.413,43.7776,NULL,NULL,N,NULL,NULL,NULL
1081341,2008,00:00.0,2350,23,RICHMOND ST W,JOHN ST,NULL,1,Toronto and East York,10,52,Intersection,At Intersection,Traffic Signal,Clear,Dark,Dry,Non-Fatal Injury,Pedestrian Collisions,D52,77,Waterfront Communities-The Island (77),-79.3907,43.6491,NULL,NULL,N,NULL,NULL,NULL
1084533,2008,00:00.0,1205,12,VICTORIA PARK AVE,CASSANDRA BLVD,NULL,1,North York,NULL,NULL,Intersection,At Intersection,Traffic Signal,Snow,Daylight,Slush,Non-Fatal Injury,Rear End,D41,119,Wexford/Maryvale (119),-79.3139,43.7543,NULL,NULL,N,NULL,NULL,NULL
1148424,2009,00:00.0,1933,19,LIVINGSTON RD,EARSWICK DR,NULL,2,Scarborough,24,43,Intersection,At Intersection,No Control,Clear,Dark,Dry,Non-Fatal Injury,Pedestrian Collisions,D43,140,Guildwood (140),-79.1987,43.7462,NULL,NULL,N,NULL,NULL,NULL
1148504,2009,00:00.0,1525,15,DUNDAS ST W,ROYALAVON CRES,NULL,1,Etobicoke York,3,22,Intersection,At Intersection,Traffic Signal,Clear,Daylight,Dry,Non-Fatal Injury,Pedestrian Collisions,D22,14,Islington-City Centre West (14),-79.5319,43.6452,NULL,NULL,N,NULL,NULL,NULL
1144191,2009,00:00.0,132,1,1340 DANFORTH Rd,NULL,NULL,1,Scarborough,21,43,Mid-Block,NULL,No Control,Rain,Dark,Wet,Non-Fatal Injury,Pedestrian Collisions,D43,138,Eglinton East (138),-79.2448,43.7436,NULL,NULL,N,NULL,NULL,NULL
1147865,2009,00:00.0,2317,23,FINCH AVE E,BRIDLETOWNE CRCL,NULL,1,Scarborough,22,42,Intersection,At Intersection,Traffic Signal,Clear,Dark,Wet,Non-Fatal Injury,Pedestrian Collisions,D42,117,L'Amoreaux (117),-79.3122,43.7974,NULL,NULL,N,NULL,NULL,NULL
1146740,2010,00:00.0,1119,11,MARLEE AVE,VIEWMOUNT AVE,NULL,3,North York,8,13,Intersection,NULL,Pedestrian Crossover,Clear,Daylight,Other,Non-Fatal Injury,Pedestrian Collisions,D13,31,Yorkdale-Glen Park (31),-79.443,43.7071,NULL,NULL,N,NULL,NULL,NULL
1171252,2010,00:00.0,2145,21,UNIVERSITY AVE,GERRARD ST W,NULL,1,Toronto and East York,11,52,Intersection,At Intersection,Traffic Signal,Rain,Dark,Wet,Non-Fatal Injury,Pedestrian Collisions,D52,76,Bay Street Corridor (76),-79.3894,43.6575,NULL,NULL,N,NULL,NULL,NULL
8001768874,2018,00:00.0,1143,11,DEWHURST BLVD,DANFORTH AVE,NULL,1,Toronto and East York,14,NULL,Intersection,At Intersection,No Control,Clear,Daylight,Dry,Non-Fatal Injury,Rear End,D55,69,Blake-Jones (69),-79.3393,43.6799,NULL,NULL,N,NULL,NULL,NULL
1155029,2010,00:00.0,1522,15,DAVENPORT RD,PERTH AVE,NULL,3,Toronto and East York,9,11,Intersection,NULL,No Control,Clear,Daylight,Dry,Non-Fatal Injury,Sideswipe,D11,91,Weston-Pellam Park (91),-79.4544,43.6705,NULL,NULL,N,NULL,NULL,NULL
1172452,2010,00:00.0,1333,13,ELM ST,UNIVERSITY AVE,NULL,2,Toronto and East York,11,52,Mid-Block,At Intersection,No Control,Clear,Daylight,Dry,Non-Fatal Injury,Cyclist Collisions,D52,76,Bay Street Corridor (76),-79.3879,43.6565,NULL,NULL,N,NULL,NULL,NULL
1159036,2010,00:00.0,1720,17,DON VALLEY PARKWAY  N,EGLINTON Aven E,NULL,NULL,North York,16,33,Mid-Block,NULL,No Control,Clear,Daylight,Dry,Non-Fatal Injury,Rear End,D33,42,Banbury-Don Mills (42),-79.3301,43.7236,NULL,NULL,N,NULL,NULL,NULL
1181618,2010,00:00.0,1927,19,350 MIDWEST RD,NULL,NULL,2,Scarborough,21,41,Mid-Block,NULL,No Control,Clear,Dark,Dry,Non-Fatal Injury,Turning Movement,D41,126,Dorset Park (126),-79.2715,43.7617,NULL,NULL,N,NULL,NULL,NULL
1181546,2010,00:00.0,1700,17,26 ALABASTER RD,NULL,NULL,4,Etobicoke York,1,23,Mid-Block,NULL,No Control,Clear,Daylight,Dry,Non-Fatal Injury,Pedestrian Collisions,D23,2,Mount Olive-Silverstone-Jamestown (2),-79.5995,43.7563,NULL,NULL,N,NULL,NULL,NULL
1117851,2009,00:00.0,1731,17,3221 DUFFERIN St,NULL,NULL,1,North York,8,32,Mid-Block,NULL,No Control,Clear,Daylight,Dry,Non-Fatal Injury,Cyclist Collisions,D32,31,Yorkdale-Glen Park (31),-79.4558,43.7192,NULL,NULL,N,NULL,NULL,NULL
1163934,2010,00:00.0,21,0,1181 FINCH AVE W,NULL,NULL,1,North York,6,31,Mid-Block,At Intersection,Traffic Signal,Clear,Dark,Dry,Non-Fatal Injury,SMV Other,D31,27,York University Heights (27),-79.4828,43.7652,NULL,NULL,N,NULL,NULL,NULL
8001473575,2018,00:00.0,2055,20,BELLAMY RD N,BRIMORTON DR,NULL,3,Scarborough,24,43,Intersection,At Intersection,Traffic Signal,Clear,Daylight,Dry,Fatal,Angle,D43,137,Woburn (137),-79.2391,43.7673,NULL,NULL,N,NULL,NULL,NULL
1172619,2010,00:00.0,1521,15,18 HURNDALE AVE,NULL,NULL,4,Toronto and East York,14,54,Mid-Block,NULL,No Control,Clear,Daylight,Dry,Non-Fatal Injury,Cyclist Collisions,D54,67,Playter Estates-Danforth (67),-79.3545,43.6778,NULL,NULL,N,NULL,NULL,NULL
1167934,2010,00:00.0,705,7,STEELES AVE E,NINTH LINE,NULL,3,Scarborough,25,42,Intersection,NULL,No Control,Clear,Daylight,Dry,Non-Fatal Injury,Rear End,D42,131,Rouge (131),-79.2258,43.8425,NULL,NULL,N,NULL,NULL,NULL
1153514,2010,00:00.0,1108,11,JETHRO RD,MINNIE AVE,NULL,4,Etobicoke York,7,31,Intersection,NULL,No Control,Clear,Daylight,Dry,Non-Fatal Injury,SMV Other,D31,26,Downsview-Roding-CFB (26),-79.5212,43.7235,NULL,NULL,N,NULL,NULL,NULL
1155683,2010,00:00.0,834,8,SHEPPARD AVE W,ARLETA AVE,NULL,1,Etobicoke York,NULL,31,Intersection,At Intersection,Traffic Signal,Clear,Daylight,Dry,Non-Fatal Injury,Pedestrian Collisions,D31,25,Glenfield-Jane Heights (25),-79.5014,43.7414,NULL,NULL,N,NULL,NULL,NULL
1156458,2010,00:00.0,1353,13,YONGE ST,MAITLAND ST,NULL,1,Toronto and East York,13,NULL,Intersection,NULL,No Control,Clear,Daylight,Dry,Non-Fatal Injury,Pedestrian Collisions,D52,75,Church-Yonge Corridor (75),-79.3841,43.6638,NULL,NULL,N,NULL,NULL,NULL
1173449,2010,00:00.0,325,3,DUNDAS ST W,BLOOR ST W,NULL,1,Toronto and East York,4,11,Intersection,At Intersection,Traffic Signal,Rain,Dark,Wet,Non-Fatal Injury,Pedestrian Collisions,D11,88,High Park North (88),-79.4524,43.6563,-79.4524,43.6563,Y,Dundas St W,Bloor St W,2009-08-11
1169790,2010,00:00.0,1028,10,ORTON PARK RD,AMBOY RD,NULL,3,Scarborough,24,43,Mid-Block,NULL,No Control,Clear,Daylight,Dry,Fatal,Approaching,D43,135,Morningside (135),-79.207,43.7675,NULL,NULL,N,NULL,NULL,NULL
1139022,2009,00:00.0,1758,17,ST CLAIR Aven E,SELWYN Aven,NULL,1,Toronto and East York,19,54,Intersection,At Intersection,Traffic Signal,Rain,Dark,Wet,Non-Fatal Injury,Pedestrian Collisions,D54,54,O'Connor-Parkview (54),-79.3058,43.7069,NULL,NULL,N,NULL,NULL,NULL
1139055,2009,00:00.0,1823,18,JANE ST,ANNETTE ST,NULL,1,Toronto and East York,4,11,Intersection,NULL,Traffic Signal,Clear,Dark,Wet,Non-Fatal Injury,Turning Movement,D11,89,Runnymede-Bloor West Village (89),-79.488,43.6582,NULL,NULL,N,NULL,NULL,NULL
1162587,2010,00:00.0,838,8,FINCH Aven E,BRIDLETOWNE Circ,NULL,1,Scarborough,22,42,Intersection,At Intersection,Traffic Signal,Clear,Daylight,Dry,Non-Fatal Injury,Pedestrian Collisions,D42,117,L'Amoreaux (117),-79.3122,43.7974,NULL,NULL,N,NULL,NULL,NULL
1158000,2010,00:00.0,955,9,FAYWOOD Boul,BAINBRIDGE Aven,NULL,2,North York,6,32,Intersection,NULL,Pedestrian Crossover,Clear,Daylight,Dry,Non-Fatal Injury,Pedestrian Collisions,D32,33,Clanton Park (33),-79.4496,43.748,NULL,NULL,N,NULL,NULL,NULL
1174097,2010,00:00.0,1700,17,BRIMLEY RD,ST CLAIR AVE E,NULL,3,Scarborough,20,NULL,Intersection,NULL,Traffic Signal,Clear,Daylight,Dry,Non-Fatal Injury,Pedestrian Collisions,D41,123,Cliffcrest (123),-79.2414,43.7208,-79.2414,43.7208,Y,St Clair Ave E,Brimley Rd,2009-08-21
1141576,2009,00:00.0,1050,10,COLLEGE Stre,BEVERLEY Stre,NULL,1,Toronto and East York,11,52,Mid-Block,NULL,No Control,Clear,Daylight,Dry,Non-Fatal Injury,Cyclist Collisions,D52,79,University (79),-79.3952,43.6588,NULL,NULL,N,NULL,NULL,NULL
1139402,2009,00:00.0,600,6,3655 KEELE ST,NULL,NULL,1,Etobicoke York,NULL,31,Mid-Block,NULL,No Control,Clear,Dark,Dry,Non-Fatal Injury,Turning Movement,D31,27,York University Heights (27),-79.4883,43.753,NULL,NULL,N,NULL,NULL,NULL
1141084,2009,00:00.0,1303,13,HIGHWAY 27  N,STEELES AVE W,NULL,1,Etobicoke York,1,23,Intersection,At Intersection,Traffic Signal,Clear,Daylight,Dry,Non-Fatal Injury,Rear End,D23,1,West Humber-Clairville (1),-79.614,43.7554,-79.614,43.7554,Y,NULL,NULL,2019-03-01
1143126,2009,00:00.0,700,7,ST CLAIR Aven E,BRIMLEY Road,NULL,3,Scarborough,20,NULL,Intersection,At Intersection,Traffic Signal,Clear,Daylight,Wet,Non-Fatal Injury,Angle,D41,123,Cliffcrest (123),-79.2414,43.7208,-79.2414,43.7208,Y,St Clair Ave E,Brimley Rd,2009-08-21
1148238,2009,00:00.0,2120,21,FINCH Aven E,MIDLAND Aven,NULL,1,Scarborough,NULL,42,Intersection,At Intersection,Traffic Signal,Clear,Dark,Dry,Non-Fatal Injury,Pedestrian Collisions,D42,129,Agincourt North (129),-79.2862,43.8037,NULL,NULL,N,NULL,NULL,NULL
1141415,2009,00:00.0,1439,14,NEILSON RD,MCLEVIN AVE,NULL,3,Scarborough,NULL,42,Intersection,At Intersection,Traffic Signal,Clear,Daylight,Dry,Non-Fatal Injury,Pedestrian Collisions,D42,132,Malvern (132),-79.2216,43.8091,-79.2216,43.8091,Y,Neilson Rd,McLevin Ave,2017-06-05
1133515,2009,00:00.0,348,3,LAWRENCE Aven E,MOUNT PLEASANT Road,NULL,1,North York,15,NULL,Intersection,NULL,Traffic Signal,Clear,Dark,Dry,Non-Fatal Injury,Rear End,D53,103,Lawrence Park South (103),-79.3971,43.7261,NULL,NULL,N,NULL,NULL,NULL
1137816,2009,00:00.0,1232,12,LAWRENCE Ave W,CULFORD Rd,NULL,1,Etobicoke York,5,12,Intersection,At Intersection,Traffic Signal,Rain,Daylight,Wet,Non-Fatal Injury,Pedestrian Collisions,D12,30,Brookhaven-Amesbury (30),-79.4876,43.7063,NULL,NULL,N,NULL,NULL,NULL
1133727,2009,00:00.0,1654,16,LESLIE Stre,LESMILL Road,NULL,1,North York,NULL,33,Mid-Block,At Intersection,No Control,Clear,Daylight,Dry,Non-Fatal Injury,Rear End,D33,40,St.Andrew-Windfields (40),-79.3618,43.7623,NULL,NULL,N,NULL,NULL,NULL
1179238,2010,00:00.0,1410,14,CALEDONIA RD,KITCHENER AVE,NULL,3,Toronto and East York,9,13,Intersection,At Intersection,Traffic Signal,Clear,Daylight,Dry,Non-Fatal Injury,Pedestrian Collisions,D13,109,Caledonia-Fairbank (109),-79.4604,43.6889,NULL,NULL,N,NULL,NULL,NULL
1207434,2010,00:00.0,1958,19,FALMOUTH Aven,DANFORTH Road,NULL,1,Scarborough,20,41,Intersection,At Intersection,Stop Sign,Clear,Dark,Dry,Non-Fatal Injury,Turning Movement,D41,124,Kennedy Park (124),-79.2509,43.7305,NULL,NULL,N,NULL,NULL,NULL
1134663,2009,00:00.0,1445,14,GILDER DR,MIDLAND AVE,NULL,1,Scarborough,21,41,Intersection,At Intersection,Traffic Signal,Clear,Daylight,Dry,Fatal,Pedestrian Collisions,D41,138,Eglinton East (138),-79.2587,43.736,NULL,NULL,N,NULL,NULL,NULL
8000720463,2018,00:00.0,1706,17,1854 KEELE ST,NULL,NULL,1,North York,5,12,Mid-Block,Non Intersection,No Control,Clear,"Dark, artificial",Dry,Non-Fatal Injury,Pedestrian Collisions,D12,110,Keelesdale-Eglinton West (110),-79.4748,43.6895,NULL,NULL,N,NULL,NULL,NULL
1216368,2010,00:00.0,1540,15,VICTORIA PARK AVE,PACHINO BLVD,NULL,1,North York,NULL,NULL,Intersection,NULL,No Control,Clear,Daylight,Wet,Non-Fatal Injury,Pedestrian Collisions,D41,119,Wexford/Maryvale (119),-79.3169,43.7618,NULL,NULL,N,NULL,NULL,NULL
1209440,2010,00:00.0,1734,17,STEELES AVE E,SILVER STAR BLVD,NULL,1,Scarborough,22,42,Intersection,At Intersection,Traffic Signal,Snow,Dark,Wet,Fatal,Pedestrian Collisions,D42,130,Milliken (130),-79.2999,43.8253,NULL,NULL,N,NULL,NULL,NULL
8000630918,2018,00:00.0,2030,20,FINCH AVE W,ARROW RD,10 m West of,1,Etobicoke York,7,31,Intersection,At Intersection,Traffic Signal,Clear,"Dark, artificial",Dry,Non-Fatal Injury,Rear End,D31,22,Humbermede (22),-79.5362,43.7532,NULL,NULL,N,NULL,NULL,NULL
8000657737,2018,00:00.0,2000,20,WILSON AVE,LEXFIELD AVE,NULL,1,North York,6,31,Intersection,At Intersection,Traffic Signal,Clear,Dark,Dry,Non-Fatal Injury,Turning Movement,D31,26,Downsview-Roding-CFB (26),-79.4967,43.7232,NULL,NULL,N,NULL,NULL,NULL
8000722475,2018,00:00.0,20,0,FINCH AVE W,SIGNET DR,NULL,1,Etobicoke York,7,31,Intersection,At Intersection,Traffic Signal,Clear,"Dark, artificial",Dry,Fatal,Angle,D31,22,Humbermede (22),-79.5362,43.7532,NULL,NULL,N,NULL,NULL,NULL
8002198438,2018,00:00.0,2232,22,HIGH PARK BLVD,RONCESVALLES AVE,NULL,3,Toronto and East York,4,11,Intersection,At Intersection,Traffic Signal,Clear,Dark,Dry,Non-Fatal Injury,Pedestrian Collisions,D11,86,Roncesvalles (86),-79.449,43.6462,NULL,NULL,N,NULL,NULL,NULL
1132218,2009,00:00.0,535,5,HIGHWAY 27  N,STEELES AVE W,NULL,1,Etobicoke York,1,23,Intersection,At Intersection,Traffic Signal,Clear,Dark,Dry,Non-Fatal Injury,Angle,D23,1,West Humber-Clairville (1),-79.614,43.7554,-79.614,43.7554,Y,NULL,NULL,2019-03-01
1128218,2009,00:00.0,1039,10,HORNER AVE,BROWNS LINE Line,NULL,1,Etobicoke York,3,22,Mid-Block,At Intersection,No Control,Clear,Daylight,Dry,Non-Fatal Injury,Pedestrian Collisions,D22,20,Alderwood (20),-79.5454,43.6022,NULL,NULL,N,NULL,NULL,NULL
1190214,2010,00:00.0,2035,20,FINCH AVE E,MIDLAND AVE,NULL,1,Scarborough,NULL,42,Intersection,At Intersection,Traffic Signal,Rain,Dusk,Wet,Non-Fatal Injury,Turning Movement,D42,129,Agincourt North (129),-79.2862,43.8037,NULL,NULL,N,NULL,NULL,NULL
1137440,2009,00:00.0,1722,17,ALBION RD,FINCH AVE W,NULL,1,Etobicoke York,1,23,Intersection,At Intersection,Traffic Signal,Clear,Daylight,Dry,Non-Fatal Injury,Turning Movement,D23,2,Mount Olive-Silverstone-Jamestown (2),-79.5891,43.741,NULL,NULL,N,NULL,NULL,NULL
1134719,2009,00:00.0,815,8,REDCLIFF BLVD,COOLHURST DR,NULL,4,Etobicoke York,1,23,Intersection,At Intersection,No Control,Rain,Daylight,Wet,Non-Fatal Injury,Pedestrian Collisions,D23,4,Rexdale-Kipling (4),-79.5689,43.7189,NULL,NULL,N,NULL,NULL,NULL
8002342250,2018,00:00.0,1205,12,ISLINGTON AVE,JUTLAND RD,25 m South of,1,Etobicoke York,3,22,Intersection,At Intersection,Traffic Signal,Clear,Daylight,Dry,Non-Fatal Injury,Rear End,D22,16,Stonegate-Queensway (16),-79.5169,43.6288,NULL,NULL,N,NULL,NULL,NULL
1141277,2009,00:00.0,2320,23,FINCH AVE W,BATHURST ST,NULL,1,North York,NULL,32,Intersection,NULL,Traffic Signal,Clear,Dark,Dry,Non-Fatal Injury,Pedestrian Collisions,D32,36,Newtonbrook West (36),-79.4429,43.7738,NULL,NULL,N,NULL,NULL,NULL
7001989594,2017,00:00.0,725,7,FINCH AVENUE W,ALBION ROAD,NULL,1,Etobicoke York,1,23,Mid-Block,Non Intersection,No Control,Clear,"Dawn, artificial",Wet,Non-Fatal Injury,Pedestrian Collisions,D23,2,Mount Olive-Silverstone-Jamestown (2),-79.5891,43.741,NULL,NULL,N,NULL,NULL,NULL
8002279854,2018,00:00.0,1602,16,GOSFORD BLVD,SHOREHAM DR,5 m South of,2,North York,7,31,Intersection,At Intersection,Stop Sign,Clear,"Dark, artificial",Wet,Non-Fatal Injury,Pedestrian Collisions,D31,24,Black Creek (24),-79.5229,43.7681,NULL,NULL,N,NULL,NULL,NULL
8002315042,2018,00:00.0,612,6,DUFFERIN ST,BRIDGELAND AVE,NULL,1,North York,8,32,Intersection,At Intersection,Traffic Signal,Clear,"Dark, artificial",Dry,Non-Fatal Injury,Angle,D32,31,Yorkdale-Glen Park (31),-79.4576,43.7269,NULL,NULL,N,NULL,NULL,NULL
9000283937,2019,00:00.0,1112,11,YONGE ST,WILLIAM CARSON CRES,2 m South of,1,North York,NULL,32,Intersection,At Intersection,Traffic Signal,Clear,Daylight,Wet,Non-Fatal Injury,Turning Movement,D32,40,St.Andrew-Windfields (40),-79.4074,43.7472,NULL,NULL,N,NULL,NULL,NULL
9000355790,2019,00:00.0,1452,14,THE QUEENSWAY,GLENDALE AVE,NULL,1,Toronto and East York,4,11,Intersection,At Intersection,Traffic Signal,Clear,Daylight,Dry,Non-Fatal Injury,Pedestrian Collisions,D11,87,High Park-Swansea (87),-79.4512,43.6392,NULL,NULL,N,NULL,NULL,NULL
7001906466,2017,00:00.0,1310,13,LAKE SHORE BLVD W,THIRTY SEVENTH ST,NULL,1,Etobicoke York,3,22,Intersection,At Intersection,Traffic Signal,Clear,Daylight,Dry,Non-Fatal Injury,Turning Movement,D22,19,Long Branch (19),-79.5381,43.5933,-79.5381,43.5933,Y,Lake Shore Blvd W,Thirty Seventh St,2009-03-19
7001909817,2017,00:00.0,14,0,MARKHAM  RD,PANDORA CRCL,100 m North of,1,Scarborough,24,43,Intersection,At Intersection,Traffic Signal,Clear,"Dusk, artificial",Dry,Non-Fatal Injury,Pedestrian Collisions,D43,137,Woburn (137),-79.2297,43.7711,NULL,NULL,N,NULL,NULL,NULL
7001987033,2017,00:00.0,1100,11,SCARLETT RD,DUNDAS ST W,NULL,1,Toronto and East York,4,11,Intersection,At Intersection,Yield Sign,Clear,Daylight,Wet,Non-Fatal Injury,Rear End,D11,114,Lambton Baby Point (114),-79.4991,43.6654,NULL,NULL,N,NULL,NULL,NULL
9000359952,2019,00:00.0,835,8,DON MILLS RD,BOND AVE,10 m South of,1,North York,16,33,Intersection,At Intersection,No Control,Clear,Daylight,Dry,Non-Fatal Injury,Turning Movement,D33,42,Banbury-Don Mills (42),-79.3458,43.7462,NULL,NULL,N,NULL,NULL,NULL