ACCNUM,YEAR,DATE,TIME,HOUR,STREET1,STREET2,OFFSET,ROAD_CLASS,DISTRICT,WARDNUM,DIVISION,LOCCOORD,ACCLOC,TRAFFCTL,VISIBILITY,LIGHT,RDSFCOND,ACCLASS,IMPACTYPE,POLICE_DIVISION,HOOD_ID,NEIGHBOURHOOD,collision_lat,collision_long,red_light_lat,red_light_long,right_light_camera,LINEAR_NAME_FULL_1,LINEAR_NAME_FULL_2,ACTIVATION_DATE
9001234628,2019,00:00.0,920,9,LAWRENCE AVE W,KEELE ST,10 m East of,1,Etobicoke York,5,12,Mid-Block,Non Intersection,No Control,Clear,Daylight,Dry,Non-Fatal Injury,Pedestrian Collisions,D12,30,Brookhaven-Amesbury (30),-79.478,43.7085,NULL,NULL,N,NULL,NULL,NULL
8002017467,2018,00:00.0,1835,18,DANFORTH AVE,WESTLAKE AVE,NULL,1,Toronto and East York,19,NULL,Intersection,At Intersection,Traffic Signal,Rain,"Dark, artificial",Wet,Non-Fatal Injury,Pedestrian Collisions,D55,62,East End-Danforth (62),-79.3049,43.6874,NULL,NULL,N,NULL,NULL,NULL
8002123284,2018,00:00.0,720,7,BLOOR ST W,AVENUE RD,NULL,1,Toronto and East York,11,NULL,Intersection,At Intersection,Traffic Signal,Clear,Daylight,Dry,Non-Fatal Injury,Angle,D52,76,Bay Street Corridor (76),-79.394,43.6686,NULL,NULL,N,NULL,NULL,NULL
9001536611,2019,00:00.0,1748,17,QUEEN ST E,VICTORIA PARK AV,NULL,NULL,NULL,NULL,NULL,Intersection,At Intersection,Stop Sign,Clear,Daylight,Dry,Non-Fatal Injury,Cyclist Collisions,D41,122,Birchcliffe-Cliffside (122),-79.2801,43.6742,NULL,NULL,N,NULL,NULL,NULL
9000223499,2019,00:00.0,1904,19,WARDEN AVE,GLEN SPRINGS DR,NULL,1,Scarborough,22,42,Intersection,At Intersection,No Control,Rain,"Dark, artificial",Wet,Non-Fatal Injury,Pedestrian Collisions,D42,117,L'Amoreaux (117),-79.3201,43.8045,NULL,NULL,N,NULL,NULL,NULL
9000296843,2019,00:00.0,907,9,WARDEN  AVE,BAMBURGH  CRCL,89.5 m south,1,Scarborough,22,42,Mid-Block,Non Intersection,No Control,Clear,Daylight,Wet,Fatal,Pedestrian Collisions,D42,116,Steeles (116),-79.3246,43.8153,NULL,NULL,N,NULL,NULL,NULL
9000047172,2019,00:00.0,1838,18,O CONNOR DR,ST CLAIR AVE E,190 metre north of,1,Toronto and East York,19,54,Mid-Block,Non Intersection,No Control,Rain,"Dark, artificial",Wet,Fatal,Pedestrian Collisions,D54,54,O'Connor-Parkview (54),-79.3117,43.7067,NULL,NULL,N,NULL,NULL,NULL
9001246543,2019,00:00.0,1915,19,YONGE ST,ABITIBI AVE,NULL,1,North York,18,32,Intersection,At Intersection,No Control,Clear,Daylight,Dry,Non-Fatal Injury,Turning Movement,D32,50,Newtonbrook East (50),-79.4195,43.7962,NULL,NULL,N,NULL,NULL,NULL
9001359532,2019,00:00.0,110,1,AVENUE RD,BERNARD AVE,5 m South of,1,Toronto and East York,11,53,Intersection,Intersection Related,No Control,Clear,"Dark, artificial",Dry,Non-Fatal Injury,Pedestrian Collisions,D53,95,Annex (95),-79.3962,43.6739,NULL,NULL,N,NULL,NULL,NULL
9001365685,2019,00:00.0,2215,22,PHARMACY AVE,EGLINTON AVE E,NULL,1,Scarborough,15,53,Intersection,At Intersection,Traffic Signal,Rain,"Dark, artificial",Wet,Non-Fatal Injury,Pedestrian Collisions,D41,120,Clairlea-Birchmount (120),-79.2974,43.7255,NULL,NULL,N,NULL,NULL,NULL
9000085978,2019,00:00.0,1900,19,MURISON BLVD,MILNER AVE,2 m East of,3,Scarborough,25,42,Intersection,At Intersection,Traffic Signal,Clear,"Dark, artificial",Dry,Non-Fatal Injury,Pedestrian Collisions,D42,132,Malvern (132),-79.2022,43.7989,NULL,NULL,N,NULL,NULL,NULL
9001709057,2019,00:00.0,1740,17,RICHMOND ST W,YONGE ST,57 m West of,1,Toronto and East York,10,52,Mid-Block,Non Intersection,No Control,Clear,Daylight,Wet,Non-Fatal Injury,Pedestrian Collisions,D52,76,Bay Street Corridor (76),-79.3798,43.6514,NULL,NULL,N,NULL,NULL,NULL
9001372867,2019,00:00.0,21,0,OSSINGTON AV,BLOOR ST W,NULL,1,Toronto and East York,NULL,14,Intersection,At Intersection,Traffic Signal,Clear,"Dark, artificial",Dry,Non-Fatal Injury,Turning Movement,D14,93,Dovercourt-Wallace Emerson-Junction (93),-79.4256,43.6619,-79.4256,43.6619,Y,Bloor St W,Ossington Ave,2011-11-22
9001407311,2019,00:00.0,1436,14,THE QUEENSWAY,VIBE RD,20 m West of,1,Etobicoke York,3,22,Intersection,At Intersection,No Control,Clear,Daylight,Dry,Non-Fatal Injury,Cyclist Collisions,D22,14,Islington-City Centre West (14),-79.5234,43.6216,NULL,NULL,N,NULL,NULL,NULL
9000885812,2019,00:00.0,1559,15,91 ANNETTE ST,NULL,40 m East of,3,Toronto and East York,4,11,Mid-Block,At/Near Private Drive,No Control,Clear,Daylight,Dry,Non-Fatal Injury,Cyclist Collisions,D11,90,Junction Area (90),-79.4628,43.6634,NULL,NULL,N,NULL,NULL,NULL
8001932871,2018,00:00.0,1844,18,KING ST W,DUNN AVE,NULL,1,Toronto and East York,4,14,Intersection,At Intersection,Traffic Signal,Clear,"Dark, artificial",Dry,Non-Fatal Injury,Pedestrian Collisions,D14,85,South Parkdale (85),-79.4332,43.6376,NULL,NULL,N,NULL,NULL,NULL
9001479866,2019,00:00.0,2220,22,VICTORIA PARK AVE,CURLEW DR,81 m South of,1,Scarborough,NULL,NULL,Mid-Block,Non Intersection,No Control,Clear,"Dark, artificial",Dry,Non-Fatal Injury,Rear End,D41,119,Wexford/Maryvale (119),-79.3114,43.747,NULL,NULL,N,NULL,NULL,NULL
9000492756,2019,00:00.0,1545,15,LESLIE ST,FINCH AVE E,NULL,1,North York,17,33,Intersection,At Intersection,Traffic Signal,Clear,Daylight,Dry,Non-Fatal Injury,Pedestrian Collisions,D33,47,Don Valley Village (47),-79.368,43.7899,NULL,NULL,N,NULL,NULL,NULL
8001851733,2018,00:00.0,305,3,DON VALLEY PARKWAY  N,EASTERN AV E DVP N RAMP,80 m South of,8,Toronto and East York,NULL,NULL,Mid-Block,Non Intersection,No Control,Rain,"Dark, artificial",Wet,Non-Fatal Injury,Sideswipe,D55,70,South Riverdale (70),-79.3517,43.6561,NULL,NULL,N,NULL,NULL,NULL
8001881817,2018,00:00.0,2009,20,RUNNYMEDE RD,BLOOR ST W,NULL,1,Etobicoke York,4,11,Intersection,At Intersection,Traffic Controller,Clear,"Daylight, artificial",Dry,Non-Fatal Injury,Turning Movement,D11,87,High Park-Swansea (87),-79.4762,43.651,NULL,NULL,N,NULL,NULL,NULL
8001933015,2018,00:00.0,1904,19,ELLESMERE RD,MIDLAND AVE,9 m East of,1,Scarborough,21,41,Intersection,At Intersection,Traffic Signal,Clear,"Dark, artificial",Dry,Non-Fatal Injury,Pedestrian Collisions,D41,127,Bendale (127),-79.271,43.7678,NULL,NULL,N,NULL,NULL,NULL
8001951781,2018,00:00.0,1840,18,DUNDAS ST W,WINDERMERE AVE,7 m West of,1,North York,4,11,Intersection,Intersection Related,No Control,Clear,"Dark, artificial",Dry,Non-Fatal Injury,Pedestrian Collisions,D11,89,Runnymede-Bloor West Village (89),-79.4858,43.6655,NULL,NULL,N,NULL,NULL,NULL
9000454509,2019,00:00.0,1830,18,LAWSON RD,CENTENNIAL RD,NULL,2,Scarborough,25,43,Intersection,At Intersection,Stop Sign,Clear,Daylight,Dry,Non-Fatal Injury,Pedestrian Collisions,D43,133,Centennial Scarborough (133),-79.1507,43.7874,NULL,NULL,N,NULL,NULL,NULL
9001722454,2019,00:00.0,1515,15,STEELES AVE E,MOUNTCASTLE GT,NULL,1,Scarborough,22,42,Intersection,At Intersection,Traffic Signal,Clear,Daylight,Dry,Non-Fatal Injury,Turning Movement,D42,116,Steeles (116),-79.3204,43.8204,NULL,NULL,N,NULL,NULL,NULL
9000505193,2019,00:00.0,1222,12,NORTH QUEEN ST,MEDULLA AVE,NULL,3,Etobicoke York,3,22,Intersection,At Intersection,No Control,Clear,Daylight,Dry,Non-Fatal Injury,Pedestrian Collisions,D22,14,Islington-City Centre West (14),-79.5454,43.6213,NULL,NULL,N,NULL,NULL,NULL
1179891,2010,00:00.0,1149,11,YONGE ST,YORK MILLS RD,NULL,1,North York,NULL,32,Intersection,NULL,Traffic Signal,Clear,Daylight,Dry,Fatal,Angle,D32,40,St.Andrew-Windfields (40),-79.4066,43.7441,NULL,NULL,N,NULL,NULL,NULL
9001733746,2019,00:00.0,740,7,19 FOUR WINDS DR,NULL,90 m East of,2,Etobicoke York,7,31,Mid-Block,Non Intersection,No Control,Clear,Daylight,Dry,Non-Fatal Injury,Pedestrian Collisions,D31,27,York University Heights (27),-79.4989,43.7639,NULL,NULL,N,NULL,NULL,NULL
9001734593,2019,00:00.0,959,9,YONGE ST,ERSKINE AVE,NULL,1,North York,NULL,53,Intersection,At Intersection,No Control,Clear,Daylight,Dry,Fatal,Pedestrian Collisions,D53,104,Mount Pleasant West (104),-79.3992,43.711,NULL,NULL,N,NULL,NULL,NULL
1178905,2010,00:00.0,1329,13,WESTON RD,JANE ST,NULL,1,Etobicoke York,5,12,Intersection,NULL,Traffic Signal,Rain,Daylight,Wet,Non-Fatal Injury,Pedestrian Collisions,D12,115,Mount Dennis (115),-79.5008,43.6912,NULL,NULL,N,NULL,NULL,NULL
1187629,2010,00:00.0,2015,20,THE ESPLANADE,CHURCH ST,NULL,2,Toronto and East York,NULL,51,Intersection,At Intersection,Traffic Signal,Clear,Daylight,Dry,Non-Fatal Injury,Turning Movement,D51,77,Waterfront Communities-The Island (77),-79.3732,43.6472,NULL,NULL,N,NULL,NULL,NULL
1188699,2010,00:00.0,1230,12,LESLIE St,FARMSTEAD Rd,NULL,1,North York,NULL,33,Intersection,NULL,No Control,Clear,Daylight,Dry,Non-Fatal Injury,Pedestrian Collisions,D33,40,St.Andrew-Windfields (40),-79.3603,43.7548,NULL,NULL,N,NULL,NULL,NULL
1183999,2010,00:00.0,1752,17,2301 BRIMLEY RD,NULL,NULL,1,Scarborough,23,42,Mid-Block,NULL,No Control,Clear,Daylight,Dry,Non-Fatal Injury,Pedestrian Collisions,D42,129,Agincourt North (129),-79.2726,43.7969,NULL,NULL,N,NULL,NULL,NULL
8001918049,2018,00:00.0,1630,16,BLOOR ST W,RUNNYMEDE RD,NULL,1,Etobicoke York,4,11,Intersection,At Intersection,Traffic Controller,Clear,Daylight,Dry,Non-Fatal Injury,Cyclist Collisions,D11,87,High Park-Swansea (87),-79.4762,43.651,NULL,NULL,N,NULL,NULL,NULL
8002144295,2018,00:00.0,1306,13,EGLINTON  AVE W,WESTON RD,30 m East of,1,Etobicoke York,5,12,Intersection,Intersection Related,No Control,Clear,Daylight,Loose Sand or Gravel,Non-Fatal Injury,Sideswipe,D12,115,Mount Dennis (115),-79.4894,43.6869,NULL,NULL,N,NULL,NULL,NULL
8002111291,2018,00:00.0,1011,10,BRUCEWOOD CRES,COVINGTON RD,4 m South of,2,North York,8,32,Intersection,At Intersection,Stop Sign,Snow,Daylight,Slush,Non-Fatal Injury,Pedestrian Collisions,D32,32,Englemount-Lawrence (32),-79.4336,43.7201,NULL,NULL,N,NULL,NULL,NULL
1221095,2011,00:00.0,558,5,FOREST MANOR Road,PARKWAY FOREST Driv,NULL,2,North York,17,33,Intersection,NULL,Stop Sign,Clear,Daylight,Dry,Non-Fatal Injury,SMV Other,D33,53,Henry Farm (53),-79.3433,43.775,NULL,NULL,N,NULL,NULL,NULL
8002171142,2018,00:00.0,1750,17,BELLAMY RD N,CEDAR BRAE BLVD,NULL,3,Scarborough,21,43,Intersection,At Intersection,Stop Sign,Clear,"Dark, artificial",Dry,Fatal,Pedestrian Collisions,D43,138,Eglinton East (138),-79.2325,43.7415,NULL,NULL,N,NULL,NULL,NULL
1201798,2010,00:00.0,1553,15,CHURCH ST,MC GILL ST,NULL,3,Toronto and East York,13,51,Intersection,NULL,No Control,Clear,Daylight,Dry,Non-Fatal Injury,Turning Movement,D51,75,Church-Yonge Corridor (75),-79.3788,43.6606,NULL,NULL,N,NULL,NULL,NULL
1229003,2011,00:00.0,1910,19,4335 BLOOR ST W,NULL,NULL,1,Etobicoke York,2,22,Mid-Block,NULL,No Control,Clear,Daylight,Dry,Non-Fatal Injury,Pedestrian Collisions,D22,12,Markland Wood (12),-79.5759,43.6316,NULL,NULL,N,NULL,NULL,NULL
1205411,2010,00:00.0,2001,20,50 YORK GATE BLVD,NULL,NULL,3,Etobicoke York,7,31,Mid-Block,NULL,No Control,Rain,Dark,Wet,Non-Fatal Injury,Pedestrian Collisions,D31,24,Black Creek (24),-79.5214,43.7584,NULL,NULL,N,NULL,NULL,NULL
8002043584,2018,00:00.0,1855,18,DUFFERIN ST,WINGOLD AVE,15 m South of,1,North York,8,13,Intersection,Intersection Related,No Control,Clear,"Dark, artificial",Wet,Non-Fatal Injury,Pedestrian Collisions,D13,31,Yorkdale-Glen Park (31),-79.4524,43.7037,NULL,NULL,N,NULL,NULL,NULL
1232009,2011,00:00.0,1400,14,YONGE ST,WILSON AVE,NULL,1,North York,NULL,32,Intersection,NULL,Traffic Signal,Clear,Daylight,Dry,Non-Fatal Injury,Rear End,D32,40,St.Andrew-Windfields (40),-79.4066,43.7441,NULL,NULL,N,NULL,NULL,NULL
1181097,2010,00:00.0,1931,19,RICHMOND ST W,SIMCOE ST,NULL,1,Toronto and East York,10,52,Intersection,At Intersection,No Control,Clear,Daylight,Dry,Non-Fatal Injury,Pedestrian Collisions,D52,76,Bay Street Corridor (76),-79.387,43.6498,NULL,NULL,N,NULL,NULL,NULL
1200323,2010,00:00.0,1130,11,WILSON AVE,PRIVET RD,NULL,1,North York,6,31,Intersection,NULL,No Control,Clear,Daylight,Dry,Non-Fatal Injury,Turning Movement,D31,26,Downsview-Roding-CFB (26),-79.4993,43.7227,NULL,NULL,N,NULL,NULL,NULL
1204660,2010,00:00.0,654,6,MOUNT PLEASANT RD,DAVISVILLE AVE,NULL,1,North York,NULL,53,Intersection,At Intersection,Traffic Signal,Clear,Daylight,Dry,Non-Fatal Injury,Turning Movement,D53,99,Mount Pleasant East (99),-79.3869,43.7003,NULL,NULL,N,NULL,NULL,NULL
1199899,2010,00:00.0,848,8,CHETTA PL,WINCOTT DR,NULL,4,Etobicoke York,1,23,Mid-Block,NULL,No Control,Clear,Daylight,Dry,Non-Fatal Injury,Pedestrian Collisions,D23,6,Kingsview Village-The Westway (6),-79.5516,43.6966,NULL,NULL,N,NULL,NULL,NULL
6000441684,2016,00:00.0,952,9,DON MILLS RD,FINCH AVE E,NULL,1,North York,17,33,Intersection,At Intersection,Traffic Signal,Rain,Daylight,Wet,Fatal,Angle,D33,48,Hillcrest Village (48),-79.3547,43.7926,-79.3547,43.7926,Y,Finch Ave E,Don Mills Rd,2021-05-07
1233062,2011,00:00.0,1356,13,QUEEN ST W,GLADSTONE AVE,NULL,1,Toronto and East York,9,14,Intersection,At Intersection,Traffic Signal,"Fog, Mist, Smoke, Dust",Daylight,Dry,Non-Fatal Injury,Turning Movement,D14,84,Little Portugal (84),-79.4271,43.6425,NULL,NULL,N,NULL,NULL,NULL
1246412,2011,00:00.0,1705,17,DIXON RD,ISLINGTON AVE,NULL,1,Etobicoke York,NULL,23,Intersection,At Intersection,Traffic Signal,Rain,Daylight,Wet,Non-Fatal Injury,Turning Movement,D23,6,Kingsview Village-The Westway (6),-79.5466,43.697,NULL,NULL,N,NULL,NULL,NULL
1233231,2011,00:00.0,17,0,F G GARDINER Expr E,DOWLING Ave,NULL,1,Toronto and East York,4,14,Mid-Block,NULL,No Control,Rain,"Dark, artificial",Wet,Non-Fatal Injury,SMV Other,D14,85,South Parkdale (85),-79.4407,43.6354,NULL,NULL,N,NULL,NULL,NULL
1201223,2010,00:00.0,859,8,VICTORIA PARK AVE,ROWENA DR,NULL,1,North York,NULL,NULL,Intersection,At Intersection,Traffic Signal,Clear,Daylight,Dry,Non-Fatal Injury,Pedestrian Collisions,D41,119,Wexford/Maryvale (119),-79.3129,43.7514,NULL,NULL,N,NULL,NULL,NULL
1191325,2010,00:00.0,2225,22,ALBION RD,TODD BROOK DR,NULL,1,Etobicoke York,1,23,Intersection,NULL,No Control,Clear,Dark,Dry,Non-Fatal Injury,Rear End,D23,3,Thistletown-Beaumond Heights (3),-79.5715,43.7382,NULL,NULL,N,NULL,NULL,NULL
1232208,2011,00:00.0,1537,15,255 MORNINGSIDE AVE,NULL,NULL,1,Scarborough,NULL,43,Intersection,At Intersection,Traffic Signal,Clear,Daylight,Dry,Non-Fatal Injury,Pedestrian Collisions,D43,136,West Hill (136),-79.1861,43.7683,NULL,NULL,N,NULL,NULL,NULL
1239488,2011,00:00.0,1519,15,DANFORTH AVE,WOODMOUNT AVE,NULL,1,Toronto and East York,19,NULL,Mid-Block,NULL,No Control,Clear,Daylight,Dry,Non-Fatal Injury,Sideswipe,D55,64,Woodbine Corridor (64),-79.3146,43.6852,NULL,NULL,N,NULL,NULL,NULL
1200416,2010,00:00.0,2255,22,ST CLAIR AVE E,AVOCA AVE,NULL,1,Toronto and East York,12,53,Intersection,At Intersection,Traffic Signal,Clear,Dark,Dry,Non-Fatal Injury,Rear End,D53,98,Rosedale-Moore Park (98),-79.3898,43.6889,NULL,NULL,N,NULL,NULL,NULL
1230701,2011,00:00.0,1837,18,F G GARDINER XY Expr E,CHERRY ST,NULL,1,Toronto and East York,10,51,Intersection,NULL,No Control,Clear,Daylight,Dry,Fatal,SMV Other,D51,77,Waterfront Communities-The Island (77),-79.3561,43.649,NULL,NULL,N,NULL,NULL,NULL
1221211,2011,00:00.0,656,6,HUMBER BLVD,ALLIANCE AVE,NULL,2,Etobicoke York,5,12,Mid-Block,NULL,Pedestrian Crossover,Clear,Dark,Wet,Non-Fatal Injury,Pedestrian Collisions,D12,111,Rockcliffe-Smythe (111),-79.4833,43.6787,NULL,NULL,N,NULL,NULL,NULL
1197308,2010,00:00.0,2050,20,KINGSTON RD,SANDOWN AVE,NULL,1,Scarborough,20,41,Mid-Block,NULL,No Control,Clear,Dark,Dry,Non-Fatal Injury,Rear End,D41,122,Birchcliffe-Cliffside (122),-79.25,43.7082,NULL,NULL,N,NULL,NULL,NULL
1191546,2010,00:00.0,2235,22,HIGHWAY 27  N,VICE REGENT BLVD,NULL,1,Etobicoke York,1,23,Intersection,At Intersection,Stop Sign,Clear,Dark,Dry,Fatal,Turning Movement,D23,1,West Humber-Clairville (1),-79.5927,43.7113,NULL,NULL,N,NULL,NULL,NULL
1205839,2010,00:00.0,1430,14,LAKE SHORE Boul W,ONTARIO Driv,NULL,1,Toronto and East York,10,14,Intersection,At Intersection,Traffic Signal,Clear,Daylight,Dry,Non-Fatal Injury,Turning Movement,D14,82,Niagara (82),-79.4197,43.6304,NULL,NULL,N,NULL,NULL,NULL
1206538,2010,00:00.0,2055,20,SHEPPARD Aven W,JANE Stre,NULL,1,Etobicoke York,NULL,31,Intersection,At Intersection,Traffic Signal,Clear,Dark,Dry,Non-Fatal Injury,Rear End,D31,25,Glenfield-Jane Heights (25),-79.5131,43.7393,NULL,NULL,N,NULL,NULL,NULL
1176276,2010,00:00.0,1430,14,QUEEN ST E,BERTMOUNT AVE,NULL,3,Toronto and East York,14,55,Intersection,NULL,No Control,Clear,Daylight,Dry,Non-Fatal Injury,Pedestrian Collisions,D55,70,South Riverdale (70),-79.3348,43.6622,NULL,NULL,N,NULL,NULL,NULL
1225560,2011,00:00.0,607,6,DUNDAS ST E,OSKENONTON  LANE,NULL,1,Toronto and East York,13,51,Intersection,At Intersection,No Control,Rain,Dawn,Wet,Non-Fatal Injury,Pedestrian Collisions,D51,73,Moss Park (73),-79.3701,43.6584,NULL,NULL,N,NULL,NULL,NULL
1237405,2011,00:00.0,2138,21,PARKWAY FOREST DR,FOREST MANOR RD,NULL,2,North York,17,33,Intersection,At Intersection,No Control,Clear,Dark,Dry,Non-Fatal Injury,Pedestrian Collisions,D33,53,Henry Farm (53),-79.3433,43.775,NULL,NULL,N,NULL,NULL,NULL
1189140,2010,00:00.0,1100,11,KINGSTON RD,LAKESIDE AVE,NULL,1,Scarborough,20,41,Intersection,At Intersection,Stop Sign,Clear,Daylight,Dry,Non-Fatal Injury,Turning Movement,D41,122,Birchcliffe-Cliffside (122),-79.266,43.6907,NULL,NULL,N,NULL,NULL,NULL
1202238,2010,00:00.0,232,2,BEVERLEY ST,CECIL ST,NULL,3,Toronto and East York,11,52,Mid-Block,NULL,No Control,Clear,Dark,Dry,Non-Fatal Injury,Pedestrian Collisions,D52,78,Kensington-Chinatown (78),-79.3949,43.6565,NULL,NULL,N,NULL,NULL,NULL
9000814604,2019,00:00.0,1630,16,HIGHWAY 27  N,ROYALCREST RD,NULL,1,Etobicoke York,1,23,Intersection,At Intersection,Traffic Signal,Clear,Daylight,Dry,Non-Fatal Injury,SMV Other,D23,1,West Humber-Clairville (1),-79.6104,43.7496,NULL,NULL,N,NULL,NULL,NULL
1204379,2010,00:00.0,1217,12,HARBOUR ST,BAY ST,NULL,1,Toronto and East York,10,52,Intersection,At Intersection,Traffic Signal,Clear,Daylight,Dry,Non-Fatal Injury,Pedestrian Collisions,D52,77,Waterfront Communities-The Island (77),-79.3774,43.642,NULL,NULL,N,NULL,NULL,NULL
1219139,2011,00:00.0,2022,20,WESTON Road,MAPLE BUSH Aven,NULL,1,Etobicoke York,5,12,NULL,NULL,NULL,Other,Dark,Other,Non-Fatal Injury,Pedestrian Collisions,D12,23,Pelmo Park-Humberlea (23),-79.5348,43.7104,NULL,NULL,N,NULL,NULL,NULL
1199249,2010,00:00.0,858,8,MOUNT PLEASANT RD,LAWRENCE AVE E,NULL,1,North York,15,NULL,Intersection,At Intersection,Traffic Signal,Clear,Daylight,Dry,Non-Fatal Injury,Pedestrian Collisions,D53,105,Lawrence Park North (105),-79.3963,43.7263,NULL,NULL,N,NULL,NULL,NULL
1226853,2011,00:00.0,2040,20,WILLOWDALE Aven,REVCOE Driv,NULL,3,North York,18,32,Intersection,NULL,No Control,Clear,Dark,Dry,Non-Fatal Injury,Rear End,D32,50,Newtonbrook East (50),-79.409,43.7857,NULL,NULL,N,NULL,NULL,NULL
1228390,2011,00:00.0,1130,11,WILSON AVE,HIGHVIEW AVE,NULL,1,North York,6,31,Intersection,At Intersection,Traffic Signal,Clear,Daylight,Dry,Non-Fatal Injury,SMV Other,D31,26,Downsview-Roding-CFB (26),-79.4967,43.7233,NULL,NULL,N,NULL,NULL,NULL
1198891,2010,00:00.0,1140,11,KENNEDY RD,MERRIAN RD,NULL,1,Scarborough,20,41,Intersection,At Intersection,Traffic Signal,Rain,Daylight,Wet,Non-Fatal Injury,Angle,D41,124,Kennedy Park (124),-79.2658,43.7274,NULL,NULL,N,NULL,NULL,NULL
1188832,2010,00:00.0,639,6,MARKHAM RD,ELLESMERE RD,NULL,1,Scarborough,24,43,Intersection,At Intersection,Traffic Signal,Rain,Dawn,Wet,Non-Fatal Injury,Pedestrian Collisions,D43,137,Woburn (137),-79.2317,43.7764,-79.2317,43.7764,Y,Markham Rd,Ellesmere Rd,2018-02-16
1203535,2010,00:00.0,1050,10,MIDLAND AVE,BENJAMIN BLVD,NULL,3,Scarborough,20,41,Intersection,At Intersection,No Control,Clear,Daylight,Dry,Non-Fatal Injury,Rear End,D41,124,Kennedy Park (124),-79.257,43.7322,NULL,NULL,N,NULL,NULL,NULL
1182503,2010,00:00.0,2050,20,BATHURST ST,WILD GINGERWAY Aven,NULL,1,North York,NULL,32,Mid-Block,NULL,No Control,Rain,Dark,Wet,Non-Fatal Injury,Approaching,D32,37,Willowdale West (37),-79.4407,43.7649,NULL,NULL,N,NULL,NULL,NULL
1202126,2010,00:00.0,2022,20,KEELE ST,MURRAY ROSS PKWY,NULL,1,Etobicoke York,NULL,31,Intersection,At Intersection,Traffic Signal,Rain,Dark,Wet,Non-Fatal Injury,Turning Movement,D31,27,York University Heights (27),-79.4919,43.7673,NULL,NULL,N,NULL,NULL,NULL
1177384,2010,00:00.0,2018,20,CALEDONIA PARK RD,DAVENPORT RD,NULL,3,Toronto and East York,9,NULL,Intersection,At Intersection,Traffic Controller,Clear,Dusk,Dry,Non-Fatal Injury,Cyclist Collisions,D13,93,Dovercourt-Wallace Emerson-Junction (93),-79.451,43.671,NULL,NULL,N,NULL,NULL,NULL
1203754,2010,00:00.0,330,3,SPADINA Rd,BLOOR St W,NULL,1,Toronto and East York,11,NULL,Intersection,At Intersection,Traffic Signal,Clear,Dark,Dry,Non-Fatal Injury,Pedestrian Collisions,D14,95,Annex (95),-79.4038,43.6666,NULL,NULL,N,NULL,NULL,NULL
1251485,2011,00:00.0,1924,19,F G GARDINER E Expr E,SPADINA Ave,NULL,NULL,Toronto and East York,10,14,Mid-Block,NULL,No Control,Clear,Daylight,Dry,Non-Fatal Injury,Rear End,D14,77,Waterfront Communities-The Island (77),-79.3979,43.6377,NULL,NULL,N,NULL,NULL,NULL
1199895,2010,00:00.0,443,4,96 JAMESON Aven,NULL,NULL,3,Toronto and East York,4,14,NULL,NULL,No Control,Clear,Dark,Dry,Non-Fatal Injury,Other,D14,85,South Parkdale (85),-79.4352,43.6349,NULL,NULL,N,NULL,NULL,NULL
1268346,2011,00:00.0,2005,20,CROUSE Rd,BIRCHMOUNT Rd,NULL,4,Scarborough,21,41,Mid-Block,NULL,No Control,Clear,Dark,Dry,Non-Fatal Injury,Pedestrian Collisions,D41,119,Wexford/Maryvale (119),-79.2835,43.7403,NULL,NULL,N,NULL,NULL,NULL
1234453,2011,00:00.0,1115,11,VICTORIA PARK AVE,SHEPPARD AVE E,NULL,1,North York,NULL,NULL,Intersection,At Intersection,Traffic Signal,Clear,Daylight,Dry,Non-Fatal Injury,Angle,D42,118,Tam O'Shanter-Sullivan (118),-79.323,43.7752,-79.323,43.7752,Y,Sheppard Ave E,Victoria Park Ave,2021-05-27
9001837052,2019,00:00.0,321,3,EGLINTON AV W,HWY 401 W ON-RAMP,130 m West of,1,Etobicoke York,NULL,NULL,Mid-Block,Non Intersection,Traffic Signal,Clear,"Dark, artificial",Dry,Non-Fatal Injury,SMV Other,D22,11,Eringate-Centennial-West Deane (11),-79.5644,43.6741,NULL,NULL,N,NULL,NULL,NULL
1252206,2011,00:00.0,946,9,DUNDAS ST W,KEELE ST,NULL,1,Toronto and East York,4,11,Intersection,At Intersection,Traffic Signal,Clear,Daylight,Dry,Non-Fatal Injury,Cyclist Collisions,D11,90,Junction Area (90),-79.4645,43.6653,NULL,NULL,N,NULL,NULL,NULL
9001093833,2019,00:00.0,1917,19,EGLINTON AVE WEST,HARTLEY AVE,20 m West of,NULL,NULL,NULL,NULL,Mid-Block,Non Intersection,No Control,Clear,Daylight,Dry,Non-Fatal Injury,Pedestrian Collisions,D13,108,Briar Hill-Belgravia (108),-79.4545,43.6947,NULL,NULL,N,NULL,NULL,NULL
9001182119,2019,00:00.0,2002,20,MIDLAND AVE,MIDWEST RD,NULL,1,Scarborough,21,41,Mid-Block,Non Intersection,No Control,Clear,Daylight,Dry,Non-Fatal Injury,Pedestrian Collisions,D41,127,Bendale (127),-79.2661,43.7546,NULL,NULL,N,NULL,NULL,NULL