ACCNUM,YEAR,DATE,TIME,HOUR,STREET1,STREET2,OFFSET,ROAD_CLASS,DISTRICT,WARDNUM,DIVISION,LOCCOORD,ACCLOC,TRAFFCTL,VISIBILITY,LIGHT,RDSFCOND,ACCLASS,IMPACTYPE,POLICE_DIVISION,HOOD_ID,NEIGHBOURHOOD,collision_lat,collision_long,red_light_lat,red_light_long,right_light_camera,LINEAR_NAME_FULL_1,LINEAR_NAME_FULL_2,ACTIVATION_DATE
9001182674,2019,00:00.0,2213,22,715 FINCH AVE W,NULL,6 m North of,1,North York,6,32,Mid-Block,At/Near Private Drive,No Control,Clear,"Dark, artificial",Dry,Non-Fatal Injury,Turning Movement,D32,34,Bathurst Manor (34),-79.4644,43.7693,NULL,NULL,N,NULL,NULL,NULL
9001872287,2019,00:00.0,2015,20,KENNEDY RD,ST CLAIR AVE E,NULL,1,Scarborough,20,41,Intersection,At Intersection,Traffic Signal,Clear,"Dark, artificial",Dry,Fatal,Angle,D41,120,Clairlea-Birchmount (120),-79.2613,43.7164,NULL,NULL,N,NULL,NULL,NULL
838759,2020,00:00.0,1847,18,THE QUEENSWAY,STEPHEN DR,NULL,1,Etobicoke York,3,22,Intersection,At Intersection,Traffic Signal,Clear,Daylight,Dry,Non-Fatal Injury,Turning Movement,D22,16,Stonegate-Queensway (16),-79.4842,43.6303,NULL,NULL,N,NULL,NULL,NULL
1272947,2011,00:00.0,625,6,OAKWOOD AVE,HOLLAND PARK AVE,NULL,3,Toronto and East York,NULL,13,Intersection,At Intersection,Stop Sign,Clear,Dark,Dry,Non-Fatal Injury,Turning Movement,D13,107,Oakwood Village (107),-79.4383,43.6863,NULL,NULL,N,NULL,NULL,NULL
992739,2020,00:00.0,2007,20,ERINGATE DR,RANGOON RD,6 m East of,2,Etobicoke York,2,22,Intersection,At Intersection,No Control,Clear,Daylight,Dry,Non-Fatal Injury,SMV Other,D22,11,Eringate-Centennial-West Deane (11),-79.5764,43.6621,NULL,NULL,N,NULL,NULL,NULL
429600,2020,00:00.0,1716,17,FINCH AVE W,SILVERSTONE DR,NULL,1,Etobicoke York,1,23,Intersection,At Intersection,Traffic Signal,Clear,Daylight,Dry,Non-Fatal Injury,Pedestrian Collisions,D23,1,West Humber-Clairville (1),-79.5949,43.7359,NULL,NULL,N,NULL,NULL,NULL
437574,2020,00:00.0,2100,21,WILSON AVE,PETHERHILL  AVE,27 m East of,1,North York,6,31,Intersection,Intersection Related,No Control,Clear,"Dark, artificial",Dry,Non-Fatal Injury,Other,D31,26,Downsview-Roding-CFB (26),-79.491,43.7245,NULL,NULL,N,NULL,NULL,NULL
9001150354,2019,00:00.0,1230,12,ISLINGTON AVE,MEADOWVALE DR,NULL,1,Etobicoke York,3,22,Intersection,At Intersection,No Control,Clear,Daylight,Dry,Non-Fatal Injury,Turning Movement,D22,16,Stonegate-Queensway (16),-79.5226,43.6428,NULL,NULL,N,NULL,NULL,NULL
1331742,2020,00:00.0,218,2,RIVERWOOD PKWY,HUMBER VALLEY RD,44 m West of,NULL,NULL,NULL,NULL,Mid-Block,Non Intersection,No Control,Clear,"Dark, artificial",Dry,Non-Fatal Injury,SMV Other,D22,16,Stonegate-Queensway (16),-79.4907,43.6401,NULL,NULL,N,NULL,NULL,NULL
1247270,2011,00:00.0,145,1,YONGE Stre,HIGHWAY 401 C  E,NULL,1,North York,18,32,Mid-Block,NULL,No Control,Clear,Dark,Dry,Non-Fatal Injury,SMV Other,D32,51,Willowdale East (51),-79.4085,43.7541,NULL,NULL,N,NULL,NULL,NULL
568853,2020,00:00.0,2116,21,BROADVIEW AVE,MONTCREST BLVD,NULL,3,Toronto East York,14,55,Intersection,At Intersection,Stop Sign,Rain,"Dark, artificial",Wet,Non-Fatal Injury,Turning Movement,D55,68,North Riverdale (68),-79.356,43.6731,NULL,NULL,N,NULL,NULL,NULL
627897,2020,00:00.0,945,9,KEELE ST,LAWRENCE AVE W,NULL,1,Etobicoke York,5,12,Intersection,At Intersection,Traffic Signal,Rain,Daylight,Wet,Non-Fatal Injury,Pedestrian Collisions,D12,30,Brookhaven-Amesbury (30),-79.478,43.7085,NULL,NULL,N,NULL,NULL,NULL
656670,2020,00:00.0,2310,23,STEELES AVE W,ISLINGTON AVE,NULL,1,Etobicoke York,NULL,NULL,Mid-Block,Non Intersection,No Control,Clear,"Dark, artificial",Wet,Fatal,Turning Movement,D23,2,Mount Olive-Silverstone-Jamestown (2),-79.5798,43.7622,NULL,NULL,N,NULL,NULL,NULL
474338,2020,00:00.0,1352,13,GERRARD ST E,MAIN ST,NULL,3,Toronto East York,19,55,Intersection,At Intersection,Traffic Signal,Clear,Daylight,Dry,Non-Fatal Injury,Pedestrian Collisions,D55,62,East End-Danforth (62),-79.3001,43.6838,NULL,NULL,N,NULL,NULL,NULL
522896,2020,00:00.0,27,0,QUEEN ST E,BROADVIEW AVE,NULL,1,Toronto East York,14,55,Intersection,At Intersection,Traffic Signal,Clear,"Dark, artificial",Dry,Non-Fatal Injury,Pedestrian Collisions,D55,70,South Riverdale (70),-79.3498,43.6588,NULL,NULL,N,NULL,NULL,NULL
658260,2020,00:00.0,917,9,KEELE ST,SHEPPARD AVE W,NULL,1,North York,6,31,Intersection,At Intersection,Traffic Signal,Clear,Daylight,Dry,Non-Fatal Injury,Angle,D31,26,Downsview-Roding-CFB (26),-79.4864,43.7447,-79.4864,43.7447,Y,Keele St,Sheppard Ave W,2009-03-17
9002192530,2019,00:00.0,1051,10,KEELE ST,LAWRENCE AVE W,NULL,1,Etobicoke York,5,12,Intersection,At Intersection,Traffic Signal,Snow,Daylight,Wet,Fatal,Pedestrian Collisions,D12,30,Brookhaven-Amesbury (30),-79.478,43.7085,NULL,NULL,N,NULL,NULL,NULL
9001184914,2019,00:00.0,902,9,VICTORIA ST,QUEEN ST E,NULL,1,Toronto and East York,13,51,Intersection,At Intersection,Traffic Signal,Clear,Daylight,Dry,Fatal,Pedestrian Collisions,D51,75,Church-Yonge Corridor (75),-79.378,43.6526,NULL,NULL,N,NULL,NULL,NULL
9002079433,2019,00:00.0,629,6,EGLINTON  AVE E,DON MILLS  RD,NULL,1,North York,16,NULL,Intersection,At Intersection,Traffic Signal,Clear,"Dark, artificial",Dry,Fatal,Pedestrian Collisions,D54,44,Flemingdon Park (44),-79.3388,43.7204,NULL,NULL,N,NULL,NULL,NULL
1374223,2020,00:00.0,254,2,CALEDONIA PARK RD,DAVENPORT RD,3 m South of,3,Toronto and East York,9,NULL,Intersection,Intersection Related,Traffic Signal,Clear,"Dark, artificial",Dry,Non-Fatal Injury,SMV Other,D13,92,Corso Italia-Davenport (92),-79.451,43.671,NULL,NULL,N,NULL,NULL,NULL
1717092,2020,00:00.0,2240,22,BLOOR ST E,CHURCH ST,NULL,1,Toronto and East York,11,NULL,Intersection,Intersection Related,Traffic Signal,Clear,"Dark, artificial",Dry,Non-Fatal Injury,Pedestrian Collisions,D51,75,Church-Yonge Corridor (75),-79.3831,43.671,NULL,NULL,N,NULL,NULL,NULL
1832925,2020,00:00.0,33,0,DVP N,SPANBRIDGE ROAD,5 m South of,2,North York,16,54,Mid-Block,Non Intersection,No Control,Clear,"Dark, artificial",Dry,Non-Fatal Injury,Rear End,D54,44,Flemingdon Park (44),-79.3254,43.7126,NULL,NULL,N,NULL,NULL,NULL
1892662,2020,00:00.0,1640,16,BATHURST ST,SHEPPARD AVE W,80 m North of,1,North York,NULL,NULL,Mid-Block,Non Intersection,No Control,Clear,Daylight,Dry,Non-Fatal Injury,Pedestrian Collisions,D32,34,Bathurst Manor (34),-79.4386,43.756,NULL,NULL,N,NULL,NULL,NULL
9001976844,2019,00:00.0,1049,10,ELLESMERE RD,PHARMACY AVE,26 m East of,NULL,NULL,NULL,NULL,Intersection,At Intersection,Traffic Signal,Clear,Daylight,Dry,Non-Fatal Injury,Pedestrian Collisions,D41,119,Wexford/Maryvale (119),-79.3098,43.7591,NULL,NULL,N,NULL,NULL,NULL
9002016124,2019,00:00.0,248,2,CABERNET CRCL,MOSELLE DR,13 m West of,2,Etobicoke York,1,23,Intersection,Intersection Related,No Control,Clear,"Dark, artificial",Dry,Non-Fatal Injury,Pedestrian Collisions,D23,1,West Humber-Clairville (1),-79.6043,43.7559,NULL,NULL,N,NULL,NULL,NULL
2072729,2020,00:00.0,1300,13,BLOOR ST W,MARGUERRETTE ST,1 m East of,NULL,NULL,NULL,NULL,Intersection,Intersection Related,Stop Sign,Clear,Daylight,Dry,Non-Fatal Injury,Cyclist Collisions,D11,93,Dovercourt-Wallace Emerson-Junction (93),-79.4401,43.6589,NULL,NULL,N,NULL,NULL,NULL
93249,2020,00:00.0,1356,13,LAKE SHORE BV E,DON RY,250 m West of,NULL,North York,10,51,Mid-Block,Non Intersection,No Control,Clear,Daylight,Dry,Non-Fatal Injury,Turning Movement,D51,77,Waterfront Communities-The Island (77),-79.3497,43.6519,NULL,NULL,N,NULL,NULL,NULL
9002039731,2019,00:00.0,1756,17,MIDLAND  AVE,ARTILLERY ST,48 m North of,1,Scarborough,NULL,42,Mid-Block,Non Intersection,No Control,Clear,Daylight,Dry,Non-Fatal Injury,Pedestrian Collisions,D42,130,Milliken (130),-79.294,43.8185,NULL,NULL,N,NULL,NULL,NULL
213617,2020,00:00.0,845,8,LAKE SHORE BLVD W,KIPLING AVE,50 m West of,1,Etobicoke York,3,22,Mid-Block,Non Intersection,No Control,Clear,Daylight,Dry,Non-Fatal Injury,Other,D22,18,New Toronto (18),-79.5174,43.598,NULL,NULL,N,NULL,NULL,NULL
45664,2020,00:00.0,1850,18,EGLINTON AVE E,PHARMACY AVE,NULL,1,Scarborough,NULL,41,Intersection,At Intersection,Traffic Signal,Clear,Dark,Dry,Non-Fatal Injury,Turning Movement,D41,120,Clairlea-Birchmount (120),-79.2974,43.7255,NULL,NULL,N,NULL,NULL,NULL
66893,2020,00:00.0,1721,17,CRUIKSHANK AVE,CARLAW AVE,NULL,2,Toronto and East York,14,54,Intersection,At Intersection,Stop Sign,Rain,"Dark, artificial",Wet,Non-Fatal Injury,SMV Other,D54,67,Playter Estates-Danforth (67),-79.3481,43.6806,NULL,NULL,N,NULL,NULL,NULL
136270,2020,00:00.0,1658,16,ISLINGTON AVE,BROMLEY CRES,NULL,1,Etobicoke York,2,22,Intersection,At Intersection,No Control,Clear,Daylight,Loose Snow,Non-Fatal Injury,Pedestrian Collisions,D22,9,Edenbridge-Humber Valley (9),-79.5312,43.6626,NULL,NULL,N,NULL,NULL,NULL
169709,2020,00:00.0,505,5,F G GARDINER XY  W,LOWER SHERBOURNE ST,150 m West of,8,Scarborough,10,51,Mid-Block,Non Intersection,No Control,Rain,"Dark, artificial",Wet,Non-Fatal Injury,SMV Other,D51,77,Waterfront Communities-The Island (77),-79.3671,43.6463,NULL,NULL,N,NULL,NULL,NULL
73153,2020,00:00.0,1625,16,FORT YORK BLVD,DAN LECKIE WAY,NULL,4,Toronto East York,10,14,Intersection,Intersection Related,Traffic Signal,Rain,Dark,Wet,Non-Fatal Injury,SMV Other,D14,77,Waterfront Communities-The Island (77),-79.3979,43.6393,NULL,NULL,N,NULL,NULL,NULL
9002404959,2019,00:00.0,2041,20,SHEPPARD AVE W,KEELE ST,1 m West of,1,North York,6,31,Intersection,At Intersection,Traffic Signal,Clear,"Dark, artificial",Dry,Non-Fatal Injury,Pedestrian Collisions,D31,26,Downsview-Roding-CFB (26),-79.4864,43.7447,-79.4864,43.7447,Y,Keele St,Sheppard Ave W,2009-03-17
9002093475,2019,00:00.0,304,3,RICHMOND ST E,JARVIS ST,NULL,1,Toronto and East York,13,51,Intersection,At Intersection,Traffic Signal,Clear,"Dark, artificial",Dry,Non-Fatal Injury,Pedestrian Collisions,D51,73,Moss Park (73),-79.3727,43.6526,NULL,NULL,N,NULL,NULL,NULL
9002320157,2019,00:00.0,2010,20,LAWRENCE AVE E,AINSDALE RD,5 m East of,1,Scarborough,21,41,Intersection,At Intersection,No Control,Snow,"Dark, artificial",Loose Snow,Non-Fatal Injury,Rear End,D41,119,Wexford/Maryvale (119),-79.2922,43.7458,NULL,NULL,N,NULL,NULL,NULL
214205,2020,00:00.0,1014,10,DANFORTH AVE,PAPE AVE,9 m South of,1,Toronto East York,14,NULL,Intersection,At Intersection,Traffic Signal,Clear,Daylight,Dry,Non-Fatal Injury,Pedestrian Collisions,D55,69,Blake-Jones (69),-79.3448,43.6788,NULL,NULL,N,NULL,NULL,NULL
2374044,2020,00:00.0,1550,15,168 CLONMORE DR,NULL,NULL,3,Scarborough,NULL,NULL,Mid-Block,Non Intersection,No Control,Clear,Daylight,Dry,Fatal,Pedestrian Collisions,D41,122,Birchcliffe-Cliffside (122),-79.277,43.6902,NULL,NULL,N,NULL,NULL,NULL
1759488,2020,00:00.0,2230,22,POTTERY RD,BROADVIEW AVE,332 m West of,3,Toronto and East York,14,54,Mid-Block,Non Intersection,No Control,Clear,"Dark, artificial",Dry,Non-Fatal Injury,SMV Other,D54,57,Broadview North (57),-79.3569,43.6839,NULL,NULL,N,NULL,NULL,NULL
1566873,2020,00:00.0,1535,15,KEELE ST,SHEPPARD AVE W,NULL,1,North York,6,31,Intersection,At Intersection,Traffic Signal,Clear,Daylight,Dry,Non-Fatal Injury,Pedestrian Collisions,D31,27,York University Heights (27),-79.4864,43.7447,-79.4864,43.7447,Y,Keele St,Sheppard Ave W,2009-03-17
9002403050,2019,00:00.0,129,1,LAWRENCE AVE E,BARRYMORE RD,NULL,1,Scarborough,21,43,Mid-Block,Non Intersection,No Control,NULL,Dark,NULL,Fatal,Pedestrian Collisions,D43,127,Bendale (127),-79.25,43.7544,NULL,NULL,N,NULL,NULL,NULL
9002439136,2019,00:00.0,1945,19,NEWARK RD,SCARBOROUGH GOLF CLUB RD,NULL,4,Scarborough,24,43,Intersection,At Intersection,Stop Sign,Clear,"Dusk, artificial",Dry,Non-Fatal Injury,SMV Other,D43,135,Morningside (135),-79.221,43.7756,NULL,NULL,N,NULL,NULL,NULL
1327895,2012,00:00.0,1052,10,KIPLING AVE,EGLINTON AVE W,NULL,1,Etobicoke York,2,NULL,Intersection,At Intersection,Traffic Signal,Clear,Daylight,Dry,Non-Fatal Injury,Turning Movement,D22,10,Princess-Rosethorn (10),-79.5508,43.6771,NULL,NULL,N,NULL,NULL,NULL
1310839,2012,00:00.0,855,8,KENNEDY RD,WICKWARE GT,NULL,1,Scarborough,21,41,Intersection,At Intersection,Traffic Signal,Clear,Daylight,Dry,Non-Fatal Injury,Turning Movement,D41,126,Dorset Park (126),-79.2762,43.7532,NULL,NULL,N,NULL,NULL,NULL
1315841,2012,00:00.0,951,9,CHURCH ST,CARLTON ST,NULL,1,Toronto and East York,13,51,Intersection,At Intersection,Traffic Signal,Clear,Daylight,Dry,Non-Fatal Injury,Angle,D51,75,Church-Yonge Corridor (75),-79.3793,43.6618,NULL,NULL,N,NULL,NULL,NULL
1311734,2012,00:00.0,1930,19,BLOOR ST E,ST PAULS SQ,NULL,1,Toronto and East York,11,NULL,Intersection,NULL,No Control,Clear,Daylight,Dry,Non-Fatal Injury,Cyclist Collisions,D51,75,Church-Yonge Corridor (75),-79.3823,43.6711,NULL,NULL,N,NULL,NULL,NULL
1314310,2012,00:00.0,29,0,EDENBRIDGE Dr,EDGEHILL Rd,NULL,2,Etobicoke York,2,22,Mid-Block,NULL,No Control,Clear,Dark,Dry,Non-Fatal Injury,SMV Other,D22,9,Edenbridge-Humber Valley (9),-79.5173,43.6714,NULL,NULL,N,NULL,NULL,NULL
1306447,2012,00:00.0,1243,12,AVENUE RD,ELGIN AVE,NULL,1,Toronto and East York,11,53,Mid-Block,NULL,No Control,Clear,Daylight,Dry,Non-Fatal Injury,Pedestrian Collisions,D53,95,Annex (95),-79.3952,43.6714,NULL,NULL,N,NULL,NULL,NULL
1321770,2012,00:00.0,1630,16,BAYVIEW AVE,FELDBAR CRT,NULL,1,North York,NULL,NULL,Intersection,NULL,No Control,Clear,Daylight,Dry,Non-Fatal Injury,Rear End,D33,52,Bayview Village (52),-79.3919,43.7838,NULL,NULL,N,NULL,NULL,NULL
1344412,2012,00:00.0,1415,14,FIFTH Stre,LAKE SHORE Boul W,NULL,1,Etobicoke York,3,22,Intersection,NULL,Traffic Signal,Clear,Daylight,Dry,Non-Fatal Injury,Cyclist Collisions,D22,18,New Toronto (18),-79.5029,43.6012,NULL,NULL,N,NULL,NULL,NULL
1316631,2012,00:00.0,1624,16,VICTORIA PARK AVE,CLYDESDALE DR,NULL,1,North York,NULL,NULL,Mid-Block,NULL,No Control,Clear,Daylight,Dry,Non-Fatal Injury,Rear End,D42,117,L'Amoreaux (117),-79.327,43.784,NULL,NULL,N,NULL,NULL,NULL
1292008,2012,00:00.0,2000,20,SHEPPARD Aven W,BUCKLAND Road,NULL,1,Etobicoke York,NULL,31,Mid-Block,NULL,No Control,Clear,"Dark, artificial",Dry,Non-Fatal Injury,Rear End,D31,25,Glenfield-Jane Heights (25),-79.5042,43.7408,NULL,NULL,N,NULL,NULL,NULL
1355791,2013,00:00.0,139,1,QUEEN ST E,EASTERN AVE,NULL,1,Toronto and East York,19,55,Intersection,At Intersection,Traffic Signal,Rain,"Dark, artificial",Wet,Fatal,Pedestrian Collisions,D55,63,The Beaches (63),-79.3125,43.6672,NULL,NULL,N,NULL,NULL,NULL
1285462,2012,00:00.0,1020,10,ROSEDALE VALLEY RD,BAYVIEW AVE,NULL,1,Toronto and East York,NULL,51,Intersection,At Intersection,Traffic Signal,Clear,Daylight,Wet,Non-Fatal Injury,Rear End,D51,71,Cabbagetown-South St.James Town (71),-79.3601,43.6701,NULL,NULL,N,NULL,NULL,NULL
1265738,2011,00:00.0,2240,22,DUFFERIN ST,KENNARD AVE,NULL,1,North York,6,32,Mid-Block,NULL,No Control,Clear,"Dark, artificial",Dry,Non-Fatal Injury,Pedestrian Collisions,D32,34,Bathurst Manor (34),-79.4649,43.76,NULL,NULL,N,NULL,NULL,NULL
1303045,2012,00:00.0,1936,19,WARDEN AVE,HUNTINGWOOD DR,NULL,1,Scarborough,22,42,Intersection,At Intersection,Traffic Signal,Clear,Dusk,Dry,Non-Fatal Injury,Turning Movement,D42,118,Tam O'Shanter-Sullivan (118),-79.3108,43.7854,NULL,NULL,N,NULL,NULL,NULL
1303942,2012,00:00.0,640,6,GOODWOOD AVE,SELLERS AVE,NULL,4,Toronto and East York,9,13,Mid-Block,NULL,No Control,Clear,Daylight,Dry,Non-Fatal Injury,Cyclist Collisions,D13,92,Corso Italia-Davenport (92),-79.4447,43.6809,NULL,NULL,N,NULL,NULL,NULL
1304249,2012,00:00.0,1044,10,BATHURST St,BRIAR HILL Ave,NULL,1,North York,8,NULL,Intersection,At Intersection,Traffic Signal,Clear,Daylight,Dry,Non-Fatal Injury,Rear End,D13,102,Forest Hill North (102),-79.427,43.7079,NULL,NULL,N,NULL,NULL,NULL
1247894,2011,00:00.0,2301,23,YORK MILLS RD,DVP N YORK MILLS W RAMP,NULL,1,North York,16,33,Intersection,NULL,Traffic Signal,Clear,Dark,Dry,Non-Fatal Injury,Cyclist Collisions,D33,45,Parkwoods-Donalda (45),-79.334,43.7588,NULL,NULL,N,NULL,NULL,NULL
1367728,2013,00:00.0,1326,13,SPADINA AVE,NASSAU ST,NULL,1,Toronto and East York,11,NULL,Intersection,NULL,Traffic Signal,Clear,Daylight,Dry,Non-Fatal Injury,Pedestrian Collisions,D52,78,Kensington-Chinatown (78),-79.3992,43.6558,NULL,NULL,N,NULL,NULL,NULL
1325969,2012,00:00.0,900,9,CARLAW AVE,EASTERN AVE,NULL,3,Toronto and East York,14,55,Mid-Block,NULL,No Control,Clear,Daylight,Dry,Non-Fatal Injury,Turning Movement,D55,70,South Riverdale (70),-79.3396,43.6601,NULL,NULL,N,NULL,NULL,NULL
1330495,2012,00:00.0,1145,11,DUPONT ST,OSSINGTON AVE,NULL,1,Toronto and East York,11,14,Mid-Block,NULL,No Control,Clear,Daylight,Dry,Non-Fatal Injury,Turning Movement,D14,93,Dovercourt-Wallace Emerson-Junction (93),-79.4274,43.6703,NULL,NULL,N,NULL,NULL,NULL
1298592,2012,00:00.0,1143,11,WESTON RD,DORA SPENCER RD,NULL,3,Etobicoke York,5,12,Intersection,At Intersection,Stop Sign,Clear,Daylight,Dry,Non-Fatal Injury,Turning Movement,D12,115,Mount Dennis (115),-79.5027,43.692,NULL,NULL,N,NULL,NULL,NULL
1299089,2012,00:00.0,250,2,ST CLAIR AVE W,KEELE ST,NULL,1,Etobicoke York,5,NULL,Mid-Block,NULL,No Control,Rain,"Dark, artificial",Wet,Non-Fatal Injury,SMV Other,D11,90,Junction Area (90),-79.4684,43.6723,NULL,NULL,N,NULL,NULL,NULL
1367977,2013,00:00.0,1346,13,HIGHWAY 27  N,FINCH AVE W,NULL,1,Etobicoke York,1,23,Intersection,At Intersection,Traffic Signal,Clear,Daylight,Dry,Fatal,Pedestrian Collisions,D23,1,West Humber-Clairville (1),-79.603,43.7341,NULL,NULL,N,NULL,NULL,NULL
1380620,2013,00:00.0,1840,18,QUEEN St E,VANCOUVER Ave,NULL,3,Toronto and East York,14,55,Intersection,At Intersection,No Control,Clear,Daylight,Dry,Non-Fatal Injury,Cyclist Collisions,D55,65,Greenwood-Coxwell (65),-79.3239,43.6646,NULL,NULL,N,NULL,NULL,NULL
1298040,2012,00:00.0,357,3,DON VALLEY PARKWAY  N,PRINCE EDWARD VIADUCT,NULL,NULL,Toronto and East York,14,54,Mid-Block,NULL,No Control,Clear,"Dark, artificial",Dry,Non-Fatal Injury,Rear End,D54,67,Playter Estates-Danforth (67),-79.3624,43.6814,NULL,NULL,N,NULL,NULL,NULL
1318799,2012,00:00.0,1558,15,OAKWOOD AVE,CONWAY AVE,NULL,3,Toronto and East York,9,13,Intersection,NULL,Pedestrian Crossover,Clear,Daylight,Dry,Non-Fatal Injury,Pedestrian Collisions,D13,107,Oakwood Village (107),-79.4368,43.6826,NULL,NULL,N,NULL,NULL,NULL
1362938,2013,00:00.0,1346,13,QUEEN ST E,BOULTON AVE,NULL,3,Toronto and East York,14,55,Intersection,NULL,Pedestrian Crossover,Rain,Daylight,Wet,Non-Fatal Injury,Rear End,D55,70,South Riverdale (70),-79.3466,43.6595,NULL,NULL,N,NULL,NULL,NULL
1343634,2013,00:00.0,1855,18,MIDLAND AVE,MCNICOLL AVE,NULL,1,Scarborough,NULL,42,Mid-Block,NULL,No Control,Clear,Dusk,Dry,Non-Fatal Injury,Pedestrian Collisions,D42,130,Milliken (130),-79.2932,43.817,NULL,NULL,N,NULL,NULL,NULL
1382682,2013,00:00.0,1756,17,DANFORTH AVE,COXWELL AVE,NULL,1,Toronto and East York,19,NULL,Mid-Block,NULL,No Control,Clear,Daylight,Dry,Non-Fatal Injury,Pedestrian Collisions,D55,66,Danforth (66),-79.3229,43.6835,NULL,NULL,N,NULL,NULL,NULL
1382610,2013,00:00.0,228,2,BLOOR ST W,CLINTON ST,NULL,1,Toronto and East York,11,14,Intersection,NULL,No Control,Clear,Dark,Dry,Non-Fatal Injury,Turning Movement,D14,95,Annex (95),-79.4172,43.6638,NULL,NULL,N,NULL,NULL,NULL
1322488,2012,00:00.0,2208,22,YONGE ST,ORCHARD VIEW BLVD,NULL,1,North York,NULL,53,Intersection,NULL,No Control,Rain,Dark,Wet,Non-Fatal Injury,Pedestrian Collisions,D53,104,Mount Pleasant West (104),-79.3986,43.7082,NULL,NULL,N,NULL,NULL,NULL
1349045,2013,00:00.0,520,5,170 FINCH AVE E,NULL,NULL,1,North York,18,32,Mid-Block,NULL,No Control,Clear,Dawn,Dry,Non-Fatal Injury,Sideswipe,D32,51,Willowdale East (51),-79.4031,43.7824,NULL,NULL,N,NULL,NULL,NULL
1319211,2012,00:00.0,112,1,YORKSHIRE RD,IONVIEW RD,NULL,4,Scarborough,21,41,Intersection,At Intersection,Stop Sign,Clear,"Dark, artificial",Dry,Non-Fatal Injury,SMV Other,D41,125,Ionview (125),-79.2747,43.74,NULL,NULL,N,NULL,NULL,NULL
1332258,2012,00:00.0,748,7,SHEPPARD AVE E,ALLANFORD RD,NULL,1,Scarborough,22,42,Mid-Block,NULL,No Control,Clear,Daylight,Dry,Fatal,Pedestrian Collisions,D42,118,Tam O'Shanter-Sullivan (118),-79.2921,43.7823,NULL,NULL,N,NULL,NULL,NULL
1383782,2013,00:00.0,1610,16,DANFORTH Ave,BROADVIEW Ave,NULL,1,Toronto and East York,14,NULL,Intersection,NULL,Traffic Signal,Clear,Daylight,Dry,Non-Fatal Injury,Angle,D55,67,Playter Estates-Danforth (67),-79.3588,43.6761,NULL,NULL,N,NULL,NULL,NULL
1342812,2013,00:00.0,1112,11,KENNEDY Rd,DANCY Ave,NULL,1,Scarborough,22,42,Intersection,At Intersection,No Control,Clear,Daylight,Dry,Non-Fatal Injury,Rear End,D42,130,Milliken (130),-79.2987,43.8052,NULL,NULL,N,NULL,NULL,NULL
1301426,2012,00:00.0,2310,23,475 UNWIN AVE,NULL,NULL,5,Toronto and East York,14,55,Mid-Block,NULL,No Control,Clear,Dark,Dry,Non-Fatal Injury,SMV Other,D55,70,South Riverdale (70),-79.3274,43.6485,NULL,NULL,N,NULL,NULL,NULL
1301842,2012,00:00.0,2100,21,MANSE Rd,MANSEWOOD Gard,NULL,2,Scarborough,25,43,Intersection,NULL,No Control,Clear,"Dusk, artificial",Dry,Non-Fatal Injury,Sideswipe,D43,136,West Hill (136),-79.1757,43.7693,NULL,NULL,N,NULL,NULL,NULL
1345175,2013,00:00.0,1545,15,CLIFFSIDE DR,EAST HAVEN DR,NULL,2,Scarborough,20,41,Intersection,NULL,Stop Sign,Clear,Daylight,Wet,Fatal,Pedestrian Collisions,D41,122,Birchcliffe-Cliffside (122),-79.2515,43.7036,NULL,NULL,N,NULL,NULL,NULL
1353008,2013,00:00.0,1815,18,DUNDAS ST E,CRAVEN RD,NULL,3,Toronto and East York,14,55,Intersection,At Intersection,Stop Sign,Clear,Dusk,Dry,Non-Fatal Injury,Cyclist Collisions,D55,65,Greenwood-Coxwell (65),-79.3195,43.6684,NULL,NULL,N,NULL,NULL,NULL
1320057,2012,00:00.0,615,6,KENNEDY RD,FOXRIDGE DR,NULL,1,Scarborough,20,41,Intersection,At Intersection,No Control,Clear,"Daylight, artificial",Dry,Non-Fatal Injury,Cyclist Collisions,D41,124,Kennedy Park (124),-79.2644,43.724,NULL,NULL,N,NULL,NULL,NULL
1331576,2012,00:00.0,2030,20,STEELES AVE E,MAXOME AVE,NULL,1,North York,18,32,Intersection,At Intersection,Traffic Signal,Clear,Dark,Dry,Non-Fatal Injury,Pedestrian Collisions,D32,50,Newtonbrook East (50),-79.4061,43.801,NULL,NULL,N,NULL,NULL,NULL
1383479,2013,00:00.0,845,8,GREENWOOD AVE,GERRARD ST E,NULL,3,Toronto and East York,14,55,Intersection,NULL,No Control,Clear,Daylight,Dry,Non-Fatal Injury,Turning Movement,D55,65,Greenwood-Coxwell (65),-79.328,43.671,NULL,NULL,N,NULL,NULL,NULL
1383447,2013,00:00.0,1730,17,OLD YORK MILLS RD,YONGE ST,NULL,1,North York,NULL,32,Intersection,NULL,Stop Sign,Clear,Daylight,Dry,Non-Fatal Injury,Cyclist Collisions,D32,41,Bridle Path-Sunnybrook-York Mills (41),-79.4064,43.7432,NULL,NULL,N,NULL,NULL,NULL
1363030,2013,00:00.0,1025,10,DUNDAS ST W,CLOVERDALE MALL,NULL,1,Etobicoke York,3,22,Intersection,At Intersection,Traffic Signal,Clear,Daylight,Dry,Non-Fatal Injury,Pedestrian Collisions,D22,14,Islington-City Centre West (14),-79.5549,43.6289,NULL,NULL,N,NULL,NULL,NULL