ACCNUM,YEAR,DATE,TIME,HOUR,STREET1,STREET2,OFFSET,ROAD_CLASS,DISTRICT,WARDNUM,DIVISION,LOCCOORD,ACCLOC,TRAFFCTL,VISIBILITY,LIGHT,RDSFCOND,ACCLASS,IMPACTYPE,POLICE_DIVISION,HOOD_ID,NEIGHBOURHOOD,collision_lat,collision_long,red_light_lat,red_light_long,right_light_camera,LINEAR_NAME_FULL_1,LINEAR_NAME_FULL_2,ACTIVATION_DATE
1375460,2013,00:00.0,25,0,YORK MILLS RD,PARKWOODS VILLAGE DR,NULL,1,North York,16,33,Intersection,At Intersection,No Control,Clear,Dark,Dry,Non-Fatal Injury,SMV Other,D33,45,Parkwoods-Donalda (45),-79.3238,43.7615,NULL,NULL,N,NULL,NULL,NULL
1332976,2012,00:00.0,1825,18,LAWRENCE AVE E,MORNINGSIDE AVE,NULL,1,Scarborough,24,43,Mid-Block,NULL,No Control,Clear,"Dark, artificial",Slush,Non-Fatal Injury,Pedestrian Collisions,D43,136,West Hill (136),-79.1879,43.768,NULL,NULL,N,NULL,NULL,NULL
1369174,2013,00:00.0,1637,16,ELLESMERE Rd,SARATOGA Dr,NULL,1,Scarborough,21,43,Intersection,At Intersection,No Control,Rain,Daylight,Wet,Non-Fatal Injury,Turning Movement,D43,127,Bendale (127),-79.2536,43.7716,NULL,NULL,N,NULL,NULL,NULL
1349359,2013,00:00.0,1734,17,LAKE SHORE BLVD E,DON ROADWAY,NULL,1,Toronto and East York,NULL,51,Mid-Block,NULL,No Control,Clear,Daylight,Dry,Fatal,SMV Other,D51,77,Waterfront Communities-The Island (77),-79.3484,43.6502,NULL,NULL,N,NULL,NULL,NULL
1364796,2013,00:00.0,1406,14,BATHURST ST,NINA ST,NULL,1,Toronto and East York,12,13,Intersection,At Intersection,Traffic Signal,Clear,Daylight,Dry,Non-Fatal Injury,Sideswipe,D13,96,Casa Loma (96),-79.4169,43.6798,-79.4169,43.6798,Y,Bathurst St,Nina St,2020-12-03
1370609,2013,00:00.0,1612,16,DUNDAS ST W,MANNING AVE,NULL,1,Toronto and East York,NULL,14,Intersection,NULL,Traffic Signal,Clear,Daylight,Dry,Non-Fatal Injury,Cyclist Collisions,D14,81,Trinity-Bellwoods (81),-79.4109,43.6512,NULL,NULL,N,NULL,NULL,NULL
1334701,2013,00:00.0,655,6,STEELES AVE W,SIGNET DR,NULL,1,Etobicoke York,7,31,Intersection,At Intersection,Traffic Signal,Clear,"Dusk, artificial",Wet,Non-Fatal Injury,Pedestrian Collisions,D31,21,Humber Summit (21),-79.5433,43.7709,NULL,NULL,N,NULL,NULL,NULL
1259502,2011,00:00.0,1235,12,QUEEN ST E,RUSHBROOKE AVE,NULL,3,Toronto and East York,14,55,Intersection,At Intersection,No Control,Clear,Daylight,Dry,Non-Fatal Injury,Pedestrian Collisions,D55,70,South Riverdale (70),-79.3322,43.6628,NULL,NULL,N,NULL,NULL,NULL
1259578,2011,00:00.0,2128,21,BLOOR ST W,HARCROFT RD,NULL,1,Toronto and East York,4,11,Intersection,NULL,No Control,Clear,Dark,Dry,Non-Fatal Injury,Cyclist Collisions,D11,87,High Park-Swansea (87),-79.4728,43.6518,NULL,NULL,N,NULL,NULL,NULL
1250485,2011,00:00.0,1805,18,LANSDOWNE AVE,DAVENPORT RD,NULL,2,Toronto and East York,9,13,Mid-Block,NULL,No Control,Clear,Daylight,Dry,Non-Fatal Injury,SMV Other,D13,92,Corso Italia-Davenport (92),-79.449,43.6727,NULL,NULL,N,NULL,NULL,NULL
1258512,2011,00:00.0,1810,18,QUEEN ST E,DALHOUSIE ST,NULL,1,Toronto and East York,13,51,Intersection,NULL,No Control,Clear,Daylight,Dry,Non-Fatal Injury,Rear End,D51,75,Church-Yonge Corridor (75),-79.3751,43.6533,NULL,NULL,N,NULL,NULL,NULL
1278852,2012,00:00.0,2258,22,F G GARDINER XY Expr W,ISLINGTON AVE,NULL,NULL,Etobicoke York,3,22,Mid-Block,NULL,No Control,Clear,Dark,Dry,Non-Fatal Injury,Rear End,D22,16,Stonegate-Queensway (16),-79.5118,43.6207,NULL,NULL,N,NULL,NULL,NULL
1280536,2012,00:00.0,1526,15,KEELE ST,WILSON AVE,NULL,1,North York,6,31,Mid-Block,At Intersection,No Control,Clear,Daylight,Dry,Non-Fatal Injury,Pedestrian Collisions,D31,26,Downsview-Roding-CFB (26),-79.4818,43.726,NULL,NULL,N,NULL,NULL,NULL
1267110,2011,00:00.0,1905,19,16 STORMONT AVE,NULL,NULL,4,North York,8,53,Mid-Block,NULL,No Control,Clear,Daylight,Dry,Non-Fatal Injury,Pedestrian Collisions,D53,39,Bedford Park-Nortown (39),-79.4232,43.7197,NULL,NULL,N,NULL,NULL,NULL
1256813,2011,00:00.0,1248,12,WILLIAM R ALLEN RD N,SHEPPARD AVE W,NULL,1,North York,6,32,Mid-Block,NULL,Traffic Signal,Clear,Daylight,Dry,Non-Fatal Injury,Sideswipe,D32,26,Downsview-Roding-CFB (26),-79.4623,43.7479,NULL,NULL,N,NULL,NULL,NULL
1281322,2012,00:00.0,1551,15,47 RAVINE PARK CRES,NULL,NULL,4,Scarborough,25,43,Mid-Block,NULL,No Control,Rain,Daylight,Wet,Non-Fatal Injury,SMV Other,D43,131,Rouge (131),-79.136,43.7887,NULL,NULL,N,NULL,NULL,NULL
1282447,2012,00:00.0,1849,18,JAMESON AVE,LAXTON AVE W,NULL,3,Toronto and East York,4,14,Mid-Block,NULL,No Control,Rain,Dark,Wet,Non-Fatal Injury,Pedestrian Collisions,D14,85,South Parkdale (85),-79.437,43.64,NULL,NULL,N,NULL,NULL,NULL
1280448,2011,00:00.0,1430,14,QUEEN St W,CAMERON St,NULL,1,Toronto and East York,10,14,Mid-Block,NULL,No Control,Clear,Daylight,Dry,Non-Fatal Injury,Cyclist Collisions,D14,78,Kensington-Chinatown (78),-79.3977,43.6484,NULL,NULL,N,NULL,NULL,NULL
1271043,2011,00:00.0,1345,13,JANE ST,YORKWOODS GT,NULL,1,Etobicoke York,7,31,Mid-Block,NULL,No Control,Clear,Daylight,Dry,Non-Fatal Injury,Pedestrian Collisions,D31,25,Glenfield-Jane Heights (25),-79.5161,43.7512,NULL,NULL,N,NULL,NULL,NULL
1258313,2011,00:00.0,1430,14,STEELES AVE W,MARKBROOK LANE,NULL,1,Etobicoke York,1,23,Intersection,NULL,No Control,Clear,Daylight,Dry,Non-Fatal Injury,Rear End,D23,2,Mount Olive-Silverstone-Jamestown (2),-79.586,43.76,NULL,NULL,N,NULL,NULL,NULL
1253834,2011,00:00.0,1640,16,BLUE JAYS WAY,NAVY WHARF CRT,NULL,3,Toronto and East York,10,52,Intersection,At Intersection,No Control,Clear,Daylight,Dry,Non-Fatal Injury,Cyclist Collisions,D52,77,Waterfront Communities-The Island (77),-79.3918,43.6417,NULL,NULL,N,NULL,NULL,NULL
1282206,2011,00:00.0,1740,17,THE EAST MALL,EAST MALL CRES,NULL,3,Etobicoke York,3,22,Intersection,NULL,Traffic Signal,Rain,Dark,Wet,Non-Fatal Injury,Pedestrian Collisions,D22,14,Islington-City Centre West (14),-79.5522,43.6314,NULL,NULL,N,NULL,NULL,NULL
1331563,2012,00:00.0,2255,22,KING ST W,TECUMSETH ST,NULL,1,Toronto and East York,10,14,Mid-Block,NULL,No Control,Rain,"Dark, artificial",Wet,Non-Fatal Injury,Approaching,D14,82,Niagara (82),-79.4046,43.6435,NULL,NULL,N,NULL,NULL,NULL
1277511,2011,00:00.0,1527,15,PECKHAM AVE,CRISPIN CRES,NULL,4,North York,18,32,Intersection,At Intersection,No Control,Rain,Daylight,Wet,Non-Fatal Injury,Pedestrian Collisions,D32,36,Newtonbrook West (36),-79.437,43.7921,NULL,NULL,N,NULL,NULL,NULL
1278799,2011,00:00.0,1724,17,FRONT St E,SCOTT St,NULL,3,Toronto and East York,13,51,Intersection,NULL,No Control,Clear,"Dark, artificial",Dry,Non-Fatal Injury,SMV Other,D51,77,Waterfront Communities-The Island (77),-79.3757,43.6474,NULL,NULL,N,NULL,NULL,NULL
1280520,2012,00:00.0,1100,11,250 THE EAST MALL,NULL,NULL,3,Etobicoke York,3,22,Intersection,At Intersection,Traffic Signal,Clear,Daylight,Dry,Non-Fatal Injury,Turning Movement,D22,14,Islington-City Centre West (14),-79.5522,43.6314,NULL,NULL,N,NULL,NULL,NULL
1320874,2012,00:00.0,1638,16,DANFORTH Aven,CARLAW Aven,NULL,1,Toronto and East York,14,NULL,Intersection,At Intersection,Traffic Signal,Clear,Daylight,Dry,Non-Fatal Injury,Pedestrian Collisions,D55,68,North Riverdale (68),-79.3472,43.6784,NULL,NULL,N,NULL,NULL,NULL
1291622,2012,00:00.0,934,9,TAPSCOTT Road,WASHBURN Way,NULL,3,Scarborough,23,42,Intersection,At Intersection,Traffic Signal,Clear,Daylight,Dry,Non-Fatal Injury,Pedestrian Collisions,D42,132,Malvern (132),-79.2241,43.8044,NULL,NULL,N,NULL,NULL,NULL
1323931,2012,00:00.0,654,6,EGLINTON AVE W,PEVERIL HILL  N,NULL,1,North York,NULL,13,Intersection,NULL,No Control,Rain,Dark,Wet,Non-Fatal Injury,Pedestrian Collisions,D13,102,Forest Hill North (102),-79.4266,43.7007,NULL,NULL,N,NULL,NULL,NULL
1322655,2012,00:00.0,1526,15,FRONT St E,SHERBOURNE St,NULL,3,Toronto and East York,13,51,Intersection,At Intersection,Traffic Signal,Clear,Daylight,Dry,Non-Fatal Injury,Pedestrian Collisions,D51,77,Waterfront Communities-The Island (77),-79.3678,43.6503,NULL,NULL,N,NULL,NULL,NULL
1322994,2012,00:00.0,853,8,LAWRENCE AVE W,BATHURST ST,NULL,1,North York,8,NULL,Intersection,At Intersection,Traffic Signal,Clear,Daylight,Dry,Non-Fatal Injury,Pedestrian Collisions,D53,39,Bedford Park-Nortown (39),-79.4297,43.7192,NULL,NULL,N,NULL,NULL,NULL
1291004,2012,00:00.0,1951,19,3850 SHEPPARD AVE E,NULL,NULL,1,Scarborough,22,42,Mid-Block,NULL,No Control,Clear,Daylight,Dry,Non-Fatal Injury,Pedestrian Collisions,D42,118,Tam O'Shanter-Sullivan (118),-79.2924,43.7823,NULL,NULL,N,NULL,NULL,NULL
1264639,2011,00:00.0,1735,17,DON MILLS RD,OVERLEA BLVD,NULL,1,North York,16,54,Mid-Block,NULL,No Control,Clear,Dark,Dry,Non-Fatal Injury,Pedestrian Collisions,D54,44,Flemingdon Park (44),-79.3345,43.7104,NULL,NULL,N,NULL,NULL,NULL
1257535,2011,00:00.0,1716,17,KIPLING AVE,REDWATER DR,NULL,1,Etobicoke York,1,23,Mid-Block,NULL,No Control,Clear,Daylight,Dry,Non-Fatal Injury,SMV Other,D23,4,Rexdale-Kipling (4),-79.5681,43.7148,NULL,NULL,N,NULL,NULL,NULL
1335478,2012,00:00.0,1405,14,QUEEN ST W,BAY ST,NULL,1,Toronto and East York,10,52,Mid-Block,NULL,No Control,Clear,Daylight,Dry,Non-Fatal Injury,Cyclist Collisions,D52,76,Bay Street Corridor (76),-79.3827,43.6516,NULL,NULL,N,NULL,NULL,NULL
1330074,2012,00:00.0,1320,13,810 COLLEGE ST,NULL,NULL,1,Toronto and East York,11,14,Mid-Block,NULL,No Control,Clear,Daylight,Dry,Non-Fatal Injury,Cyclist Collisions,D14,81,Trinity-Bellwoods (81),-79.4218,43.6545,NULL,NULL,N,NULL,NULL,NULL
1324317,2012,00:00.0,1731,17,JARVIS ST,WELLESLEY ST E,NULL,1,Toronto and East York,13,51,Intersection,At Intersection,Traffic Signal,Clear,Dusk,Dry,Non-Fatal Injury,Pedestrian Collisions,D51,71,Cabbagetown-South St.James Town (71),-79.3782,43.6662,NULL,NULL,N,NULL,NULL,NULL
1263909,2011,00:00.0,2211,22,KING ST W,BATHURST ST,NULL,1,Toronto and East York,10,14,Mid-Block,NULL,No Control,Clear,"Dark, artificial",Dry,Non-Fatal Injury,Pedestrian Collisions,D14,82,Niagara (82),-79.4033,43.6437,NULL,NULL,N,NULL,NULL,NULL
1274121,2011,00:00.0,1803,18,DON MILLS Road,FINCH Aven E,NULL,1,North York,17,33,Mid-Block,At Intersection,No Control,Rain,"Dark, artificial",Wet,Non-Fatal Injury,Pedestrian Collisions,D33,48,Hillcrest Village (48),-79.3547,43.793,NULL,NULL,N,NULL,NULL,NULL
1260223,2011,00:00.0,1320,13,BATHURST ST,BARTON AVE,NULL,1,Toronto and East York,11,14,Intersection,At Intersection,Traffic Signal,Clear,Daylight,Dry,Non-Fatal Injury,Turning Movement,D14,95,Annex (95),-79.4123,43.6681,NULL,NULL,N,NULL,NULL,NULL
1326729,2012,00:00.0,1249,12,ST CLAIR AVE W,BOON AVE,NULL,1,Toronto and East York,9,13,Intersection,NULL,No Control,Clear,Daylight,Dry,Non-Fatal Injury,Pedestrian Collisions,D13,92,Corso Italia-Davenport (92),-79.4463,43.6772,NULL,NULL,N,NULL,NULL,NULL
1321287,2012,00:00.0,101,1,DAVENPORT Rd,MOUNT ROYAL Ave,NULL,3,Toronto and East York,9,13,Intersection,At Intersection,No Control,Clear,"Dark, artificial",Dry,Non-Fatal Injury,Cyclist Collisions,D13,94,Wychwood (94),-79.4325,43.6745,NULL,NULL,N,NULL,NULL,NULL
1321399,2012,00:00.0,103,1,DAVENPORT RD,MOUNT ROYAL AVE,NULL,3,Toronto and East York,9,13,Intersection,NULL,No Control,Clear,Dark,Dry,Non-Fatal Injury,Pedestrian Collisions,D13,94,Wychwood (94),-79.4325,43.6745,NULL,NULL,N,NULL,NULL,NULL
1325529,2012,00:00.0,844,8,GERRARD ST E,YONGE ST,NULL,1,Toronto and East York,NULL,NULL,Intersection,At Intersection,Traffic Signal,Clear,Daylight,Dry,Non-Fatal Injury,Cyclist Collisions,D51,75,Church-Yonge Corridor (75),-79.382,43.659,NULL,NULL,N,NULL,NULL,NULL
1327567,2012,00:00.0,1010,10,F G GARDINER XY  W,ISLINGTON AVE,NULL,NULL,Etobicoke York,3,22,Mid-Block,NULL,No Control,Clear,Daylight,Dry,Non-Fatal Injury,Other,D22,17,Mimico (17),-79.5115,43.6207,NULL,NULL,N,NULL,NULL,NULL
1296063,2012,00:00.0,1520,15,COMSTOCK Rd,WARDEN Ave,NULL,1,Scarborough,20,41,Intersection,At Intersection,Traffic Signal,Clear,Daylight,Dry,Non-Fatal Injury,Turning Movement,D41,120,Clairlea-Birchmount (120),-79.2849,43.7215,-79.2849,43.7215,Y,Warden Ave,Comstock Rd,2017-03-10
1320584,2012,00:00.0,145,1,EGLINTON AVE W,HENNING AVE,NULL,1,North York,NULL,53,Mid-Block,NULL,No Control,Clear,Dark,Dry,Non-Fatal Injury,Pedestrian Collisions,D53,100,Yonge-Eglinton (100),-79.4006,43.7062,NULL,NULL,N,NULL,NULL,NULL
1308359,2012,00:00.0,1050,10,UNIVERSITY Aven,QUEEN Stre W,NULL,1,Toronto and East York,10,52,Intersection,At Intersection,Traffic Signal,Clear,Daylight,Dry,Non-Fatal Injury,Angle,D52,76,Bay Street Corridor (76),-79.3865,43.6508,NULL,NULL,N,NULL,NULL,NULL
1305695,2012,00:00.0,930,9,PARLIAMENT ST,QUEEN ST E,NULL,3,Toronto and East York,13,51,Mid-Block,NULL,No Control,Clear,Daylight,Dry,Non-Fatal Injury,Other,D51,72,Regent Park (72),-79.3647,43.6564,NULL,NULL,N,NULL,NULL,NULL
1311577,2012,00:00.0,824,8,YONGE ST,GROSVENOR ST,NULL,1,Toronto and East York,13,NULL,Intersection,At Intersection,Traffic Signal,Clear,Daylight,Dry,Non-Fatal Injury,Cyclist Collisions,D51,75,Church-Yonge Corridor (75),-79.3837,43.663,NULL,NULL,N,NULL,NULL,NULL
1307651,2012,00:00.0,1912,19,KEELE ST,CANON JACKSON DR,NULL,1,Etobicoke York,5,12,Intersection,NULL,Traffic Signal,Clear,Daylight,Dry,Non-Fatal Injury,Rear End,D12,112,Beechborough-Greenbrook (112),-79.4752,43.6966,NULL,NULL,N,NULL,NULL,NULL
1263764,2011,00:00.0,1111,11,DON VALLEY PARKWAY  S,BAYVIEW BLOOR DVP RAMP,NULL,NULL,Toronto and East York,14,54,Mid-Block,NULL,No Control,Clear,Daylight,Dry,Fatal,SMV Other,D54,57,Broadview North (57),-79.3623,43.6823,NULL,NULL,N,NULL,NULL,NULL
1317267,2012,00:00.0,1900,19,BLACK CREEK DR,TRETHEWEY DR,NULL,1,Etobicoke York,5,12,Mid-Block,NULL,No Control,Clear,Daylight,Dry,Non-Fatal Injury,SMV Other,D12,30,Brookhaven-Amesbury (30),-79.4866,43.6955,NULL,NULL,N,NULL,NULL,NULL
1301166,2012,00:00.0,1745,17,ADELAIDE St W,SPADINA Ave,NULL,1,Toronto and East York,10,NULL,Intersection,NULL,Traffic Signal,Clear,Daylight,Dry,Non-Fatal Injury,Cyclist Collisions,D14,77,Waterfront Communities-The Island (77),-79.3955,43.6467,NULL,NULL,N,NULL,NULL,NULL
1301352,2012,00:00.0,1200,12,LOGAN AVE,GOWAN AVE,NULL,4,Toronto and East York,14,54,Intersection,NULL,No Control,Clear,Daylight,Dry,Non-Fatal Injury,Pedestrian Collisions,D54,57,Broadview North (57),-79.3528,43.6875,NULL,NULL,N,NULL,NULL,NULL
1265525,2011,00:00.0,2145,21,BATHURST ST,BARTON AVE,NULL,1,Toronto and East York,11,14,Intersection,NULL,No Control,Rain,"Dark, artificial",Wet,Non-Fatal Injury,Pedestrian Collisions,D14,95,Annex (95),-79.4123,43.6681,NULL,NULL,N,NULL,NULL,NULL
1294902,2012,00:00.0,1141,11,FINCH AVE W,DRIFTWOOD AVE,NULL,1,Etobicoke York,7,31,Mid-Block,At Intersection,No Control,Clear,Daylight,Dry,Non-Fatal Injury,Cyclist Collisions,D31,22,Humbermede (22),-79.5544,43.7494,NULL,NULL,N,NULL,NULL,NULL
1295331,2012,00:00.0,1330,13,OLD MILL TRL,BLOOR ST W,NULL,1,Etobicoke York,3,22,Intersection,NULL,Traffic Signal,Clear,Daylight,Dry,Non-Fatal Injury,Pedestrian Collisions,D22,15,Kingsway South (15),-79.4953,43.6496,NULL,NULL,N,NULL,NULL,NULL
1288494,2012,00:00.0,125,1,QUEEN ST W,JOHN ST,NULL,1,Toronto and East York,10,52,Intersection,At Intersection,Traffic Signal,Clear,"Dark, artificial",Dry,Non-Fatal Injury,Pedestrian Collisions,D52,77,Waterfront Communities-The Island (77),-79.391,43.6498,NULL,NULL,N,NULL,NULL,NULL
1326911,2012,00:00.0,2140,21,YONGE St,CRESCENT Rd,NULL,1,Toronto and East York,11,53,Intersection,At Intersection,Traffic Signal,Clear,"Dark, artificial",Dry,Non-Fatal Injury,Cyclist Collisions,D53,98,Rosedale-Moore Park (98),-79.3894,43.6769,NULL,NULL,N,NULL,NULL,NULL
1297568,2012,00:00.0,1435,14,YONGE ST,NORTHTOWN WAY,NULL,1,North York,18,32,Intersection,NULL,No Control,Clear,Daylight,Dry,Non-Fatal Injury,Pedestrian Collisions,D32,51,Willowdale East (51),-79.4143,43.7752,NULL,NULL,N,NULL,NULL,NULL
1295424,2012,00:00.0,1700,17,97 PROGRESS Ave,NULL,NULL,3,Scarborough,21,41,Mid-Block,NULL,No Control,Clear,Daylight,Dry,Non-Fatal Injury,Rear End,D41,126,Dorset Park (126),-79.2756,43.7719,NULL,NULL,N,NULL,NULL,NULL
1327537,2012,00:00.0,1915,19,BLEECKER ST,EARL ST,NULL,4,Toronto and East York,13,51,Mid-Block,NULL,No Control,Rain,Dark,Wet,Non-Fatal Injury,Pedestrian Collisions,D51,74,North St.James Town (74),-79.375,43.6704,NULL,NULL,N,NULL,NULL,NULL
1292879,2012,00:00.0,1704,17,MIDDLEFIELD Rd,NASHDENE Rd,NULL,3,Scarborough,23,42,Intersection,NULL,No Control,Clear,Daylight,Dry,Non-Fatal Injury,Pedestrian Collisions,D42,130,Milliken (130),-79.2608,43.8171,NULL,NULL,N,NULL,NULL,NULL
1285342,2012,00:00.0,2215,22,JANE ST,NICKLE ST,NULL,1,Etobicoke York,5,12,Intersection,NULL,No Control,Clear,"Dark, artificial",Dry,Fatal,Pedestrian Collisions,D12,115,Mount Dennis (115),-79.5009,43.6915,NULL,NULL,N,NULL,NULL,NULL
1327859,2012,00:00.0,715,7,ELLESMERE RD,PARKINGTON CRES,NULL,1,Scarborough,24,43,Intersection,At Intersection,Traffic Signal,Clear,Daylight,Dry,Non-Fatal Injury,Pedestrian Collisions,D43,137,Woburn (137),-79.2462,43.7733,NULL,NULL,N,NULL,NULL,NULL
1321983,2012,00:00.0,1944,19,ROGERS RD,SILVERTHORN AVE,NULL,3,Etobicoke York,NULL,12,Intersection,At Intersection,Traffic Signal,Rain,Dark,Wet,Non-Fatal Injury,Pedestrian Collisions,D12,110,Keelesdale-Eglinton West (110),-79.4632,43.6827,NULL,NULL,N,NULL,NULL,NULL
1291846,2012,00:00.0,952,9,DUNDAS Stre W,SHAW Stre,NULL,1,Toronto and East York,NULL,14,Intersection,At Intersection,Traffic Signal,Clear,Daylight,Dry,Non-Fatal Injury,Cyclist Collisions,D14,81,Trinity-Bellwoods (81),-79.4182,43.6498,NULL,NULL,N,NULL,NULL,NULL
1295059,2012,00:00.0,1043,10,LANSDOWNE Aven,WHYTOCK Aven,NULL,3,Toronto and East York,9,11,Intersection,At Intersection,Stop Sign,Clear,Daylight,Dry,Non-Fatal Injury,Turning Movement,D11,83,Dufferin Grove (83),-79.4411,43.6538,NULL,NULL,N,NULL,NULL,NULL
1328243,2012,00:00.0,2108,21,LAKE SHORE Blvd W,BATHURST St,NULL,1,Toronto and East York,10,14,Intersection,At Intersection,Traffic Signal,Rain,"Dark, artificial",Wet,Non-Fatal Injury,Angle,D14,77,Waterfront Communities-The Island (77),-79.3996,43.6364,NULL,NULL,N,NULL,NULL,NULL
1328148,2012,00:00.0,955,9,EGLINTON AVE E,SUTHERLAND DR,NULL,1,North York,15,53,Intersection,At Intersection,Traffic Signal,Clear,Daylight,Dry,Non-Fatal Injury,Pedestrian Collisions,D53,56,Leaside-Bennington (56),-79.3671,43.713,NULL,NULL,N,NULL,NULL,NULL
1298038,2012,00:00.0,1520,15,LAWRENCE AVE E,KARL FRASER  RD,NULL,1,North York,16,33,Intersection,NULL,No Control,Clear,Daylight,Dry,Fatal,Turning Movement,D33,42,Banbury-Don Mills (42),-79.3449,43.7368,NULL,NULL,N,NULL,NULL,NULL
1329462,2012,00:00.0,719,7,CASTLEFIELD AVE,CALEDONIA RD,NULL,3,North York,8,13,Intersection,At Intersection,Traffic Signal,Rain,Dark,Wet,Non-Fatal Injury,Pedestrian Collisions,D13,108,Briar Hill-Belgravia (108),-79.4634,43.6984,NULL,NULL,N,NULL,NULL,NULL
1320520,2012,00:00.0,1438,14,1265 WILSON AVE,NULL,NULL,1,North York,6,31,Mid-Block,NULL,No Control,Clear,Daylight,Dry,Non-Fatal Injury,Turning Movement,D31,26,Downsview-Roding-CFB (26),-79.4919,43.7244,NULL,NULL,N,NULL,NULL,NULL
1320459,2012,00:00.0,2225,22,YONGE ST,COLLEGE ST,NULL,1,Toronto and East York,NULL,NULL,Intersection,At Intersection,Traffic Signal,Clear,"Dark, artificial",Dry,Non-Fatal Injury,Pedestrian Collisions,D51,75,Church-Yonge Corridor (75),-79.383,43.6613,NULL,NULL,N,NULL,NULL,NULL
1290282,2012,00:00.0,412,4,EGLINTON AVE W,KIPLING AVE,NULL,1,Etobicoke York,2,NULL,Mid-Block,NULL,No Control,Clear,"Dark, artificial",Dry,Non-Fatal Injury,Angle,D22,10,Princess-Rosethorn (10),-79.5529,43.6766,NULL,NULL,N,NULL,NULL,NULL
1299771,2012,00:00.0,1530,15,YONGE ST,SHAFTESBURY AVE,NULL,1,Toronto and East York,NULL,53,Intersection,At Intersection,Traffic Signal,Rain,Daylight,Wet,Non-Fatal Injury,Pedestrian Collisions,D53,98,Rosedale-Moore Park (98),-79.3915,43.6819,NULL,NULL,N,NULL,NULL,NULL
1355879,2013,00:00.0,1110,11,MCNICOLL Ave,WHITE HEATHER Blvd,NULL,3,Scarborough,23,42,Intersection,At Intersection,Stop Sign,Rain,Daylight,Wet,Non-Fatal Injury,Turning Movement,D42,130,Milliken (130),-79.2673,43.8189,NULL,NULL,N,NULL,NULL,NULL
1367603,2013,00:00.0,1700,17,2863 ELLESMERE RD,ELLESMERE  RD,NULL,1,Scarborough,24,43,Intersection,At Intersection,No Control,Clear,Daylight,Dry,Non-Fatal Injury,Approaching,D43,135,Morningside (135),-79.2069,43.7821,NULL,NULL,N,NULL,NULL,NULL
1363269,2013,00:00.0,50,0,WESTON RD,WALLASEY AVE,NULL,1,Etobicoke York,7,31,Intersection,NULL,No Control,"Fog, Mist, Smoke, Dust",Dark,Wet,Non-Fatal Injury,SMV Other,D31,23,Pelmo Park-Humberlea (23),-79.5376,43.7187,NULL,NULL,N,NULL,NULL,NULL
1337714,2013,00:00.0,221,2,BATHURST ST,FRONT ST W,NULL,1,Toronto and East York,10,14,Intersection,At Intersection,Traffic Signal,Clear,"Dark, artificial",Wet,Non-Fatal Injury,Pedestrian Collisions,D14,77,Waterfront Communities-The Island (77),-79.4013,43.6407,NULL,NULL,N,NULL,NULL,NULL
1356930,2013,00:00.0,2240,22,EGLINTON Ave W,OAKWOOD Ave,NULL,1,North York,NULL,13,Mid-Block,NULL,No Control,Clear,"Dark, artificial",Dry,Non-Fatal Injury,Pedestrian Collisions,D13,108,Briar Hill-Belgravia (108),-79.4421,43.6974,NULL,NULL,N,NULL,NULL,NULL
1366035,2013,00:00.0,1755,17,SCARLETT Rd,FOXWELL St,NULL,3,Etobicoke York,5,12,Intersection,At Intersection,Stop Sign,Rain,Daylight,Wet,Non-Fatal Injury,Turning Movement,D12,111,Rockcliffe-Smythe (111),-79.5015,43.6693,NULL,NULL,N,NULL,NULL,NULL
1298987,2012,00:00.0,1508,15,F G GARDINER XY  W,LOWER SHERBOURNE ST,NULL,1,Toronto and East York,10,51,Mid-Block,NULL,No Control,Clear,Daylight,Dry,Non-Fatal Injury,Sideswipe,D51,77,Waterfront Communities-The Island (77),-79.3665,43.6465,NULL,NULL,N,NULL,NULL,NULL
1359618,2013,00:00.0,2306,23,SPADINA AVE,GRANGE AVE,NULL,1,Toronto and East York,10,NULL,Intersection,NULL,No Control,Rain,"Dark, artificial",Wet,Fatal,Pedestrian Collisions,D52,78,Kensington-Chinatown (78),-79.3975,43.6518,NULL,NULL,N,NULL,NULL,NULL
1316023,2012,00:00.0,915,9,ALBION RD,FINCH AVE W,NULL,1,Etobicoke York,1,23,Intersection,At Intersection,Traffic Signal,Clear,Daylight,Dry,Non-Fatal Injury,Rear End,D23,2,Mount Olive-Silverstone-Jamestown (2),-79.5892,43.741,NULL,NULL,N,NULL,NULL,NULL
1359371,2013,00:00.0,1120,11,THE QUEENSWAY,ATOMIC AVE,NULL,1,Etobicoke York,3,22,Mid-Block,NULL,No Control,Clear,Daylight,Dry,Non-Fatal Injury,Cyclist Collisions,D22,14,Islington-City Centre West (14),-79.5419,43.6174,NULL,NULL,N,NULL,NULL,NULL
1366215,2013,00:00.0,1800,18,DANFORTH AVE,FENWICK AVE,NULL,1,Toronto and East York,14,NULL,Intersection,NULL,No Control,Clear,Daylight,Dry,Non-Fatal Injury,Pedestrian Collisions,D55,67,Playter Estates-Danforth (67),-79.3484,43.6782,NULL,NULL,N,NULL,NULL,NULL
1384025,2013,00:00.0,1005,10,EGLINTON AVE E,BRIMLEY RD,NULL,1,Scarborough,NULL,NULL,Intersection,NULL,Traffic Signal,Clear,Daylight,Dry,Non-Fatal Injury,Pedestrian Collisions,D41,138,Eglinton East (138),-79.248,43.7366,NULL,NULL,N,NULL,NULL,NULL
1370071,2013,00:00.0,748,7,KIPLING Ave,THORNCREST RD,NULL,1,Etobicoke York,2,22,Intersection,NULL,No Control,Clear,Daylight,Dry,Non-Fatal Injury,Angle,D22,10,Princess-Rosethorn (10),-79.5439,43.6613,NULL,NULL,N,NULL,NULL,NULL