ACCNUM,YEAR,DATE,TIME,HOUR,STREET1,STREET2,OFFSET,ROAD_CLASS,DISTRICT,WARDNUM,DIVISION,LOCCOORD,ACCLOC,TRAFFCTL,VISIBILITY,LIGHT,RDSFCOND,ACCLASS,IMPACTYPE,POLICE_DIVISION,HOOD_ID,NEIGHBOURHOOD,collision_lat,collision_long,red_light_lat,red_light_long,right_light_camera,LINEAR_NAME_FULL_1,LINEAR_NAME_FULL_2,ACTIVATION_DATE
1344724,2013,00:00.0,927,9,ST CLAIR AVE W,HOUNSLOW HEATH RD,NULL,1,Toronto and East York,9,NULL,Intersection,NULL,Traffic Signal,Clear,Daylight,Wet,Non-Fatal Injury,Pedestrian Collisions,D11,91,Weston-Pellam Park (91),-79.4599,43.6741,NULL,NULL,N,NULL,NULL,NULL
1340236,2012,00:00.0,936,9,BLACK CREEK DR,TRETHEWEY DR,NULL,1,Etobicoke York,5,12,Mid-Block,NULL,No Control,Clear,Daylight,Dry,Non-Fatal Injury,Rear End,D12,112,Beechborough-Greenbrook (112),-79.4853,43.6935,NULL,NULL,N,NULL,NULL,NULL
1333183,2012,00:00.0,306,3,LAWRENCE AVE W,WESTON RD,NULL,1,Etobicoke York,5,12,Intersection,At Intersection,No Control,Clear,"Dark, artificial",Dry,Non-Fatal Injury,Pedestrian Collisions,D12,113,Weston (113),-79.5162,43.7001,-79.5162,43.7001,Y,Weston Rd,Lawrence Ave W,2017-10-20
1367433,2013,00:00.0,2104,21,YONGE ST,SHUTER ST,NULL,1,Toronto and East York,13,NULL,Intersection,NULL,Traffic Signal,Clear,"Dark, artificial",Dry,Non-Fatal Injury,Cyclist Collisions,D52,75,Church-Yonge Corridor (75),-79.3799,43.654,NULL,NULL,N,NULL,NULL,NULL
1366837,2013,00:00.0,2005,20,1788 WESTON RD,NULL,NULL,3,Etobicoke York,5,12,Mid-Block,NULL,No Control,Clear,Dusk,Dry,Non-Fatal Injury,Pedestrian Collisions,D12,113,Weston (113),-79.5126,43.6988,NULL,NULL,N,NULL,NULL,NULL
1373473,2013,00:00.0,1725,17,QUEEN ST W,MC CAUL ST,NULL,1,Toronto and East York,10,52,Intersection,NULL,No Control,Clear,Daylight,Dry,Non-Fatal Injury,Pedestrian Collisions,D52,77,Waterfront Communities-The Island (77),-79.3897,43.6501,NULL,NULL,N,NULL,NULL,NULL
1373747,2013,00:00.0,2126,21,1173 DAVENPORT RD,NULL,NULL,3,Toronto and East York,9,13,Intersection,Intersection Related,No Control,Clear,"Dusk, artificial",Dry,Non-Fatal Injury,Cyclist Collisions,D13,94,Wychwood (94),-79.4325,43.6744,NULL,NULL,N,NULL,NULL,NULL
1333337,2012,00:00.0,1915,19,WOODBINE AVE,O CONNOR DR,NULL,1,Toronto and East York,19,54,Intersection,NULL,No Control,Clear,"Dark, artificial",Wet,Non-Fatal Injury,Pedestrian Collisions,D54,60,Woodbine-Lumsden (60),-79.319,43.7001,NULL,NULL,N,NULL,NULL,NULL
1376821,2013,00:00.0,1830,18,REXDALE BLVD,QUEENS PLATE DR,NULL,1,Etobicoke York,1,23,Intersection,At Intersection,Traffic Signal,Clear,Daylight,Dry,Non-Fatal Injury,Turning Movement,D23,1,West Humber-Clairville (1),-79.6034,43.7191,NULL,NULL,N,NULL,NULL,NULL
1366140,2013,00:00.0,205,2,DAVENPORT Rd,CHRISTIE St,NULL,3,Toronto and East York,12,13,Intersection,At Intersection,Traffic Signal,Clear,"Dark, artificial",Dry,Non-Fatal Injury,Cyclist Collisions,D13,94,Wychwood (94),-79.423,43.6755,NULL,NULL,N,NULL,NULL,NULL
1363559,2013,00:00.0,1243,12,FINCH AVE W,OAKDALE RD,NULL,1,Etobicoke York,7,31,Intersection,At Intersection,Traffic Signal,Clear,Daylight,Dry,Non-Fatal Injury,Pedestrian Collisions,D31,24,Black Creek (24),-79.5242,43.7559,NULL,NULL,N,NULL,NULL,NULL
1383434,2013,00:00.0,1850,18,ST CLAIR AVE W,LAUGHTON AVE,NULL,1,Toronto and East York,9,NULL,Intersection,NULL,Traffic Signal,Clear,Daylight,Dry,Non-Fatal Injury,Pedestrian Collisions,D11,91,Weston-Pellam Park (91),-79.4576,43.6747,NULL,NULL,N,NULL,NULL,NULL
1350729,2013,00:00.0,1800,18,631 SHEPPARD Ave W,NULL,NULL,1,North York,6,32,Mid-Block,NULL,No Control,Clear,Daylight,Wet,Non-Fatal Injury,Sideswipe,D32,34,Bathurst Manor (34),-79.4393,43.7553,NULL,NULL,N,NULL,NULL,NULL
1363537,2013,00:00.0,2105,21,98 HAVENDALE RD,NULL,NULL,2,Scarborough,22,42,Mid-Block,NULL,No Control,Clear,Dark,Dry,Fatal,SMV Other,D42,128,Agincourt South-Malvern West (128),-79.2844,43.7927,NULL,NULL,N,NULL,NULL,NULL
1343211,2013,00:00.0,653,6,DANFORTH Ave,SCOTIA Ave,NULL,3,Scarborough,20,41,Intersection,NULL,No Control,Clear,Dark,Wet,Non-Fatal Injury,Turning Movement,D41,121,Oakridge (121),-79.2724,43.6946,NULL,NULL,N,NULL,NULL,NULL
1344093,2013,00:00.0,640,6,YONGE ST,ORCHARD VIEW BLVD,NULL,1,North York,NULL,53,Mid-Block,NULL,No Control,Clear,"Dark, artificial",Dry,Non-Fatal Injury,Pedestrian Collisions,D53,104,Mount Pleasant West (104),-79.3987,43.7086,NULL,NULL,N,NULL,NULL,NULL
9001417397,2019,00:00.0,148,1,FITZGIBBON AVE,LORD ROBERTS DR,85 m South of,4,Scarborough,21,41,Mid-Block,At/Near Private Drive,No Control,Clear,"Dark, artificial",Dry,Non-Fatal Injury,SMV Other,D41,138,Eglinton East (138),-79.2618,43.7405,NULL,NULL,N,NULL,NULL,NULL
8002018661,2018,00:00.0,2222,22,ALBION RD,HUMBERLINE DR,1 m South of,1,Etobicoke York,1,23,Intersection,At Intersection,Traffic Signal,Rain,Dark,Wet,Non-Fatal Injury,Pedestrian Collisions,D23,1,West Humber-Clairville (1),-79.6219,43.7468,NULL,NULL,N,NULL,NULL,NULL
9001708503,2019,00:00.0,1617,16,DIXON RD,ISLINGTON AVE,NULL,1,Etobicoke York,NULL,23,Intersection,At Intersection,Traffic Signal,Clear,Daylight,Dry,Fatal,Pedestrian Collisions,D23,6,Kingsview Village-The Westway (6),-79.5466,43.6969,NULL,NULL,N,NULL,NULL,NULL
9001332621,2019,00:00.0,1401,14,BARKWOOD CRES,CLIFFWOOD RD,NULL,4,North York,17,33,Intersection,At Intersection,No Control,Clear,Daylight,Dry,Fatal,Pedestrian Collisions,D33,48,Hillcrest Village (48),-79.3555,43.8045,NULL,NULL,N,NULL,NULL,NULL
8001843657,2018,00:00.0,1852,18,708 SCARLETT RD,NULL,LEGGETT AVE,1,Etobicoke York,2,23,Mid-Block,Non Intersection,No Control,Clear,Daylight,Dry,Fatal,Turning Movement,D23,8,Humber Heights-Westmount (8),-79.52,43.6953,NULL,NULL,N,NULL,NULL,NULL
9001602169,2019,00:00.0,1823,18,LAKE SHORE BLVD E,COXWELL AVE,NULL,1,Toronto East York,NULL,55,Intersection,At Intersection,Traffic Controller,Clear,Dusk,Dry,Non-Fatal Injury,Rear End,D55,70,South Riverdale (70),-79.3148,43.6622,NULL,NULL,N,NULL,NULL,NULL
9001618361,2019,00:00.0,20,0,PASSMORE AVE,DYNAMIC DR,14 m East of,2,Scarborough,23,42,Intersection,At Intersection,No Control,Clear,Dark,Dry,Non-Fatal Injury,Pedestrian Collisions,D42,130,Milliken (130),-79.2534,43.8298,NULL,NULL,N,NULL,NULL,NULL
9001429449,2019,00:00.0,1937,19,GERRARD ST E,CARLAW AVE,NULL,3,Toronto and East York,14,55,Intersection,At Intersection,Traffic Signal,Clear,Daylight,Dry,Non-Fatal Injury,Cyclist Collisions,D55,70,South Riverdale (70),-79.3427,43.6676,NULL,NULL,N,NULL,NULL,NULL
9001431003,2019,00:00.0,39,0,GERRARD ST W,LA PLANTE AVE,63 m East of,3,Toronto and East York,NULL,52,Intersection,Intersection Related,No Control,Rain,"Dark, artificial",Wet,Non-Fatal Injury,Pedestrian Collisions,D52,76,Bay Street Corridor (76),-79.3855,43.6582,NULL,NULL,N,NULL,NULL,NULL
8001848907,2018,00:00.0,1630,16,ANTIBES DR,DON LAKE GATE,15 m East of,2,North York,6,32,Intersection,Intersection Related,No Control,Clear,Daylight,Dry,Non-Fatal Injury,SMV Other,D32,35,Westminster-Branson (35),-79.4462,43.7805,NULL,NULL,N,NULL,NULL,NULL
8001849626,2018,00:00.0,1850,18,KINGSTON RD,GALLOWAY RD,NULL,1,Scarborough,24,43,Intersection,At Intersection,Traffic Signal,Clear,Daylight,Dry,Non-Fatal Injury,Turning Movement,D43,136,West Hill (136),-79.1947,43.7619,NULL,NULL,N,NULL,NULL,NULL
9001264141,2019,00:00.0,612,6,ROCKWELL AVE,OLD WESTON RD,4 m West of,2,Etobicoke York,9,12,Intersection,At Intersection,Stop Sign,Clear,Daylight,Dry,Non-Fatal Injury,SMV Other,D12,91,Weston-Pellam Park (91),-79.4638,43.6765,NULL,NULL,N,NULL,NULL,NULL
9001478077,2019,00:00.0,1648,16,STEELES AVE E,BLUFFWOOD DR,NULL,1,North York,17,33,Intersection,At Intersection,Traffic Signal,Clear,Daylight,Dry,Fatal,Turning Movement,D33,49,Bayview Woods-Steeles (49),-79.376,43.8076,NULL,NULL,N,NULL,NULL,NULL
9001623743,2019,00:00.0,2035,20,KINGSTON RD,MORNINGSIDE AVE,NULL,1,Scarborough,25,43,Mid-Block,Non Intersection,No Control,Clear,Dark,Dry,Fatal,Pedestrian Collisions,D43,136,West Hill (136),-79.1863,43.771,NULL,NULL,N,NULL,NULL,NULL
9001631104,2019,00:00.0,2046,20,TWYN RIVERS DR,SHEPPARD AVE E,3 m West of,2,Scarborough,25,42,Mid-Block,Non Intersection,No Control,Clear,Dark,Dry,Non-Fatal Injury,SMV Other,D42,131,Rouge (131),-79.1567,43.8134,NULL,NULL,N,NULL,NULL,NULL
9000941507,2019,00:00.0,1535,15,350 QUEENS QUAY W,NULL,20 m East of,3,Toronto and East York,10,NULL,Intersection,At Intersection,Traffic Signal,Clear,Daylight,Dry,Non-Fatal Injury,Approaching,D52,77,Waterfront Communities-The Island (77),-79.3886,43.6382,NULL,NULL,N,NULL,NULL,NULL
8001963580,2018,00:00.0,1455,14,MARLEE AVE,DELL PARK AVE,NULL,3,North York,8,13,Intersection,At Intersection,No Control,Clear,Daylight,Dry,Non-Fatal Injury,Cyclist Collisions,D13,31,Yorkdale-Glen Park (31),-79.4458,43.714,NULL,NULL,N,NULL,NULL,NULL
9000789111,2019,00:00.0,200,2,BROWNS LINE,HORNER AVE,NULL,1,Etobicoke York,3,22,Intersection,At Intersection,Traffic Signal,Clear,"Dark, artificial",Wet,Non-Fatal Injury,SMV Other,D22,20,Alderwood (20),-79.5452,43.6016,NULL,NULL,N,NULL,NULL,NULL
9001020911,2019,00:00.0,1624,16,STEELES  AVE E,BESTVIEW  DR,12 m West of,1,North York,17,33,Intersection,Intersection Related,No Control,Clear,Daylight,Dry,Non-Fatal Injury,Pedestrian Collisions,D33,49,Bayview Woods-Steeles (49),-79.3833,43.806,NULL,NULL,N,NULL,NULL,NULL
8001860748,2018,00:00.0,2015,20,685 QUEEN ST E,NULL,Near #685,1,Toronto and East York,14,55,Intersection,At Intersection,No Control,Clear,"Dusk, artificial",Dry,Fatal,Cyclist Collisions,D55,70,South Riverdale (70),-79.3509,43.6585,NULL,NULL,N,NULL,NULL,NULL
8002129020,2018,00:00.0,847,8,WALPOLE AVE,GLENSIDE AVE,9 m West of,2,Toronto and East York,14,55,Intersection,At Intersection,Stop Sign,Clear,Daylight,Dry,Non-Fatal Injury,Pedestrian Collisions,D55,65,Greenwood-Coxwell (65),-79.3272,43.6744,NULL,NULL,N,NULL,NULL,NULL
8002132961,2018,00:00.0,1837,18,ST CLAIR AVE W,WINONA DR,NULL,1,Etobicoke York,NULL,13,Intersection,At Intersection,Traffic Controller,Clear,"Dark, artificial",Dry,Non-Fatal Injury,Pedestrian Collisions,D13,94,Wychwood (94),-79.4324,43.6802,NULL,NULL,N,NULL,NULL,NULL
8002134677,2018,00:00.0,130,1,MCCOWAN RD,LAWRENCE AVE E,50 m South of,1,Scarborough,21,43,Mid-Block,Non Intersection,No Control,Clear,"Dark, artificial",Dry,Non-Fatal Injury,Pedestrian Collisions,D43,127,Bendale (127),-79.2452,43.7549,NULL,NULL,N,NULL,NULL,NULL
8001812203,2018,00:00.0,622,6,THE QUEENSWAY,WINDERMERE AVE,NULL,1,Toronto and East York,4,11,Mid-Block,Non Intersection,No Control,Rain,"Daylight, artificial",Wet,Fatal,Pedestrian Collisions,D11,87,High Park-Swansea (87),-79.4692,43.6372,NULL,NULL,N,NULL,NULL,NULL
9001044395,2019,00:00.0,2124,21,SHEPPARD AVE W,GODDARD ST,NULL,1,North York,6,32,Intersection,At Intersection,Traffic Signal,Clear,Dark,Dry,Fatal,Turning Movement,D32,33,Clanton Park (33),-79.448,43.7534,NULL,NULL,N,NULL,NULL,NULL
9000535271,2019,00:00.0,2235,22,KEELE ST,WILSON AVE,20 m North of,1,North York,6,31,Intersection,At Intersection,Traffic Signal,Clear,"Dark, artificial",Dry,Non-Fatal Injury,Turning Movement,D31,26,Downsview-Roding-CFB (26),-79.482,43.7265,NULL,NULL,N,NULL,NULL,NULL
1188309,2010,00:00.0,200,2,COLLEGE ST,BATHURST ST,NULL,1,Toronto and East York,11,14,Intersection,At Intersection,Traffic Signal,Clear,Dark,Dry,Non-Fatal Injury,Pedestrian Collisions,D14,78,Kensington-Chinatown (78),-79.4076,43.6564,NULL,NULL,N,NULL,NULL,NULL
9001287128,2019,00:00.0,1221,12,1 YORK GATE BLVD,NULL,NULL,3,North York,7,31,Mid-Block,Non Intersection,No Control,Clear,Daylight,Dry,Fatal,Pedestrian Collisions,D31,24,Black Creek (24),-79.5215,43.7588,NULL,NULL,N,NULL,NULL,NULL
1183260,2010,00:00.0,1015,10,519 DUNDAS ST W,NULL,NULL,1,Toronto and East York,NULL,14,Mid-Block,At Intersection,No Control,Clear,Daylight,Other,Non-Fatal Injury,Pedestrian Collisions,D14,78,Kensington-Chinatown (78),-79.3988,43.6527,NULL,NULL,N,NULL,NULL,NULL
1198255,2010,00:00.0,1448,14,YONGE ST,ELLERSLIE AVE,NULL,1,North York,18,32,Intersection,At Intersection,Stop Sign,Clear,Daylight,Dry,Non-Fatal Injury,Turning Movement,D32,51,Willowdale East (51),-79.4135,43.7719,NULL,NULL,N,NULL,NULL,NULL
1188104,2010,00:00.0,240,2,HARBORD ST,BATHURST ST,NULL,1,Toronto and East York,11,14,Intersection,At Intersection,Traffic Signal,Clear,Dark,Dry,Non-Fatal Injury,Pedestrian Collisions,D14,79,University (79),-79.4097,43.6615,NULL,NULL,N,NULL,NULL,NULL
1137499,2009,00:00.0,116,1,DUFFERIN ST,ASCOT AVE,NULL,1,Toronto and East York,9,13,Mid-Block,NULL,Stop Sign,Clear,Dark,Dry,Non-Fatal Injury,Approaching,D13,92,Corso Italia-Davenport (92),-79.4441,43.6806,NULL,NULL,N,NULL,NULL,NULL
1221131,2011,00:00.0,334,3,AVENUE RD,LAWRENCE AVE W,NULL,1,North York,8,NULL,Intersection,At Intersection,Traffic Signal,Snow,Dark,Packed Snow,Non-Fatal Injury,Angle,D53,39,Bedford Park-Nortown (39),-79.4155,43.7222,NULL,NULL,N,NULL,NULL,NULL
9001679481,2019,00:00.0,1802,18,GARRYBROOK DR,HUNTINGWOOD DR,3 m North of,3,Scarborough,22,42,Intersection,At Intersection,Stop Sign,Clear,Daylight,Dry,Non-Fatal Injury,Cyclist Collisions,D42,118,Tam O'Shanter-Sullivan (118),-79.3072,43.7889,NULL,NULL,N,NULL,NULL,NULL
8002063591,2018,00:00.0,1900,19,LOWTHER AVE,SPADINA RD,NULL,3,Toronto and East York,11,NULL,Intersection,At Intersection,Traffic Signal,Clear,Dark,Dry,Non-Fatal Injury,Cyclist Collisions,D53,95,Annex (95),-79.4047,43.6688,NULL,NULL,N,NULL,NULL,NULL
1177627,2010,00:00.0,110,1,GREENCEDAR CRCT,DAPHNE RD,NULL,2,Scarborough,24,43,Intersection,At Intersection,No Control,Clear,Dark,Dry,Fatal,SMV Other,D43,137,Woburn (137),-79.2293,43.7568,NULL,NULL,N,NULL,NULL,NULL
1185727,2010,00:00.0,2141,21,FLEET ST,FLEET LAKE SHORE BLVD RAMP ST,NULL,1,Toronto and East York,10,14,Mid-Block,NULL,Traffic Signal,Clear,Dark,Dry,Non-Fatal Injury,Cyclist Collisions,D14,82,Niagara (82),-79.402,43.636,NULL,NULL,N,NULL,NULL,NULL
8002080527,2018,00:00.0,1420,14,235 POPLAR RD,NULL,30 m North of,2,Scarborough,24,43,Intersection,Intersection Related,No Control,Clear,"Daylight, artificial",Dry,Non-Fatal Injury,Pedestrian Collisions,D43,136,West Hill (136),-79.191,43.7658,NULL,NULL,N,NULL,NULL,NULL
8002097783,2018,00:00.0,827,8,KEELE ST,FOUR WINDS DR,NULL,1,North York,NULL,31,Intersection,At Intersection,Traffic Signal,Clear,Daylight,Dry,Non-Fatal Injury,Pedestrian Collisions,D31,27,York University Heights (27),-79.4916,43.7656,NULL,NULL,N,NULL,NULL,NULL
8002139374,2018,00:00.0,1804,18,665 LAWRENCE AVE W,NULL,NULL,1,North York,8,NULL,Intersection,At Intersection,Traffic Signal,Clear,"Dark, artificial",Dry,Fatal,Pedestrian Collisions,D13,31,Yorkdale-Glen Park (31),-79.4449,43.7158,NULL,NULL,N,NULL,NULL,NULL
8002165675,2018,00:00.0,1855,18,KING ST E,SACKVILLE ST,NULL,1,Toronto and East York,13,51,Intersection,At Intersection,Pedestrian Crossover,Rain,"Dark, artificial",Wet,Non-Fatal Injury,Pedestrian Collisions,D51,73,Moss Park (73),-79.3603,43.6543,NULL,NULL,N,NULL,NULL,NULL
1181100,2010,00:00.0,845,8,WARDEN AVE,BRIDLETOWNE CRCL,NULL,1,Scarborough,22,42,Intersection,At Intersection,Traffic Signal,Clear,Daylight,Dry,Non-Fatal Injury,Pedestrian Collisions,D42,117,L'Amoreaux (117),-79.3186,43.8014,NULL,NULL,N,NULL,NULL,NULL
1214567,2011,00:00.0,1300,13,2372 FINCH AVE W,NULL,NULL,1,Etobicoke York,7,31,Mid-Block,NULL,No Control,Clear,Daylight,Wet,Non-Fatal Injury,Turning Movement,D31,22,Humbermede (22),-79.5447,43.7515,NULL,NULL,N,NULL,NULL,NULL
1219581,2011,00:00.0,1640,16,DUFFERIN ST,PRESTON RD,NULL,1,Toronto and East York,NULL,13,Intersection,NULL,No Control,Clear,Dusk,Dry,Non-Fatal Injury,Approaching,D13,107,Oakwood Village (107),-79.4482,43.691,NULL,NULL,N,NULL,NULL,NULL
1225333,2011,00:00.0,615,6,EGLINTON AVE E,IONVIEW RD,NULL,1,Scarborough,NULL,41,Intersection,At Intersection,Traffic Signal,Clear,Dawn,Wet,Non-Fatal Injury,Rear End,D41,125,Ionview (125),-79.2711,43.7314,NULL,NULL,N,NULL,NULL,NULL
1186516,2010,00:00.0,1737,17,DANFORTH AVE,GREENWOOD AVE,NULL,1,Toronto and East York,14,NULL,Mid-Block,NULL,No Control,Clear,Daylight,Dry,Non-Fatal Injury,Turning Movement,D55,69,Blake-Jones (69),-79.3331,43.6812,NULL,NULL,N,NULL,NULL,NULL
1219456,2011,00:00.0,2022,20,WESTON RD,MAPLE BUSH AVE,NULL,1,Etobicoke York,5,12,Intersection,At Intersection,No Control,Clear,Dark,Dry,Non-Fatal Injury,Pedestrian Collisions,D12,23,Pelmo Park-Humberlea (23),-79.5347,43.7103,NULL,NULL,N,NULL,NULL,NULL
9000618680,2019,00:00.0,1041,10,VICTORIA PARK AVE,FINCH AVE E,20 metres north,1,North York,NULL,NULL,Intersection,Intersection Related,Traffic Signal,Clear,Daylight,Dry,Fatal,Approaching,D42,117,L'Amoreaux (117),-79.3313,43.793,NULL,NULL,N,NULL,NULL,NULL
1233108,2011,00:00.0,1047,10,PAPE Aven,COSBURN Aven,NULL,1,Toronto and East York,14,54,Intersection,At Intersection,Traffic Signal,Rain,Daylight,Wet,Non-Fatal Injury,Pedestrian Collisions,D54,58,Old East York (58),-79.3487,43.6894,NULL,NULL,N,NULL,NULL,NULL
1242638,2011,00:00.0,934,9,WARDEN AVE,BRIDLETOWNE CRCL,NULL,1,Scarborough,22,42,Intersection,At Intersection,Traffic Signal,Rain,Daylight,Wet,Non-Fatal Injury,Rear End,D42,117,L'Amoreaux (117),-79.3186,43.8014,NULL,NULL,N,NULL,NULL,NULL
1233797,2011,00:00.0,1245,12,PAPE Aven,COSBURN Aven,NULL,1,Toronto and East York,14,54,Intersection,At Intersection,Traffic Signal,Clear,Daylight,Wet,Non-Fatal Injury,Pedestrian Collisions,D54,58,Old East York (58),-79.3487,43.6894,NULL,NULL,N,NULL,NULL,NULL
1219821,2011,00:00.0,1203,12,DON MILLS RD,THE DONWAY  E,NULL,1,North York,16,33,Intersection,At Intersection,Traffic Signal,Clear,Daylight,Dry,Non-Fatal Injury,Pedestrian Collisions,D33,42,Banbury-Don Mills (42),-79.3444,43.7408,NULL,NULL,N,NULL,NULL,NULL
1242543,2011,00:00.0,1819,18,DAVENPORT RD,FOUNDRY  AVE,NULL,3,Toronto and East York,9,13,Intersection,NULL,No Control,Clear,Daylight,Dry,Non-Fatal Injury,Pedestrian Collisions,D13,93,Dovercourt-Wallace Emerson-Junction (93),-79.4493,43.6713,NULL,NULL,N,NULL,NULL,NULL
1189933,2010,00:00.0,904,9,DUNCAN ST,NELSON ST,NULL,2,Toronto and East York,10,52,Intersection,At Intersection,Stop Sign,Clear,Daylight,Dry,Non-Fatal Injury,Angle,D52,77,Waterfront Communities-The Island (77),-79.3888,43.6488,NULL,NULL,N,NULL,NULL,NULL
1240092,2011,00:00.0,1050,10,LAWRENCE AVE E,CURLEW DR,NULL,1,North York,16,33,Intersection,At Intersection,Traffic Signal,Clear,Daylight,Dry,Non-Fatal Injury,Turning Movement,D33,45,Parkwoods-Donalda (45),-79.3192,43.7411,NULL,NULL,N,NULL,NULL,NULL
1202322,2010,00:00.0,1853,18,FINCH Ave W,VIRGILWOOD Dr,NULL,1,North York,6,32,Intersection,At Intersection,Traffic Signal,Clear,Daylight,Dry,Non-Fatal Injury,Pedestrian Collisions,D32,35,Westminster-Branson (35),-79.4481,43.7728,NULL,NULL,N,NULL,NULL,NULL
1198314,2010,00:00.0,1704,17,CALEDONIA RD,BOWIE AVE,NULL,3,North York,8,13,Intersection,At Intersection,Stop Sign,Clear,Daylight,Dry,Non-Fatal Injury,Cyclist Collisions,D13,108,Briar Hill-Belgravia (108),-79.4627,43.6949,NULL,NULL,N,NULL,NULL,NULL
1224097,2011,00:00.0,1930,19,LAWRENCE AVE W,BROOKHAVEN DR,NULL,1,Etobicoke York,5,12,Intersection,At Intersection,Traffic Signal,Rain,Dark,Wet,Non-Fatal Injury,Rear End,D12,30,Brookhaven-Amesbury (30),-79.4966,43.7043,NULL,NULL,N,NULL,NULL,NULL
1214196,2011,00:00.0,319,3,F G GARDINER XY Expr E,JAMESON AVE,NULL,NULL,Toronto and East York,4,14,Mid-Block,NULL,No Control,Clear,Dark,Dry,Non-Fatal Injury,Rear End,D14,85,South Parkdale (85),-79.4327,43.6324,NULL,NULL,N,NULL,NULL,NULL
1204639,2010,00:00.0,1620,16,LAKE SHORE BLVD W,PARKSIDE DR,NULL,1,Toronto and East York,4,11,Intersection,At Intersection,Traffic Signal,Clear,Daylight,Dry,Non-Fatal Injury,Cyclist Collisions,D11,85,South Parkdale (85),-79.4534,43.6382,NULL,NULL,N,NULL,NULL,NULL
1204889,2010,00:00.0,1812,18,LAWRENCE AVE E,ELINOR AVE,NULL,1,Scarborough,21,41,Intersection,At Intersection,Traffic Signal,Rain,Dark,Wet,Non-Fatal Injury,Pedestrian Collisions,D41,119,Wexford/Maryvale (119),-79.3005,43.744,NULL,NULL,N,NULL,NULL,NULL
1221788,2011,00:00.0,2257,22,EGLINTON Aven W,SCARLETT Road,NULL,1,Etobicoke York,2,NULL,Intersection,At Intersection,Traffic Signal,Rain,Dark,Wet,Non-Fatal Injury,Pedestrian Collisions,D22,8,Humber Heights-Westmount (8),-79.5114,43.6839,-79.5114,43.6839,Y,Eglinton Ave W,Scarlett Rd,2019-06-03
1205176,2010,00:00.0,1703,17,BLOOR ST E,CASTLE FRANK RD,NULL,1,Toronto and East York,11,NULL,Mid-Block,NULL,No Control,Rain,Daylight,Wet,Non-Fatal Injury,Approaching,D51,71,Cabbagetown-South St.James Town (71),-79.3676,43.674,NULL,NULL,N,NULL,NULL,NULL
1214725,2011,00:00.0,2058,20,BATHURST ST,FOREST RIDGE DR,NULL,1,North York,8,NULL,Mid-Block,NULL,No Control,Clear,Dark,Wet,Fatal,Pedestrian Collisions,D53,102,Forest Hill North (102),-79.4266,43.7066,NULL,NULL,N,NULL,NULL,NULL
1215589,2011,00:00.0,847,8,MARTIN GROVE RD,JOHN GARLAND BLVD,NULL,1,Etobicoke York,1,23,Intersection,At Intersection,Traffic Signal,Snow,Daylight,Loose Snow,Non-Fatal Injury,Pedestrian Collisions,D23,2,Mount Olive-Silverstone-Jamestown (2),-79.5893,43.732,NULL,NULL,N,NULL,NULL,NULL
1234067,2011,00:00.0,1932,19,180 BROOKSIDE DR,NULL,NULL,4,Toronto and East York,19,55,Mid-Block,NULL,No Control,Clear,Daylight,Dry,Non-Fatal Injury,Pedestrian Collisions,D55,62,East End-Danforth (62),-79.3067,43.6819,NULL,NULL,N,NULL,NULL,NULL
1223675,2011,00:00.0,1953,19,BELLAMY Road N,NELSON Stre,NULL,3,Scarborough,NULL,43,Mid-Block,At Intersection,No Control,Clear,Dark,Dry,Non-Fatal Injury,SMV Other,D43,137,Woburn (137),-79.2306,43.7457,NULL,NULL,N,NULL,NULL,NULL
1194386,2010,00:00.0,2158,21,SQUIRES Aven,FERRIS Road,NULL,2,Toronto and East York,19,54,Intersection,At Intersection,Stop Sign,Clear,Dark,Dry,Non-Fatal Injury,Cyclist Collisions,D54,54,O'Connor-Parkview (54),-79.2988,43.7047,NULL,NULL,N,NULL,NULL,NULL
1194376,2010,00:00.0,940,9,2600 LESLIE St,NULL,NULL,1,North York,NULL,33,Mid-Block,NULL,No Control,Clear,Daylight,Dry,Non-Fatal Injury,Cyclist Collisions,D33,40,St.Andrew-Windfields (40),-79.3619,43.7626,NULL,NULL,N,NULL,NULL,NULL
1202550,2010,00:00.0,2022,20,SHEPPARD AVE E,BIRCHMOUNT RD,NULL,1,Scarborough,22,42,Intersection,At Intersection,Traffic Signal,Clear,Dark,Dry,Non-Fatal Injury,Turning Movement,D42,118,Tam O'Shanter-Sullivan (118),-79.298,43.781,NULL,NULL,N,NULL,NULL,NULL
1183429,2010,00:00.0,1920,19,PORT UNION RD,KINGSTON RD,NULL,1,Scarborough,25,42,Intersection,At Intersection,Traffic Signal,Clear,Daylight,Dry,Non-Fatal Injury,Turning Movement,D42,131,Rouge (131),-79.1462,43.7989,-79.1462,43.7989,Y,Kingston Rd,Port Union Rd,2008-03-18
1182961,2010,00:00.0,2128,21,SEDGEMOUNT Dr,ROCHMAN Blvd,NULL,4,Scarborough,24,43,Intersection,NULL,No Control,Clear,Dark,Dry,Non-Fatal Injury,SMV Unattended Vehicle,D43,137,Woburn (137),-79.2331,43.7605,NULL,NULL,N,NULL,NULL,NULL