ACCNUM,YEAR,DATE,TIME,HOUR,STREET1,STREET2,OFFSET,ROAD_CLASS,DISTRICT,WARDNUM,DIVISION,LOCCOORD,ACCLOC,TRAFFCTL,VISIBILITY,LIGHT,RDSFCOND,ACCLASS,IMPACTYPE,POLICE_DIVISION,HOOD_ID,NEIGHBOURHOOD,collision_lat,collision_long,red_light_lat,red_light_long,right_light_camera,LINEAR_NAME_FULL_1,LINEAR_NAME_FULL_2,ACTIVATION_DATE
1183452,2010,00:00.0,602,6,JANE St,BEXLEY Cres,NULL,1,Etobicoke York,5,12,Intersection,NULL,No Control,Clear,Daylight,Dry,Non-Fatal Injury,Approaching,D12,111,Rockcliffe-Smythe (111),-79.4975,43.6805,NULL,NULL,N,NULL,NULL,NULL
1204643,2010,00:00.0,235,2,DUNDAS ST W,YONGE ST,NULL,1,Toronto and East York,NULL,52,Mid-Block,NULL,No Control,Clear,"Dark, artificial",Dry,Non-Fatal Injury,Pedestrian Collisions,D52,76,Bay Street Corridor (76),-79.3813,43.6562,NULL,NULL,N,NULL,NULL,NULL
1235236,2011,00:00.0,1400,14,SHEPPARD AVE E,PHARMACY AVE,NULL,1,Scarborough,22,42,Mid-Block,NULL,No Control,Clear,Daylight,Dry,Non-Fatal Injury,Rear End,D42,118,Tam O'Shanter-Sullivan (118),-79.3169,43.7766,NULL,NULL,N,NULL,NULL,NULL
1224559,2011,00:00.0,1520,15,WESTON RD,BELLEVUE Cres,NULL,3,Etobicoke York,5,12,Intersection,At Intersection,No Control,Clear,Daylight,Dry,Non-Fatal Injury,Pedestrian Collisions,D12,113,Weston (113),-79.5153,43.6998,NULL,NULL,N,NULL,NULL,NULL
1224926,2011,00:00.0,1555,15,DON VALLEY PARKWAY  N,DON MILLS Road,NULL,NULL,Toronto and East York,14,54,Mid-Block,NULL,No Control,Clear,Daylight,Dry,Non-Fatal Injury,Rear End,D54,58,Old East York (58),-79.3384,43.6995,NULL,NULL,N,NULL,NULL,NULL
1184650,2010,00:00.0,1835,18,EGLINTON Ave E,LAIRD Dr,NULL,1,North York,15,53,Intersection,NULL,Traffic Signal,Clear,Daylight,Dry,Non-Fatal Injury,Rear End,D53,55,Thorncliffe Park (55),-79.3647,43.7135,NULL,NULL,N,NULL,NULL,NULL
1176916,2010,00:00.0,2035,20,KIPLING AVE,BELFIELD RD,NULL,1,Etobicoke York,1,23,Intersection,At Intersection,Traffic Signal,Clear,Dark,Dry,Fatal,Angle,D23,1,West Humber-Clairville (1),-79.5634,43.7048,NULL,NULL,N,NULL,NULL,NULL
1183691,2010,00:00.0,1130,11,KENNEDY Rd,PROGRESS Ave,NULL,1,Scarborough,21,41,Intersection,At Intersection,Traffic Signal,Clear,Daylight,Dry,Non-Fatal Injury,Pedestrian Collisions,D41,126,Dorset Park (126),-79.2822,43.7694,NULL,NULL,N,NULL,NULL,NULL
1176502,2010,00:00.0,1725,17,EGLINTON AVE E,BIMBROK RD,NULL,1,Scarborough,NULL,41,Mid-Block,At Intersection,No Control,Clear,Daylight,Dry,Non-Fatal Injury,Pedestrian Collisions,D41,124,Kennedy Park (124),-79.2513,43.7359,NULL,NULL,N,NULL,NULL,NULL
1213789,2010,00:00.0,937,9,349 HULLMAR DR,NULL,NULL,2,Etobicoke York,7,31,Intersection,NULL,No Control,Snow,Daylight,Other,Non-Fatal Injury,Pedestrian Collisions,D31,24,Black Creek (24),-79.5253,43.7733,NULL,NULL,N,NULL,NULL,NULL
1206992,2010,00:00.0,1935,19,ST CLAIR AVE E,DANFORTH RD,NULL,1,Scarborough,20,41,Intersection,At Intersection,Traffic Signal,Clear,Dark,Dry,Fatal,Pedestrian Collisions,D41,124,Kennedy Park (124),-79.2598,43.7168,NULL,NULL,N,NULL,NULL,NULL
1235315,2011,00:00.0,709,7,MIDLAND AVE,COSENTINO DR,NULL,1,Scarborough,21,41,Mid-Block,NULL,No Control,Clear,Daylight,Dry,Non-Fatal Injury,Pedestrian Collisions,D41,127,Bendale (127),-79.2719,43.7705,NULL,NULL,N,NULL,NULL,NULL
1269063,2011,00:00.0,14,0,ISLINGTON AVE,BERGAMOT AVE,NULL,1,Etobicoke York,1,23,Intersection,At Intersection,Traffic Signal,Clear,Dark,Dry,Non-Fatal Injury,Pedestrian Collisions,D23,5,Elms-Old Rexdale (5),-79.5559,43.7169,NULL,NULL,N,NULL,NULL,NULL
1213957,2010,00:00.0,1725,17,LAKE SHORE BLVD W,HILLSIDE AVE,NULL,1,Etobicoke York,3,22,Intersection,At Intersection,Traffic Signal,Clear,Dark,Dry,Non-Fatal Injury,Pedestrian Collisions,D22,17,Mimico (17),-79.4899,43.6111,NULL,NULL,N,NULL,NULL,NULL
1207370,2010,00:00.0,216,2,KINGSTON RD,ST QUENTIN AVE,NULL,1,Scarborough,20,43,Mid-Block,NULL,No Control,Snow,Dark,Packed Snow,Fatal,SMV Other,D43,123,Cliffcrest (123),-79.2392,43.7191,NULL,NULL,N,NULL,NULL,NULL
1242750,2011,00:00.0,2004,20,ALDWYCH AVE,DEWHURST BLVD,NULL,4,Toronto and East York,14,54,Mid-Block,NULL,No Control,Clear,Dark,Dry,Non-Fatal Injury,Pedestrian Collisions,D54,59,Danforth East York (59),-79.3404,43.6847,NULL,NULL,N,NULL,NULL,NULL
1269892,2011,00:00.0,1154,11,LAKE SHORE BLVD W,NINTH ST,NULL,1,Etobicoke York,3,22,Intersection,At Intersection,Stop Sign,Clear,Daylight,Dry,Non-Fatal Injury,Turning Movement,D22,18,New Toronto (18),-79.5075,43.6002,NULL,NULL,N,NULL,NULL,NULL
1189019,2010,00:00.0,20,0,LAKE SHORE Boul W,ISLINGTON Aven,NULL,1,Etobicoke York,3,22,Mid-Block,NULL,No Control,Clear,Dark,Dry,Non-Fatal Injury,SMV Unattended Vehicle,D22,18,New Toronto (18),-79.5046,43.6008,NULL,NULL,N,NULL,NULL,NULL
1201944,2010,00:00.0,2050,20,EGLINTON AVE E,BIRCHMOUNT RD,NULL,1,Scarborough,NULL,41,Mid-Block,NULL,No Control,Clear,Dark,Dry,Non-Fatal Injury,Pedestrian Collisions,D41,125,Ionview (125),-79.277,43.7301,NULL,NULL,N,NULL,NULL,NULL
1263305,2011,00:00.0,1500,15,MIDLAND AVE,FINCH AVE E,NULL,1,Scarborough,NULL,42,Mid-Block,NULL,No Control,Clear,Daylight,Dry,Non-Fatal Injury,SMV Other,D42,129,Agincourt North (129),-79.286,43.8032,NULL,NULL,N,NULL,NULL,NULL
9001127498,2019,00:00.0,1200,12,THE QUEENSWAY,NORTH QUEEN ST,NULL,1,Etobicoke York,3,22,Intersection,At Intersection,Traffic Signal,Clear,Daylight,Dry,Fatal,Turning Movement,D22,14,Islington-City Centre West (14),-79.5561,43.6141,NULL,NULL,N,NULL,NULL,NULL
9001113942,2019,00:00.0,1710,17,EVANS AVE,HORNER AVE,NULL,1,Etobicoke York,3,22,Intersection,At Intersection,Traffic Signal,Clear,Daylight,Dry,Non-Fatal Injury,Cyclist Collisions,D22,17,Mimico (17),-79.5188,43.6169,-79.5188,43.6169,Y,Evans Ave,Horner Ave,2021-09-30
9001128278,2019,00:00.0,1416,14,LEARMONT DR,SANDWELL DR,NULL,4,Etobicoke York,2,23,Intersection,At Intersection,Stop Sign,Clear,Daylight,Dry,Non-Fatal Injury,SMV Other,D23,7,Willowridge-Martingrove-Richview (7),-79.5652,43.6884,NULL,NULL,N,NULL,NULL,NULL
1183977,2010,00:00.0,1545,15,KINGSTON Road,GLEN MANOR Driv,NULL,1,Toronto and East York,19,55,Intersection,At Intersection,Stop Sign,Clear,Daylight,Dry,Non-Fatal Injury,Turning Movement,D55,62,East End-Danforth (62),-79.2944,43.6797,NULL,NULL,N,NULL,NULL,NULL
1180091,2020,00:00.0,2213,22,DANFORTH AVE,GREENWOOD AVE,62 m West of,1,North York,14,NULL,Mid-Block,Non Intersection,No Control,Clear,Dark,Dry,Non-Fatal Injury,Pedestrian Collisions,D55,69,Blake-Jones (69),-79.3333,43.6811,NULL,NULL,N,NULL,NULL,NULL
1268545,2011,00:00.0,1235,12,EGLINTON AVE E,FORMAN AVE,NULL,1,North York,15,53,Intersection,At Intersection,Traffic Signal,Clear,Daylight,Dry,Non-Fatal Injury,Pedestrian Collisions,D53,99,Mount Pleasant East (99),-79.3861,43.7091,NULL,NULL,N,NULL,NULL,NULL
1275484,2020,00:00.0,650,6,ENDSLEIGH CRES,MARGARET AVE,NULL,NULL,NULL,NULL,NULL,Intersection,At Intersection,No Control,Clear,Daylight,Dry,Non-Fatal Injury,Pedestrian Collisions,D33,46,Pleasant View (46),-79.3355,43.7816,NULL,NULL,N,NULL,NULL,NULL
1185844,2010,00:00.0,128,1,DUNDAS ST W,BURNHAMTHORPE RD,NULL,1,Etobicoke York,3,22,Mid-Block,NULL,No Control,Clear,Dark,Dry,Non-Fatal Injury,Pedestrian Collisions,D22,14,Islington-City Centre West (14),-79.5292,43.6489,NULL,NULL,N,NULL,NULL,NULL
418177,2020,00:00.0,650,6,SHERBOURNE ST,KING ST E,NULL,1,Toronto East York,13,51,Intersection,At Intersection,Traffic Signal,Clear,Dawn,Dry,Non-Fatal Injury,SMV Other,D51,73,Moss Park (73),-79.3682,43.6511,NULL,NULL,N,NULL,NULL,NULL
484297,2020,00:00.0,1940,19,HUMBER BLVD,LOUVAIN ST,4 m West of,2,Etobicoke York,5,12,Intersection,At Intersection,No Control,Clear,"Dark, artificial",Dry,Non-Fatal Injury,Other,D12,111,Rockcliffe-Smythe (111),-79.482,43.6805,NULL,NULL,N,NULL,NULL,NULL
500879,2020,00:00.0,632,6,ST CLAIR AVE W,CHRISTIE ST,NULL,1,Toronto and East York,12,13,Intersection,At Intersection,Traffic Signal,Rain,"Dark, artificial",Wet,Non-Fatal Injury,SMV Other,D13,94,Wychwood (94),-79.4256,43.6816,NULL,NULL,N,NULL,NULL,NULL
1238504,2011,00:00.0,1350,13,EGLINTON Aven W,DUPLEX Aven,NULL,1,North York,NULL,53,Intersection,At Intersection,No Control,Clear,Daylight,Dry,Non-Fatal Injury,Sideswipe,D53,100,Yonge-Eglinton (100),-79.4002,43.7063,NULL,NULL,N,NULL,NULL,NULL
780152,2020,00:00.0,1030,10,KEELE ST,WILSON AVE,NULL,1,North York,6,31,Intersection,At Intersection,Traffic Signal,Clear,Daylight,Dry,Non-Fatal Injury,SMV Other,D31,26,Downsview-Roding-CFB (26),-79.482,43.7265,NULL,NULL,N,NULL,NULL,NULL
888584,2020,00:00.0,945,9,LAWRENCE AVE E,FERN MEADOW RD,NULL,3,Scarborough,25,43,Mid-Block,Non Intersection,No Control,Clear,Daylight,Dry,Fatal,Pedestrian Collisions,D43,136,West Hill (136),-79.1712,43.7716,NULL,NULL,N,NULL,NULL,NULL
909285,2020,00:00.0,1752,17,RATHBURN RD,CENTENNIAL PARK RD,2 m West of,3,Etobicoke York,2,22,Intersection,At Intersection,No Control,Clear,Daylight,Dry,Non-Fatal Injury,SMV Other,D22,11,Eringate-Centennial-West Deane (11),-79.5811,43.6508,NULL,NULL,N,NULL,NULL,NULL
1064302,2020,00:00.0,2148,21,DUFFERIN ST,BLOOR ST W [DUFFERIN STREET S,20 m South of,1,Toronto and East York,9,NULL,Mid-Block,Non Intersection,No Control,Clear,"Dark, artificial",Dry,Non-Fatal Injury,Cyclist Collisions,D14,93,Dovercourt-Wallace Emerson-Junction (93),-79.4353,43.6598,NULL,NULL,N,NULL,NULL,NULL
1064422,2020,00:00.0,2211,22,BRIMLEY RD,COMRIE TER,NULL,3,Scarborough,20,NULL,Intersection,At Intersection,No Control,Clear,"Dark, artificial",Dry,Fatal,Turning Movement,D41,123,Cliffcrest (123),-79.2436,43.726,NULL,NULL,N,NULL,NULL,NULL
9001227477,2019,00:00.0,1015,10,BRIMLEY RD,KINGSTON RD,NULL,1,Scarborough,20,NULL,Intersection,At Intersection,Traffic Signal,Clear,Daylight,Dry,Non-Fatal Injury,Angle,D43,123,Cliffcrest (123),-79.2403,43.7181,NULL,NULL,N,NULL,NULL,NULL
9002056879,2019,00:00.0,2120,21,LAIRD DRIVE,LEA AVENUE,7 m North of,1,North York,15,53,Mid-Block,Non Intersection,Traffic Controller,Clear,"Dark, artificial",Dry,Non-Fatal Injury,SMV Other,D53,55,Thorncliffe Park (55),-79.3617,43.7061,NULL,NULL,N,NULL,NULL,NULL
540779,2020,00:00.0,1523,15,BRIMLEY RD,KINGSTON RD,NULL,1,Scarborough,20,NULL,Intersection,At Intersection,Traffic Signal,Clear,Daylight,Dry,Non-Fatal Injury,Turning Movement,D43,123,Cliffcrest (123),-79.2403,43.7181,NULL,NULL,N,NULL,NULL,NULL
2045410,2020,00:00.0,1241,12,DUFFERIN ST,BLOOR ST W,NULL,1,Toronto and East York,9,NULL,Intersection,Intersection Related,Traffic Signal,Clear,Daylight,Dry,Non-Fatal Injury,Pedestrian Collisions,D14,93,Dovercourt-Wallace Emerson-Junction (93),-79.4353,43.6598,NULL,NULL,N,NULL,NULL,NULL
9002258968,2019,00:00.0,2321,23,ST CLAIR AVE W,CHRISTIE ST,NULL,1,NULL,NULL,NULL,Intersection,Intersection Related,Traffic Signal,Clear,"Dark, artificial",Dry,Fatal,Pedestrian Collisions,D13,94,Wychwood (94),-79.4256,43.6816,NULL,NULL,N,NULL,NULL,NULL
1684477,2020,00:00.0,433,4,WESTON RD,TORYORK DR,16 m South of,1,Etobicoke York,7,31,Intersection,Intersection Related,Traffic Signal,Clear,"Dark, artificial",Dry,Non-Fatal Injury,Pedestrian Collisions,D31,21,Humber Summit (21),-79.5426,43.7533,NULL,NULL,N,NULL,NULL,NULL
9002123332,2019,00:00.0,618,6,DUFFERIN ST,MARTIN ST,93 m North of,1,North York,NULL,13,Mid-Block,Non Intersection,No Control,Clear,Daylight,Dry,Non-Fatal Injury,SMV Unattended Vehicle,D13,107,Oakwood Village (107),-79.4477,43.6895,NULL,NULL,N,NULL,NULL,NULL
1357752,2020,00:00.0,1835,18,CENTRE RD,HIGH PARK BLVD,NULL,NULL,NULL,NULL,NULL,Intersection,At Intersection,Stop Sign,Clear,Daylight,Dry,Non-Fatal Injury,Cyclist Collisions,D11,87,High Park-Swansea (87),-79.4582,43.6442,NULL,NULL,N,NULL,NULL,NULL
9002248311,2019,00:00.0,1340,13,MCCOWAN RD,SANDHURST CRCL,NULL,1,Scarborough,NULL,NULL,Intersection,At Intersection,Traffic Signal,Rain,Daylight,Wet,Fatal,Cyclist Collisions,D42,129,Agincourt North (129),-79.2691,43.8115,NULL,NULL,N,NULL,NULL,NULL
1894720,2020,00:00.0,2312,23,University Avenue,College St. West,4 m North of,1,Toronto and East York,11,52,Intersection,Intersection Related,Traffic Signal,Clear,"Dusk, artificial",Dry,Non-Fatal Injury,Pedestrian Collisions,D52,76,Bay Street Corridor (76),-79.3904,43.6598,NULL,NULL,N,NULL,NULL,NULL
500922,2020,00:00.0,644,6,FRONT ST E,PARLIAMENT ST,7 m West of,3,Toronto East York,13,51,Intersection,At Intersection,Traffic Signal,Rain,Dark,Wet,Non-Fatal Injury,Pedestrian Collisions,D51,77,Waterfront Communities-The Island (77),-79.3626,43.6514,NULL,NULL,N,NULL,NULL,NULL
231164,2020,00:00.0,1756,17,KEELE ST,GULLIVER RD,12 m South of,1,Etobicoke York,5,12,Intersection,Intersection Related,Traffic Signal,Clear,"Dark, artificial",Wet,Non-Fatal Injury,Approaching,D12,30,Brookhaven-Amesbury (30),-79.4759,43.6992,NULL,NULL,N,NULL,NULL,NULL
2139980,2020,00:00.0,1017,10,1733 WILSON AV,WILSON AV,NULL,NULL,NULL,NULL,NULL,Mid-Block,Non Intersection,No Control,Clear,Daylight,Dry,Non-Fatal Injury,Pedestrian Collisions,D31,26,Downsview-Roding-CFB (26),-79.5177,43.7189,NULL,NULL,N,NULL,NULL,NULL
9002266612,2019,00:00.0,257,2,3207 KINGSTON RD,NULL,200 m East of,1,Scarborough,20,43,Mid-Block,Non Intersection,No Control,Clear,"Dark, artificial",Dry,Property Damage Only,Rear End,D43,123,Cliffcrest (123),-79.2274,43.7293,NULL,NULL,N,NULL,NULL,NULL
139578,2020,00:00.0,701,7,ALNESS ST,SUPERTEST RD,NULL,3,North York,6,32,Intersection,At Intersection,Traffic Signal,Clear,"Dark, artificial",Dry,Fatal,Pedestrian Collisions,D32,27,York University Heights (27),-79.4744,43.7767,NULL,NULL,N,NULL,NULL,NULL
180484,2020,00:00.0,1932,19,KINGSTON RD,WEST HILL DR,15 m East of,1,Scarborough,25,43,Intersection,Intersection Related,No Control,Rain,"Dark, artificial",Wet,Non-Fatal Injury,Pedestrian Collisions,D43,136,West Hill (136),-79.1817,43.7742,NULL,NULL,N,NULL,NULL,NULL
1725469,2020,00:00.0,256,2,DUNDAS ST E,PARLIMENT ST,NULL,1,Toronto and East York,13,51,Intersection,Intersection Related,Traffic Signal,Clear,"Dark, artificial",Dry,Non-Fatal Injury,Pedestrian Collisions,D51,72,Regent Park (72),-79.3659,43.6594,NULL,NULL,N,NULL,NULL,NULL
9002471073,2019,00:00.0,1415,14,ROYAL YORK RD,LAMBETH RD,NULL,3,Etobicoke York,2,22,Intersection,At Intersection,No Control,Clear,Daylight,Dry,Non-Fatal Injury,Turning Movement,D22,9,Edenbridge-Humber Valley (9),-79.517,43.6603,NULL,NULL,N,NULL,NULL,NULL
9002389266,2019,00:00.0,1725,17,EGLINTON AVE E,VICTORIA PARK AVE,10 m North of,1,North York,NULL,NULL,Intersection,At Intersection,Traffic Signal,Clear,"Dark, artificial",Dry,Non-Fatal Injury,Pedestrian Collisions,D41,120,Clairlea-Birchmount (120),-79.3026,43.7246,NULL,NULL,N,NULL,NULL,NULL
9002410938,2019,00:00.0,1815,18,20 ANTRIM CRES,NULL,50 m West of,2,Scarborough,21,41,Mid-Block,Non Intersection,No Control,Rain,"Dark, artificial",Wet,Non-Fatal Injury,Pedestrian Collisions,D41,126,Dorset Park (126),-79.285,43.7712,NULL,NULL,N,NULL,NULL,NULL
9002330341,2019,00:00.0,1030,10,MARKHAM  RD,FINCH  AVE E,1 m North of,1,Scarborough,23,42,Intersection,Intersection Related,Traffic Signal,Clear,Daylight,Wet,Non-Fatal Injury,Pedestrian Collisions,D42,132,Malvern (132),-79.243,43.8128,NULL,NULL,N,NULL,NULL,NULL
9002354867,2019,00:00.0,1800,18,EGLINTON AVE E,BRENTCLIFFE RD,NULL,1,North York,15,53,Intersection,At Intersection,Traffic Signal,Snow,"Dark, artificial",Wet,Non-Fatal Injury,Pedestrian Collisions,D53,55,Thorncliffe Park (55),-79.3597,43.7145,NULL,NULL,N,NULL,NULL,NULL
270261,2020,00:00.0,1915,19,JANE ST,BEVERLY HILLS DR,NULL,1,Etobicoke York,NULL,31,Intersection,At Intersection,Traffic Signal,Clear,"Dark, artificial",Wet,Non-Fatal Injury,SMV Other,D31,26,Downsview-Roding-CFB (26),-79.5081,43.719,NULL,NULL,N,NULL,NULL,NULL
2400863,2020,00:00.0,2035,20,ISABELLA STREET,HUNTLEY STREET,4 m North of,2,Toronto and East York,13,51,Intersection,Intersection Related,Stop Sign,Rain,Dark,Wet,Non-Fatal Injury,Pedestrian Collisions,D51,74,North St.James Town (74),-79.378,43.6691,NULL,NULL,N,NULL,NULL,NULL
1902177,2020,00:00.0,300,3,LANSDOWNE AVE,COLLEGE ST,10 m North of,3,Toronto and East York,9,11,Intersection,Intersection Related,Traffic Signal,Clear,Dark,Dry,Non-Fatal Injury,SMV Other,D11,83,Dufferin Grove (83),-79.4399,43.651,NULL,NULL,N,NULL,NULL,NULL
1491395,2020,00:00.0,2239,22,GOLDSMITH AVE,CHRYSLER CRES,40 m East of,NULL,NULL,NULL,NULL,Mid-Block,Non Intersection,No Control,Clear,Dark,Dry,Non-Fatal Injury,SMV Unattended Vehicle,D41,119,Wexford/Maryvale (119),-79.3056,43.744,NULL,NULL,N,NULL,NULL,NULL
1774332,2020,00:00.0,2310,23,KENNEDY RD,VILLAGE GREEN SQ,11 m North of,1,Scarborough,22,42,Intersection,Intersection Related,Traffic Signal,Clear,"Dark, artificial",Dry,Non-Fatal Injury,Turning Movement,D42,128,Agincourt South-Malvern West (128),-79.2855,43.7772,NULL,NULL,N,NULL,NULL,NULL
1603307,2020,00:00.0,1736,17,HOWARD ST,EDGEDALE RD,NULL,NULL,NULL,NULL,NULL,Intersection,At Intersection,No Control,Clear,Daylight,Dry,Non-Fatal Injury,Cyclist Collisions,D51,74,North St.James Town (74),-79.3732,43.6713,NULL,NULL,N,NULL,NULL,NULL
1287004,2012,00:00.0,1417,14,DANFORTH AVE,ROYAL DR,NULL,1,Toronto and East York,14,NULL,Mid-Block,Non Intersection,No Control,Rain,Daylight,Wet,Non-Fatal Injury,Cyclist Collisions,D55,68,North Riverdale (68),-79.3598,43.6759,NULL,NULL,N,NULL,NULL,NULL
1327320,2012,00:00.0,2127,21,KENNEDY RD,RADNOR AVE,NULL,1,Scarborough,21,41,Intersection,At Intersection,No Control,Clear,"Dark, artificial",Dry,Non-Fatal Injury,SMV Other,D41,126,Dorset Park (126),-79.2736,43.7459,NULL,NULL,N,NULL,NULL,NULL
1326517,2012,00:00.0,1429,14,SHEPPARD AVE E,WARDEN AVE,NULL,1,Scarborough,22,42,Intersection,At Intersection,Traffic Signal,Clear,Daylight,Dry,Non-Fatal Injury,Pedestrian Collisions,D42,118,Tam O'Shanter-Sullivan (118),-79.3078,43.7787,NULL,NULL,N,NULL,NULL,NULL
1301986,2012,00:00.0,155,1,UNIVERSITY AVE,ELM ST,NULL,1,Toronto and East York,11,52,Intersection,At Intersection,Traffic Signal,Clear,"Dark, artificial",Dry,Non-Fatal Injury,Cyclist Collisions,D52,76,Bay Street Corridor (76),-79.3889,43.6563,NULL,NULL,N,NULL,NULL,NULL
1308558,2012,00:00.0,1640,16,KIPLING AVE,TORLAKE CRES,NULL,1,Etobicoke York,3,22,Intersection,NULL,No Control,Clear,Daylight,Dry,Non-Fatal Injury,Pedestrian Collisions,D22,17,Mimico (17),-79.5235,43.614,NULL,NULL,N,NULL,NULL,NULL
1311500,2012,00:00.0,1140,11,RICHMOND Stre E,VICTORIA Stre,NULL,1,Toronto and East York,13,51,Mid-Block,At Intersection,No Control,Clear,Daylight,Dry,Non-Fatal Injury,Rear End,D51,75,Church-Yonge Corridor (75),-79.3781,43.6518,NULL,NULL,N,NULL,NULL,NULL
1304055,2012,00:00.0,2151,21,EGLINTON AVE E,BRIMLEY RD,NULL,1,Scarborough,NULL,41,Mid-Block,NULL,No Control,Clear,"Dark, artificial",Dry,Fatal,Pedestrian Collisions,D41,124,Kennedy Park (124),-79.2489,43.7364,NULL,NULL,N,NULL,NULL,NULL
1283446,2012,00:00.0,1532,15,QUEEN ST E,hambly AVE,NULL,3,Toronto and East York,19,55,Intersection,NULL,No Control,Clear,Daylight,Dry,Non-Fatal Injury,Pedestrian Collisions,D55,63,The Beaches (63),-79.2968,43.6706,NULL,NULL,N,NULL,NULL,NULL
1305388,2012,00:00.0,1000,10,LOBB AVE,SHAW ST,NULL,2,Toronto and East York,10,14,Intersection,At Intersection,Traffic Signal,Clear,Daylight,Dry,Non-Fatal Injury,Cyclist Collisions,D14,81,Trinity-Bellwoods (81),-79.417,43.6469,NULL,NULL,N,NULL,NULL,NULL
1331528,2012,00:00.0,1140,11,WILSON Ave,YONGE St,NULL,1,North York,NULL,32,Intersection,At Intersection,Traffic Signal,Clear,Daylight,Dry,Non-Fatal Injury,Turning Movement,D32,40,St.Andrew-Windfields (40),-79.4067,43.7441,NULL,NULL,N,NULL,NULL,NULL
1334350,2012,00:00.0,335,3,EASTERN AVE DIVERSION Aven,BROADVIEW AVE,NULL,1,Toronto and East York,14,55,Intersection,NULL,Traffic Signal,Clear,"Dark, artificial",Dry,Non-Fatal Injury,SMV Other,D55,70,South Riverdale (70),-79.3488,43.6566,NULL,NULL,N,NULL,NULL,NULL
1291890,2012,00:00.0,1802,18,MARKHAM RD,BLAKEMANOR BLVD,NULL,1,Scarborough,24,43,Intersection,NULL,No Control,Clear,Daylight,Dry,Non-Fatal Injury,SMV Other,D43,137,Woburn (137),-79.2221,43.7511,NULL,NULL,N,NULL,NULL,NULL
1321943,2012,00:00.0,1846,18,MIDLAND AVE,PASSMORE AVE,NULL,1,Scarborough,NULL,42,Intersection,At Intersection,Traffic Signal,Clear,Dusk,Dry,Non-Fatal Injury,Pedestrian Collisions,D42,130,Milliken (130),-79.2948,43.8207,NULL,NULL,N,NULL,NULL,NULL
1306461,2012,00:00.0,740,7,FINCH AVE W,MILADY RD,NULL,1,Etobicoke York,7,31,Intersection,NULL,No Control,Clear,Daylight,Dry,Non-Fatal Injury,Pedestrian Collisions,D31,21,Humber Summit (21),-79.5643,43.7473,NULL,NULL,N,NULL,NULL,NULL
1312333,2012,00:00.0,1606,16,SHEPPARD Aven E,ARAGON Aven,NULL,1,Scarborough,22,42,Mid-Block,NULL,No Control,Clear,Daylight,Dry,Non-Fatal Injury,Other,D42,118,Tam O'Shanter-Sullivan (118),-79.3034,43.7797,NULL,NULL,N,NULL,NULL,NULL
1296711,2012,00:00.0,340,3,UNIVERSITY AVE,ADELAIDE ST W,NULL,1,Toronto and East York,10,52,Intersection,At Intersection,Traffic Signal,Clear,"Dark, artificial",Dry,Non-Fatal Injury,Angle,D52,76,Bay Street Corridor (76),-79.3855,43.6488,-79.3855,43.6488,Y,University Ave,Adelaide St W,2017-10-20
1305424,2012,00:00.0,647,6,SHERBOURNE ST,HOWARD ST,NULL,3,Toronto and East York,13,51,Intersection,At Intersection,Traffic Signal,Clear,Daylight,Dry,Non-Fatal Injury,Other,D51,74,North St.James Town (74),-79.3763,43.6712,NULL,NULL,N,NULL,NULL,NULL
1306426,2012,00:00.0,1239,12,WESTON RD,SHEPPARD AVE W,NULL,1,Etobicoke York,7,31,Intersection,At Intersection,Traffic Signal,Clear,Daylight,Dry,Non-Fatal Injury,Pedestrian Collisions,D31,22,Humbermede (22),-79.5381,43.7337,NULL,NULL,N,NULL,NULL,NULL
1306296,2012,00:00.0,1752,17,DON JAIL Road,BROADVIEW Aven,NULL,3,Toronto and East York,14,55,Intersection,At Intersection,No Control,Clear,Daylight,Dry,Non-Fatal Injury,Cyclist Collisions,D55,68,North Riverdale (68),-79.3528,43.6661,NULL,NULL,N,NULL,NULL,NULL
1320814,2012,00:00.0,1225,12,PHARMACY AVE,TEESDALE PL,NULL,3,Scarborough,20,41,Intersection,At Intersection,Traffic Signal,Clear,Daylight,Dry,Non-Fatal Injury,SMV Other,D41,121,Oakridge (121),-79.2853,43.6969,NULL,NULL,N,NULL,NULL,NULL
1306744,2012,00:00.0,1606,16,3477 SHEPPARD AVE E,NULL,NULL,1,Scarborough,22,42,Mid-Block,NULL,No Control,Clear,Daylight,Dry,Non-Fatal Injury,Cyclist Collisions,D42,118,Tam O'Shanter-Sullivan (118),-79.3034,43.7797,NULL,NULL,N,NULL,NULL,NULL
1306967,2012,00:00.0,25,0,RICHMOND ST W,JOHN ST,NULL,1,Toronto and East York,10,52,Intersection,NULL,No Control,Clear,"Dark, artificial",Dry,Non-Fatal Injury,Pedestrian Collisions,D52,77,Waterfront Communities-The Island (77),-79.3908,43.649,NULL,NULL,N,NULL,NULL,NULL
1299777,2012,00:00.0,1033,10,3300 MIDLAND AVE,NULL,NULL,1,Scarborough,NULL,42,Mid-Block,NULL,No Control,Clear,Daylight,Dry,Non-Fatal Injury,Turning Movement,D42,129,Agincourt North (129),-79.2882,43.8062,NULL,NULL,N,NULL,NULL,NULL
1293309,2012,00:00.0,1528,15,ISLINGTON AVE,MILADY RD,NULL,1,Etobicoke York,7,31,Intersection,At Intersection,Traffic Signal,Other,Daylight,Other,Non-Fatal Injury,Turning Movement,D31,21,Humber Summit (21),-79.5683,43.7522,NULL,NULL,N,NULL,NULL,NULL