ACCNUM,YEAR,DATE,TIME,HOUR,STREET1,STREET2,OFFSET,ROAD_CLASS,DISTRICT,WARDNUM,DIVISION,LOCCOORD,ACCLOC,TRAFFCTL,VISIBILITY,LIGHT,RDSFCOND,ACCLASS,IMPACTYPE,POLICE_DIVISION,HOOD_ID,NEIGHBOURHOOD,collision_lat,collision_long,red_light_lat,red_light_long,right_light_camera,LINEAR_NAME_FULL_1,LINEAR_NAME_FULL_2,ACTIVATION_DATE
1293945,2012,00:00.0,2133,21,SHEPPARD AVE W,BATHURST ST W,NULL,1,North York,6,32,Intersection,At Intersection,Traffic Signal,Clear,"Dark, artificial",Dry,Non-Fatal Injury,Turning Movement,D32,34,Bathurst Manor (34),-79.4384,43.7554,-79.4384,43.7554,Y,Bathurst St,Sheppard Ave W,2007-11-09
1311376,2012,00:00.0,750,7,STEELES AVE E,TAPSCOTT RD,NULL,1,Scarborough,23,42,Intersection,NULL,Stop Sign,Clear,Daylight,Dry,Non-Fatal Injury,Turning Movement,D42,131,Rouge (131),-79.2484,43.8372,NULL,NULL,N,NULL,NULL,NULL
1297456,2012,00:00.0,2043,20,KINGSTON RD,VALHALLA BLVD,NULL,1,Scarborough,20,41,Intersection,At Intersection,No Control,Clear,"Dusk, artificial",Dry,Non-Fatal Injury,Turning Movement,D41,122,Birchcliffe-Cliffside (122),-79.2682,43.6894,NULL,NULL,N,NULL,NULL,NULL
1304471,2012,00:00.0,1905,19,CHURCH ST,WESTON RD,NULL,3,Etobicoke York,5,12,Intersection,At Intersection,Traffic Signal,Clear,Daylight,Dry,Non-Fatal Injury,Cyclist Collisions,D12,113,Weston (113),-79.5253,43.703,NULL,NULL,N,NULL,NULL,NULL
1290199,2012,00:00.0,2050,20,MORNINGSIDE AVE,MILNER AVE,NULL,1,Scarborough,25,42,Intersection,At Intersection,Traffic Signal,Clear,"Dark, artificial",Dry,Fatal,Pedestrian Collisions,D42,131,Rouge (131),-79.199,43.8002,-79.199,43.8002,Y,Morningside Ave,Milner Ave,2017-03-10
1313188,2012,00:00.0,830,8,443 MANSE RD,NULL,NULL,5,Scarborough,25,43,Mid-Block,NULL,No Control,Clear,Daylight,Dry,Non-Fatal Injury,Pedestrian Collisions,D43,136,West Hill (136),-79.1772,43.7757,NULL,NULL,N,NULL,NULL,NULL
1318798,2012,00:00.0,1314,13,TORBARRIE RD,SHEPPARD AVE W,NULL,2,Etobicoke York,7,31,Intersection,At Intersection,No Control,Rain,Daylight,Wet,Non-Fatal Injury,Approaching,D31,25,Glenfield-Jane Heights (25),-79.526,43.7373,NULL,NULL,N,NULL,NULL,NULL
1300266,2012,00:00.0,1352,13,JARVIS ST,DUNDAS ST E,NULL,1,Toronto and East York,13,51,Intersection,At Intersection,Traffic Signal,Clear,Daylight,Dry,Non-Fatal Injury,Pedestrian Collisions,D51,73,Moss Park (73),-79.3745,43.657,NULL,NULL,N,NULL,NULL,NULL
1349064,2013,00:00.0,1107,11,ENCHANTED HILLS Cres,WILDERNESS Dr,NULL,4,Scarborough,23,42,Intersection,At Intersection,Stop Sign,Clear,Daylight,Dry,Non-Fatal Injury,Cyclist Collisions,D42,130,Milliken (130),-79.276,43.8291,NULL,NULL,N,NULL,NULL,NULL
1380543,2013,00:00.0,1845,18,FRONT ST W,BLUE JAYS WAY,NULL,3,Toronto and East York,10,52,Intersection,NULL,Traffic Signal,Clear,Daylight,Dry,Non-Fatal Injury,Cyclist Collisions,D52,77,Waterfront Communities-The Island (77),-79.3912,43.6434,NULL,NULL,N,NULL,NULL,NULL
1368246,2013,00:00.0,1026,10,MCCOWAN RD,STEELES AVE E,NULL,1,Scarborough,23,42,Intersection,NULL,Traffic Signal,Clear,Daylight,Dry,Non-Fatal Injury,Pedestrian Collisions,D42,130,Milliken (130),-79.2751,43.831,NULL,NULL,N,NULL,NULL,NULL
1304939,2012,00:00.0,1315,13,DUNDAS ST W,MANNING AVE,NULL,1,Toronto and East York,NULL,14,Intersection,At Intersection,Traffic Signal,Clear,Daylight,Dry,Non-Fatal Injury,Cyclist Collisions,D14,81,Trinity-Bellwoods (81),-79.4108,43.6513,NULL,NULL,N,NULL,NULL,NULL
1322166,2012,00:00.0,2040,20,BYNG AVE,DORIS AVE,NULL,3,North York,18,32,Intersection,NULL,Traffic Signal,Clear,"Dark, artificial",Dry,Non-Fatal Injury,Pedestrian Collisions,D32,51,Willowdale East (51),-79.4131,43.7769,NULL,NULL,N,NULL,NULL,NULL
1381650,2013,00:00.0,2213,22,JANE St,TRETHEWEY Dr,NULL,1,Etobicoke York,5,12,Intersection,NULL,Traffic Signal,Clear,"Dark, artificial",Dry,Non-Fatal Injury,Pedestrian Collisions,D12,30,Brookhaven-Amesbury (30),-79.5023,43.6975,NULL,NULL,N,NULL,NULL,NULL
1344553,2013,00:00.0,1555,15,2 EIREANN QUAY Quay,NULL,NULL,2,Toronto and East York,10,14,Mid-Block,NULL,No Control,Clear,Daylight,Dry,Non-Fatal Injury,Pedestrian Collisions,D14,77,Waterfront Communities-The Island (77),-79.3977,43.6351,NULL,NULL,N,NULL,NULL,NULL
1298696,2012,00:00.0,2127,21,SPADINA RD,LOWTHER AVE,NULL,3,Toronto and East York,11,NULL,Intersection,At Intersection,Traffic Signal,Clear,"Dark, artificial",Dry,Non-Fatal Injury,Cyclist Collisions,D14,95,Annex (95),-79.4047,43.6689,NULL,NULL,N,NULL,NULL,NULL
1350472,2013,00:00.0,845,8,SHEPPARD AVE W,BATHURST ST,NULL,1,North York,6,32,Intersection,At Intersection,Traffic Signal,Clear,Daylight,Dry,Non-Fatal Injury,Pedestrian Collisions,D32,34,Bathurst Manor (34),-79.4384,43.7554,-79.4384,43.7554,Y,Bathurst St,Sheppard Ave W,2007-11-09
1354069,2013,00:00.0,1722,17,JARVIS ST,EARL PL,NULL,1,Toronto and East York,13,51,Intersection,NULL,Traffic Signal,Clear,Daylight,Wet,Non-Fatal Injury,Cyclist Collisions,D51,74,North St.James Town (74),-79.3789,43.6679,NULL,NULL,N,NULL,NULL,NULL
1356635,2013,00:00.0,1231,12,MILL ST,YONGE ST,NULL,1,North York,NULL,32,Intersection,At Intersection,Traffic Signal,Clear,Daylight,Dry,Fatal,Pedestrian Collisions,D32,41,Bridle Path-Sunnybrook-York Mills (41),-79.4058,43.7403,NULL,NULL,N,NULL,NULL,NULL
1319584,2012,00:00.0,115,1,COLLEGE ST,LIPPINCOTT ST,NULL,1,Toronto and East York,11,14,Intersection,At Intersection,No Control,Clear,"Dark, artificial",Dry,Non-Fatal Injury,Cyclist Collisions,D14,78,Kensington-Chinatown (78),-79.4064,43.6566,NULL,NULL,N,NULL,NULL,NULL
1316598,2012,00:00.0,1755,17,PINE ST,WILLIAM ST,NULL,2,Etobicoke York,5,12,Intersection,NULL,Stop Sign,Clear,Daylight,Dry,Non-Fatal Injury,Pedestrian Collisions,D12,113,Weston (113),-79.5094,43.7046,NULL,NULL,N,NULL,NULL,NULL
1363452,2013,00:00.0,1040,10,LAKE SHORE BLVD W,REES ST,NULL,1,Toronto and East York,10,52,Intersection,At Intersection,Traffic Signal,Clear,Daylight,Dry,Non-Fatal Injury,Cyclist Collisions,D52,77,Waterfront Communities-The Island (77),-79.3869,43.6399,NULL,NULL,N,NULL,NULL,NULL
1383674,2013,00:00.0,808,8,BRIMLEY Rd,DORCOT Ave,NULL,1,Scarborough,21,NULL,Mid-Block,NULL,No Control,Rain,Daylight,Wet,Non-Fatal Injury,Turning Movement,D43,127,Bendale (127),-79.2573,43.7596,NULL,NULL,N,NULL,NULL,NULL
1321562,2012,00:00.0,704,7,SHEPPARD AVE W,KEELE ST,NULL,1,North York,6,31,Mid-Block,NULL,No Control,Clear,Daylight,Dry,Non-Fatal Injury,Pedestrian Collisions,D31,27,York University Heights (27),-79.4873,43.7446,NULL,NULL,N,NULL,NULL,NULL
1373775,2013,00:00.0,1755,17,STEELES AVE E,STAINES RD,NULL,3,Scarborough,23,42,Mid-Block,NULL,No Control,Clear,Daylight,Dry,Non-Fatal Injury,Rear End,D42,131,Rouge (131),-79.2308,43.8413,NULL,NULL,N,NULL,NULL,NULL
1372589,2013,00:00.0,1710,17,WILSON HEIGHTS BLVD,ANSFORD AVE,NULL,3,North York,6,32,Intersection,At Intersection,No Control,Clear,Daylight,Dry,Non-Fatal Injury,Pedestrian Collisions,D32,33,Clanton Park (33),-79.4478,43.7355,NULL,NULL,N,NULL,NULL,NULL
1383697,2013,00:00.0,2015,20,LAWRENCE Ave E,BARRYMORE Rd,NULL,1,Scarborough,21,43,Intersection,NULL,Traffic Signal,Clear,"Dark, artificial",Dry,Non-Fatal Injury,Pedestrian Collisions,D43,127,Bendale (127),-79.2515,43.7542,NULL,NULL,N,NULL,NULL,NULL
1300176,2012,00:00.0,2016,20,LANSDOWNE AVE,SEAFORTH AVE,NULL,3,Toronto and East York,4,11,Mid-Block,NULL,No Control,Rain,"Dusk, artificial",Wet,Non-Fatal Injury,Pedestrian Collisions,D11,86,Roncesvalles (86),-79.4377,43.6434,NULL,NULL,N,NULL,NULL,NULL
1374340,2013,00:00.0,900,9,KEELE St,ROGERS Rd,NULL,1,Etobicoke York,5,12,Intersection,At Intersection,Traffic Signal,Clear,Daylight,Dry,Non-Fatal Injury,Pedestrian Collisions,D12,110,Keelesdale-Eglinton West (110),-79.4715,43.6821,-79.4715,43.6821,Y,Rogers Rd,Keele St,2009-09-08
1371107,2013,00:00.0,1055,10,FINCH Ave E,MIDDLEFIELD Rd,NULL,1,Scarborough,23,42,Intersection,At Intersection,Traffic Signal,Clear,Daylight,Dry,Fatal,Pedestrian Collisions,D42,129,Agincourt North (129),-79.2576,43.8098,-79.2576,43.8098,Y,Finch Ave E,Middlefield Rd,2017-03-24
1344050,2013,00:00.0,951,9,ROYAL YORK RD,HILLSIDE AVE,NULL,3,Etobicoke York,3,22,Intersection,NULL,Stop Sign,Clear,Daylight,Dry,Non-Fatal Injury,Angle,D22,17,Mimico (17),-79.4958,43.6101,NULL,NULL,N,NULL,NULL,NULL
1332261,2012,00:00.0,2015,20,KENNEDY Rd,TREVERTON Dr,NULL,1,Scarborough,21,41,Intersection,NULL,No Control,Rain,"Dark, artificial",Wet,Fatal,Pedestrian Collisions,D41,125,Ionview (125),-79.2685,43.7338,NULL,NULL,N,NULL,NULL,NULL
1381080,2013,00:00.0,1943,19,STEELES AVE W,ISLINGTON AVE,NULL,1,Etobicoke York,7,31,Intersection,At Intersection,Traffic Signal,Clear,Dusk,Dry,Non-Fatal Injury,Cyclist Collisions,D31,21,Humber Summit (21),-79.5748,43.7643,-79.5748,43.7643,Y,Steeles Ave W,Islington Ave,2008-10-28
1350140,2013,00:00.0,1251,12,THE EAST MALL,BLOOR St W,NULL,1,Etobicoke York,NULL,22,Intersection,At Intersection,Traffic Signal,Clear,Daylight,Dry,Non-Fatal Injury,SMV Other,D22,14,Islington-City Centre West (14),-79.5566,43.6369,NULL,NULL,N,NULL,NULL,NULL
1370644,2013,00:00.0,2201,22,WILLOWDALE AVE,OLIVE AVE,NULL,3,North York,18,32,Intersection,At Intersection,No Control,Clear,"Dark, artificial",Dry,Fatal,Turning Movement,D32,51,Willowdale East (51),-79.4066,43.7805,NULL,NULL,N,NULL,NULL,NULL
1343083,2013,00:00.0,958,9,ST CLAIR AVE W,MONDOVI GT,NULL,1,Etobicoke York,5,NULL,Mid-Block,NULL,No Control,Clear,Daylight,Dry,Non-Fatal Injury,Pedestrian Collisions,D11,90,Junction Area (90),-79.4744,43.6709,NULL,NULL,N,NULL,NULL,NULL
1344358,2013,00:00.0,640,6,DUNDAS ST E,JARVIS ST,NULL,1,Toronto and East York,13,51,Intersection,NULL,No Control,Rain,"Dark, artificial",Wet,Non-Fatal Injury,Pedestrian Collisions,D51,73,Moss Park (73),-79.3745,43.657,NULL,NULL,N,NULL,NULL,NULL
1374422,2013,00:00.0,2220,22,LAKE SHORE Blvd W,REMEMBRANCE Dr,NULL,1,Toronto and East York,10,14,Intersection,At Intersection,Traffic Signal,Clear,"Dark, artificial",Dry,Non-Fatal Injury,Turning Movement,D14,82,Niagara (82),-79.4087,43.6344,-79.4087,43.6344,Y,Lake Shore Blvd W,Strachan Ave,2017-10-06
1213866,2011,00:00.0,519,5,DUFFERIN ST,NORTON AVE W,NULL,1,Toronto and East York,9,13,Intersection,NULL,No Control,Snow,Dark,Slush,Fatal,Pedestrian Collisions,D13,92,Corso Italia-Davenport (92),-79.4432,43.6786,NULL,NULL,N,NULL,NULL,NULL
9000054230,2019,00:00.0,1853,18,3825 SHEPPARD AVE E,NULL,99 m East of,1,Scarborough,22,42,Mid-Block,Non Intersection,No Control,Clear,"Dark, artificial",Dry,Non-Fatal Injury,Pedestrian Collisions,D42,118,Tam O'Shanter-Sullivan (118),-79.2922,43.7822,NULL,NULL,N,NULL,NULL,NULL
1133034,2009,00:00.0,1400,14,BLOOR ST E,SHERBOURNE ST N,NULL,1,Toronto and East York,NULL,NULL,Intersection,NULL,Traffic Signal,Rain,Daylight,Wet,Fatal,Pedestrian Collisions,D51,98,Rosedale-Moore Park (98),-79.3768,43.6723,NULL,NULL,N,NULL,NULL,NULL
9000194955,2019,00:00.0,1345,13,ST CLAIR AVE W,ST CLAIR GDNS,27 m East of,1,Etobicoke York,9,13,Intersection,Intersection Related,No Control,Clear,Daylight,Loose Snow,Non-Fatal Injury,Pedestrian Collisions,D13,92,Corso Italia-Davenport (92),-79.4448,43.6774,NULL,NULL,N,NULL,NULL,NULL
8002244914,2018,00:00.0,27,0,BAYVIEW AVE,HOLMES AVE,NULL,1,North York,NULL,NULL,Intersection,At Intersection,No Control,Snow,"Dark, artificial",Wet,Non-Fatal Injury,Approaching,D33,52,Bayview Village (52),-79.3916,43.7828,NULL,NULL,N,NULL,NULL,NULL
9000755866,2019,00:00.0,309,3,EASTERN AVE,LEWIS ST,30 m East of,1,Toronto and East York,NULL,NULL,Intersection,Intersection Related,No Control,Clear,"Dark, artificial",Dry,Non-Fatal Injury,SMV Other,D55,70,South Riverdale (70),-79.3475,43.6564,NULL,NULL,N,NULL,NULL,NULL
9000001415,2019,00:00.0,438,4,ST CLAIR AVE W,DUFFERIN ST,5 m East of,1,Etobicoke York,9,13,Intersection,Intersection Related,Traffic Signal,Clear,"Dark, artificial",Wet,Non-Fatal Injury,Pedestrian Collisions,D13,92,Corso Italia-Davenport (92),-79.443,43.6778,NULL,NULL,N,NULL,NULL,NULL
9000964152,2019,00:00.0,1914,19,NORTH QUEEN ST,INDEX RD,100 m West of,3,Etobicoke York,3,22,Intersection,At Intersection,Traffic Signal,Clear,Daylight,Dry,Non-Fatal Injury,Pedestrian Collisions,D22,14,Islington-City Centre West (14),-79.5537,43.6194,NULL,NULL,N,NULL,NULL,NULL
7001879752,2017,00:00.0,1143,11,COXWELL AVE,MORTIMER AVE,NULL,3,Toronto and East York,NULL,54,Intersection,At Intersection,Traffic Signal,Clear,Daylight,Dry,Non-Fatal Injury,Pedestrian Collisions,D54,59,Danforth East York (59),-79.3265,43.6905,NULL,NULL,N,NULL,NULL,NULL
9000918002,2019,00:00.0,920,9,QUEENS QUAY W,YORK ST,10 m West of,3,Toronto and East York,10,NULL,Intersection,At Intersection,Traffic Signal,Clear,Daylight,Dry,Non-Fatal Injury,Pedestrian Collisions,D52,77,Waterfront Communities-The Island (77),-79.3801,43.6398,NULL,NULL,N,NULL,NULL,NULL
9001466378,2019,00:00.0,2027,20,WINDERMERE AVE,THE QUEENSWAY,NULL,1,Etobicoke York,4,11,Intersection,At Intersection,Traffic Signal,Clear,"Dark, artificial",Dry,Non-Fatal Injury,Turning Movement,D11,87,High Park-Swansea (87),-79.4698,43.6371,NULL,NULL,N,NULL,NULL,NULL
9000691466,2019,00:00.0,805,8,SHEPPARD AVE E,KENNEDY RD,264 m West of,1,Scarborough,22,42,Mid-Block,Non Intersection,No Control,Clear,Daylight,Dry,Non-Fatal Injury,Pedestrian Collisions,D42,118,Tam O'Shanter-Sullivan (118),-79.2922,43.7822,NULL,NULL,N,NULL,NULL,NULL
9000814288,2019,00:00.0,1530,15,1140 SHEPPARD AVE W,NULL,NULL,1,North York,6,32,Mid-Block,At/Near Private Drive,No Control,Clear,Daylight,Dry,Non-Fatal Injury,Angle,D32,27,York University Heights (27),-79.4685,43.7531,NULL,NULL,N,NULL,NULL,NULL
9000820433,2019,00:00.0,1320,13,DUNDAS ST W,EUCLID AVE,NULL,1,Toronto and East York,NULL,14,Intersection,At Intersection,Stop Sign,Clear,Daylight,Dry,Non-Fatal Injury,Cyclist Collisions,D14,81,Trinity-Bellwoods (81),-79.4096,43.6514,NULL,NULL,N,NULL,NULL,NULL
9001504654,2019,00:00.0,945,9,31  FINCH AVE E,NULL,NULL,1,North York,18,32,Mid-Block,Non Intersection,No Control,Clear,Daylight,Dry,Fatal,Pedestrian Collisions,D32,51,Willowdale East (51),-79.4132,43.7801,NULL,NULL,N,NULL,NULL,NULL
9001567652,2019,00:00.0,2305,23,FINCH AVE E,MCCOWAN RD,NULL,1,Scarborough,23,42,Intersection,At Intersection,Traffic Signal,Clear,"Dark, artificial",Dry,Non-Fatal Injury,Pedestrian Collisions,D42,129,Agincourt North (129),-79.2664,43.8079,NULL,NULL,N,NULL,NULL,NULL
8001972979,2018,00:00.0,2209,22,BROWNS LINE,VALERMO DR,NULL,1,Etobicoke York,3,22,Intersection,At Intersection,Traffic Signal,Clear,"Dark, artificial",Dry,Non-Fatal Injury,Turning Movement,D22,20,Alderwood (20),-79.547,43.6059,NULL,NULL,N,NULL,NULL,NULL
8002196256,2018,00:00.0,1538,15,3120 STEELES AVE E,NULL,NULL,1,North York,17,33,Mid-Block,At/Near Private Drive,No Control,Clear,Daylight,Dry,Non-Fatal Injury,SMV Other,D33,48,Hillcrest Village (48),-79.3451,43.8146,NULL,NULL,N,NULL,NULL,NULL
9001003042,2019,00:00.0,45,0,BLACK CREEK DR,LAWRENCE AVE W,13 m South of,1,Etobicoke York,5,12,Intersection,At Intersection,Traffic Signal,Clear,"Dark, artificial",Dry,Non-Fatal Injury,Rear End,D12,30,Brookhaven-Amesbury (30),-79.494,43.7048,NULL,NULL,N,NULL,NULL,NULL
9000483734,2019,00:00.0,630,6,KING ST E,PARLIAMENT ST,36 m West of,1,Toronto and East York,13,51,Mid-Block,Non Intersection,No Control,Clear,"Dark, artificial",Dry,Non-Fatal Injury,SMV Other,D51,73,Moss Park (73),-79.3637,43.6523,NULL,NULL,N,NULL,NULL,NULL
9001585918,2019,00:00.0,1515,15,SHEPPARD AVE E,MARKHAM RD,NULL,1,Scarborough,23,42,Intersection,At Intersection,Traffic Signal,Clear,Daylight,Dry,Non-Fatal Injury,Pedestrian Collisions,D42,132,Malvern (132),-79.2387,43.7937,NULL,NULL,N,NULL,NULL,NULL
8001856890,2018,00:00.0,117,1,SHEPPARD AVE E,BONNINGTON PL,NULL,1,North York,18,32,Mid-Block,Non Intersection,No Control,Clear,"Dark, artificial",Dry,Fatal,Pedestrian Collisions,D32,51,Willowdale East (51),-79.4062,43.7624,NULL,NULL,N,NULL,NULL,NULL
9001409746,2019,00:00.0,2310,23,VICTORIA PARK AVE,ELLESMERE RD,NULL,1,Scarborough,NULL,NULL,Intersection,At Intersection,Traffic Signal,Clear,"Dark, artificial",Dry,Non-Fatal Injury,Turning Movement,D41,119,Wexford/Maryvale (119),-79.3152,43.7577,NULL,NULL,N,NULL,NULL,NULL
9001444522,2019,00:00.0,2147,21,QUEEN ST W,GLADSTONE AVE,51 m East of,1,Toronto and East York,9,14,Mid-Block,Non Intersection,No Control,Clear,"Dark, artificial",Dry,Non-Fatal Injury,Pedestrian Collisions,D14,84,Little Portugal (84),-79.4264,43.6425,NULL,NULL,N,NULL,NULL,NULL
9001460001,2019,00:00.0,2237,22,ISLINGTON AVE,BEAUMONDE HEIGHTS DR,NULL,1,Etobicoke York,1,23,Intersection,At Intersection,Traffic Signal,Clear,Dark,Dry,Fatal,Turning Movement,D23,3,Thistletown-Beaumond Heights (3),-79.5676,43.7423,NULL,NULL,N,NULL,NULL,NULL
9001464052,2019,00:00.0,1435,14,LAWRENCE AVE W,PIMLICO RD,NULL,1,Etobicoke York,5,12,Intersection,At Intersection,Traffic Signal,Clear,Daylight,Dry,Non-Fatal Injury,SMV Other,D12,30,Brookhaven-Amesbury (30),-79.4823,43.7074,NULL,NULL,N,NULL,NULL,NULL
9001268275,2019,00:00.0,2010,20,SHEPPARD AVE E,NEILSON RD,NULL,1,Scarborough,NULL,42,Intersection,At Intersection,Traffic Signal,Clear,Daylight,Dry,Non-Fatal Injury,Pedestrian Collisions,D42,132,Malvern (132),-79.2176,43.798,NULL,NULL,N,NULL,NULL,NULL
8002018204,2018,00:00.0,2043,20,KIPLING  AVE,ANNABELLE  DR,NULL,1,Etobicoke York,1,23,Intersection,At Intersection,Traffic Signal,Clear,Dark,Dry,Fatal,Pedestrian Collisions,D23,2,Mount Olive-Silverstone-Jamestown (2),-79.5857,43.7508,NULL,NULL,N,NULL,NULL,NULL
8001891156,2018,00:00.0,907,9,BIRCHMOUNT RD,KINGSTON RD,NULL,1,Scarborough,20,41,Intersection,At Intersection,Traffic Signal,Clear,Daylight,Dry,Non-Fatal Injury,Pedestrian Collisions,D41,122,Birchcliffe-Cliffside (122),-79.2622,43.6929,NULL,NULL,N,NULL,NULL,NULL
8001972538,2018,00:00.0,2020,20,WILFRED AVE,OLIVE AVE,20 m North of,2,North York,18,32,Intersection,Intersection Related,No Control,Clear,"Dark, artificial",Dry,Non-Fatal Injury,Pedestrian Collisions,D32,51,Willowdale East (51),-79.4014,43.7816,NULL,NULL,N,NULL,NULL,NULL
8001885947,2018,00:00.0,1335,13,GERRARD ST E,LAWLOR AVE,NULL,3,Toronto and East York,19,55,Intersection,At Intersection,No Control,Clear,Daylight,Dry,Non-Fatal Injury,Pedestrian Collisions,D55,62,East End-Danforth (62),-79.2907,43.6859,NULL,NULL,N,NULL,NULL,NULL
8002128352,2018,00:00.0,617,6,MCCOWAN RD,ALTON TOWERS CRCL,NULL,1,Scarborough,23,42,Intersection,At Intersection,Traffic Signal,Clear,Dark,Dry,Non-Fatal Injury,Pedestrian Collisions,D42,130,Milliken (130),-79.2739,43.8224,NULL,NULL,N,NULL,NULL,NULL
8001993193,2018,00:00.0,535,5,ST CLAIR AVE W,OLD WESTON RD,NULL,1,Etobicoke York,9,NULL,Intersection,At Intersection,Traffic Signal,Clear,"Dark, artificial",Dry,Non-Fatal Injury,Pedestrian Collisions,D11,91,Weston-Pellam Park (91),-79.463,43.6734,NULL,NULL,N,NULL,NULL,NULL
9000461892,2019,00:00.0,2128,21,BATHURST ST,DUNDAS ST W,3 m West of,1,Toronto and East York,NULL,14,Intersection,At Intersection,Traffic Signal,Clear,"Dark, artificial",Dry,Non-Fatal Injury,Pedestrian Collisions,D14,78,Kensington-Chinatown (78),-79.4059,43.6522,NULL,NULL,N,NULL,NULL,NULL
9001704678,2019,00:00.0,630,6,WARDEN AVE,MCNICOLL AVE,NULL,1,Scarborough,22,42,Mid-Block,Non Intersection,No Control,Clear,Daylight,Dry,Fatal,Pedestrian Collisions,D42,116,Steeles (116),-79.3219,43.8083,NULL,NULL,N,NULL,NULL,NULL
9001271842,2019,00:00.0,1040,10,BLACK CREEK DR,LAWRENCE AVE W,NULL,1,Etobicoke York,NULL,NULL,Intersection,At Intersection,Traffic Signal,Clear,Daylight,Dry,Non-Fatal Injury,Turning Movement,D12,30,Brookhaven-Amesbury (30),-79.494,43.7048,NULL,NULL,N,NULL,NULL,NULL
1225017,2011,00:00.0,1150,11,DUNDAS ST W,BAY ST,NULL,1,Toronto and East York,NULL,52,Mid-Block,NULL,No Control,Clear,Daylight,Wet,Non-Fatal Injury,Cyclist Collisions,D52,76,Bay Street Corridor (76),-79.3829,43.6558,NULL,NULL,N,NULL,NULL,NULL
1203769,2010,00:00.0,1710,17,THE QUEENSWAY,GARDINER QUEENSWAY W RAMP,NULL,1,Toronto and East York,4,11,Intersection,At Intersection,Traffic Signal,Clear,Daylight,Wet,Non-Fatal Injury,Rear End,D11,87,High Park-Swansea (87),-79.4729,43.6359,NULL,NULL,N,NULL,NULL,NULL
8002024697,2018,00:00.0,1940,19,MCNICOLL AVE,VICTORIA PARK AVE,100 m East of,3,Scarborough,22,42,Mid-Block,Non Intersection,No Control,Clear,"Dark, artificial",Wet,Non-Fatal Injury,SMV Other,D42,116,Steeles (116),-79.3349,43.8042,NULL,NULL,N,NULL,NULL,NULL
1183116,2010,00:00.0,1810,18,SPADINA AVE,BLOOR ST W,NULL,1,Toronto and East York,11,NULL,Mid-Block,NULL,No Control,Clear,Daylight,Dry,Non-Fatal Injury,Pedestrian Collisions,D52,79,University (79),-79.4033,43.6659,NULL,NULL,N,NULL,NULL,NULL
9001759607,2019,00:00.0,1640,16,LAKE SHORE BLVD W,LOWER SIMCOE ST,24 m East of,8,Etobicoke York,10,52,Intersection,Intersection Related,Traffic Signal,Clear,Daylight,Dry,Non-Fatal Injury,Pedestrian Collisions,D52,77,Waterfront Communities-The Island (77),-79.3831,43.6403,-79.3831,43.6403,Y,Lake Shore Blvd W,Lower Simcoe St,2021-09-13
1219857,2011,00:00.0,1639,16,KENNEDY RD,CARDWELL AVE,NULL,1,Scarborough,22,42,Intersection,At Intersection,Traffic Signal,Clear,Dark,Wet,Non-Fatal Injury,Pedestrian Collisions,D42,128,Agincourt South-Malvern West (128),-79.2894,43.7857,NULL,NULL,N,NULL,NULL,NULL
1219703,2011,00:00.0,1951,19,FINCH AVE E,WARDEN AVE,NULL,1,Scarborough,22,42,Mid-Block,At Intersection,No Control,Clear,Dark,Wet,Non-Fatal Injury,Rear End,D42,117,L'Amoreaux (117),-79.3149,43.7969,NULL,NULL,N,NULL,NULL,NULL
1177531,2010,00:00.0,1647,16,JANE ST,DUNDAS ST W,NULL,1,Toronto and East York,4,11,Intersection,At Intersection,Traffic Signal,Clear,Daylight,Dry,Fatal,Turning Movement,D11,89,Runnymede-Bloor West Village (89),-79.4911,43.6657,NULL,NULL,N,NULL,NULL,NULL
8002130924,2018,00:00.0,1353,13,828 DUNDAS ST W,NULL,26 m East of,1,Toronto East York,NULL,14,Intersection,Intersection Related,No Control,Clear,Daylight,Dry,Non-Fatal Injury,SMV Other,D14,81,Trinity-Bellwoods (81),-79.4096,43.6514,NULL,NULL,N,NULL,NULL,NULL
8002149511,2018,00:00.0,900,9,STEELES AVE E,SILVER STAR BLVD,3 m  of,1,Scarborough,22,42,Intersection,At Intersection,Traffic Signal,Clear,Daylight,Dry,Non-Fatal Injury,Cyclist Collisions,D42,130,Milliken (130),-79.3,43.8252,NULL,NULL,N,NULL,NULL,NULL
1220905,2011,00:00.0,1232,12,SHEPPARD AVE W,BEECROFT RD,NULL,1,North York,18,32,Intersection,NULL,Traffic Signal,Clear,Daylight,Dry,Non-Fatal Injury,Pedestrian Collisions,D32,38,Lansing-Westgate (38),-79.4131,43.761,NULL,NULL,N,NULL,NULL,NULL
1198637,2010,00:00.0,2158,21,BRIMLEY RD,FINCH AVE E,NULL,1,Scarborough,23,42,Intersection,At Intersection,Traffic Signal,Rain,Dark,Wet,Non-Fatal Injury,Pedestrian Collisions,D42,129,Agincourt North (129),-79.2773,43.8057,-79.2773,43.8057,Y,Finch Ave E,Brimley Rd,2017-03-10