ACCNUM,YEAR,DATE,TIME,HOUR,STREET1,STREET2,OFFSET,ROAD_CLASS,DISTRICT,WARDNUM,DIVISION,LOCCOORD,ACCLOC,TRAFFCTL,VISIBILITY,LIGHT,RDSFCOND,ACCLASS,IMPACTYPE,POLICE_DIVISION,HOOD_ID,NEIGHBOURHOOD,collision_lat,collision_long,red_light_lat,red_light_long,right_light_camera,LINEAR_NAME_FULL_1,LINEAR_NAME_FULL_2,ACTIVATION_DATE
1216997,2011,00:00.0,830,8,DUFFERIN ST,GORDON ST,NULL,3,Toronto and East York,9,NULL,Intersection,At Intersection,No Control,Clear,Daylight,Dry,Non-Fatal Injury,Pedestrian Collisions,D11,84,Little Portugal (84),-79.4303,43.6468,NULL,NULL,N,NULL,NULL,NULL
1218634,2011,00:00.0,1408,14,QUEEN ST E,CARLAW AVE,NULL,3,Toronto and East York,14,55,Intersection,At Intersection,Traffic Signal,Clear,Daylight,Dry,Non-Fatal Injury,Pedestrian Collisions,D55,70,South Riverdale (70),-79.34,43.661,NULL,NULL,N,NULL,NULL,NULL
1229005,2011,00:00.0,1730,17,MIDLAND AVE,GILDER DR,NULL,1,Scarborough,21,41,Intersection,NULL,Traffic Signal,Clear,Daylight,Dry,Non-Fatal Injury,Pedestrian Collisions,D41,138,Eglinton East (138),-79.2587,43.736,NULL,NULL,N,NULL,NULL,NULL
1193990,2010,00:00.0,1123,11,FINCH AVE E,SKYMARK DR,NULL,1,North York,17,33,Intersection,At Intersection,Traffic Signal,Clear,Daylight,Dry,Non-Fatal Injury,Pedestrian Collisions,D33,47,Don Valley Village (47),-79.3522,43.793,NULL,NULL,N,NULL,NULL,NULL
9000638923,2019,00:00.0,1132,11,ST CLAIR AVE W,YONGE ST,NULL,1,Toronto and East York,12,53,Intersection,At Intersection,Traffic Signal,Clear,Daylight,Dry,Non-Fatal Injury,Pedestrian Collisions,D53,98,Rosedale-Moore Park (98),-79.394,43.688,NULL,NULL,N,NULL,NULL,NULL
1240985,2011,00:00.0,2128,21,MOUNT ROYAL Aven,THOME Cres,NULL,4,Toronto and East York,9,13,Intersection,At Intersection,Stop Sign,Clear,Dark,Dry,Non-Fatal Injury,Cyclist Collisions,D13,94,Wychwood (94),-79.433,43.6762,NULL,NULL,N,NULL,NULL,NULL
1199172,2010,00:00.0,1526,15,1300 YONGE St,NULL,NULL,1,Toronto and East York,NULL,53,Mid-Block,NULL,No Control,Clear,Daylight,Dry,Non-Fatal Injury,Cyclist Collisions,D53,98,Rosedale-Moore Park (98),-79.3925,43.6843,NULL,NULL,N,NULL,NULL,NULL
1199237,2010,00:00.0,2245,22,145 COURCELETTE RD,NULL,NULL,4,Scarborough,20,41,Mid-Block,Non Intersection,No Control,Clear,Dark,Dry,Non-Fatal Injury,Cyclist Collisions,D41,122,Birchcliffe-Cliffside (122),-79.2796,43.6803,NULL,NULL,N,NULL,NULL,NULL
1242807,2011,00:00.0,1738,17,MCCOWAN Road,BRIDLEY Driv,NULL,1,Scarborough,23,42,Mid-Block,NULL,No Control,Clear,Daylight,Dry,Non-Fatal Injury,Rear End,D42,129,Agincourt North (129),-79.27,43.8136,NULL,NULL,N,NULL,NULL,NULL
1228586,2011,00:00.0,1315,13,DUNDAS ST W,BAY ST,NULL,1,Toronto and East York,NULL,52,Mid-Block,NULL,No Control,Clear,Daylight,Dry,Non-Fatal Injury,Cyclist Collisions,D52,76,Bay Street Corridor (76),-79.3827,43.6559,NULL,NULL,N,NULL,NULL,NULL
1204112,2010,00:00.0,1051,10,KENNEDY RD,TROJAN GT,NULL,1,Scarborough,22,42,Intersection,At Intersection,Traffic Signal,Clear,Daylight,Dry,Non-Fatal Injury,Turning Movement,D42,130,Milliken (130),-79.2981,43.8038,NULL,NULL,N,NULL,NULL,NULL
1198624,2010,00:00.0,1937,19,DUFFERIN ST,KEYWEST AVE,NULL,1,Toronto and East York,NULL,13,Intersection,At Intersection,No Control,Clear,Dark,Dry,Non-Fatal Injury,Turning Movement,D13,107,Oakwood Village (107),-79.4489,43.6925,NULL,NULL,N,NULL,NULL,NULL
1229092,2011,00:00.0,1339,13,25 ST DENNIS DR,NULL,NULL,2,North York,16,54,Mid-Block,NULL,No Control,Clear,Daylight,Dry,Non-Fatal Injury,Turning Movement,D54,44,Flemingdon Park (44),-79.334,43.7176,NULL,NULL,N,NULL,NULL,NULL
1242717,2011,00:00.0,1159,11,FINCH  AVE E,PHARMACY  AVE,NULL,1,Scarborough,22,42,Intersection,NULL,No Control,Clear,Daylight,Dry,Non-Fatal Injury,Turning Movement,D42,117,L'Amoreaux (117),-79.326,43.7943,NULL,NULL,N,NULL,NULL,NULL
1233411,2011,00:00.0,1600,16,LESLIE st,HARRIET st,NULL,4,Toronto and East York,14,55,Intersection,NULL,No Control,Clear,Daylight,Dry,Non-Fatal Injury,SMV Other,D55,70,South Riverdale (70),-79.3338,43.6716,NULL,NULL,N,NULL,NULL,NULL
1189134,2010,00:00.0,1055,10,SPADINA AVE,SULLIVAN ST,NULL,1,Toronto and East York,10,NULL,Intersection,NULL,No Control,Clear,Daylight,Dry,Fatal,Pedestrian Collisions,D14,78,Kensington-Chinatown (78),-79.3972,43.6509,NULL,NULL,N,NULL,NULL,NULL
1200942,2010,00:00.0,622,6,STEELES AVE W,GERRY FITZGERALD DR,NULL,1,North York,6,32,Intersection,At Intersection,Traffic Signal,Rain,Dark,Wet,Non-Fatal Injury,Pedestrian Collisions,D32,27,York University Heights (27),-79.4747,43.7861,NULL,NULL,N,NULL,NULL,NULL
1202582,2010,00:00.0,910,9,BLOOR ST W,MARKLAND DR,NULL,1,Etobicoke York,2,22,Intersection,At Intersection,Traffic Signal,Clear,Daylight,Dry,Non-Fatal Injury,Pedestrian Collisions,D22,12,Markland Wood (12),-79.5707,43.6335,NULL,NULL,N,NULL,NULL,NULL
1190299,2010,00:00.0,1008,10,PINEWAY BLVD,FINCH AVE E,NULL,1,North York,17,33,Intersection,At Intersection,Traffic Signal,Clear,Daylight,Dry,Non-Fatal Injury,Pedestrian Collisions,D33,52,Bayview Village (52),-79.3732,43.7891,NULL,NULL,N,NULL,NULL,NULL
1224587,2011,00:00.0,2215,22,MARKHAM RD,DUNELM ST,NULL,1,Scarborough,24,43,Mid-Block,NULL,No Control,Clear,Dark,Dry,Non-Fatal Injury,Pedestrian Collisions,D43,139,Scarborough Village (139),-79.2206,43.7471,NULL,NULL,N,NULL,NULL,NULL
1194863,2010,00:00.0,351,3,WARDEN AVE,HOLLIS AVE,NULL,3,Scarborough,20,41,Intersection,At Intersection,Traffic Signal,Clear,Dark,Dry,Non-Fatal Injury,SMV Other,D41,122,Birchcliffe-Cliffside (122),-79.2729,43.6928,NULL,NULL,N,NULL,NULL,NULL
1235117,2011,00:00.0,1234,12,LAKE SHORE Boul E,CHERRY Stre,NULL,1,Toronto and East York,10,51,Intersection,At Intersection,Traffic Signal,Clear,Daylight,Wet,Non-Fatal Injury,Angle,D51,77,Waterfront Communities-The Island (77),-79.3549,43.6482,NULL,NULL,N,NULL,NULL,NULL
1198247,2010,00:00.0,1834,18,1000 GERRARD St E,NULL,NULL,3,Toronto and East York,14,55,NULL,NULL,No Control,Clear,Dusk,Dry,Non-Fatal Injury,Pedestrian Collisions,D55,70,South Riverdale (70),-79.3385,43.6686,NULL,NULL,N,NULL,NULL,NULL
1198936,2010,00:00.0,956,9,STEELES AVE E,PUTNAM  GT,NULL,1,Scarborough,22,42,Intersection,NULL,Traffic Signal,Clear,Daylight,Dry,Non-Fatal Injury,Pedestrian Collisions,D42,116,Steeles (116),-79.3122,43.8224,NULL,NULL,N,NULL,NULL,NULL
9001620635,2019,00:00.0,1115,11,RENFORTH DR,BRIDGETOWN DR,NULL,2,Etobicoke York,2,22,Intersection,At Intersection,No Control,Clear,Daylight,Dry,Non-Fatal Injury,Pedestrian Collisions,D22,13,Etobicoke West Mall (13),-79.5679,43.636,NULL,NULL,N,NULL,NULL,NULL
1228585,2011,00:00.0,1024,10,HIGHWAY 27  N,CARRIER DR,NULL,1,Etobicoke York,1,23,Mid-Block,At Intersection,No Control,Clear,Daylight,Dry,Non-Fatal Injury,Sideswipe,D23,1,West Humber-Clairville (1),-79.6055,43.7398,NULL,NULL,N,NULL,NULL,NULL
1212205,2010,00:00.0,1512,15,BIRCHMOUNT RD,WINTERMUTE BLVD,NULL,1,Scarborough,22,42,Intersection,At Intersection,Traffic Signal,Clear,Daylight,Dry,Non-Fatal Injury,Pedestrian Collisions,D42,116,Steeles (116),-79.3144,43.8162,NULL,NULL,N,NULL,NULL,NULL
1184000,2010,00:00.0,627,6,ALBION Rd,WESTON Rd,NULL,1,Etobicoke York,7,31,Mid-Block,NULL,No Control,Rain,Daylight,Wet,Non-Fatal Injury,Approaching,D31,23,Pelmo Park-Humberlea (23),-79.5411,43.7186,NULL,NULL,N,NULL,NULL,NULL
1228029,2011,00:00.0,720,7,315 MAIN ST,NULL,NULL,3,Toronto and East York,19,54,Mid-Block,NULL,No Control,Clear,Daylight,Dry,Non-Fatal Injury,Pedestrian Collisions,D54,62,East End-Danforth (62),-79.3022,43.689,NULL,NULL,N,NULL,NULL,NULL
1252026,2011,00:00.0,1600,16,WARDEN AVE,ST CLAIR AVE E,NULL,1,Scarborough,20,41,Intersection,NULL,Traffic Signal,Clear,Daylight,Dry,Non-Fatal Injury,SMV Other,D41,120,Clairlea-Birchmount (120),-79.2809,43.712,NULL,NULL,N,NULL,NULL,NULL
1186908,2010,00:00.0,1040,10,MILLWOOD Rd,VILLAGE STATION Rd,NULL,1,North York,15,53,Intersection,At Intersection,No Control,Clear,Daylight,Dry,Non-Fatal Injury,Angle,D53,55,Thorncliffe Park (55),-79.358,43.7018,NULL,NULL,N,NULL,NULL,NULL
1241202,2011,00:00.0,959,9,STEELES AVE W,ISLINGTON AVE E,NULL,1,Etobicoke York,1,23,Mid-Block,NULL,No Control,Clear,Daylight,Dry,Non-Fatal Injury,Approaching,D23,2,Mount Olive-Silverstone-Jamestown (2),-79.5813,43.7612,NULL,NULL,N,NULL,NULL,NULL
1244722,2011,00:00.0,1200,12,FLEET ST,FORT YORK BLVD,NULL,3,Toronto and East York,10,14,Intersection,At Intersection,Traffic Signal,Clear,Daylight,Dry,Non-Fatal Injury,Cyclist Collisions,D14,82,Niagara (82),-79.4067,43.6363,NULL,NULL,N,NULL,NULL,NULL
1245113,2011,00:00.0,2313,23,DUFFERIN ST,FINCH AVE W,NULL,1,North York,6,32,Intersection,At Intersection,Traffic Signal,Clear,Dark,Dry,Non-Fatal Injury,Angle,D32,34,Bathurst Manor (34),-79.4668,43.7688,NULL,NULL,N,NULL,NULL,NULL
1261735,2011,00:00.0,1916,19,DUFFERIN Stre,NULL,NULL,1,Toronto and East York,9,13,Intersection,At Intersection,Traffic Signal,Clear,Dark,Dry,Non-Fatal Injury,Angle,D13,93,Dovercourt-Wallace Emerson-Junction (93),-79.4409,43.6729,NULL,NULL,N,NULL,NULL,NULL
1252521,2011,00:00.0,1000,10,BRIMLEY RD,DANJOHN CRES,NULL,1,Scarborough,23,42,Mid-Block,NULL,No Control,Clear,Daylight,Dry,Non-Fatal Injury,Pedestrian Collisions,D42,129,Agincourt North (129),-79.2811,43.8142,NULL,NULL,N,NULL,NULL,NULL
9001790358,2019,00:00.0,2000,20,LAWRENCE AVE E,AINSDALE RD,NULL,1,Scarborough,21,41,Intersection,Intersection Related,Stop Sign,Clear,Daylight,Dry,Fatal,Pedestrian Collisions,D41,119,Wexford/Maryvale (119),-79.2918,43.7458,NULL,NULL,N,NULL,NULL,NULL
9001835582,2019,00:00.0,2019,20,SCARBOROUGH GOLF CLUB RD,CONFEDERATION DR,NULL,3,Scarborough,24,43,Intersection,Non Intersection,No Control,Clear,Dusk,Dry,Fatal,Pedestrian Collisions,D43,137,Woburn (137),-79.2142,43.7572,NULL,NULL,N,NULL,NULL,NULL
1184066,2010,00:00.0,1910,19,DUFFERIN St,EVERSFIELD Rd,NULL,1,Toronto and East York,NULL,13,Mid-Block,NULL,No Control,Clear,Daylight,Dry,Non-Fatal Injury,Pedestrian Collisions,D13,107,Oakwood Village (107),-79.4466,43.6868,NULL,NULL,N,NULL,NULL,NULL
9001180401,2019,00:00.0,1609,16,NORTHLAND AVE,WESTON RD,NULL,1,Etobicoke York,5,12,Intersection,At Intersection,Traffic Signal,Clear,Daylight,Dry,Non-Fatal Injury,Cyclist Collisions,D12,90,Junction Area (90),-79.474,43.6788,NULL,NULL,N,NULL,NULL,NULL
9001853726,2019,00:00.0,923,9,NASSAU ST,BATHURST ST,1 m North of,2,Toronto and East York,11,14,Mid-Block,At/Near Private Drive,No Control,Clear,Daylight,Wet,Non-Fatal Injury,Pedestrian Collisions,D14,78,Kensington-Chinatown (78),-79.406,43.6543,NULL,NULL,N,NULL,NULL,NULL
827861,2020,00:00.0,2153,21,BRENTCLIFFE RD,EGLINTON AV E,200 m East of,NULL,NULL,NULL,NULL,Mid-Block,Non Intersection,No Control,Clear,"Dark, artificial",Dry,Non-Fatal Injury,SMV Other,D53,56,Leaside-Bennington (56),-79.3574,43.7151,NULL,NULL,N,NULL,NULL,NULL
9001064376,2019,00:00.0,1812,18,SOUTH KINGSWAY,GARDINER QUEENSWAY W RAMP,135 m West of,10,Etobicoke York,4,11,Mid-Block,Non Intersection,No Control,Clear,Daylight,Dry,Non-Fatal Injury,SMV Other,D11,87,High Park-Swansea (87),-79.4744,43.6355,NULL,NULL,N,NULL,NULL,NULL
9001065418,2019,00:00.0,2132,21,QUEENS QUAY E,FREELAND ST,10 m East of,3,Toronto and East York,10,51,Intersection,Intersection Related,No Control,Clear,"Dark, artificial",Dry,Non-Fatal Injury,Turning Movement,D51,77,Waterfront Communities-The Island (77),-79.373,43.6424,NULL,NULL,N,NULL,NULL,NULL
1279672,2012,00:00.0,1307,13,CARLAW Aven,GERRARD Stre E,NULL,3,Toronto and East York,14,55,Intersection,At Intersection,Traffic Signal,Clear,Daylight,Dry,Non-Fatal Injury,Turning Movement,D55,70,South Riverdale (70),-79.3427,43.6675,NULL,NULL,N,NULL,NULL,NULL
1260122,2011,00:00.0,1630,16,DUNDAS ST W,PALMERSTON AVE,NULL,1,Toronto and East York,NULL,14,Intersection,NULL,No Control,Clear,Daylight,Dry,Non-Fatal Injury,Sideswipe,D14,81,Trinity-Bellwoods (81),-79.4084,43.6517,NULL,NULL,N,NULL,NULL,NULL
1071838,2020,00:00.0,219,2,F G GARDINER XY  E,GARDINER JAMESON AV RAMP,9 m East of,8,Toronto East York,NULL,NULL,Mid-Block,Non Intersection,No Control,Rain,"Dark, artificial",Wet,Non-Fatal Injury,SMV Other,D14,85,South Parkdale (85),-79.437,43.6338,NULL,NULL,N,NULL,NULL,NULL
1161689,2020,00:00.0,1130,11,ST CLAIR AVE W,OLD WESTON RD,11 m North of,1,Etobicoke York,9,NULL,Intersection,At Intersection,Traffic Signal,Clear,Daylight,Dry,Non-Fatal Injury,Pedestrian Collisions,D11,91,Weston-Pellam Park (91),-79.463,43.6734,NULL,NULL,N,NULL,NULL,NULL
9001201240,2019,00:00.0,1222,12,ADELAIDE ST E,BERKELEY ST,1 m West of,1,Toronto and East York,13,51,Intersection,At Intersection,Traffic Signal,Clear,Daylight,Dry,Non-Fatal Injury,Cyclist Collisions,D51,73,Moss Park (73),-79.3647,43.6529,NULL,NULL,N,NULL,NULL,NULL
9001220436,2019,00:00.0,719,7,ST CLAIR AVE W,OAKWOOD AVE,NULL,1,North York,9,13,Intersection,At Intersection,Traffic Signal,Clear,Daylight,Dry,Non-Fatal Injury,Pedestrian Collisions,D13,94,Wychwood (94),-79.4356,43.6795,NULL,NULL,N,NULL,NULL,NULL
9002484268,2019,00:00.0,2118,21,LAKE SHORE BLVD E,LOWER JARVIS ST,NULL,1,Toronto and East York,10,51,Intersection,At Intersection,Traffic Signal,Clear,"Dark, artificial",Dry,Non-Fatal Injury,Turning Movement,D51,77,Waterfront Communities-The Island (77),-79.3698,43.6455,NULL,NULL,N,NULL,NULL,NULL
849955,2020,00:00.0,1627,16,SPADINA AVE,BLUE JAYS WAY,4 m North of,1,Toronto East York,10,NULL,Intersection,Intersection Related,No Control,Clear,Daylight,Dry,Non-Fatal Injury,Pedestrian Collisions,D52,77,Waterfront Communities-The Island (77),-79.3933,43.6412,NULL,NULL,N,NULL,NULL,NULL
9001080301,2019,00:00.0,2313,23,ST CLAIR AVE W,OLD WESTON RD,NULL,1,Etobicoke York,9,NULL,Intersection,At Intersection,Traffic Signal,Clear,"Dark, artificial",Dry,Non-Fatal Injury,Pedestrian Collisions,D11,91,Weston-Pellam Park (91),-79.463,43.6734,NULL,NULL,N,NULL,NULL,NULL
450834,2020,00:00.0,1532,15,BLOOR ST W,BRENTWOOD RD S,NULL,1,Etobicoke York,3,22,Intersection,At Intersection,Stop Sign,Rain,Daylight,Wet,Non-Fatal Injury,Pedestrian Collisions,D22,16,Stonegate-Queensway (16),-79.5135,43.6468,NULL,NULL,N,NULL,NULL,NULL
1199695,2010,00:00.0,1120,11,BLOOR ST W,DUNDAS ST W,NULL,1,Toronto and East York,4,11,Intersection,At Intersection,Traffic Signal,Clear,Daylight,Dry,Non-Fatal Injury,Pedestrian Collisions,D11,88,High Park North (88),-79.4524,43.6563,-79.4524,43.6563,Y,Dundas St W,Bloor St W,2009-08-11
442335,2020,00:00.0,1410,14,GERRARD ST E,BLANTYRE AVE,3 m West of,3,Scarborough,20,41,Intersection,At Intersection,Pedestrian Crossover,Rain,Daylight,Wet,Non-Fatal Injury,Pedestrian Collisions,D41,122,Birchcliffe-Cliffside (122),-79.2839,43.6873,NULL,NULL,N,NULL,NULL,NULL
1182499,2010,00:00.0,2140,21,LANSDOWNE Ave,PATON Rd,NULL,3,Toronto and East York,9,11,Intersection,At Intersection,Traffic Signal,Clear,Dark,Dry,Non-Fatal Injury,SMV Unattended Vehicle,D11,93,Dovercourt-Wallace Emerson-Junction (93),-79.4435,43.6606,NULL,NULL,N,NULL,NULL,NULL
562879,2020,00:00.0,2105,21,KINGSTON ROAD,BEECHGROVE DR,10 m South of,1,Scarborough,25,43,Intersection,Intersection Related,Traffic Signal,Rain,Dark,Wet,Non-Fatal Injury,Pedestrian Collisions,D43,136,West Hill (136),-79.1735,43.7764,NULL,NULL,N,NULL,NULL,NULL
9002250023,2019,00:00.0,1800,18,EGLINTON AVE W,GUESTVILLE AVE,NULL,1,Etobicoke York,5,12,Intersection,At Intersection,No Control,Rain,"Dark, artificial",Wet,Non-Fatal Injury,Pedestrian Collisions,D12,115,Mount Dennis (115),-79.4906,43.6866,NULL,NULL,N,NULL,NULL,NULL
9001963574,2019,00:00.0,1100,11,NORTHVIEW AVE,VICTORIA PARK AVE,120 m East of,4,Toronto and East York,20,41,Mid-Block,At/Near Private Drive,No Control,Clear,Daylight,Dry,Non-Fatal Injury,Pedestrian Collisions,D41,122,Birchcliffe-Cliffside (122),-79.2832,43.6833,NULL,NULL,N,NULL,NULL,NULL
602902,2020,00:00.0,2032,20,STEELES AVE E,KELVIN GROVE AVE,NULL,1,Scarborough,22,42,Intersection,At Intersection,Traffic Signal,Clear,"Dark, artificial",Dry,Non-Fatal Injury,SMV Other,D42,116,Steeles (116),-79.3122,43.8224,NULL,NULL,N,NULL,NULL,NULL
657926,2020,00:00.0,715,7,HINTON RD,HAREFIELD DR,NULL,4,Etobicoke York,1,23,Intersection,At Intersection,No Control,Clear,Daylight,Dry,Non-Fatal Injury,Cyclist Collisions,D23,4,Rexdale-Kipling (4),-79.5695,43.7265,NULL,NULL,N,NULL,NULL,NULL
1670162,2020,00:00.0,431,4,DUNDAS ST W,NOTTINGHAM DR,NULL,1,Etobicoke York,2,22,Mid-Block,Non Intersection,No Control,Clear,"Dark, artificial",Dry,Fatal,SMV Other,D22,15,Kingsway South (15),-79.5222,43.6558,NULL,NULL,N,NULL,NULL,NULL
401654,2020,00:00.0,2105,21,ST CLAIR AVE W,OLD WESTON RD,NULL,1,Etobicoke York,9,NULL,Intersection,At Intersection,Traffic Signal,Clear,"Dark, artificial",Dry,Non-Fatal Injury,SMV Other,D11,91,Weston-Pellam Park (91),-79.463,43.6734,NULL,NULL,N,NULL,NULL,NULL
9002147665,2019,00:00.0,1732,17,FRONT ST W,WINDSOR ST,28 m East of,3,Toronto and East York,10,52,Intersection,At/Near Private Drive,No Control,Clear,"Dark, artificial",Wet,Non-Fatal Injury,Cyclist Collisions,D52,77,Waterfront Communities-The Island (77),-79.3899,43.6436,NULL,NULL,N,NULL,NULL,NULL
9002151002,2019,00:00.0,710,7,DON MILLS RD W,GOODVIEW RD,168 m South of,1,North York,17,33,Mid-Block,At/Near Private Drive,No Control,Clear,"Dawn, artificial",Wet,Non-Fatal Injury,Cyclist Collisions,D33,47,Don Valley Village (47),-79.3523,43.7825,NULL,NULL,N,NULL,NULL,NULL
923881,2020,00:00.0,1040,10,LAWRENCE AVE E,KENNEDY RD,NULL,1,Scarborough,21,41,Intersection,At Intersection,Traffic Signal,Clear,Daylight,Dry,Fatal,Sideswipe,D41,126,Dorset Park (126),-79.2748,43.7494,NULL,NULL,N,NULL,NULL,NULL
1676594,2020,00:00.0,2314,23,LAWRENCE AV E,MORNINGSIDE AV,53 m West of,NULL,NULL,NULL,NULL,Mid-Block,Non Intersection,No Control,Clear,"Dark, artificial",Dry,Non-Fatal Injury,Pedestrian Collisions,D43,136,West Hill (136),-79.1868,43.7682,NULL,NULL,N,NULL,NULL,NULL
826306,2020,00:00.0,1632,16,DUNDAS ST W,BLOOR ST W,NULL,1,Toronto and East York,4,11,Intersection,At Intersection,Traffic Signal,Clear,Daylight,Dry,Non-Fatal Injury,Angle,D11,86,Roncesvalles (86),-79.4524,43.6563,-79.4524,43.6563,Y,Dundas St W,Bloor St W,2009-08-11
1673785,2020,00:00.0,1543,15,BIRCHMOUNT RD,CASS AVE,NULL,1,Scarborough,22,42,Intersection,At Intersection,No Control,Clear,Daylight,Dry,Fatal,Turning Movement,D42,118,Tam O'Shanter-Sullivan (118),-79.297,43.7788,NULL,NULL,N,NULL,NULL,NULL
2053531,2020,00:00.0,1525,15,WELLINGTON STREET W,UNIVERSITY AVENUE,NULL,1,Toronto and East York,10,52,Intersection,Intersection Related,Traffic Signal,Clear,Daylight,Dry,Non-Fatal Injury,Angle,D52,76,Bay Street Corridor (76),-79.384,43.6463,-79.384,43.6463,Y,University Ave,Wellington St W,2017-09-06
9001965744,2019,00:00.0,1624,16,1166 ISLINGTON AVE,NULL,NULL,1,Etobicoke York,3,22,Mid-Block,Non Intersection,No Control,Clear,Daylight,Dry,Fatal,SMV Unattended Vehicle,D22,16,Stonegate-Queensway (16),-79.5218,43.641,NULL,NULL,N,NULL,NULL,NULL
9002052338,2019,00:00.0,1016,10,DUFFERIN ST,DAVENPORT RD,NULL,1,Scarborough,9,13,Intersection,At Intersection,Traffic Signal,Clear,Daylight,Dry,Non-Fatal Injury,Turning Movement,D13,93,Dovercourt-Wallace Emerson-Junction (93),-79.4409,43.6729,NULL,NULL,N,NULL,NULL,NULL
9002086969,2019,00:00.0,715,7,PROGRESS AVE,KENNEDY RD,5 m South of,1,Scarborough,21,41,Intersection,At Intersection,Traffic Signal,"Fog, Mist, Smoke, Dust","Dark, artificial",Dry,Non-Fatal Injury,Pedestrian Collisions,D41,126,Dorset Park (126),-79.2822,43.7693,NULL,NULL,N,NULL,NULL,NULL
1345150,2020,00:00.0,120,1,911-A ADELAIDE ST W,ADELAIDE ST W,4 m North of,NULL,NULL,NULL,NULL,Mid-Block,Non Intersection,No Control,Clear,Dark,Dry,Non-Fatal Injury,Pedestrian Collisions,D14,82,Niagara (82),-79.4147,43.6428,NULL,NULL,N,NULL,NULL,NULL
1934074,2020,00:00.0,2030,20,Kingston Road,Glen Everest Road,NULL,1,Scarborough,20,41,Intersection,At Intersection,Traffic Signal,Clear,"Dusk, artificial",Dry,Non-Fatal Injury,Cyclist Collisions,D41,122,Birchcliffe-Cliffside (122),-79.2567,43.6975,NULL,NULL,N,NULL,NULL,NULL
9002157584,2019,00:00.0,558,5,STEELES AVE E,SILVER STAR BLVD,10 m South of,1,Scarborough,22,42,Intersection,At Intersection,Traffic Signal,Clear,"Dark, artificial",Dry,Non-Fatal Injury,Angle,D42,130,Milliken (130),-79.3,43.8252,NULL,NULL,N,NULL,NULL,NULL
117822,2020,00:00.0,1915,19,MALLINGHAM CRT,BAYVIEW AVE,10 m North of,1,North York,NULL,NULL,Intersection,At Intersection,Stop Sign,Clear,Daylight,Dry,Non-Fatal Injury,Rear End,D33,52,Bayview Village (52),-79.3882,43.7674,NULL,NULL,N,NULL,NULL,NULL
1942115,2020,00:00.0,906,9,ALBION RD,MARTIN GROVE RD,4 m West of,1,Etobicoke York,1,23,Intersection,At Intersection,Traffic Signal,Clear,Daylight,Dry,Non-Fatal Injury,Pedestrian Collisions,D23,2,Mount Olive-Silverstone-Jamestown (2),-79.5941,43.7419,NULL,NULL,N,NULL,NULL,NULL
2112681,2020,00:00.0,958,9,KINGSTON RD,PINE RIDGE DR,NULL,1,Scarborough,20,43,Intersection,At Intersection,No Control,Clear,Daylight,Dry,Non-Fatal Injury,Cyclist Collisions,D43,123,Cliffcrest (123),-79.2264,43.7302,NULL,NULL,N,NULL,NULL,NULL
202070,2020,00:00.0,1634,16,LAWRENCE AVE E,DON MILLS RD,NULL,1,North York,16,33,Mid-Block,Non Intersection,No Control,Clear,Daylight,Dry,Fatal,Pedestrian Collisions,D33,42,Banbury-Don Mills (42),-79.3445,43.7368,NULL,NULL,N,NULL,NULL,NULL
9002274826,2019,00:00.0,1210,12,DON MILLS RD,GREEN BELT DR,NULL,1,North York,16,33,Intersection,At Intersection,Traffic Signal,Clear,Daylight,Dry,Fatal,Turning Movement,D33,42,Banbury-Don Mills (42),-79.3408,43.7275,NULL,NULL,N,NULL,NULL,NULL
1257891,2020,00:00.0,2030,20,SERGIO MARCHI ST,TORBARRIE RD,NULL,2,Etobicoke York,7,31,Intersection,Intersection Related,Traffic Signal,Clear,"Dusk, artificial",Dry,Non-Fatal Injury,Pedestrian Collisions,D31,26,Downsview-Roding-CFB (26),-79.5242,43.73,NULL,NULL,N,NULL,NULL,NULL
1931088,2020,00:00.0,1120,11,WOODBINE AVE,KINGSTON RD,NULL,1,Toronto and East York,19,55,Intersection,At Intersection,Traffic Signal,Clear,Daylight,Dry,Non-Fatal Injury,Cyclist Collisions,D55,63,The Beaches (63),-79.3079,43.6739,NULL,NULL,N,NULL,NULL,NULL
9002099158,2019,00:00.0,2006,20,MCNICOLL AVE,MCCOWAN RD,NULL,1,Scarborough,23,42,Intersection,At Intersection,Traffic Signal,Rain,"Dark, artificial",Wet,Non-Fatal Injury,Pedestrian Collisions,D42,130,Milliken (130),-79.2719,43.8178,NULL,NULL,N,NULL,NULL,NULL
9002354607,2019,00:00.0,1720,17,3680 KEELE ST,NULL,56 m South of St REGIS CR,1,North York,NULL,31,Mid-Block,Non Intersection,No Control,Clear,Dark,Wet,Fatal,Pedestrian Collisions,D31,27,York University Heights (27),-79.4886,43.7538,NULL,NULL,N,NULL,NULL,NULL
1554066,2020,00:00.0,1925,19,KENNEDY RD,FLORA DR,50 m South of,NULL,NULL,NULL,NULL,NULL,At/Near Private Drive,No Control,Clear,Daylight,Dry,Non-Fatal Injury,Turning Movement,D41,126,Dorset Park (126),-79.2744,43.7479,NULL,NULL,N,NULL,NULL,NULL