ACCNUM,YEAR,DATE,TIME,HOUR,STREET1,STREET2,OFFSET,ROAD_CLASS,DISTRICT,WARDNUM,DIVISION,LOCCOORD,ACCLOC,TRAFFCTL,VISIBILITY,LIGHT,RDSFCOND,ACCLASS,IMPACTYPE,POLICE_DIVISION,HOOD_ID,NEIGHBOURHOOD,collision_lat,collision_long,red_light_lat,red_light_long,right_light_camera,LINEAR_NAME_FULL_1,LINEAR_NAME_FULL_2,ACTIVATION_DATE
1277329,2012,00:00.0,903,9,DIXON RD,ISLINGTON AVE,NULL,1,Etobicoke York,NULL,23,Intersection,At Intersection,Traffic Signal,Clear,Daylight,Wet,Fatal,Turning Movement,D23,6,Kingsview Village-The Westway (6),-79.5466,43.697,NULL,NULL,N,NULL,NULL,NULL
1282222,2011,00:00.0,331,3,NEILSON Rd,TAPSCOTT Rd,NULL,3,Scarborough,NULL,42,Mid-Block,NULL,No Control,Clear,Dark,Dry,Non-Fatal Injury,SMV Other,D42,132,Malvern (132),-79.2178,43.8056,NULL,NULL,N,NULL,NULL,NULL
1109990,2020,00:00.0,2107,21,DUNDAS ST W,ROYAL YORK RD,34 m West of,1,Etobicoke York,NULL,22,Mid-Block,Overpass or Bridge,No Control,Clear,Dark,Dry,Non-Fatal Injury,Rear End,D22,15,Kingsway South (15),-79.5167,43.658,NULL,NULL,N,NULL,NULL,NULL
1276407,2011,00:00.0,1955,19,2001 FINCH AVE W,NULL,NULL,1,Etobicoke York,7,31,Mid-Block,NULL,No Control,Clear,"Dark, artificial",Dry,Non-Fatal Injury,Turning Movement,D31,25,Glenfield-Jane Heights (25),-79.5193,43.7569,NULL,NULL,N,NULL,NULL,NULL
2254416,2020,00:00.0,2022,20,JANE ST,DALARYMPLE DR,20 m South of,1,Etobicoke York,5,12,Mid-Block,Non Intersection,No Control,Clear,"Dark, artificial",Dry,Non-Fatal Injury,SMV Other,D12,111,Rockcliffe-Smythe (111),-79.4961,43.6772,NULL,NULL,N,NULL,NULL,NULL
2260605,2020,00:00.0,2200,22,STEELES AVE W,HILDA AVE,NULL,1,North York,18,32,Intersection,Intersection Related,Traffic Signal,Clear,"Dark, artificial",Dry,Non-Fatal Injury,Pedestrian Collisions,D32,36,Newtonbrook West (36),-79.4292,43.796,-79.4292,43.796,Y,Steeles Ave W,Hilda Ave,2007-11-09
1380762,2020,00:00.0,2250,22,MARKHAM RD,ELLESMERE RD,90 m North of,1,Scarborough,24,43,Mid-Block,Non Intersection,Traffic Signal,Clear,"Dark, artificial",Dry,Non-Fatal Injury,Rear End,D43,137,Woburn (137),-79.2317,43.7764,-79.2317,43.7764,Y,Markham Rd,Ellesmere Rd,2018-02-16
1288905,2012,00:00.0,1016,10,YONGE ST,ROEHAMPTON AVE,NULL,1,North York,NULL,53,Intersection,At Intersection,Stop Sign,Clear,Daylight,Dry,Non-Fatal Injury,Pedestrian Collisions,D53,104,Mount Pleasant West (104),-79.3985,43.7079,NULL,NULL,N,NULL,NULL,NULL
1279218,2012,00:00.0,2130,21,BROADVIEW AVE,QUEEN ST E,NULL,1,Toronto and East York,14,55,Intersection,At Intersection,Traffic Signal,Rain,"Dusk, artificial",Wet,Non-Fatal Injury,Pedestrian Collisions,D55,70,South Riverdale (70),-79.3498,43.6588,NULL,NULL,N,NULL,NULL,NULL
1278585,2012,00:00.0,2100,21,MARKHAM RD,ELLESMERE RD,NULL,1,Scarborough,24,43,Intersection,At Intersection,Traffic Signal,Clear,"Dark, artificial",Dry,Non-Fatal Injury,Pedestrian Collisions,D43,137,Woburn (137),-79.2317,43.7764,-79.2317,43.7764,Y,Markham Rd,Ellesmere Rd,2018-02-16
1288672,2012,00:00.0,1327,13,LONSDALE RD,DUNVEGAN RD,NULL,2,Toronto and East York,12,53,Intersection,At Intersection,Stop Sign,Clear,Daylight,Dry,Non-Fatal Injury,Cyclist Collisions,D53,96,Casa Loma (96),-79.4063,43.69,NULL,NULL,N,NULL,NULL,NULL
1241204,2011,00:00.0,1135,11,STEELES AVE W,BATHURST ST,NULL,1,North York,NULL,32,Intersection,NULL,No Control,Clear,Daylight,Dry,Fatal,Pedestrian Collisions,D32,36,Newtonbrook West (36),-79.4458,43.7923,NULL,NULL,N,NULL,NULL,NULL
1274213,2012,00:00.0,1147,11,AVENUE RD,FAIRLAWN AVE,NULL,1,North York,8,32,Mid-Block,NULL,No Control,Clear,Daylight,Dry,Non-Fatal Injury,Pedestrian Collisions,D32,39,Bedford Park-Nortown (39),-79.418,43.7284,NULL,NULL,N,NULL,NULL,NULL
1266099,2011,00:00.0,1320,13,AVENUE Road,BERNARD Aven,NULL,1,Toronto and East York,11,53,Intersection,NULL,No Control,Clear,Daylight,Dry,Non-Fatal Injury,Rear End,D53,95,Annex (95),-79.3962,43.6739,NULL,NULL,N,NULL,NULL,NULL
1251049,2011,00:00.0,630,6,BREMNER Boul,VAN DE WATER Cres,NULL,3,Toronto and East York,10,52,Intersection,At Intersection,Traffic Signal,Clear,Daylight,Dry,Non-Fatal Injury,Rear End,D52,77,Waterfront Communities-The Island (77),-79.3889,43.6403,NULL,NULL,N,NULL,NULL,NULL
1251239,2011,00:00.0,1323,13,SHEPPARD AVE E,ALLANFORD RD,NULL,1,Scarborough,22,42,Intersection,At Intersection,Traffic Signal,Clear,Daylight,Dry,Non-Fatal Injury,Turning Movement,D42,118,Tam O'Shanter-Sullivan (118),-79.2934,43.7821,NULL,NULL,N,NULL,NULL,NULL
1254898,2011,00:00.0,355,3,KIPLING Aven,THORNCREST Road,NULL,1,Etobicoke York,2,22,Intersection,At Intersection,Stop Sign,Clear,Dark,Dry,Non-Fatal Injury,Pedestrian Collisions,D22,10,Princess-Rosethorn (10),-79.5438,43.6613,NULL,NULL,N,NULL,NULL,NULL
1279742,2011,00:00.0,950,9,ADELAIDE St W,BAY St,NULL,1,Toronto and East York,NULL,52,Intersection,At Intersection,Traffic Signal,Rain,Daylight,Wet,Non-Fatal Injury,Cyclist Collisions,D52,76,Bay Street Corridor (76),-79.3807,43.6498,NULL,NULL,N,NULL,NULL,NULL
1288123,2012,00:00.0,2317,23,LAWRENCE AVE E,KINGSTON RD,NULL,1,Scarborough,24,43,Intersection,At Intersection,No Control,Clear,"Dark, artificial",Dry,Non-Fatal Injury,Pedestrian Collisions,D43,136,West Hill (136),-79.1893,43.7676,NULL,NULL,N,NULL,NULL,NULL
1279961,2012,00:00.0,1850,18,STEELES Ave W,KLONDIKE Dr,NULL,1,Etobicoke York,7,31,Intersection,NULL,No Control,Clear,"Dark, artificial",Dry,Non-Fatal Injury,Rear End,D31,21,Humber Summit (21),-79.5521,43.7691,NULL,NULL,N,NULL,NULL,NULL
1421797,2020,00:00.0,1950,19,ISLINGTON AV,BLOOR ST W,NULL,1,Etobicoke York,3,22,Intersection,At Intersection,Traffic Signal,Clear,Daylight,Dry,Non-Fatal Injury,Turning Movement,D22,16,Stonegate-Queensway (16),-79.5234,43.6446,-79.5234,43.6446,Y,Bloor St W,Islington Ave,2018-11-28
1282108,2011,00:00.0,1339,13,DUFFERIN ST,YORKDALE RD,NULL,1,North York,8,32,Intersection,NULL,Traffic Signal,Clear,Daylight,Dry,Non-Fatal Injury,Pedestrian Collisions,D32,31,Yorkdale-Glen Park (31),-79.4575,43.7269,NULL,NULL,N,NULL,NULL,NULL
1274476,2011,00:00.0,240,2,VICTORIA ST,SHUTER ST,NULL,3,Toronto and East York,13,51,Intersection,NULL,No Control,Clear,Dark,Dry,Non-Fatal Injury,SMV Unattended Vehicle,D51,75,Church-Yonge Corridor (75),-79.3787,43.6543,NULL,NULL,N,NULL,NULL,NULL
1291108,2012,00:00.0,1635,16,EGLINTON AVE E,BIRCHMOUNT RD,NULL,1,Scarborough,NULL,41,Intersection,At Intersection,Traffic Signal,Clear,Daylight,Dry,Non-Fatal Injury,Pedestrian Collisions,D41,125,Ionview (125),-79.2778,43.7299,NULL,NULL,N,NULL,NULL,NULL
2263377,2020,00:00.0,1110,11,BEECROFT ROAD,LORRAINE DRIVE,NULL,3,North York,18,32,Intersection,Intersection Related,No Control,Rain,"Daylight, artificial",Wet,Non-Fatal Injury,Cyclist Collisions,D32,37,Willowdale West (37),-79.4178,43.7776,NULL,NULL,N,NULL,NULL,NULL
1257517,2011,00:00.0,829,8,LAWRENCE Aven W,LEDBURY Stre,NULL,1,North York,8,NULL,Intersection,NULL,Traffic Signal,Clear,Daylight,Dry,Non-Fatal Injury,Pedestrian Collisions,D32,39,Bedford Park-Nortown (39),-79.4224,43.7208,NULL,NULL,N,NULL,NULL,NULL
1259893,2011,00:00.0,1946,19,BIRCHMOUNT RD,ALLANFORD RD,NULL,1,Scarborough,22,42,Intersection,At Intersection,Traffic Signal,Rain,Dark,Wet,Non-Fatal Injury,Pedestrian Collisions,D42,118,Tam O'Shanter-Sullivan (118),-79.295,43.7742,NULL,NULL,N,NULL,NULL,NULL
1276036,2011,00:00.0,1533,15,O CONNOR DR,PAPE AVE,NULL,1,Toronto and East York,14,54,Intersection,At Intersection,Traffic Signal,Clear,Daylight,Dry,Non-Fatal Injury,Pedestrian Collisions,D54,58,Old East York (58),-79.3502,43.6932,-79.3502,43.6932,Y,NULL,NULL,2022-03-17
1289091,2012,00:00.0,1505,15,EGLINTON Ave E,BROWNLOW Ave,NULL,1,Toronto and East York,12,53,Mid-Block,NULL,No Control,Clear,Daylight,Wet,Non-Fatal Injury,SMV Other,D53,104,Mount Pleasant West (104),-79.3908,43.7082,NULL,NULL,N,NULL,NULL,NULL
1326942,2012,00:00.0,739,7,OSSINGTON AVE,DUNDAS ST W,NULL,1,Toronto and East York,NULL,14,Intersection,NULL,No Control,Clear,Daylight,Dry,Non-Fatal Injury,Turning Movement,D14,81,Trinity-Bellwoods (81),-79.4207,43.6493,NULL,NULL,N,NULL,NULL,NULL
1264625,2011,00:00.0,955,9,F G GARDINER ExP E,PARK LAWN RD,NULL,NULL,Etobicoke York,3,22,Mid-Block,NULL,No Control,Clear,Daylight,Dry,Non-Fatal Injury,Rear End,D22,17,Mimico (17),-79.4873,43.626,NULL,NULL,N,NULL,NULL,NULL
1265142,2011,00:00.0,1511,15,BATHURST ST,RIDGEWOOD RD,NULL,1,Toronto and East York,12,13,Mid-Block,NULL,No Control,Clear,Daylight,Dry,Non-Fatal Injury,Rear End,D13,101,Forest Hill South (101),-79.4212,43.6907,NULL,NULL,N,NULL,NULL,NULL
1316650,2012,00:00.0,1620,16,EGLINTON AVE E,KENNEDY RD,NULL,1,Scarborough,NULL,41,Intersection,At Intersection,Traffic Signal,Clear,Daylight,Other,Non-Fatal Injury,Turning Movement,D41,124,Kennedy Park (124),-79.2678,43.7321,NULL,NULL,N,NULL,NULL,NULL
1318785,2012,00:00.0,1728,17,STEELES AVE W,HIGHWAY 27 S,NULL,1,Etobicoke York,1,23,Intersection,At Intersection,Traffic Signal,Clear,Dusk,Dry,Non-Fatal Injury,Pedestrian Collisions,D23,1,West Humber-Clairville (1),-79.6141,43.7554,NULL,NULL,N,NULL,NULL,NULL
1335409,2012,00:00.0,149,1,HORNER AVE,JUDSON ST,NULL,3,Etobicoke York,3,22,Intersection,At Intersection,Stop Sign,Clear,Dark,Dry,Non-Fatal Injury,SMV Other,D22,17,Mimico (17),-79.5158,43.612,NULL,NULL,N,NULL,NULL,NULL
1327908,2012,00:00.0,230,2,SCARLETT RD,RIVERVIEW HTS,NULL,1,Etobicoke York,NULL,23,Mid-Block,NULL,No Control,Clear,"Dark, artificial",Dry,Non-Fatal Injury,SMV Other,D23,8,Humber Heights-Westmount (8),-79.5268,43.7011,NULL,NULL,N,NULL,NULL,NULL
1247048,2011,00:00.0,1550,15,BATHURST Stre,FOLLIS Aven,NULL,1,Toronto and East York,11,14,Intersection,NULL,No Control,Clear,Daylight,Dry,Non-Fatal Injury,Pedestrian Collisions,D14,95,Annex (95),-79.4129,43.6695,NULL,NULL,N,NULL,NULL,NULL
1326902,2012,00:00.0,1312,13,OAK St,KNOB HILL Park,NULL,2,Etobicoke York,5,12,Mid-Block,NULL,No Control,Clear,Daylight,Dry,Non-Fatal Injury,Rear End,D12,113,Weston (113),-79.5306,43.7083,NULL,NULL,N,NULL,NULL,NULL
1314053,2012,00:00.0,1815,18,3495 SHEPPARD AVE E,NULL,NULL,1,Scarborough,22,42,Mid-Block,NULL,No Control,Clear,Daylight,Dry,Non-Fatal Injury,Cyclist Collisions,D42,118,Tam O'Shanter-Sullivan (118),-79.3009,43.7803,NULL,NULL,N,NULL,NULL,NULL
1312337,2012,00:00.0,1641,16,BAY MILLS Blvd,BIRCHMOUNT Rd,NULL,2,Scarborough,22,42,Mid-Block,NULL,No Control,Clear,Daylight,Dry,Non-Fatal Injury,Turning Movement,D42,118,Tam O'Shanter-Sullivan (118),-79.3002,43.7833,NULL,NULL,N,NULL,NULL,NULL
1296056,2012,00:00.0,1010,10,QUEEN St E,JONES Ave,NULL,3,Toronto and East York,14,55,Intersection,At Intersection,Traffic Signal,Clear,Daylight,Dry,Non-Fatal Injury,Pedestrian Collisions,D55,70,South Riverdale (70),-79.3327,43.6626,NULL,NULL,N,NULL,NULL,NULL
1321368,2012,00:00.0,851,8,BAY St,FRONT St W,NULL,1,Toronto and East York,NULL,52,Intersection,At Intersection,Traffic Signal,Clear,Daylight,Dry,Non-Fatal Injury,Cyclist Collisions,D52,77,Waterfront Communities-The Island (77),-79.379,43.6459,NULL,NULL,N,NULL,NULL,NULL
1636966,2020,00:00.0,1340,13,BRIMLEY RD,BARKDENE HILLS,50 m South of,NULL,NULL,NULL,NULL,Mid-Block,Non Intersection,No Control,Clear,Daylight,Dry,Non-Fatal Injury,Cyclist Collisions,D41,123,Cliffcrest (123),-79.2389,43.7147,NULL,NULL,N,NULL,NULL,NULL
1650701,2020,00:00.0,1205,12,EGLINTON AVE E,BELLAMY RD N,NULL,1,Scarborough,NULL,43,Intersection,At Intersection,Traffic Signal,Clear,Daylight,Dry,Non-Fatal Injury,Turning Movement,D43,138,Eglinton East (138),-79.232,43.7402,NULL,NULL,N,NULL,NULL,NULL
1282189,2011,00:00.0,1920,19,GRANDSTAND ENT RD,HIGHWAY 27  S,NULL,5,Etobicoke York,1,23,Mid-Block,NULL,No Control,Snow,Dark,Loose Snow,Non-Fatal Injury,SMV Other,D23,1,West Humber-Clairville (1),-79.5913,43.7062,NULL,NULL,N,NULL,NULL,NULL
1327099,2012,00:00.0,643,6,DAVENPORT RD,LANSDOWNE AVE,NULL,3,Toronto and East York,9,13,Intersection,At Intersection,Traffic Signal,Clear,"Dark, artificial",Dry,Fatal,Cyclist Collisions,D13,92,Corso Italia-Davenport (92),-79.4482,43.6715,NULL,NULL,N,NULL,NULL,NULL
1324964,2012,00:00.0,1322,13,AVENUE RD,HILLHURST BLVD,NULL,1,North York,8,53,Mid-Block,NULL,No Control,Clear,Daylight,Dry,Non-Fatal Injury,Rear End,D53,103,Lawrence Park South (103),-79.4116,43.7117,NULL,NULL,N,NULL,NULL,NULL
1298747,2012,00:00.0,905,9,LAWRENCE AVE E,TOWER DR,NULL,1,Scarborough,21,41,Intersection,At Intersection,No Control,Clear,Daylight,Dry,Non-Fatal Injury,Turning Movement,D41,119,Wexford/Maryvale (119),-79.2982,43.7445,NULL,NULL,N,NULL,NULL,NULL
1263147,2011,00:00.0,1134,11,DUNDAS ST W,STERLING RD,NULL,3,Toronto and East York,9,11,Intersection,At Intersection,Stop Sign,Clear,Daylight,Dry,Fatal,Cyclist Collisions,D11,83,Dufferin Grove (83),-79.4429,43.6506,NULL,NULL,N,NULL,NULL,NULL
1309524,2012,00:00.0,114,1,MERCER ST,JOHN ST,NULL,4,Toronto and East York,10,52,Mid-Block,NULL,No Control,Clear,Dark,Dry,Non-Fatal Injury,Pedestrian Collisions,D52,77,Waterfront Communities-The Island (77),-79.3906,43.6456,NULL,NULL,N,NULL,NULL,NULL
1307961,2012,00:00.0,1553,15,RICHMOND St W,SIMCOE St,NULL,1,Toronto and East York,10,52,Intersection,At Intersection,No Control,Clear,Daylight,Dry,Non-Fatal Injury,Turning Movement,D52,76,Bay Street Corridor (76),-79.387,43.6498,NULL,NULL,N,NULL,NULL,NULL
1326780,2012,00:00.0,2148,21,SHEPPARD AVE E,PARKWAY FOREST DR,NULL,1,North York,17,33,Intersection,At Intersection,Traffic Signal,Rain,Dark,Wet,Non-Fatal Injury,Turning Movement,D33,53,Henry Farm (53),-79.3437,43.7758,NULL,NULL,N,NULL,NULL,NULL
1335535,2012,00:00.0,1305,13,EGLINTON AVE E,BROWNLOW AVE,NULL,1,Toronto and East York,12,53,Intersection,At Intersection,Stop Sign,Clear,Daylight,Dry,Non-Fatal Injury,Pedestrian Collisions,D53,104,Mount Pleasant West (104),-79.3914,43.7081,NULL,NULL,N,NULL,NULL,NULL
1292886,2012,00:00.0,1241,12,EGLINTON Aven E,BELLAMY Road N,NULL,1,Scarborough,NULL,43,Intersection,At Intersection,Traffic Signal,Clear,Daylight,Dry,Non-Fatal Injury,Pedestrian Collisions,D43,138,Eglinton East (138),-79.232,43.7402,NULL,NULL,N,NULL,NULL,NULL
1307650,2012,00:00.0,2133,21,KINGSTON RD,LAWRENCE AVE E,NULL,1,Scarborough,24,43,Intersection,At Intersection,Traffic Signal,Clear,"Dusk, artificial",Dry,Fatal,Cyclist Collisions,D43,136,West Hill (136),-79.1895,43.7676,NULL,NULL,N,NULL,NULL,NULL
1295374,2012,00:00.0,1655,16,WESTLAKE AVE,DANFORTH AVE,NULL,1,Toronto and East York,19,NULL,Intersection,NULL,Traffic Signal,Clear,Daylight,Dry,Non-Fatal Injury,Pedestrian Collisions,D55,62,East End-Danforth (62),-79.3049,43.6874,NULL,NULL,N,NULL,NULL,NULL
1305406,2012,00:00.0,1807,18,QUEEN ST W,PETER ST,NULL,1,Toronto and East York,10,52,Intersection,Intersection Related,Streetcar (Stop for),Clear,Daylight,Dry,Non-Fatal Injury,Pedestrian Collisions,D52,77,Waterfront Communities-The Island (77),-79.3936,43.6492,NULL,NULL,N,NULL,NULL,NULL
1298041,2012,00:00.0,2301,23,ST CLAIR AVE W,EARLSCOURT AVE,NULL,1,Toronto and East York,9,13,Mid-Block,At Intersection,No Control,Clear,Dark,Dry,Non-Fatal Injury,SMV Unattended Vehicle,D13,92,Corso Italia-Davenport (92),-79.4467,43.6771,NULL,NULL,N,NULL,NULL,NULL
1302089,2012,00:00.0,1810,18,PETER ST,ADELAIDE ST W,NULL,1,Toronto and East York,10,52,Intersection,NULL,No Control,Clear,Dusk,Dry,Non-Fatal Injury,Cyclist Collisions,D52,77,Waterfront Communities-The Island (77),-79.3927,43.6472,NULL,NULL,N,NULL,NULL,NULL
1303894,2012,00:00.0,1835,18,QUEEN ST E,OLD BREWERY  LANE,NULL,1,Toronto and East York,13,51,Mid-Block,At Intersection,No Control,Clear,Daylight,Dry,Non-Fatal Injury,Turning Movement,D51,73,Moss Park (73),-79.3551,43.6576,NULL,NULL,N,NULL,NULL,NULL
1311119,2012,00:00.0,940,9,FINCH AVE W,YONGE ST,NULL,1,North York,18,32,Mid-Block,At Intersection,No Control,Clear,Daylight,Dry,Fatal,Pedestrian Collisions,D32,37,Willowdale West (37),-79.4163,43.7795,NULL,NULL,N,NULL,NULL,NULL
1319536,2012,00:00.0,410,4,ROGERS RD,OLD WESTON RD,NULL,3,Etobicoke York,NULL,12,Intersection,At Intersection,Traffic Signal,Rain,"Dark, artificial",Wet,Fatal,SMV Other,D12,110,Keelesdale-Eglinton West (110),-79.4676,43.6818,NULL,NULL,N,NULL,NULL,NULL
1328002,2012,00:00.0,1900,19,MIDLAND AVE,PRUDENTIAL DR,NULL,1,Scarborough,21,41,Intersection,At Intersection,Traffic Signal,Clear,"Dark, artificial",Dry,Non-Fatal Injury,Pedestrian Collisions,D41,127,Bendale (127),-79.2644,43.7496,NULL,NULL,N,NULL,NULL,NULL
1328097,2012,00:00.0,350,3,1144 ALBION RD,NULL,NULL,1,Etobicoke York,1,23,Mid-Block,NULL,No Control,Clear,Dark,Dry,Non-Fatal Injury,SMV Other,D23,3,Thistletown-Beaumond Heights (3),-79.5672,43.7375,NULL,NULL,N,NULL,NULL,NULL
1305919,2012,00:00.0,1916,19,BLOOR Stre W,PALMERSTON Boul,NULL,1,Toronto and East York,11,14,Intersection,NULL,Traffic Signal,Clear,Daylight,Dry,Non-Fatal Injury,Cyclist Collisions,D14,80,Palmerston-Little Italy (80),-79.4137,43.6645,NULL,NULL,N,NULL,NULL,NULL
1329099,2012,00:00.0,2135,21,FINCH AVE W,ARDWICK BLVD,NULL,1,Etobicoke York,7,31,Intersection,At Intersection,Traffic Signal,Rain,"Dark, artificial",Wet,Non-Fatal Injury,Pedestrian Collisions,D31,22,Humbermede (22),-79.5575,43.7487,NULL,NULL,N,NULL,NULL,NULL
1289088,2012,00:00.0,1752,17,SHEPPARD AVE E,PHARMACY AVE,NULL,1,Scarborough,22,42,Mid-Block,NULL,No Control,Clear,Daylight,Dry,Non-Fatal Injury,Rear End,D42,118,Tam O'Shanter-Sullivan (118),-79.3171,43.7766,NULL,NULL,N,NULL,NULL,NULL
1290105,2012,00:00.0,1447,14,DON VALLEY PARKWAY  N,GERRARD ST E,NULL,NULL,Toronto and East York,14,55,Mid-Block,NULL,No Control,Clear,Daylight,Dry,Fatal,SMV Other,D55,68,North Riverdale (68),-79.3558,43.6651,NULL,NULL,N,NULL,NULL,NULL
1285099,2012,00:00.0,1834,18,LEDBURY Stre,WOBURN Aven,NULL,2,North York,8,32,Intersection,At Intersection,Stop Sign,Clear,Daylight,Dry,Non-Fatal Injury,Pedestrian Collisions,D32,39,Bedford Park-Nortown (39),-79.4237,43.7239,NULL,NULL,N,NULL,NULL,NULL
1362257,2013,00:00.0,1620,16,F G GARDINER XY  E,LAKE SHORE BLVD W,NULL,1,Toronto and East York,4,14,Mid-Block,NULL,No Control,Clear,Daylight,Dry,Non-Fatal Injury,Rear End,D14,85,South Parkdale (85),-79.4365,43.6336,NULL,NULL,N,NULL,NULL,NULL
1293196,2012,00:00.0,1330,13,DUNDAS Stre W,HIGHWAY 427 C  S,NULL,1,Etobicoke York,3,22,Intersection,At Intersection,Traffic Signal,Clear,Daylight,Dry,Non-Fatal Injury,Angle,D22,14,Islington-City Centre West (14),-79.5548,43.6289,NULL,NULL,N,NULL,NULL,NULL
1328738,2012,00:00.0,637,6,SHUTER ST,VICTORIA ST,NULL,3,Toronto and East York,13,51,Intersection,At Intersection,Traffic Signal,Clear,"Dawn, artificial",Dry,Non-Fatal Injury,Pedestrian Collisions,D51,75,Church-Yonge Corridor (75),-79.3787,43.6543,NULL,NULL,N,NULL,NULL,NULL
1306826,2012,00:00.0,1521,15,JANE ST,LAWRENCE AVE W,NULL,1,Etobicoke York,5,12,Intersection,At Intersection,Traffic Signal,Clear,Daylight,Dry,Non-Fatal Injury,Pedestrian Collisions,D12,30,Brookhaven-Amesbury (30),-79.5037,43.7028,NULL,NULL,N,NULL,NULL,NULL
1319292,2012,00:00.0,952,9,BATHURST ST,ADELAIDE ST W,NULL,1,Toronto and East York,10,14,Intersection,At Intersection,Traffic Signal,Clear,Daylight,Dry,Non-Fatal Injury,Pedestrian Collisions,D14,77,Waterfront Communities-The Island (77),-79.4031,43.6451,NULL,NULL,N,NULL,NULL,NULL
1314296,2012,00:00.0,840,8,GLENGROVE AVE,MARLEE AVE,NULL,3,North York,8,13,Intersection,At Intersection,Stop Sign,Clear,Daylight,Dry,Fatal,Angle,D13,31,Yorkdale-Glen Park (31),-79.4444,43.7107,NULL,NULL,N,NULL,NULL,NULL
1320816,2012,00:00.0,858,8,EGLINTON AVE E,BIRCHMOUNT RD,NULL,1,Scarborough,NULL,41,Intersection,At Intersection,Traffic Signal,Clear,Daylight,Dry,Non-Fatal Injury,Pedestrian Collisions,D41,125,Ionview (125),-79.2778,43.7299,NULL,NULL,N,NULL,NULL,NULL
1364785,2013,00:00.0,2118,21,HOLLAND AVE,GLENBURN AVE,NULL,4,Toronto and East York,19,54,Intersection,At Intersection,Stop Sign,Clear,Dark,Dry,Non-Fatal Injury,Rear End,D54,54,O'Connor-Parkview (54),-79.3015,43.7153,NULL,NULL,N,NULL,NULL,NULL
1365020,2013,00:00.0,1540,15,OSSINGTON Ave,DUPONT St,NULL,1,Toronto and East York,NULL,14,Intersection,At Intersection,Traffic Signal,Clear,Daylight,Dry,Non-Fatal Injury,Turning Movement,D14,93,Dovercourt-Wallace Emerson-Junction (93),-79.4289,43.67,NULL,NULL,N,NULL,NULL,NULL
1365705,2013,00:00.0,1905,19,CENTRE Ave,DUNDAS St W,NULL,4,Toronto and East York,10,52,Mid-Block,NULL,No Control,Clear,"Daylight, artificial",Dry,Non-Fatal Injury,Pedestrian Collisions,D52,76,Bay Street Corridor (76),-79.3869,43.6545,NULL,NULL,N,NULL,NULL,NULL
1366092,2013,00:00.0,2230,22,LAKE SHORE Blvd W,THIRTY SEVENTH St,NULL,1,Etobicoke York,3,22,Intersection,At Intersection,Traffic Signal,Clear,"Dark, artificial",Dry,Non-Fatal Injury,Turning Movement,D22,19,Long Branch (19),-79.5381,43.5933,-79.5381,43.5933,Y,Lake Shore Blvd W,Thirty Seventh St,2009-03-19
1363874,2013,00:00.0,701,7,KINGSTON RD,LAWRENCE AVE E,NULL,1,Scarborough,24,43,Intersection,At Intersection,Traffic Signal,Rain,Daylight,Wet,Non-Fatal Injury,Pedestrian Collisions,D43,136,West Hill (136),-79.1895,43.7676,NULL,NULL,N,NULL,NULL,NULL
1370852,2013,00:00.0,1453,14,PHARMACY AVE,LEAHURST DR,NULL,3,Scarborough,20,41,Intersection,At Intersection,No Control,Clear,Daylight,Dry,Non-Fatal Injury,Turning Movement,D41,120,Clairlea-Birchmount (120),-79.294,43.7173,NULL,NULL,N,NULL,NULL,NULL
1381745,2013,00:00.0,1210,12,ISLINGTON AVE,THE QUEENSWAY,NULL,1,Etobicoke York,3,22,Intersection,NULL,Traffic Signal,Clear,Daylight,Dry,Non-Fatal Injury,Pedestrian Collisions,D22,16,Stonegate-Queensway (16),-79.5147,43.6235,NULL,NULL,N,NULL,NULL,NULL
1369675,2013,00:00.0,1040,10,EGLINTON Ave W,WINONA Dr,NULL,1,North York,NULL,13,Intersection,At Intersection,No Control,Clear,Daylight,Dry,Non-Fatal Injury,Turning Movement,D13,102,Forest Hill North (102),-79.439,43.6981,NULL,NULL,N,NULL,NULL,NULL
1380770,2013,00:00.0,1111,11,DANFORTH Ave,LINNSMORE Cres,NULL,1,Toronto and East York,14,NULL,Mid-Block,NULL,No Control,Clear,Daylight,Dry,Non-Fatal Injury,Pedestrian Collisions,D55,65,Greenwood-Coxwell (65),-79.3305,43.6818,NULL,NULL,N,NULL,NULL,NULL
1350739,2013,00:00.0,1315,13,QUEEN ST W,BATHURST ST,NULL,1,Toronto and East York,10,14,Intersection,At Intersection,Traffic Signal,Clear,Daylight,Wet,Non-Fatal Injury,Cyclist Collisions,D14,77,Waterfront Communities-The Island (77),-79.4039,43.6471,NULL,NULL,N,NULL,NULL,NULL
1313400,2012,00:00.0,1615,16,KENNETH AVE,PEMBERTON AVE,NULL,4,North York,18,32,Intersection,NULL,No Control,Clear,Daylight,Dry,Non-Fatal Injury,Pedestrian Collisions,D32,50,Newtonbrook East (50),-79.4126,43.7813,NULL,NULL,N,NULL,NULL,NULL
1331849,2012,00:00.0,2100,21,KINGSTON RD,BEECHGROVE DR,NULL,1,Scarborough,25,43,Intersection,At Intersection,No Control,Clear,Dark,Dry,Fatal,Pedestrian Collisions,D43,136,West Hill (136),-79.1736,43.7764,NULL,NULL,N,NULL,NULL,NULL
1372377,2013,00:00.0,1533,15,HUMBER COLLEGE Blvd,WINDWOOD Dr,NULL,3,Etobicoke York,1,23,Mid-Block,NULL,Pedestrian Crossover,Clear,Daylight,Dry,Fatal,Pedestrian Collisions,D23,1,West Humber-Clairville (1),-79.6067,43.7307,NULL,NULL,N,NULL,NULL,NULL