ACCNUM,YEAR,DATE,TIME,HOUR,STREET1,STREET2,OFFSET,ROAD_CLASS,DISTRICT,WARDNUM,DIVISION,LOCCOORD,ACCLOC,TRAFFCTL,VISIBILITY,LIGHT,RDSFCOND,ACCLASS,IMPACTYPE,POLICE_DIVISION,HOOD_ID,NEIGHBOURHOOD,collision_lat,collision_long,red_light_lat,red_light_long,right_light_camera,LINEAR_NAME_FULL_1,LINEAR_NAME_FULL_2,ACTIVATION_DATE
1372794,2013,00:00.0,1108,11,DUFFERIN ST,BLOOR ST W,NULL,1,Toronto and East York,9,NULL,Mid-Block,NULL,No Control,Clear,Daylight,Dry,Non-Fatal Injury,SMV Other,D14,93,Dovercourt-Wallace Emerson-Junction (93),-79.4356,43.6604,NULL,NULL,N,NULL,NULL,NULL
1301330,2012,00:00.0,1200,12,95 KING ST E,NULL,NULL,1,Toronto and East York,13,51,Mid-Block,NULL,No Control,Clear,Daylight,Dry,Non-Fatal Injury,Cyclist Collisions,D51,75,Church-Yonge Corridor (75),-79.3749,43.6497,NULL,NULL,N,NULL,NULL,NULL
1344095,2013,00:00.0,855,8,DUNVEGAN RD,HEATH ST W,NULL,2,Toronto and East York,12,53,Intersection,At Intersection,Stop Sign,Clear,Daylight,Dry,Non-Fatal Injury,Pedestrian Collisions,D53,96,Casa Loma (96),-79.4055,43.688,NULL,NULL,N,NULL,NULL,NULL
1344588,2013,00:00.0,2128,21,1420 VICTORIA PARK Ave,NULL,NULL,1,North York,NULL,NULL,Mid-Block,NULL,No Control,Clear,"Dark, artificial",Wet,Fatal,Pedestrian Collisions,D54,120,Clairlea-Birchmount (120),-79.3012,43.7213,NULL,NULL,N,NULL,NULL,NULL
1350654,2013,00:00.0,1214,12,JANE ST,DALRYMPLE DR,NULL,1,Etobicoke York,5,12,Intersection,At Intersection,No Control,Clear,Daylight,Dry,Non-Fatal Injury,Cyclist Collisions,D12,111,Rockcliffe-Smythe (111),-79.4961,43.6772,NULL,NULL,N,NULL,NULL,NULL
1333087,2012,00:00.0,2207,22,DON VALLEY PARKWAY  S,EGLINTON AVE E,NULL,NULL,North York,16,54,Mid-Block,NULL,No Control,Clear,"Dark, artificial",Dry,Non-Fatal Injury,SMV Other,D54,44,Flemingdon Park (44),-79.3302,43.7226,NULL,NULL,N,NULL,NULL,NULL
1382388,2013,00:00.0,1639,16,ST CLAIR AVE W,DUFFERIN ST,NULL,1,Toronto and East York,9,13,Intersection,At Intersection,Traffic Signal,Clear,Daylight,Dry,Non-Fatal Injury,Cyclist Collisions,D13,92,Corso Italia-Davenport (92),-79.443,43.6779,NULL,NULL,N,NULL,NULL,NULL
1366347,2013,00:00.0,1319,13,LAKE SHORE BLVD W,BAY ST,NULL,1,Toronto and East York,10,52,Intersection,NULL,Traffic Signal,Clear,Daylight,Dry,Fatal,Pedestrian Collisions,D52,77,Waterfront Communities-The Island (77),-79.3778,43.6429,NULL,NULL,N,NULL,NULL,NULL
1343484,2013,00:00.0,1735,17,YORK ST,BREMNER BLVD,NULL,1,Toronto and East York,10,52,Intersection,At Intersection,Traffic Signal,Clear,"Dark, artificial",Dry,Non-Fatal Injury,Pedestrian Collisions,D52,77,Waterfront Communities-The Island (77),-79.3814,43.6429,NULL,NULL,N,NULL,NULL,NULL
1335553,2013,00:00.0,1438,14,YONGE ST,MARLBOROUGH AVE,NULL,1,Toronto and East York,11,53,Intersection,At Intersection,Stop Sign,Clear,Daylight,Dry,Fatal,Pedestrian Collisions,D53,98,Rosedale-Moore Park (98),-79.3906,43.6798,NULL,NULL,N,NULL,NULL,NULL
1286810,2020,00:00.0,1854,18,SPADINA AV,FORT YORK BV,80 m South of,NULL,NULL,NULL,NULL,Mid-Block,Non Intersection,No Control,Clear,Daylight,Wet,Non-Fatal Injury,Rear End,D52,77,Waterfront Communities-The Island (77),-79.3927,43.6398,NULL,NULL,N,NULL,NULL,NULL
9001086071,2019,00:00.0,1750,17,BLOOR ST W,JOPLING AVE N,26 m East of,1,Etobicoke York,NULL,22,Intersection,At/Near Private Drive,No Control,Clear,Daylight,Dry,Non-Fatal Injury,Pedestrian Collisions,D22,14,Islington-City Centre West (14),-79.5395,43.6408,NULL,NULL,N,NULL,NULL,NULL
9002500056,2019,00:00.0,1439,14,1325 ST CLAIR AVE W,NULL,NULL,1,Etobicoke York,9,13,Mid-Block,Non Intersection,No Control,Clear,Daylight,Dry,Non-Fatal Injury,Pedestrian Collisions,D13,92,Corso Italia-Davenport (92),-79.4489,43.6765,NULL,NULL,N,NULL,NULL,NULL
9001177168,2019,00:00.0,820,8,PHARMACY AVE,PRINCEWAY DR,2 m North of,3,Scarborough,21,41,Intersection,At Intersection,Stop Sign,Clear,Daylight,Dry,Non-Fatal Injury,Turning Movement,D41,119,Wexford/Maryvale (119),-79.3086,43.753,NULL,NULL,N,NULL,NULL,NULL
9001233814,2019,00:00.0,635,6,MORTIMER AVE,WOODBINE AVE,19 m East of,3,Toronto and East York,19,54,Intersection,At Intersection,Stop Sign,Clear,Daylight,Dry,Non-Fatal Injury,SMV Other,D54,60,Woodbine-Lumsden (60),-79.3157,43.6924,NULL,NULL,N,NULL,NULL,NULL
451712,2020,00:00.0,1726,17,SCARLETT RD,EDENBRIDGE DR,NULL,3,Etobicoke York,2,22,Intersection,At Intersection,Traffic Signal,Clear,Dark,Wet,Non-Fatal Injury,Turning Movement,D22,8,Humber Heights-Westmount (8),-79.5088,43.6806,NULL,NULL,N,NULL,NULL,NULL
488737,2020,00:00.0,1400,14,NORTH BONNINGTON AVE,ZENITH DR,NULL,4,Scarborough,20,41,Intersection,Intersection Related,No Control,Clear,Daylight,Wet,Fatal,Other,D41,120,Clairlea-Birchmount (120),-79.2643,43.7122,NULL,NULL,N,NULL,NULL,NULL
9002496688,2019,00:00.0,2324,23,2901 JANE  ST,NULL,3 m East of,1,Etobicoke York,7,31,Mid-Block,Non Intersection,No Control,Clear,"Dark, artificial",Dry,Non-Fatal Injury,Pedestrian Collisions,D31,25,Glenfield-Jane Heights (25),-79.5166,43.7532,NULL,NULL,N,NULL,NULL,NULL
1656894,2020,00:00.0,937,9,BATHURST ST,WOLSELEY ST,8 m East of,1,Toronto and East York,10,14,Intersection,At Intersection,Stop Sign,Clear,Daylight,Dry,Non-Fatal Injury,SMV Other,D14,78,Kensington-Chinatown (78),-79.4042,43.648,NULL,NULL,N,NULL,NULL,NULL
1780907,2020,00:00.0,2125,21,ST CLAIR AVE W,HARVIE AVE,NULL,NULL,NULL,NULL,NULL,Intersection,Intersection Related,Stop Sign,Clear,"Dark, artificial",Dry,Non-Fatal Injury,Pedestrian Collisions,D13,92,Corso Italia-Davenport (92),-79.4498,43.6764,NULL,NULL,N,NULL,NULL,NULL
9002067554,2019,00:00.0,1145,11,COMSTOCK RD,WARDEN AVE,25 m East of,1,Scarborough,20,41,Intersection,At Intersection,Traffic Signal,Clear,Daylight,Dry,Non-Fatal Injury,Rear End,D41,120,Clairlea-Birchmount (120),-79.2849,43.7214,NULL,NULL,N,NULL,NULL,NULL
598639,2020,00:00.0,524,5,O'CONNOR DR,SUNRISE AVE,NULL,1,North York,NULL,54,Intersection,Intersection Related,Traffic Signal,Clear,Daylight,Dry,Non-Fatal Injury,Pedestrian Collisions,D54,43,Victoria Village (43),-79.3044,43.7188,NULL,NULL,N,NULL,NULL,NULL
9002173783,2019,00:00.0,1445,14,OLD WESTON RD,ROGERS RD,40 m South of,3,Etobicoke York,NULL,12,Mid-Block,At/Near Private Drive,No Control,Clear,Daylight,Dry,Non-Fatal Injury,Turning Movement,D12,110,Keelesdale-Eglinton West (110),-79.4672,43.6813,NULL,NULL,N,NULL,NULL,NULL
1353255,2020,00:00.0,643,6,81 MCCORMACK ST,AVON AVE,5 m East of,NULL,NULL,NULL,NULL,NULL,At/Near Private Drive,No Control,Clear,Daylight,Dry,Non-Fatal Injury,Pedestrian Collisions,D12,111,Rockcliffe-Smythe (111),-79.4755,43.6762,NULL,NULL,N,NULL,NULL,NULL
9001993381,2019,00:00.0,2216,22,GERRARD ST E,WEMBLEY DR,NULL,3,Toronto and East York,19,55,Intersection,At Intersection,No Control,Clear,"Dark, artificial",Dry,Non-Fatal Injury,Cyclist Collisions,D55,64,Woodbine Corridor (64),-79.318,43.6758,NULL,NULL,N,NULL,NULL,NULL
1844601,2020,00:00.0,1625,16,2301 BRIMLEY RD (DRIVEWAY),BRIMLEY RD,12 m West of,1,Scarborough,23,42,NULL,At/Near Private Drive,Traffic Signal,Clear,Daylight,Dry,Non-Fatal Injury,Pedestrian Collisions,D42,129,Agincourt North (129),-79.2729,43.7975,NULL,NULL,N,NULL,NULL,NULL
1888884,2020,00:00.0,712,7,JANA ST,GRANDRAVINE DR,NULL,1,Etobicoke York,7,31,Intersection,At Intersection,Traffic Signal,Clear,Daylight,Dry,Non-Fatal Injury,Pedestrian Collisions,D31,25,Glenfield-Jane Heights (25),-79.515,43.747,NULL,NULL,N,NULL,NULL,NULL
9002229546,2019,00:00.0,1830,18,MIDLAND AVENUE,DUXBURY DRIVE,NULL,NULL,NULL,NULL,NULL,Mid-Block,Non Intersection,No Control,Rain,"Dark, artificial",Wet,Non-Fatal Injury,Pedestrian Collisions,D42,130,Milliken (130),-79.2964,43.8242,NULL,NULL,N,NULL,NULL,NULL
121282,2020,00:00.0,955,9,ALBION RD,CARRIER DR,23 m West of,1,Etobicoke York,1,23,Intersection,At Intersection,Traffic Signal,Snow,Daylight,Wet,Non-Fatal Injury,SMV Other,D23,1,West Humber-Clairville (1),-79.6142,43.7454,NULL,NULL,N,NULL,NULL,NULL
1945158,2020,00:00.0,1622,16,RUNNYMEDE RD,DUNDAS ST W,100 m South of,NULL,NULL,NULL,NULL,Mid-Block,Non Intersection,Traffic Signal,Clear,Daylight,Dry,Non-Fatal Injury,Rear End,D11,90,Junction Area (90),-79.4825,43.6647,NULL,NULL,N,NULL,NULL,NULL
56815,2020,00:00.0,1100,11,MARTIN GROVE RD,BELFIELD RD,NULL,1,Etobicoke York,1,23,Intersection,At Intersection,Traffic Signal,Clear,Daylight,Dry,Non-Fatal Injury,Angle,D23,1,West Humber-Clairville (1),-79.5755,43.7018,NULL,NULL,N,NULL,NULL,NULL
1045060,2020,00:00.0,15,0,KEELE ST,CALVINGTON DR,NULL,1,North York,6,31,Intersection,At Intersection,Traffic Signal,Clear,"Dark, artificial",Dry,Fatal,Pedestrian Collisions,D31,26,Downsview-Roding-CFB (26),-79.4836,43.7335,NULL,NULL,N,NULL,NULL,NULL
1776002,2020,00:00.0,616,6,KIPLING AVE,STEVENSON RD,NULL,1,Etobicoke York,1,23,Intersection,At Intersection,Stop Sign,Clear,Daylight,Dry,Fatal,Pedestrian Collisions,D23,2,Mount Olive-Silverstone-Jamestown (2),-79.5827,43.7443,NULL,NULL,N,NULL,NULL,NULL
220239,2020,00:00.0,231,2,YONGE ST,KING ST W,NULL,1,Toronto East York,13,NULL,Intersection,At Intersection,Traffic Signal,Clear,"Dark, artificial",Dry,Non-Fatal Injury,Pedestrian Collisions,D51,75,Church-Yonge Corridor (75),-79.3778,43.649,NULL,NULL,N,NULL,NULL,NULL
2431394,2020,00:00.0,1520,15,LAWRENCE AVE E,KENNEDY RD,200 m West of,NULL,NULL,NULL,NULL,Mid-Block,Non Intersection,No Control,Clear,Daylight,Dry,Non-Fatal Injury,Rear End,D41,126,Dorset Park (126),-79.2773,43.749,NULL,NULL,N,NULL,NULL,NULL
1927144,2020,00:00.0,1759,17,JANE STREET AND GOLDWIN AVENUE,JANE ST,5 m West of,1,Etobicoke York,5,12,Intersection,At Intersection,Stop Sign,Clear,Daylight,Dry,Non-Fatal Injury,Turning Movement,D12,115,Mount Dennis (115),-79.5003,43.6892,NULL,NULL,N,NULL,NULL,NULL
1501323,2020,00:00.0,1109,11,THE EAST MALL,MONTEBELLO GDNS,NULL,3,Etobicoke York,2,22,Intersection,At Intersection,Stop Sign,Clear,Daylight,Dry,Fatal,Pedestrian Collisions,D22,14,Islington-City Centre West (14),-79.5599,43.6477,NULL,NULL,N,NULL,NULL,NULL
895313,2020,00:00.0,1149,11,EGLINTON AVE E,CEDAR DR,NULL,NULL,NULL,NULL,NULL,Intersection,Intersection Related,Traffic Signal,Clear,Daylight,Dry,Non-Fatal Injury,Pedestrian Collisions,D43,139,Scarborough Village (139),-79.2155,43.7439,NULL,NULL,N,NULL,NULL,NULL
2234722,2020,00:00.0,1851,18,MARLEE AVE,CASTLEFIELD AVE,1 m North of,NULL,NULL,NULL,NULL,Intersection,At Intersection,Stop Sign,Rain,"Dark, artificial",Wet,Non-Fatal Injury,Pedestrian Collisions,D13,108,Briar Hill-Belgravia (108),-79.4414,43.703,NULL,NULL,N,NULL,NULL,NULL
1548237,2020,00:00.0,2335,23,455 FINCHDENE SQUARE,FINCHDENE SQUARE,16 m West of,NULL,NULL,NULL,NULL,Mid-Block,Non Intersection,No Control,Clear,Dark,Dry,Non-Fatal Injury,SMV Other,D42,131,Rouge (131),-79.2356,43.8165,NULL,NULL,N,NULL,NULL,NULL
1551312,2020,00:00.0,1235,12,HILDA AV,MOORE PARK AV,NULL,2,North York,18,32,Intersection,At Intersection,Stop Sign,Clear,Daylight,Dry,Non-Fatal Injury,Cyclist Collisions,D32,36,Newtonbrook West (36),-79.4268,43.7921,NULL,NULL,N,NULL,NULL,NULL
9002410570,2019,00:00.0,1705,17,YORK MILLS RD,SCARSDALE RD,NULL,1,North York,16,33,Intersection,At Intersection,Traffic Signal,Rain,"Dark, artificial",Wet,Non-Fatal Injury,Cyclist Collisions,D33,42,Banbury-Don Mills (42),-79.3574,43.7534,NULL,NULL,N,NULL,NULL,NULL
9002463440,2019,00:00.0,1055,10,QUEEN ST W,DUNN AVE,15 m West of,1,North York,4,NULL,Intersection,Intersection Related,Traffic Signal,Clear,"Daylight, artificial",Wet,Non-Fatal Injury,Pedestrian Collisions,D14,85,South Parkdale (85),-79.4344,43.6409,NULL,NULL,N,NULL,NULL,NULL
1249794,2011,00:00.0,2202,22,HIGHWAY 27  S,VICE REGENT BLVD,NULL,1,Etobicoke York,1,23,Intersection,At Intersection,No Control,Rain,"Dark, artificial",Wet,Non-Fatal Injury,Pedestrian Collisions,D23,1,West Humber-Clairville (1),-79.5929,43.7113,NULL,NULL,N,NULL,NULL,NULL
1266407,2011,00:00.0,0,0,DUNERA Aven,EMCARR Driv,NULL,4,Scarborough,24,43,Intersection,At Intersection,Stop Sign,Rain,Dark,Wet,Non-Fatal Injury,Cyclist Collisions,D43,136,West Hill (136),-79.1956,43.7571,NULL,NULL,N,NULL,NULL,NULL
1244229,2011,00:00.0,2344,23,QUEEN Stre W,DUFFERIN,NULL,1,Toronto and East York,4,NULL,Mid-Block,NULL,Streetcar (Stop for),Clear,Dark,Dry,Non-Fatal Injury,Pedestrian Collisions,D14,85,South Parkdale (85),-79.4291,43.642,NULL,NULL,N,NULL,NULL,NULL
1244328,2011,00:00.0,1215,12,LAWRENCE AVE W,ROYAL YORK RD,NULL,3,Etobicoke York,2,23,Intersection,At Intersection,Traffic Signal,Clear,Daylight,Dry,Fatal,SMV Other,D23,8,Humber Heights-Westmount (8),-79.5326,43.6961,NULL,NULL,N,NULL,NULL,NULL
9002365700,2019,00:00.0,1205,12,DANFORTH AVE,ST DUNSTAN DR,5 m East of,1,Scarborough,20,41,Intersection,At Intersection,Stop Sign,Clear,Daylight,Dry,Non-Fatal Injury,Turning Movement,D41,121,Oakridge (121),-79.2854,43.6917,NULL,NULL,N,NULL,NULL,NULL
1259013,2011,00:00.0,708,7,2003 BRIMLEY RD,NULL,NULL,1,Scarborough,23,42,Mid-Block,NULL,No Control,Clear,Daylight,Wet,Non-Fatal Injury,Pedestrian Collisions,D42,128,Agincourt South-Malvern West (128),-79.2674,43.7862,NULL,NULL,N,NULL,NULL,NULL
1283522,2012,00:00.0,2000,20,EGLINTON AVE E,BIMBROK RD,NULL,1,Scarborough,NULL,41,Mid-Block,NULL,No Control,Clear,Dark,Wet,Non-Fatal Injury,Pedestrian Collisions,D41,138,Eglinton East (138),-79.2511,43.736,NULL,NULL,N,NULL,NULL,NULL
1256019,2011,00:00.0,1450,14,CONSILIUM PL,CORPORATE DR,NULL,2,Scarborough,24,43,Intersection,At Intersection,Traffic Signal,Clear,Daylight,Dry,Non-Fatal Injury,Turning Movement,D43,137,Woburn (137),-79.2511,43.7796,NULL,NULL,N,NULL,NULL,NULL
1264906,2011,00:00.0,845,8,MIDDLEFIELD RD,PASSMORE AVE,NULL,3,Scarborough,23,42,Intersection,At Intersection,Traffic Signal,Clear,Daylight,Dry,Non-Fatal Injury,Cyclist Collisions,D42,130,Milliken (130),-79.2651,43.8273,NULL,NULL,N,NULL,NULL,NULL
1271103,2011,00:00.0,1510,15,JANE ST,GRANDRAVINE DR,NULL,1,Etobicoke York,7,31,Intersection,At Intersection,Traffic Signal,Clear,Daylight,Dry,Non-Fatal Injury,Pedestrian Collisions,D31,25,Glenfield-Jane Heights (25),-79.515,43.747,NULL,NULL,N,NULL,NULL,NULL
1286830,2012,00:00.0,1308,13,BATHURST ST,WELLS ST,NULL,1,Toronto and East York,11,14,Intersection,At Intersection,Traffic Signal,Snow,Daylight,Wet,Non-Fatal Injury,Cyclist Collisions,D14,95,Annex (95),-79.4131,43.67,NULL,NULL,N,NULL,NULL,NULL
1278772,2012,00:00.0,1545,15,SHEPPARD AVE W,KEELE ST,NULL,1,North York,6,31,Mid-Block,NULL,No Control,Clear,Daylight,Dry,Non-Fatal Injury,SMV Other,D31,26,Downsview-Roding-CFB (26),-79.4879,43.7444,NULL,NULL,N,NULL,NULL,NULL
1258189,2011,00:00.0,540,5,KENNEDY RD,FINCH AVE E,NULL,1,Scarborough,22,42,Intersection,At Intersection,Traffic Signal,Clear,"Dark, artificial",Dry,Fatal,SMV Other,D42,117,L'Amoreaux (117),-79.2965,43.8012,-79.2965,43.8012,Y,Kennedy Rd,Finch Ave E,2021-11-09
1261623,2011,00:00.0,1300,13,BLOOR Stre W,RUNNYMEDE Road,NULL,1,Toronto and East York,4,11,NULL,NULL,No Control,Clear,Daylight,Other,Non-Fatal Injury,Pedestrian Collisions,D11,88,High Park North (88),-79.4762,43.6511,NULL,NULL,N,NULL,NULL,NULL
1259906,2011,00:00.0,2104,21,YONGE ST,WALLY CROUTER WKWAY Way,NULL,1,Toronto and East York,12,53,Mid-Block,NULL,No Control,Rain,Dark,Wet,Non-Fatal Injury,Pedestrian Collisions,D53,98,Rosedale-Moore Park (98),-79.3947,43.6896,NULL,NULL,N,NULL,NULL,NULL
1269951,2011,00:00.0,535,5,CHURCH ST,DUNDAS ST E,NULL,1,Toronto and East York,13,51,Intersection,At Intersection,Traffic Signal,Rain,Dusk,Wet,Non-Fatal Injury,Pedestrian Collisions,D51,75,Church-Yonge Corridor (75),-79.377,43.6564,NULL,NULL,N,NULL,NULL,NULL
1257236,2011,00:00.0,1509,15,DEWSON ST,OSSINGTON AVE,NULL,3,Toronto and East York,NULL,14,Intersection,At Intersection,Stop Sign,Clear,Daylight,Dry,Non-Fatal Injury,Turning Movement,D14,80,Palmerston-Little Italy (80),-79.4236,43.6569,NULL,NULL,N,NULL,NULL,NULL
1251421,2011,00:00.0,2141,21,ST CLAIR AVE E,VICROSS RD,NULL,1,Toronto and East York,19,54,Intersection,NULL,No Control,Clear,Dark,Dry,Non-Fatal Injury,Pedestrian Collisions,D54,54,O'Connor-Parkview (54),-79.3018,43.7078,NULL,NULL,N,NULL,NULL,NULL
2419967,2020,00:00.0,318,3,BURNHAMTHORPE RD,SILVER SHADOW PATH,52 m West of,NULL,NULL,NULL,NULL,Mid-Block,Non Intersection,No Control,Snow,"Dark, artificial",Loose Snow,Non-Fatal Injury,SMV Other,D22,12,Markland Wood (12),-79.5797,43.6418,NULL,NULL,N,NULL,NULL,NULL
1267989,2011,00:00.0,1609,16,BAY ST,GRENVILLE ST,NULL,1,Toronto and East York,NULL,52,Mid-Block,NULL,No Control,Clear,Daylight,Dry,Non-Fatal Injury,Cyclist Collisions,D52,76,Bay Street Corridor (76),-79.3861,43.662,NULL,NULL,N,NULL,NULL,NULL
1265542,2011,00:00.0,120,1,DAVENPORT RD,HURON ST,NULL,3,Toronto and East York,12,53,Intersection,At Intersection,Stop Sign,Clear,Dark,Dry,Non-Fatal Injury,SMV Other,D53,96,Casa Loma (96),-79.4056,43.678,NULL,NULL,N,NULL,NULL,NULL
1283294,2011,00:00.0,1000,10,1971 KEELE St,NULL,NULL,1,Etobicoke York,5,12,Mid-Block,NULL,No Control,Clear,Daylight,Dry,Non-Fatal Injury,Pedestrian Collisions,D12,110,Keelesdale-Eglinton West (110),-79.4748,43.6897,NULL,NULL,N,NULL,NULL,NULL
1282854,2012,00:00.0,2322,23,KINGSTON Road,SANDOWN Aven,NULL,1,Scarborough,20,41,Intersection,At Intersection,Traffic Signal,Clear,"Dark, artificial",Dry,Non-Fatal Injury,Pedestrian Collisions,D41,122,Birchcliffe-Cliffside (122),-79.2497,43.7087,NULL,NULL,N,NULL,NULL,NULL
1246967,2011,00:00.0,1236,12,LAKE SHORE BLVD W,EIGHTH ST,NULL,1,Etobicoke York,3,22,Intersection,At Intersection,No Control,Clear,Daylight,Dry,Fatal,Pedestrian Collisions,D22,18,New Toronto (18),-79.5063,43.6004,NULL,NULL,N,NULL,NULL,NULL
1249167,2011,00:00.0,1825,18,THE QUEENSWAY,INVERLEIGH Dr,NULL,1,Etobicoke York,3,22,Intersection,NULL,No Control,Clear,Daylight,Dry,Non-Fatal Injury,Rear End,D22,16,Stonegate-Queensway (16),-79.4958,43.6278,NULL,NULL,N,NULL,NULL,NULL
1331690,2012,00:00.0,715,7,STAINES RD,SEASONS DR,NULL,2,Scarborough,23,42,Intersection,NULL,No Control,Rain,Daylight,Wet,Non-Fatal Injury,Pedestrian Collisions,D42,131,Rouge (131),-79.2236,43.8304,NULL,NULL,N,NULL,NULL,NULL
1279443,2011,00:00.0,2210,22,EGLINTON AVE E,FALMOUTH AVE,NULL,1,Scarborough,NULL,41,Intersection,NULL,Traffic Signal,Rain,"Dark, artificial",Wet,Non-Fatal Injury,Pedestrian Collisions,D41,124,Kennedy Park (124),-79.2531,43.7355,NULL,NULL,N,NULL,NULL,NULL
1317754,2012,00:00.0,848,8,DUNDAS ST E,GEORGE ST,NULL,1,Toronto and East York,13,51,Intersection,At Intersection,No Control,Clear,Daylight,Dry,Non-Fatal Injury,Other,D51,73,Moss Park (73),-79.3734,43.6572,NULL,NULL,N,NULL,NULL,NULL
1247398,2011,00:00.0,205,2,LAKE SHORE BLVD W,LAKE CRES W,NULL,1,Etobicoke York,3,22,Mid-Block,At Intersection,No Control,Clear,Dark,Dry,Non-Fatal Injury,SMV Other,D22,17,Mimico (17),-79.4903,43.6076,NULL,NULL,N,NULL,NULL,NULL
1247766,2011,00:00.0,902,9,GREENWOOD AVE,PLAINS RD,NULL,2,Toronto and East York,14,54,Intersection,At Intersection,Stop Sign,Clear,Daylight,Dry,Fatal,Cyclist Collisions,D54,58,Old East York (58),-79.3384,43.6938,NULL,NULL,N,NULL,NULL,NULL
1301011,2012,00:00.0,845,8,O CONNOR Dr,BERMONDSEY RD,NULL,1,Toronto and East York,19,54,Mid-Block,NULL,No Control,Clear,Daylight,Dry,Non-Fatal Injury,Cyclist Collisions,D54,54,O'Connor-Parkview (54),-79.3064,43.7135,NULL,NULL,N,NULL,NULL,NULL
1327765,2012,00:00.0,1720,17,MIDLAND AVE,KILCULLEN CASTLE GT,NULL,1,Scarborough,NULL,42,Intersection,NULL,No Control,Clear,"Dark, artificial",Dry,Fatal,Pedestrian Collisions,D42,129,Agincourt North (129),-79.2899,43.8096,NULL,NULL,N,NULL,NULL,NULL
1329835,2012,00:00.0,1933,19,EGLINTON Ave E,RUMSEY Rd,NULL,1,North York,15,53,Intersection,At Intersection,Traffic Signal,Clear,"Dusk, artificial",Dry,Non-Fatal Injury,Angle,D53,56,Leaside-Bennington (56),-79.3696,43.7125,NULL,NULL,N,NULL,NULL,NULL
1301786,2012,00:00.0,1940,19,MARTIN GROVE RD,FINCH AVE W,NULL,1,Etobicoke York,1,23,Intersection,At Intersection,Traffic Signal,Clear,Daylight,Dry,Non-Fatal Injury,Pedestrian Collisions,D23,2,Mount Olive-Silverstone-Jamestown (2),-79.5916,43.7367,NULL,NULL,N,NULL,NULL,NULL
1305291,2012,00:00.0,1218,12,32 SUNCREST DR,NULL,NULL,4,North York,15,33,Mid-Block,NULL,No Control,Clear,Daylight,Dry,Non-Fatal Injury,Cyclist Collisions,D33,41,Bridle Path-Sunnybrook-York Mills (41),-79.3587,43.7266,NULL,NULL,N,NULL,NULL,NULL
1311498,2012,00:00.0,1300,13,QUEENS QUAY W,LOWER SIMCOE ST,NULL,3,Toronto and East York,10,52,Intersection,At Intersection,Traffic Signal,Clear,Daylight,Dry,Non-Fatal Injury,Rear End,D52,77,Waterfront Communities-The Island (77),-79.3826,43.6395,NULL,NULL,N,NULL,NULL,NULL
1317840,2012,00:00.0,1454,14,COSBURN AVE,CEDARVALE AVE,NULL,2,Toronto and East York,19,54,Intersection,At Intersection,Pedestrian Crossover,Clear,Daylight,Dry,Non-Fatal Injury,Pedestrian Collisions,D54,60,Woodbine-Lumsden (60),-79.3156,43.6968,NULL,NULL,N,NULL,NULL,NULL
1302903,2012,00:00.0,907,9,ACE LANE,WOLSELEY ST,NULL,4,Toronto and East York,10,14,Mid-Block,At Intersection,No Control,Clear,Daylight,Dry,Fatal,SMV Other,D14,78,Kensington-Chinatown (78),-79.4036,43.6477,NULL,NULL,N,NULL,NULL,NULL
1324973,2012,00:00.0,1748,17,AVENUE RD,MACPHERSON AVE,NULL,1,Toronto and East York,NULL,53,Mid-Block,NULL,No Control,Clear,Daylight,Dry,Non-Fatal Injury,Cyclist Collisions,D53,95,Annex (95),-79.3978,43.6778,NULL,NULL,N,NULL,NULL,NULL
1300673,2012,00:00.0,1210,12,RATHBURN RD,THE EAST MALL,NULL,3,Etobicoke York,2,22,Mid-Block,At Intersection,No Control,Clear,Daylight,Dry,Non-Fatal Injury,Cyclist Collisions,D22,11,Eringate-Centennial-West Deane (11),-79.5651,43.6547,NULL,NULL,N,NULL,NULL,NULL
1302410,2012,00:00.0,2212,22,MARKHAM Rd,MCNICOLL Ave,NULL,1,Scarborough,23,42,Mid-Block,NULL,No Control,Clear,"Dark, artificial",Dry,Non-Fatal Injury,SMV Other,D42,131,Rouge (131),-79.2474,43.8232,NULL,NULL,N,NULL,NULL,NULL
1308358,2012,00:00.0,1000,10,TWYN RIVERS Dr,SHEPPARD Ave E,NULL,3,Scarborough,25,42,Intersection,NULL,No Control,Clear,Daylight,Loose Sand or Gravel,Non-Fatal Injury,SMV Other,D42,131,Rouge (131),-79.1661,43.809,NULL,NULL,N,NULL,NULL,NULL
1265988,2011,00:00.0,915,9,LAIRD DR,MILLWOOD RD,NULL,1,North York,15,53,Intersection,At Intersection,Traffic Signal,Clear,Daylight,Dry,Non-Fatal Injury,Rear End,D53,55,Thorncliffe Park (55),-79.3605,43.7031,NULL,NULL,N,NULL,NULL,NULL
1274299,2011,00:00.0,1355,13,WESTON Road,CORDELLA Aven,NULL,3,Etobicoke York,5,12,Intersection,At Intersection,No Control,Clear,Daylight,Dry,Non-Fatal Injury,Turning Movement,D12,111,Rockcliffe-Smythe (111),-79.4812,43.6835,NULL,NULL,N,NULL,NULL,NULL
1275736,2011,00:00.0,1440,14,RUNNYMEDE RD,DEFOREST RD,NULL,2,Toronto and East York,4,11,Intersection,NULL,Stop Sign,Clear,Daylight,Dry,Non-Fatal Injury,Cyclist Collisions,D11,87,High Park-Swansea (87),-79.4752,43.6488,NULL,NULL,N,NULL,NULL,NULL