ACCNUM,YEAR,DATE,TIME,HOUR,STREET1,STREET2,OFFSET,ROAD_CLASS,DISTRICT,WARDNUM,DIVISION,LOCCOORD,ACCLOC,TRAFFCTL,VISIBILITY,LIGHT,RDSFCOND,ACCLASS,IMPACTYPE,POLICE_DIVISION,HOOD_ID,NEIGHBOURHOOD,collision_lat,collision_long,red_light_lat,red_light_long,right_light_camera,LINEAR_NAME_FULL_1,LINEAR_NAME_FULL_2,ACTIVATION_DATE
1276528,2011,00:00.0,958,9,RICHMOND Stre E,YONGE Stre,NULL,1,Toronto and East York,13,NULL,Intersection,At Intersection,Traffic Signal,Clear,Daylight,Dry,Non-Fatal Injury,Cyclist Collisions,D52,75,Church-Yonge Corridor (75),-79.3789,43.6516,NULL,NULL,N,NULL,NULL,NULL
1316232,2012,00:00.0,920,9,VESTA DR,BATHURST ST,NULL,1,North York,8,NULL,Intersection,At Intersection,Traffic Signal,Clear,Daylight,Dry,Non-Fatal Injury,Pedestrian Collisions,D53,102,Forest Hill North (102),-79.4258,43.7033,NULL,NULL,N,NULL,NULL,NULL
1304929,2012,00:00.0,1836,18,HUDSON DR,INGLEWOOD DR E,NULL,4,Toronto and East York,11,53,Mid-Block,NULL,No Control,Clear,Daylight,Dry,Non-Fatal Injury,SMV Unattended Vehicle,D53,98,Rosedale-Moore Park (98),-79.3761,43.6909,NULL,NULL,N,NULL,NULL,NULL
1315507,2012,00:00.0,1935,19,BAYVIEW AVE,NESBITT DR,NULL,1,North York,NULL,53,Intersection,At Intersection,Traffic Signal,Clear,Daylight,Dry,Non-Fatal Injury,Cyclist Collisions,D53,56,Leaside-Bennington (56),-79.3662,43.694,NULL,NULL,N,NULL,NULL,NULL
1292054,2012,00:00.0,1511,15,STEELES Aven E,REESOR Road,NULL,3,Scarborough,25,42,Mid-Block,NULL,No Control,Clear,Daylight,Wet,Non-Fatal Injury,Approaching,D42,131,Rouge (131),-79.1912,43.8502,NULL,NULL,N,NULL,NULL,NULL
1310192,2012,00:00.0,1005,10,UNWIN Aven,CHERRY Stre,NULL,4,Toronto and East York,14,51,Mid-Block,At Intersection,No Control,Clear,Daylight,Dry,Non-Fatal Injury,Turning Movement,D51,70,South Riverdale (70),-79.3457,43.6394,NULL,NULL,N,NULL,NULL,NULL
1306712,2012,00:00.0,2229,22,QUEEN ST W,DUNN AVE,NULL,1,Toronto and East York,4,NULL,Intersection,At Intersection,Traffic Signal,Clear,"Dark, artificial",Dry,Non-Fatal Injury,Pedestrian Collisions,D11,86,Roncesvalles (86),-79.4344,43.641,NULL,NULL,N,NULL,NULL,NULL
1315724,2012,00:00.0,1409,14,HILLSIDE AVE,ROYAL YORK RD,NULL,3,Etobicoke York,3,22,Intersection,At Intersection,Stop Sign,Clear,Daylight,Dry,Non-Fatal Injury,Pedestrian Collisions,D22,17,Mimico (17),-79.4957,43.61,NULL,NULL,N,NULL,NULL,NULL
1311464,2012,00:00.0,1627,16,ALLIANCE AVE,ROCKCLIFFE BLVD,NULL,2,Etobicoke York,5,12,Intersection,At Intersection,Traffic Signal,Clear,Daylight,Dry,Fatal,Angle,D12,111,Rockcliffe-Smythe (111),-79.4893,43.6769,NULL,NULL,N,NULL,NULL,NULL
1302144,2012,00:00.0,8,0,KING ST W,BRANT ST,NULL,1,Toronto and East York,10,14,Mid-Block,NULL,No Control,Clear,"Dark, artificial",Dry,Non-Fatal Injury,Sideswipe,D14,77,Waterfront Communities-The Island (77),-79.3968,43.645,NULL,NULL,N,NULL,NULL,NULL
1294470,2012,00:00.0,1320,13,KIPLING AVE,PRINCE GEORGE DR,NULL,1,Etobicoke York,2,22,Intersection,NULL,Stop Sign,Clear,Daylight,Dry,Non-Fatal Injury,Cyclist Collisions,D22,10,Princess-Rosethorn (10),-79.5466,43.6676,NULL,NULL,N,NULL,NULL,NULL
1312584,2012,00:00.0,1713,17,LAKE SHORE Boul E,CARLAW Aven,NULL,1,Toronto and East York,14,55,Intersection,At Intersection,Traffic Signal,Clear,Daylight,Dry,Non-Fatal Injury,Turning Movement,D55,70,South Riverdale (70),-79.3373,43.6549,NULL,NULL,N,NULL,NULL,NULL
1286941,2012,00:00.0,555,5,FINCH AVE W,DRIFTWOOD AVE,NULL,1,Etobicoke York,7,31,Mid-Block,NULL,No Control,Clear,"Dawn, artificial",Dry,Fatal,Pedestrian Collisions,D31,25,Glenfield-Jane Heights (25),-79.5123,43.7582,NULL,NULL,N,NULL,NULL,NULL
1304934,2012,00:00.0,1427,14,ROSEDALE VALLEY RD,BAYVIEW S ROSEDALE VL RAMP,NULL,3,Toronto and East York,NULL,51,Intersection,At Intersection,No Control,Clear,Daylight,Dry,Non-Fatal Injury,Cyclist Collisions,D51,71,Cabbagetown-South St.James Town (71),-79.3616,43.6702,NULL,NULL,N,NULL,NULL,NULL
1298031,2012,00:00.0,1030,10,DON MILLS RD,STEELES AVE E,NULL,1,North York,17,33,Intersection,At Intersection,Traffic Signal,Rain,Daylight,Wet,Non-Fatal Injury,Pedestrian Collisions,D33,48,Hillcrest Village (48),-79.3607,43.8111,-79.3607,43.8111,Y,Steeles Ave E,Don Mills Rd,2021-09-13
1311644,2012,00:00.0,810,8,CARLTON ST,SHERBOURNE ST,NULL,3,Toronto and East York,13,51,Mid-Block,NULL,No Control,Clear,Daylight,Dry,Fatal,Pedestrian Collisions,D51,73,Moss Park (73),-79.3725,43.6632,NULL,NULL,N,NULL,NULL,NULL
1313728,2012,00:00.0,525,5,ROYAL YORK RD,EVANS AVE,NULL,3,Etobicoke York,3,22,Intersection,At Intersection,Traffic Signal,Clear,"Dark, artificial",Dry,Non-Fatal Injury,Turning Movement,D22,17,Mimico (17),-79.5003,43.621,NULL,NULL,N,NULL,NULL,NULL
1285114,2012,00:00.0,114,1,KING Stre W,PETER Stre,NULL,1,Toronto and East York,10,52,Intersection,At Intersection,Traffic Signal,Clear,"Dark, artificial",Dry,Non-Fatal Injury,Cyclist Collisions,D52,77,Waterfront Communities-The Island (77),-79.3922,43.646,NULL,NULL,N,NULL,NULL,NULL
1293487,2012,00:00.0,1825,18,HUMBERLINE Driv,HOLYOAKE Cres,NULL,2,Etobicoke York,1,23,Mid-Block,NULL,No Control,Clear,Daylight,Dry,Non-Fatal Injury,Pedestrian Collisions,D23,1,West Humber-Clairville (1),-79.6137,43.7322,NULL,NULL,N,NULL,NULL,NULL
1311646,2012,00:00.0,1529,15,ST CLAIR AVE W,MONDOVI GT,NULL,1,Etobicoke York,5,NULL,Mid-Block,NULL,No Control,Clear,Daylight,Dry,Non-Fatal Injury,Pedestrian Collisions,D11,90,Junction Area (90),-79.4741,43.671,NULL,NULL,N,NULL,NULL,NULL
1311647,2012,00:00.0,2350,23,MARILAKE DR,SUMMERGLADE DR,NULL,4,Scarborough,23,42,Mid-Block,NULL,No Control,Clear,"Dark, artificial",Dry,Fatal,SMV Unattended Vehicle,D42,128,Agincourt South-Malvern West (128),-79.2708,43.7809,NULL,NULL,N,NULL,NULL,NULL
1299888,2012,00:00.0,1835,18,ALBION AVE,PHARMACY AVE,NULL,3,Scarborough,20,41,Intersection,At Intersection,Stop Sign,Clear,Daylight,Wet,Non-Fatal Injury,Turning Movement,D41,121,Oakridge (121),-79.2847,43.6956,NULL,NULL,N,NULL,NULL,NULL
1291380,2012,00:00.0,2108,21,ELLESMERE RD,MCCOWAN RD,NULL,1,Scarborough,NULL,43,Intersection,At Intersection,Traffic Signal,Clear,Dark,Dry,Non-Fatal Injury,Pedestrian Collisions,D43,137,Woburn (137),-79.2514,43.7721,-79.2514,43.7721,Y,McCowan Rd,Ellesmere Rd,2021-08-27
1327549,2012,00:00.0,2316,23,KENNEDY RD,STEELES AVE E,NULL,1,Scarborough,22,42,Intersection,At Intersection,Traffic Signal,Rain,"Dark, artificial",Wet,Non-Fatal Injury,Pedestrian Collisions,D42,130,Milliken (130),-79.307,43.8236,NULL,NULL,N,NULL,NULL,NULL
1369177,2013,00:00.0,2048,20,LAKE SHORE BLVD W,DOWLING S LAKESHORE W RAMP,NULL,1,Toronto and East York,4,14,Mid-Block,NULL,No Control,Clear,Dusk,Dry,Fatal,Other,D14,85,South Parkdale (85),-79.439,43.6344,NULL,NULL,N,NULL,NULL,NULL
1369173,2013,00:00.0,305,3,STEELES AVE W,ISLINGTON AVE,NULL,1,Etobicoke York,7,31,Mid-Block,NULL,No Control,Clear,"Dark, artificial",Dry,Fatal,SMV Other,D31,21,Humber Summit (21),-79.5772,43.7637,NULL,NULL,N,NULL,NULL,NULL
1354199,2013,00:00.0,1856,18,FINCH Ave E,BALDOON Rd,NULL,3,Scarborough,23,42,Intersection,At Intersection,Stop Sign,Clear,"Daylight, artificial",Dry,Non-Fatal Injury,Pedestrian Collisions,D42,131,Rouge (131),-79.2323,43.8152,NULL,NULL,N,NULL,NULL,NULL
1379740,2013,00:00.0,1140,11,139 HORSHAM AVE,NULL,NULL,4,North York,18,32,Mid-Block,NULL,No Control,Clear,Daylight,Dry,Non-Fatal Injury,Pedestrian Collisions,D32,37,Willowdale West (37),-79.4217,43.773,NULL,NULL,N,NULL,NULL,NULL
1357107,2013,00:00.0,1405,14,SPADINA Ave,COLLEGE St,NULL,1,Toronto and East York,11,NULL,Intersection,At Intersection,No Control,Clear,Daylight,Dry,Non-Fatal Injury,SMV Other,D52,79,University (79),-79.4004,43.659,NULL,NULL,N,NULL,NULL,NULL
1365804,2013,00:00.0,1850,18,GERRARD St E,BROADVIEW Ave,NULL,3,Toronto and East York,14,55,Mid-Block,NULL,No Control,Clear,Daylight,Dry,Non-Fatal Injury,Cyclist Collisions,D55,68,North Riverdale (68),-79.3513,43.6657,NULL,NULL,N,NULL,NULL,NULL
1365697,2013,00:00.0,1022,10,41 WAYSIDE Ave,NULL,NULL,2,Scarborough,22,42,Intersection,NULL,No Control,Clear,Daylight,Dry,Non-Fatal Injury,Pedestrian Collisions,D42,117,L'Amoreaux (117),-79.3001,43.8017,NULL,NULL,N,NULL,NULL,NULL
1319338,2012,00:00.0,1630,16,DUNDAS ST W,HOWARD PARK AVE,NULL,3,Toronto and East York,4,11,Intersection,At Intersection,Traffic Signal,Clear,Daylight,Dry,Non-Fatal Injury,Cyclist Collisions,D11,86,Roncesvalles (86),-79.448,43.6521,NULL,NULL,N,NULL,NULL,NULL
1319643,2012,00:00.0,1855,18,WESTON RD,GLENVALLEY DR,NULL,3,Etobicoke York,5,12,Intersection,At Intersection,Stop Sign,Clear,Daylight,Dry,Non-Fatal Injury,Cyclist Collisions,D12,115,Mount Dennis (115),-79.4925,43.6881,NULL,NULL,N,NULL,NULL,NULL
1320320,2012,00:00.0,1345,13,BRAHMS AVE,CRESTHAVEN DR,NULL,2,North York,17,33,Intersection,NULL,No Control,Rain,Daylight,Wet,Non-Fatal Injury,Pedestrian Collisions,D33,48,Hillcrest Village (48),-79.3605,43.7986,NULL,NULL,N,NULL,NULL,NULL
1366444,2013,00:00.0,535,5,BATHURST ST,ROBINSON ST,NULL,1,Toronto and East York,10,14,Intersection,At Intersection,Traffic Signal,Rain,"Dawn, artificial",Wet,Non-Fatal Injury,Cyclist Collisions,D14,78,Kensington-Chinatown (78),-79.4045,43.6488,NULL,NULL,N,NULL,NULL,NULL
1380106,2013,00:00.0,820,8,GLENROY Ave,HUMBERVALE Blvd,NULL,4,Etobicoke York,3,22,Intersection,At Intersection,Stop Sign,Clear,Daylight,Dry,Non-Fatal Injury,Cyclist Collisions,D22,16,Stonegate-Queensway (16),-79.5079,43.6425,NULL,NULL,N,NULL,NULL,NULL
1345912,2013,00:00.0,2215,22,CHAPMAN RD,ROYAL YORK RD,NULL,3,Etobicoke York,2,23,Intersection,NULL,Stop Sign,Rain,"Dark, artificial",Wet,Non-Fatal Injury,Pedestrian Collisions,D23,8,Humber Heights-Westmount (8),-79.5288,43.6875,NULL,NULL,N,NULL,NULL,NULL
1369473,2013,00:00.0,613,6,WELLESLEY ST E,PARLIAMENT ST,NULL,3,Toronto and East York,13,51,Intersection,At Intersection,Traffic Signal,Clear,Dawn,Dry,Non-Fatal Injury,Pedestrian Collisions,D51,71,Cabbagetown-South St.James Town (71),-79.3695,43.6681,NULL,NULL,N,NULL,NULL,NULL
1369726,2013,00:00.0,1325,13,LAKE SHORE BLVD W,QUEENS AVE,NULL,1,Etobicoke York,3,22,NULL,NULL,No Control,Clear,Daylight,Dry,Non-Fatal Injury,Turning Movement,D22,17,Mimico (17),-79.4902,43.6096,NULL,NULL,N,NULL,NULL,NULL
1288324,2012,00:00.0,1048,10,EGLINTON AVE W,CALEDONIA RD,NULL,1,North York,NULL,13,Intersection,NULL,Traffic Signal,Clear,Daylight,Dry,Non-Fatal Injury,Pedestrian Collisions,D13,108,Briar Hill-Belgravia (108),-79.4621,43.693,NULL,NULL,N,NULL,NULL,NULL
1351180,2013,00:00.0,1419,14,KEELE St,CALVINGTON Dr,NULL,1,North York,6,31,Intersection,At Intersection,Traffic Signal,Rain,Daylight,Wet,Non-Fatal Injury,Turning Movement,D31,26,Downsview-Roding-CFB (26),-79.4836,43.7335,NULL,NULL,N,NULL,NULL,NULL
1371679,2013,00:00.0,1235,12,KIPLING AVE,EVANS AVE,NULL,1,Etobicoke York,3,22,Intersection,At Intersection,Traffic Signal,Clear,Daylight,Dry,Non-Fatal Injury,SMV Other,D22,17,Mimico (17),-79.5246,43.6158,NULL,NULL,N,NULL,NULL,NULL
1359211,2013,00:00.0,1309,13,EGLINTON AVE W,PARK HILL RD,NULL,1,North York,NULL,13,Intersection,At Intersection,No Control,Clear,Daylight,Dry,Non-Fatal Injury,Cyclist Collisions,D13,106,Humewood-Cedarvale (106),-79.4372,43.6984,NULL,NULL,N,NULL,NULL,NULL
1340319,2012,00:00.0,1720,17,PALMERSTON BLVD,LENNOX ST,NULL,2,Toronto and East York,11,14,Intersection,At Intersection,Stop Sign,Clear,"Dark, artificial",Dry,Non-Fatal Injury,Cyclist Collisions,D14,80,Palmerston-Little Italy (80),-79.413,43.6633,NULL,NULL,N,NULL,NULL,NULL
1374452,2013,00:00.0,945,9,SUTHERLAND DR,MCRAE DR,NULL,2,North York,15,53,Intersection,At Intersection,Stop Sign,Clear,Daylight,Dry,Non-Fatal Injury,Cyclist Collisions,D53,56,Leaside-Bennington (56),-79.3654,43.7085,NULL,NULL,N,NULL,NULL,NULL
1301520,2012,00:00.0,1731,17,EGLINTON AVE W,ATLAS AVE,NULL,1,North York,NULL,13,Intersection,NULL,No Control,Clear,Daylight,Dry,Non-Fatal Injury,Rear End,D13,107,Oakwood Village (107),-79.4383,43.6982,NULL,NULL,N,NULL,NULL,NULL
1374300,2013,00:00.0,1215,12,BLOOR ST W,MILL RD,NULL,1,Etobicoke York,2,22,Mid-Block,NULL,No Control,Clear,Daylight,Dry,Non-Fatal Injury,Pedestrian Collisions,D22,12,Markland Wood (12),-79.5767,43.6313,NULL,NULL,N,NULL,NULL,NULL
1371962,2013,00:00.0,705,7,1245 DUPONT ST,NULL,NULL,1,Toronto and East York,9,11,Mid-Block,NULL,No Control,Clear,Daylight,Dry,Non-Fatal Injury,Cyclist Collisions,D11,93,Dovercourt-Wallace Emerson-Junction (93),-79.4418,43.6681,NULL,NULL,N,NULL,NULL,NULL
1372001,2013,00:00.0,1840,18,QUEEN ST W,WILSON PARK RD,NULL,1,Toronto and East York,4,NULL,Intersection,NULL,No Control,Clear,Daylight,Dry,Fatal,Pedestrian Collisions,D14,86,Roncesvalles (86),-79.4424,43.6394,NULL,NULL,N,NULL,NULL,NULL
1336042,2013,00:00.0,1031,10,BATHURST ST,VESTA DR,NULL,1,North York,8,NULL,Intersection,NULL,Traffic Signal,Clear,Daylight,Dry,Non-Fatal Injury,Pedestrian Collisions,D53,102,Forest Hill North (102),-79.4258,43.7033,NULL,NULL,N,NULL,NULL,NULL
1345603,2013,00:00.0,400,4,BLOOR ST W,ST HELENS AVE,NULL,1,Toronto and East York,9,11,Intersection,At Intersection,Stop Sign,Clear,"Dark, artificial",Dry,Non-Fatal Injury,Cyclist Collisions,D11,83,Dufferin Grove (83),-79.4439,43.658,NULL,NULL,N,NULL,NULL,NULL
1376797,2013,00:00.0,2106,21,LAWRENCE AVE W,PINE ST,NULL,1,Etobicoke York,5,12,Intersection,At Intersection,Traffic Signal,Rain,Dark,Wet,Non-Fatal Injury,Pedestrian Collisions,D12,113,Weston (113),-79.5083,43.7019,NULL,NULL,N,NULL,NULL,NULL
1346364,2013,00:00.0,35,0,QUEEN ST W,DOWLING AVE,NULL,1,Toronto and East York,4,NULL,NULL,NULL,No Control,Snow,Dark,Loose Snow,Non-Fatal Injury,Pedestrian Collisions,D14,86,Roncesvalles (86),-79.4398,43.6399,NULL,NULL,N,NULL,NULL,NULL
1372879,2013,00:00.0,2136,21,WILLIAM R ALLEN RD,TRANSIT RD,NULL,1,North York,6,32,Mid-Block,Non Intersection,No Control,Clear,Dark,Dry,Non-Fatal Injury,Rear End,D32,33,Clanton Park (33),-79.4548,43.7422,NULL,NULL,N,NULL,NULL,NULL
1382461,2013,00:00.0,1140,11,LAWRENCE Ave E,COLLINSGROVE Rd,NULL,3,Scarborough,25,43,Intersection,At Intersection,Traffic Signal,Clear,Daylight,Dry,Non-Fatal Injury,Pedestrian Collisions,D43,136,West Hill (136),-79.1828,43.7691,NULL,NULL,N,NULL,NULL,NULL
1287560,2012,00:00.0,1525,15,UNIVERSITY AVE,RICHMOND ST W,NULL,1,Toronto and East York,10,52,Intersection,At Intersection,Traffic Signal,Clear,Daylight,Dry,Non-Fatal Injury,Angle,D52,76,Bay Street Corridor (76),-79.3862,43.65,-79.3862,43.65,Y,University Ave,Richmond St W,2017-07-24
2234262,2020,00:00.0,1735,17,KENNEDY ROAD,PROGRESS AVE,NULL,1,Scarborough,21,41,Intersection,At Intersection,Traffic Signal,Rain,"Dark, artificial",Wet,Non-Fatal Injury,Pedestrian Collisions,D41,126,Dorset Park (126),-79.2822,43.7694,NULL,NULL,N,NULL,NULL,NULL
1269208,2011,00:00.0,1310,13,ST GEORGES Blvd,YORK Rd,NULL,4,Etobicoke York,1,23,Intersection,At Intersection,Stop Sign,Clear,Daylight,Dry,Non-Fatal Injury,SMV Other,D23,6,Kingsview Village-The Westway (6),-79.5537,43.7022,NULL,NULL,N,NULL,NULL,NULL
2253261,2020,00:00.0,1638,16,ELLESMERE RD,NEILSON RD,NULL,1,Scarborough,24,43,Intersection,At Intersection,Traffic Signal,Clear,Dusk,Dry,Fatal,Angle,D43,135,Morningside (135),-79.2049,43.7825,NULL,NULL,N,NULL,NULL,NULL
2298555,2020,00:00.0,1716,17,2255 MARKHAM RD,NULL,NULL,1,Scarborough,NULL,NULL,Mid-Block,Non Intersection,No Control,Clear,"Dusk, artificial",Dry,Fatal,Pedestrian Collisions,D42,132,Malvern (132),-79.2432,43.8095,NULL,NULL,N,NULL,NULL,NULL
2450003,2020,00:00.0,1721,17,KENNEDY RD,SHEPPARD AVE E,NULL,1,Scarborough,NULL,NULL,Intersection,Intersection Related,Traffic Signal,Rain,"Dark, artificial",Wet,Fatal,Pedestrian Collisions,D42,128,Agincourt South-Malvern West (128),-79.2882,43.7832,-79.2882,43.7832,Y,Kennedy Rd,Sheppard Ave E,2020-05-27
1468565,2020,00:00.0,1557,15,941 PROGRESS AVE,PROGRESS AVE,40 m East of,NULL,NULL,NULL,NULL,Mid-Block,Non Intersection,No Control,Clear,Daylight,Dry,Non-Fatal Injury,Pedestrian Collisions,D43,137,Woburn (137),-79.2322,43.7853,NULL,NULL,N,NULL,NULL,NULL
9002374451,2019,00:00.0,1732,17,DANFORTH AVE,ARUNDEL AVE,2 m East of,1,Toronto and East York,14,NULL,Intersection,At Intersection,Stop Sign,Clear,"Dark, artificial",Wet,Non-Fatal Injury,Pedestrian Collisions,D55,68,North Riverdale (68),-79.3507,43.6777,NULL,NULL,N,NULL,NULL,NULL
1259602,2011,00:00.0,548,5,WILSON AVE,ALLINGHAM GDNS,NULL,1,North York,6,32,Intersection,At Intersection,No Control,Clear,"Dark, artificial",Other,Fatal,Pedestrian Collisions,D32,33,Clanton Park (33),-79.4427,43.7355,NULL,NULL,N,NULL,NULL,NULL
1600299,2020,00:00.0,1011,10,ROYAL YORK RD,SIMPSON AV,NULL,NULL,NULL,NULL,NULL,Mid-Block,Non Intersection,No Control,Clear,Daylight,Dry,Non-Fatal Injury,Cyclist Collisions,D22,17,Mimico (17),-79.4992,43.6183,NULL,NULL,N,NULL,NULL,NULL
1252312,2011,00:00.0,1925,19,PARKSIDE DR,ALGONQUIN AVE,NULL,1,Toronto and East York,4,11,Intersection,At Intersection,No Control,Clear,Daylight,Dry,Non-Fatal Injury,Rear End,D11,87,High Park-Swansea (87),-79.4554,43.6431,NULL,NULL,N,NULL,NULL,NULL
1184122,2020,00:00.0,1502,15,DANFORTH RD,TRUDELLE ST,4 m West of,1,Scarborough,21,43,Intersection,At Intersection,Traffic Signal,Clear,Daylight,Dry,Non-Fatal Injury,Turning Movement,D43,138,Eglinton East (138),-79.2455,43.7399,NULL,NULL,N,NULL,NULL,NULL
1266314,2011,00:00.0,2328,23,DANFORTH AVE,COXWELL AVE,NULL,1,Toronto and East York,NULL,NULL,Intersection,At Intersection,Traffic Signal,Rain,Dark,Wet,Non-Fatal Injury,Pedestrian Collisions,D55,64,Woodbine Corridor (64),-79.3235,43.6833,NULL,NULL,N,NULL,NULL,NULL
1242674,2011,00:00.0,414,4,BLACK CREEK DR,LAWRENCE AVE W,NULL,1,Etobicoke York,5,12,Mid-Block,NULL,No Control,Clear,Dark,Dry,Fatal,SMV Other,D12,28,Rustic (28),-79.4973,43.7073,NULL,NULL,N,NULL,NULL,NULL
1249845,2011,00:00.0,1600,16,6780 KINGSTON RD,NULL,NULL,1,Scarborough,25,42,Mid-Block,NULL,No Control,Clear,Daylight,Dry,Non-Fatal Injury,Cyclist Collisions,D42,133,Centennial Scarborough (133),-79.147,43.7983,NULL,NULL,N,NULL,NULL,NULL
1271644,2011,00:00.0,1405,14,ROGERS RD,SILVERTHORN AVE,NULL,3,Etobicoke York,NULL,12,Mid-Block,NULL,No Control,Clear,Daylight,Dry,Non-Fatal Injury,Rear End,D12,110,Keelesdale-Eglinton West (110),-79.4626,43.6829,NULL,NULL,N,NULL,NULL,NULL
1272062,2011,00:00.0,1030,10,240 WELLESLEY St E,NULL,NULL,3,Toronto and East York,13,51,Intersection,NULL,No Control,Clear,Daylight,Dry,Non-Fatal Injury,Cyclist Collisions,D51,71,Cabbagetown-South St.James Town (71),-79.3708,43.6678,NULL,NULL,N,NULL,NULL,NULL
1279958,2012,00:00.0,1725,17,YONGE ST,THE ESPLANADE Stre E,NULL,1,Toronto and East York,NULL,NULL,Mid-Block,NULL,No Control,Drifting Snow,"Dusk, artificial",Dry,Non-Fatal Injury,Pedestrian Collisions,D52,77,Waterfront Communities-The Island (77),-79.3767,43.6464,NULL,NULL,N,NULL,NULL,NULL
1266689,2011,00:00.0,1635,16,BIRCHMOUNT RD,BESWICK PARK  CRT,NULL,1,Scarborough,22,42,Intersection,NULL,No Control,Rain,"Dark, artificial",Wet,Non-Fatal Injury,Pedestrian Collisions,D42,116,Steeles (116),-79.3131,43.813,NULL,NULL,N,NULL,NULL,NULL
9002450194,2019,00:00.0,1230,12,MCCOWAN RD,TOWN CENTRE CRT,3 m South of,1,Scarborough,NULL,43,Intersection,Intersection Related,Traffic Signal,Clear,Daylight,Dry,Non-Fatal Injury,Rear End,D43,137,Woburn (137),-79.2522,43.7745,NULL,NULL,N,NULL,NULL,NULL
1277427,2011,00:00.0,1840,18,KENNEDY RD,401 C E KENNEDY RAMP RD,NULL,1,Scarborough,21,41,Intersection,NULL,Traffic Signal,Clear,"Daylight, artificial",Wet,Non-Fatal Injury,Angle,D41,126,Dorset Park (126),-79.2837,43.773,NULL,NULL,N,NULL,NULL,NULL
1342832,2012,00:00.0,2040,20,MIDLAND AVE,EGLINTON AVE E,NULL,1,Scarborough,NULL,41,Intersection,At Intersection,Traffic Signal,Clear,Dark,Dry,Non-Fatal Injury,Pedestrian Collisions,D41,138,Eglinton East (138),-79.258,43.7345,NULL,NULL,N,NULL,NULL,NULL
1290615,2012,00:00.0,142,1,WOODBINE AVE,DANFORTH AVE,NULL,1,Toronto and East York,19,55,Mid-Block,NULL,No Control,Clear,Dark,Dry,Non-Fatal Injury,SMV Unattended Vehicle,D55,62,East End-Danforth (62),-79.3125,43.6851,NULL,NULL,N,NULL,NULL,NULL
1270054,2011,00:00.0,1503,15,FAIRVIEW MALL DR,GODSTONE RD,NULL,3,North York,17,33,Intersection,NULL,Traffic Signal,Rain,Daylight,Wet,Non-Fatal Injury,Pedestrian Collisions,D33,47,Don Valley Village (47),-79.3456,43.7796,NULL,NULL,N,NULL,NULL,NULL
1281493,2011,00:00.0,1128,11,LAIRD DR,EGLINTON AVE E,NULL,1,North York,15,53,Intersection,At Intersection,Traffic Signal,Clear,Daylight,Dry,Non-Fatal Injury,Pedestrian Collisions,D53,55,Thorncliffe Park (55),-79.3647,43.7135,NULL,NULL,N,NULL,NULL,NULL
1271163,2011,00:00.0,547,5,LAWRENCE AVE E,CURLEW DR,NULL,1,North York,16,33,Intersection,At Intersection,Traffic Signal,Clear,"Dark, artificial",Wet,Fatal,Turning Movement,D33,45,Parkwoods-Donalda (45),-79.3192,43.7411,NULL,NULL,N,NULL,NULL,NULL
1282186,2011,00:00.0,1404,14,ST CLAIR Ave W,EARLSCOURT Ave,NULL,1,Toronto and East York,9,13,Intersection,NULL,Traffic Signal,Rain,Daylight,Wet,Non-Fatal Injury,Cyclist Collisions,D13,92,Corso Italia-Davenport (92),-79.4473,43.677,NULL,NULL,N,NULL,NULL,NULL
1266690,2011,00:00.0,1746,17,DOVEHOUSE AVE,KEELE ST,NULL,1,North York,6,31,Intersection,NULL,Traffic Signal,Rain,"Dark, artificial",Wet,Non-Fatal Injury,Pedestrian Collisions,D31,27,York University Heights (27),-79.4875,43.7496,NULL,NULL,N,NULL,NULL,NULL
1273068,2011,00:00.0,1700,17,BLOOR Stre W,SALEM Aven,NULL,1,Toronto and East York,9,14,Intersection,At Intersection,No Control,Clear,Daylight,Dry,Non-Fatal Injury,Cyclist Collisions,D14,83,Dufferin Grove (83),-79.4316,43.6606,NULL,NULL,N,NULL,NULL,NULL
1323544,2012,00:00.0,652,6,LAWRENCE AVE W,CORONA ST,NULL,1,North York,8,NULL,Mid-Block,NULL,No Control,Rain,Dark,Wet,Fatal,Pedestrian Collisions,D13,31,Yorkdale-Glen Park (31),-79.4532,43.7141,NULL,NULL,N,NULL,NULL,NULL
1324513,2012,00:00.0,1437,14,RICHMOND ST W,UNIVERSITY AVE,NULL,1,Toronto and East York,10,52,Intersection,At Intersection,Traffic Signal,Clear,Daylight,Dry,Fatal,Cyclist Collisions,D52,76,Bay Street Corridor (76),-79.3862,43.65,-79.3862,43.65,Y,University Ave,Richmond St W,2017-07-24
1318227,2012,00:00.0,1440,14,2700 KINGSTON RD,NULL,NULL,1,Scarborough,20,41,Intersection,At Intersection,Traffic Signal,"Fog, Mist, Smoke, Dust",Daylight,Wet,Non-Fatal Injury,Pedestrian Collisions,D41,123,Cliffcrest (123),-79.2432,43.7156,NULL,NULL,N,NULL,NULL,NULL
1318483,2012,00:00.0,1455,14,JANE ST,CORBETT AVE,NULL,1,Etobicoke York,5,12,Intersection,NULL,No Control,Clear,Daylight,Dry,Fatal,SMV Other,D12,111,Rockcliffe-Smythe (111),-79.4931,43.6702,NULL,NULL,N,NULL,NULL,NULL
1308082,2012,00:00.0,1225,12,1060 KENNEDY Rd,NULL,NULL,1,Scarborough,21,41,Mid-Block,NULL,No Control,Clear,Daylight,Dry,Non-Fatal Injury,Approaching,D41,126,Dorset Park (126),-79.2747,43.7489,NULL,NULL,N,NULL,NULL,NULL
1326621,2012,00:00.0,617,6,CHURCH St,JANE St,NULL,2,Etobicoke York,5,12,Mid-Block,NULL,No Control,Clear,"Dark, artificial",Dry,Non-Fatal Injury,Cyclist Collisions,D12,113,Weston (113),-79.5058,43.7091,NULL,NULL,N,NULL,NULL,NULL