ACCNUM,YEAR,DATE,TIME,HOUR,STREET1,STREET2,OFFSET,ROAD_CLASS,DISTRICT,WARDNUM,DIVISION,LOCCOORD,ACCLOC,TRAFFCTL,VISIBILITY,LIGHT,RDSFCOND,ACCLASS,IMPACTYPE,POLICE_DIVISION,HOOD_ID,NEIGHBOURHOOD,collision_lat,collision_long,red_light_lat,red_light_long,right_light_camera,LINEAR_NAME_FULL_1,LINEAR_NAME_FULL_2,ACTIVATION_DATE
1324043,2012,00:00.0,2055,20,RICHMOND St W,PETER St,NULL,1,Toronto and East York,10,52,Intersection,At Intersection,Traffic Signal,Clear,"Dark, artificial",Dry,Non-Fatal Injury,Cyclist Collisions,D52,77,Waterfront Communities-The Island (77),-79.3932,43.6483,NULL,NULL,N,NULL,NULL,NULL
1302631,2012,00:00.0,1855,18,SHEPPARD AVE W,WILSON HEIGHTS BLVD,NULL,1,North York,6,32,Intersection,At Intersection,Traffic Signal,Clear,Daylight,Dry,Fatal,Pedestrian Collisions,D32,33,Clanton Park (33),-79.4566,43.7516,NULL,NULL,N,NULL,NULL,NULL
1311482,2012,00:00.0,1239,12,MIDLAND AVE,DORCOT AVE,NULL,1,Scarborough,21,41,Mid-Block,NULL,No Control,Clear,Daylight,Dry,Non-Fatal Injury,Approaching,D41,127,Bendale (127),-79.2679,43.7594,NULL,NULL,N,NULL,NULL,NULL
1306017,2012,00:00.0,208,2,SHERBOURNE ST,GERRARD ST E,NULL,3,Toronto and East York,13,51,Mid-Block,NULL,No Control,Clear,Dark,Dry,Non-Fatal Injury,Pedestrian Collisions,D51,73,Moss Park (73),-79.3725,43.662,NULL,NULL,N,NULL,NULL,NULL
1308396,2012,00:00.0,1740,17,CHESTNUT ST,DUNDAS ST W,NULL,2,Toronto and East York,10,52,Mid-Block,NULL,No Control,Clear,Daylight,Dry,Non-Fatal Injury,Cyclist Collisions,D52,76,Bay Street Corridor (76),-79.3857,43.6546,NULL,NULL,N,NULL,NULL,NULL
1310131,2012,00:00.0,1416,14,1591 WILSON AVE,NULL,NULL,1,Etobicoke York,7,31,Mid-Block,NULL,No Control,Clear,Daylight,Dry,Non-Fatal Injury,Pedestrian Collisions,D31,26,Downsview-Roding-CFB (26),-79.5098,43.7206,NULL,NULL,N,NULL,NULL,NULL
1278390,2011,00:00.0,1851,18,BATHURST Stre,DUNDAS Stre W,NULL,1,Toronto and East York,NULL,14,Intersection,NULL,Traffic Signal,Rain,Dark,Wet,Non-Fatal Injury,Pedestrian Collisions,D14,78,Kensington-Chinatown (78),-79.4059,43.6523,NULL,NULL,N,NULL,NULL,NULL
1275666,2011,00:00.0,118,1,WILSON HEIGHTS BLVD,SHEPPARD AVE W,NULL,1,North York,6,32,Intersection,At Intersection,Traffic Signal,Rain,"Dark, artificial",Wet,Non-Fatal Injury,Pedestrian Collisions,D32,33,Clanton Park (33),-79.4566,43.7516,NULL,NULL,N,NULL,NULL,NULL
1320791,2012,00:00.0,8,0,WILSON AVE,RIDGE RD,NULL,1,North York,6,31,Intersection,NULL,Traffic Signal,Clear,Dark,Wet,Non-Fatal Injury,Rear End,D31,26,Downsview-Roding-CFB (26),-79.4941,43.7239,NULL,NULL,N,NULL,NULL,NULL
1274609,2011,00:00.0,2135,21,BERGAMOT AVE,ISLINGTON AVE,NULL,1,Etobicoke York,1,23,Intersection,At Intersection,Traffic Signal,Clear,"Dark, artificial",Dry,Non-Fatal Injury,Pedestrian Collisions,D23,5,Elms-Old Rexdale (5),-79.5559,43.7169,NULL,NULL,N,NULL,NULL,NULL
1325621,2012,00:00.0,2004,20,SHEPPARD AVE E,BIRCHMOUNT RD,NULL,1,Scarborough,22,42,Intersection,At Intersection,Traffic Signal,Rain,"Dark, artificial",Wet,Non-Fatal Injury,Turning Movement,D42,118,Tam O'Shanter-Sullivan (118),-79.298,43.781,NULL,NULL,N,NULL,NULL,NULL
1317446,2012,00:00.0,755,7,EGLINTON AVE W,BLACKTHORN AVE,NULL,1,Etobicoke York,5,12,Intersection,At Intersection,Traffic Signal,Clear,Daylight,Dry,Non-Fatal Injury,Rear End,D12,112,Beechborough-Greenbrook (112),-79.4653,43.6919,NULL,NULL,N,NULL,NULL,NULL
1259697,2011,00:00.0,830,8,BATHURST Stre,REINER Road,NULL,1,North York,6,32,Intersection,At Intersection,Stop Sign,Clear,Daylight,Dry,Non-Fatal Injury,Pedestrian Collisions,D32,38,Lansing-Westgate (38),-79.4376,43.7523,NULL,NULL,N,NULL,NULL,NULL
1306825,2012,00:00.0,1542,15,PARLIAMENT ST,ST JAMES AVE,NULL,3,Toronto and East York,13,51,Intersection,At Intersection,No Control,Clear,Daylight,Dry,Non-Fatal Injury,Rear End,D51,71,Cabbagetown-South St.James Town (71),-79.3703,43.6702,NULL,NULL,N,NULL,NULL,NULL
1308147,2012,00:00.0,1720,17,BATHURST ST,HARBORD ST,NULL,1,Toronto and East York,11,14,Intersection,At Intersection,Traffic Signal,Clear,Daylight,Dry,Non-Fatal Injury,Cyclist Collisions,D14,79,University (79),-79.4097,43.6615,NULL,NULL,N,NULL,NULL,NULL
1292158,2012,00:00.0,445,4,FINCH Aven W,PITTSBORO Driv,NULL,1,Etobicoke York,1,23,Intersection,NULL,No Control,Clear,"Dark, artificial",Dry,Non-Fatal Injury,SMV Other,D23,2,Mount Olive-Silverstone-Jamestown (2),-79.59,43.7374,NULL,NULL,N,NULL,NULL,NULL
1299440,2012,00:00.0,1111,11,GERRARD Stre E,RIVER Stre,NULL,3,Toronto and East York,13,51,Intersection,NULL,Traffic Signal,Clear,Daylight,Dry,Non-Fatal Injury,Cyclist Collisions,D51,72,Regent Park (72),-79.3592,43.6636,NULL,NULL,N,NULL,NULL,NULL
1308881,2012,00:00.0,1827,18,SEWELLS RD,MORNINGSIDE AVE,NULL,3,Scarborough,25,42,Mid-Block,NULL,No Control,Clear,Daylight,Dry,Non-Fatal Injury,SMV Other,D42,131,Rouge (131),-79.2106,43.8167,NULL,NULL,N,NULL,NULL,NULL
1322569,2012,00:00.0,750,7,DUNDAS St E,HILTZ Ave,NULL,3,Toronto and East York,14,55,Mid-Block,NULL,No Control,Clear,Daylight,Dry,Non-Fatal Injury,SMV Other,D55,70,South Riverdale (70),-79.3281,43.6675,NULL,NULL,N,NULL,NULL,NULL
1296801,2012,00:00.0,645,6,BLACK CREEK DR,EGLINTON AVE W,NULL,1,Etobicoke York,5,12,Intersection,At Intersection,Traffic Signal,Rain,Daylight,Wet,Non-Fatal Injury,Angle,D12,110,Keelesdale-Eglinton West (110),-79.4828,43.6882,NULL,NULL,N,NULL,NULL,NULL
1296775,2012,00:00.0,1815,18,DOVERCOURT RD,NORTHUMBERLAND ST,NULL,3,Toronto and East York,9,14,Intersection,At Intersection,Stop Sign,Clear,Daylight,Dry,Non-Fatal Injury,Pedestrian Collisions,D14,93,Dovercourt-Wallace Emerson-Junction (93),-79.4296,43.6622,NULL,NULL,N,NULL,NULL,NULL
1329108,2012,00:00.0,1410,14,ISLINGTON AVE,BERGAMOT AVE,NULL,1,Etobicoke York,1,23,Intersection,At Intersection,Traffic Signal,Clear,Daylight,Dry,Non-Fatal Injury,Angle,D23,5,Elms-Old Rexdale (5),-79.5559,43.7169,NULL,NULL,N,NULL,NULL,NULL
1307861,2012,00:00.0,1623,16,NEILSON RD,OAKMEADOW BLVD,NULL,3,Scarborough,24,43,Mid-Block,NULL,No Control,Clear,Daylight,Dry,Fatal,SMV Other,D43,135,Morningside (135),-79.2125,43.7905,NULL,NULL,N,NULL,NULL,NULL
1305359,2012,00:00.0,1725,17,BLOOR ST W,DUFFERIN ST,NULL,1,Toronto and East York,9,NULL,Intersection,NULL,Traffic Signal,Clear,Daylight,Dry,Non-Fatal Injury,Cyclist Collisions,D11,83,Dufferin Grove (83),-79.4353,43.6598,NULL,NULL,N,NULL,NULL,NULL
1284315,2012,00:00.0,2210,22,BLEECKER St,CARLTON St,NULL,2,Toronto and East York,13,51,Mid-Block,NULL,No Control,Clear,"Dark, artificial",Dry,Non-Fatal Injury,SMV Unattended Vehicle,D51,71,Cabbagetown-South St.James Town (71),-79.3728,43.6649,NULL,NULL,N,NULL,NULL,NULL
1292914,2012,00:00.0,1550,15,COLLEGE ST,BATHURST ST,NULL,1,Toronto and East York,11,14,Intersection,At Intersection,Traffic Signal,Clear,Daylight,Dry,Non-Fatal Injury,Cyclist Collisions,D14,78,Kensington-Chinatown (78),-79.4076,43.6564,NULL,NULL,N,NULL,NULL,NULL
1316502,2012,00:00.0,707,7,RONCESVALLES AVE,WRIGHT AVE,NULL,3,Toronto and East York,4,11,Intersection,NULL,No Control,Clear,Daylight,Wet,Non-Fatal Injury,Cyclist Collisions,D11,86,Roncesvalles (86),-79.4486,43.6454,NULL,NULL,N,NULL,NULL,NULL
1305265,2012,00:00.0,1739,17,O CONNOR DR,WOODMOUNT AVE,NULL,1,Toronto and East York,19,54,Intersection,NULL,No Control,Rain,Daylight,Wet,Non-Fatal Injury,Other,D54,58,Old East York (58),-79.3213,43.6994,NULL,NULL,N,NULL,NULL,NULL
1265912,2011,00:00.0,2017,20,DIXON RD,CARLINGVIEW DR,NULL,1,Etobicoke York,1,23,Mid-Block,NULL,No Control,Clear,Dark,Dry,Non-Fatal Injury,Pedestrian Collisions,D23,1,West Humber-Clairville (1),-79.5963,43.6867,NULL,NULL,N,NULL,NULL,NULL
1295871,2012,00:00.0,1240,12,22 DELHI AVE,NULL,NULL,4,North York,8,32,Intersection,NULL,No Control,Clear,Daylight,Dry,Fatal,Pedestrian Collisions,D32,39,Bedford Park-Nortown (39),-79.4182,43.7423,NULL,NULL,N,NULL,NULL,NULL
1305383,2012,00:00.0,2045,20,DUFFERIN ST,BLOOR ST W,NULL,1,Toronto and East York,9,NULL,Intersection,At Intersection,Traffic Signal,Clear,Dusk,Dry,Non-Fatal Injury,Cyclist Collisions,D11,83,Dufferin Grove (83),-79.4353,43.6598,NULL,NULL,N,NULL,NULL,NULL
1328489,2012,00:00.0,1525,15,851 HUNTINGWOOD DR,NULL,NULL,3,Scarborough,22,42,Intersection,At Intersection,No Control,Clear,Daylight,Dry,Non-Fatal Injury,Rear End,D42,118,Tam O'Shanter-Sullivan (118),-79.2948,43.7947,NULL,NULL,N,NULL,NULL,NULL
1289788,2012,00:00.0,2310,23,BATHURST ST,MASCOT PL,NULL,1,North York,NULL,32,Intersection,At Intersection,No Control,Clear,"Dark, artificial",Dry,Non-Fatal Injury,Pedestrian Collisions,D32,37,Willowdale West (37),-79.442,43.7703,NULL,NULL,N,NULL,NULL,NULL
1289975,2012,00:00.0,1434,14,NEILSON RD,SHEPPARD AVE E,NULL,1,Scarborough,NULL,42,Intersection,At Intersection,Traffic Signal,Clear,Daylight,Dry,Non-Fatal Injury,Turning Movement,D42,132,Malvern (132),-79.2176,43.7981,-79.2176,43.7981,Y,Neilson Rd,Sheppard Ave E,2009-08-04
1322204,2012,00:00.0,1522,15,ST CLAIR AVE W,HENDRICK AVE,NULL,1,Toronto and East York,12,13,Intersection,NULL,No Control,Clear,Daylight,Dry,Non-Fatal Injury,Pedestrian Collisions,D13,94,Wychwood (94),-79.431,43.6805,NULL,NULL,N,NULL,NULL,NULL
1297963,2012,00:00.0,1624,16,COXWELL Ave,COSBURN Ave,NULL,3,Toronto and East York,NULL,54,Mid-Block,NULL,No Control,Clear,Daylight,Dry,Non-Fatal Injury,Pedestrian Collisions,D54,59,Danforth East York (59),-79.3277,43.6935,NULL,NULL,N,NULL,NULL,NULL
1321027,2012,00:00.0,518,5,DON VALLEY PARKWAY  S,SPANBRIDGE RD,NULL,NULL,North York,16,54,Mid-Block,NULL,No Control,Clear,"Dark, artificial",Wet,Fatal,SMV Other,D54,44,Flemingdon Park (44),-79.3254,43.7143,NULL,NULL,N,NULL,NULL,NULL
1381629,2013,00:00.0,1904,19,ELMHURST Ave,YONGE St,NULL,2,North York,18,32,Mid-Block,NULL,No Control,Clear,Daylight,Dry,Non-Fatal Injury,Pedestrian Collisions,D32,38,Lansing-Westgate (38),-79.4121,43.763,NULL,NULL,N,NULL,NULL,NULL
1329595,2012,00:00.0,2210,22,SHAUGHNESSY BLVD,ROCHELLE CRES,NULL,2,North York,17,33,Intersection,At Intersection,No Control,Rain,"Dark, artificial",Wet,Non-Fatal Injury,Pedestrian Collisions,D33,47,Don Valley Village (47),-79.3535,43.7743,NULL,NULL,N,NULL,NULL,NULL
1298032,2012,00:00.0,1220,12,SHEPPARD AVE E,PARKWAY FOREST DR,NULL,1,North York,17,33,Intersection,At Intersection,Traffic Signal,Clear,Daylight,Dry,Non-Fatal Injury,Rear End,D33,47,Don Valley Village (47),-79.3436,43.7758,NULL,NULL,N,NULL,NULL,NULL
1367772,2013,00:00.0,1340,13,ROYAL YORK Rd,BLOOR St W,NULL,1,Etobicoke York,3,22,Intersection,NULL,Traffic Signal,Clear,Daylight,Dry,Non-Fatal Injury,Pedestrian Collisions,D22,16,Stonegate-Queensway (16),-79.5113,43.6473,NULL,NULL,N,NULL,NULL,NULL
1368270,2013,00:00.0,1,0,SHEPPARD AVE E,DON MILLS RD,NULL,1,North York,17,33,Mid-Block,NULL,No Control,Rain,"Dark, artificial",Wet,Fatal,Pedestrian Collisions,D33,47,Don Valley Village (47),-79.3478,43.7749,NULL,NULL,N,NULL,NULL,NULL
1306648,2012,00:00.0,1440,14,DANFORTH AVE,PAPE AVE,NULL,1,Toronto and East York,14,NULL,Intersection,At Intersection,Traffic Signal,Clear,Daylight,Dry,Non-Fatal Injury,Pedestrian Collisions,D55,69,Blake-Jones (69),-79.3447,43.6789,NULL,NULL,N,NULL,NULL,NULL
1319682,2012,00:00.0,36,0,PAPE AVE,COSBURN AVE,NULL,1,Toronto and East York,14,54,Intersection,At Intersection,Traffic Signal,Clear,"Dark, artificial",Dry,Non-Fatal Injury,Pedestrian Collisions,D54,58,Old East York (58),-79.3487,43.6894,NULL,NULL,N,NULL,NULL,NULL
1298848,2012,00:00.0,149,1,LAKE SHORE BLVD W,ELLIS AVE,NULL,1,Toronto and East York,4,11,Mid-Block,NULL,No Control,Clear,"Dark, artificial",Dry,Non-Fatal Injury,SMV Other,D11,85,South Parkdale (85),-79.4635,43.6366,NULL,NULL,N,NULL,NULL,NULL
1354394,2013,00:00.0,2259,22,BLOOR ST W,MARGUERETTA ST,NULL,1,Toronto and East York,9,11,Intersection,At Intersection,No Control,Clear,Dark,Dry,Non-Fatal Injury,Cyclist Collisions,D11,83,Dufferin Grove (83),-79.4396,43.6589,NULL,NULL,N,NULL,NULL,NULL
1316027,2012,00:00.0,1440,14,KING ST E,VICTORIA ST,NULL,1,Toronto and East York,13,51,Intersection,At Intersection,No Control,Clear,Daylight,Dry,Non-Fatal Injury,Cyclist Collisions,D51,75,Church-Yonge Corridor (75),-79.3766,43.6493,NULL,NULL,N,NULL,NULL,NULL
1331518,2012,00:00.0,1900,19,MCCOWAN RD,PITFIELD RD,NULL,1,Scarborough,23,42,Intersection,At Intersection,Traffic Signal,Rain,"Dark, artificial",Wet,Non-Fatal Injury,Turning Movement,D42,128,Agincourt South-Malvern West (128),-79.2572,43.7873,NULL,NULL,N,NULL,NULL,NULL
1300655,2012,00:00.0,2115,21,LESLIE ST,LAWRENCE AVE E,NULL,1,North York,NULL,33,Mid-Block,NULL,No Control,Clear,Dark,Dry,Non-Fatal Injury,Turning Movement,D33,42,Banbury-Don Mills (42),-79.3561,43.7352,NULL,NULL,N,NULL,NULL,NULL
1371244,2013,00:00.0,759,7,ROYAL YORK RD,LAWRENCE AVE W,NULL,3,Etobicoke York,2,23,Intersection,NULL,Traffic Signal,Clear,Daylight,Dry,Fatal,Angle,D23,8,Humber Heights-Westmount (8),-79.5327,43.6961,NULL,NULL,N,NULL,NULL,NULL
1369968,2013,00:00.0,2055,20,BATHURST ST,FINCH AVE W,NULL,1,North York,NULL,32,Mid-Block,NULL,No Control,Clear,Dark,Dry,Non-Fatal Injury,Pedestrian Collisions,D32,36,Newtonbrook West (36),-79.4431,43.7742,NULL,NULL,N,NULL,NULL,NULL
1340006,2012,00:00.0,50,0,ELLESMERE Rd,BELLAMY Rd N,NULL,1,Scarborough,24,43,Intersection,At Intersection,Traffic Signal,Rain,"Dark, artificial",Wet,Non-Fatal Injury,Angle,D43,137,Woburn (137),-79.2417,43.7743,-79.2417,43.7743,Y,Ellesmere Rd,Bellamy Rd N,2017-03-10
1382121,2013,00:00.0,725,7,JANE ST,ALLIANCE AVE,NULL,1,Etobicoke York,5,12,Mid-Block,NULL,No Control,Clear,Daylight,Dry,Non-Fatal Injury,Approaching,D12,111,Rockcliffe-Smythe (111),-79.4953,43.6754,NULL,NULL,N,NULL,NULL,NULL
1372200,2013,00:00.0,250,2,SPADINA AVE,OXFORD ST,NULL,1,Toronto and East York,11,NULL,Intersection,At Intersection,No Control,Clear,"Dark, artificial",Dry,Non-Fatal Injury,Cyclist Collisions,D52,78,Kensington-Chinatown (78),-79.3995,43.6567,NULL,NULL,N,NULL,NULL,NULL
1350051,2013,00:00.0,2023,20,BIRCHMOUNT RD,LAWRENCE AVE E,NULL,1,Scarborough,21,41,Intersection,At Intersection,Traffic Signal,Rain,"Dark, artificial",Wet,Non-Fatal Injury,Pedestrian Collisions,D41,126,Dorset Park (126),-79.2847,43.7475,NULL,NULL,N,NULL,NULL,NULL
1351724,2013,00:00.0,1715,17,FINCH Ave E,VICTORIA PARK Ave,NULL,1,Scarborough,22,42,Mid-Block,NULL,No Control,Clear,Daylight,Dry,Non-Fatal Injury,Approaching,D42,117,L'Amoreaux (117),-79.3289,43.7936,NULL,NULL,N,NULL,NULL,NULL
1319679,2012,00:00.0,320,3,DANFORTH Ave,PAPE Ave,NULL,1,Toronto and East York,14,NULL,Intersection,At Intersection,Traffic Signal,Clear,Dark,Dry,Non-Fatal Injury,Pedestrian Collisions,D55,69,Blake-Jones (69),-79.3447,43.6789,NULL,NULL,N,NULL,NULL,NULL
1332565,2012,00:00.0,2010,20,DANFORTH RD,SAVARIN ST,NULL,1,Scarborough,21,43,Mid-Block,At Intersection,No Control,Clear,"Dark, artificial",Dry,Non-Fatal Injury,Pedestrian Collisions,D43,138,Eglinton East (138),-79.2448,43.7437,NULL,NULL,N,NULL,NULL,NULL
1292618,2012,00:00.0,332,3,KENNEDY RD,WILLIAM KITCHEN RD,NULL,1,Scarborough,21,41,Intersection,At Intersection,Traffic Signal,Clear,"Dark, artificial",Dry,Non-Fatal Injury,Angle,D41,126,Dorset Park (126),-79.2837,43.773,NULL,NULL,N,NULL,NULL,NULL
1301849,2012,00:00.0,1510,15,O CONNOR DR,GLENWOOD CRES,NULL,1,Toronto and East York,19,54,Intersection,At Intersection,Traffic Signal,Clear,Daylight,Dry,Non-Fatal Injury,SMV Other,D54,54,O'Connor-Parkview (54),-79.3155,43.7027,NULL,NULL,N,NULL,NULL,NULL
1369884,2013,00:00.0,745,7,KENNEDY RD,SHEPPARD Ave E,NULL,1,Scarborough,22,42,Intersection,At Intersection,Traffic Signal,Clear,Daylight,Dry,Non-Fatal Injury,Pedestrian Collisions,D42,128,Agincourt South-Malvern West (128),-79.2882,43.7832,-79.2882,43.7832,Y,Kennedy Rd,Sheppard Ave E,2020-05-27
1343241,2013,00:00.0,1345,13,BIRMINGHAM ST,ISLINGTON AVE,NULL,1,Etobicoke York,3,22,Intersection,At Intersection,Traffic Signal,Clear,Daylight,Wet,Non-Fatal Injury,Pedestrian Collisions,D22,18,New Toronto (18),-79.5062,43.6032,NULL,NULL,N,NULL,NULL,NULL
1356633,2013,00:00.0,1717,17,BATHURST ST,COLLEGE ST,NULL,1,Toronto and East York,11,14,Intersection,At Intersection,Traffic Signal,Clear,Daylight,Dry,Non-Fatal Injury,Pedestrian Collisions,D14,78,Kensington-Chinatown (78),-79.4076,43.6564,NULL,NULL,N,NULL,NULL,NULL
1335937,2013,00:00.0,925,9,STEELES AVE E,ASHCOTT ST,NULL,1,Scarborough,23,42,Intersection,At Intersection,Traffic Signal,Clear,Daylight,Dry,Non-Fatal Injury,Pedestrian Collisions,D42,130,Milliken (130),-79.2916,43.8272,NULL,NULL,N,NULL,NULL,NULL
1334928,2013,00:00.0,1851,18,MORNINGSIDE AVE,OLD FINCH AVE,NULL,3,Scarborough,25,42,Intersection,At Intersection,Traffic Signal,Clear,Dark,Dry,Fatal,Turning Movement,D42,131,Rouge (131),-79.215,43.8187,NULL,NULL,N,NULL,NULL,NULL
1351388,2013,00:00.0,1413,14,WESTON Rd,FAIRGLEN Cres,NULL,1,Etobicoke York,5,12,Mid-Block,NULL,No Control,Clear,Daylight,Dry,Non-Fatal Injury,Turning Movement,D12,113,Weston (113),-79.5338,43.7084,NULL,NULL,N,NULL,NULL,NULL
1373039,2013,00:00.0,1900,19,91 PARK ST,NULL,NULL,2,Scarborough,20,41,Mid-Block,NULL,No Control,Clear,Daylight,Dry,Non-Fatal Injury,Pedestrian Collisions,D41,122,Birchcliffe-Cliffside (122),-79.2525,43.711,NULL,NULL,N,NULL,NULL,NULL
1358952,2013,00:00.0,242,2,BATHURST ST,ULSTER ST,NULL,1,Toronto and East York,11,14,Intersection,Intersection Related,No Control,Clear,"Dark, artificial",Dry,Non-Fatal Injury,Pedestrian Collisions,D14,79,University (79),-79.409,43.6597,NULL,NULL,N,NULL,NULL,NULL
1344102,2013,00:00.0,642,6,DUPONT ST,EMERSON AVE,NULL,1,Toronto and East York,9,11,Intersection,At Intersection,No Control,Clear,"Dark, artificial",Dry,Non-Fatal Injury,Turning Movement,D11,93,Dovercourt-Wallace Emerson-Junction (93),-79.4441,43.6672,NULL,NULL,N,NULL,NULL,NULL
1365635,2013,00:00.0,340,3,F G GARDINER XY  E,ISLINGTON Ave,NULL,NULL,Etobicoke York,3,22,Mid-Block,NULL,No Control,Clear,"Dark, artificial",Dry,Non-Fatal Injury,Sideswipe,D22,17,Mimico (17),-79.5106,43.6207,NULL,NULL,N,NULL,NULL,NULL
1558610,2020,00:00.0,1244,12,JARVIS ST,SHUTER ST,NULL,1,Toronto and East York,13,51,Intersection,At Intersection,Traffic Signal,Clear,Daylight,Dry,Non-Fatal Injury,Turning Movement,D51,73,Moss Park (73),-79.3738,43.6553,NULL,NULL,N,NULL,NULL,NULL
1743037,2020,00:00.0,1722,17,LAKE SHORE BLVD E,LESLIE ST,NULL,1,Toronto and East York,14,55,Intersection,Intersection Related,Traffic Signal,Clear,Daylight,Dry,Non-Fatal Injury,Pedestrian Collisions,D55,63,The Beaches (63),-79.3284,43.6592,-79.3284,43.6592,Y,Lake Shore Blvd E,Leslie St,2009-08-06
2201920,2020,00:00.0,1550,15,HARVIE AVE,ROGERS RD,10 m North of,3,Toronto and East York,9,13,Intersection,Intersection Related,Stop Sign,Clear,Daylight,Dry,Non-Fatal Injury,Pedestrian Collisions,D13,109,Caledonia-Fairbank (109),-79.4528,43.6839,NULL,NULL,N,NULL,NULL,NULL
1241015,2011,00:00.0,1530,15,GATEWAY Blvd,DON MILLS Rd,NULL,1,North York,16,54,Intersection,At Intersection,Traffic Signal,Clear,Daylight,Dry,Non-Fatal Injury,Pedestrian Collisions,D54,44,Flemingdon Park (44),-79.3362,43.7143,NULL,NULL,N,NULL,NULL,NULL
1283549,2012,00:00.0,940,9,GOLDHAWK TRL,STRAWBERRY HILLS DR,NULL,2,Scarborough,23,42,Intersection,At Intersection,Stop Sign,Clear,Daylight,Dry,Non-Fatal Injury,Pedestrian Collisions,D42,130,Milliken (130),-79.2801,43.828,NULL,NULL,N,NULL,NULL,NULL
9002413473,2019,00:00.0,309,3,MOUNT PLEASANT RD,SOUDAN AVE,NULL,1,Toronto and East York,NULL,53,Intersection,At Intersection,Traffic Signal,Clear,Dark,Dry,Non-Fatal Injury,Rear End,D53,99,Mount Pleasant East (99),-79.3892,43.706,NULL,NULL,N,NULL,NULL,NULL
1251696,2011,00:00.0,1819,18,EGLINTON AVE E,DON AVON DR,NULL,1,North York,15,53,Intersection,NULL,No Control,Clear,Daylight,Dry,Non-Fatal Injury,Turning Movement,D53,55,Thorncliffe Park (55),-79.3622,43.714,NULL,NULL,N,NULL,NULL,NULL
2314333,2020,00:00.0,856,8,STEELES AV E,PUTNAM GT,NULL,1,Scarborough,22,42,Intersection,At Intersection,Traffic Signal,Clear,Daylight,Dry,Non-Fatal Injury,Pedestrian Collisions,D42,116,Steeles (116),-79.3122,43.8224,NULL,NULL,N,NULL,NULL,NULL
2317800,2020,00:00.0,1803,18,MCCOWAN RD,LAWRENCE AV E,NULL,1,Scarborough,NULL,43,Intersection,At Intersection,Traffic Signal,Clear,"Dark, artificial",Dry,Non-Fatal Injury,Pedestrian Collisions,D43,137,Woburn (137),-79.2453,43.7555,NULL,NULL,N,NULL,NULL,NULL
1274722,2012,00:00.0,2110,21,FOREST GROVE DR,PAGE AVE,NULL,4,North York,17,33,Mid-Block,NULL,No Control,Clear,"Dark, artificial",Wet,Fatal,Pedestrian Collisions,D33,52,Bayview Village (52),-79.3788,43.7796,NULL,NULL,N,NULL,NULL,NULL
1265429,2011,00:00.0,1400,14,YONGE Stre,ST MARY Stre,NULL,1,Toronto and East York,13,NULL,Intersection,NULL,Stop Sign,Clear,Daylight,Dry,Non-Fatal Injury,Pedestrian Collisions,D52,75,Church-Yonge Corridor (75),-79.3858,43.6679,NULL,NULL,N,NULL,NULL,NULL
1244462,2011,00:00.0,2000,20,TWYN RIVERS Driv,LITTLE ROUGE RIVER,NULL,2,Scarborough,25,42,Mid-Block,NULL,No Control,Clear,Daylight,Dry,Non-Fatal Injury,Approaching,D42,131,Rouge (131),-79.1569,43.8145,NULL,NULL,N,NULL,NULL,NULL
1251243,2011,00:00.0,1023,10,3030 BIRCHMOUNT RD,NULL,NULL,1,Scarborough,22,42,Mid-Block,NULL,No Control,Clear,Daylight,Dry,Non-Fatal Injury,Turning Movement,D42,117,L'Amoreaux (117),-79.3084,43.8027,NULL,NULL,N,NULL,NULL,NULL
1254156,2011,00:00.0,1804,18,FINCH AVE E,SKYMARK DR,NULL,1,North York,17,33,Intersection,At Intersection,Traffic Signal,Clear,"Dusk, artificial",Dry,Non-Fatal Injury,Rear End,D33,47,Don Valley Village (47),-79.3522,43.793,NULL,NULL,N,NULL,NULL,NULL
1265838,2011,00:00.0,1955,19,BLACK CREEK DR,TRETHEWEY DR,NULL,1,Etobicoke York,5,12,Intersection,At Intersection,Traffic Signal,Rain,Dark,Wet,Non-Fatal Injury,Pedestrian Collisions,D12,112,Beechborough-Greenbrook (112),-79.486,43.6946,NULL,NULL,N,NULL,NULL,NULL
1269531,2011,00:00.0,1214,12,YONGE ST,BALLIOL ST,NULL,1,Toronto and East York,12,53,Intersection,At Intersection,No Control,Rain,Daylight,Wet,Non-Fatal Injury,Pedestrian Collisions,D53,104,Mount Pleasant West (104),-79.3964,43.6973,NULL,NULL,N,NULL,NULL,NULL
1289649,2012,00:00.0,515,5,ISLINGTON AVE,SANDHILL DR,NULL,1,Etobicoke York,1,23,Mid-Block,At Intersection,No Control,Snow,Dark,Packed Snow,Non-Fatal Injury,Approaching,D23,3,Thistletown-Beaumond Heights (3),-79.5643,43.735,NULL,NULL,N,NULL,NULL,NULL
2332478,2020,00:00.0,2344,23,MARTIN GROVE RD,GIHON SPRING DR,NULL,3,Etobicoke York,NULL,NULL,Mid-Block,Non Intersection,No Control,Clear,"Dark, artificial",Dry,Fatal,SMV Other,D23,2,Mount Olive-Silverstone-Jamestown (2),-79.6005,43.7547,NULL,NULL,N,NULL,NULL,NULL
1266612,2011,00:00.0,1505,15,BIRMINGHAM Stre,ETTA WYLIE Road,NULL,2,Etobicoke York,3,22,Intersection,At Intersection,No Control,Clear,Daylight,Dry,Non-Fatal Injury,Cyclist Collisions,D22,18,New Toronto (18),-79.51,43.6024,NULL,NULL,N,NULL,NULL,NULL