ACCNUM,YEAR,DATE,TIME,HOUR,STREET1,STREET2,OFFSET,ROAD_CLASS,DISTRICT,WARDNUM,DIVISION,LOCCOORD,ACCLOC,TRAFFCTL,VISIBILITY,LIGHT,RDSFCOND,ACCLASS,IMPACTYPE,POLICE_DIVISION,HOOD_ID,NEIGHBOURHOOD,collision_lat,collision_long,red_light_lat,red_light_long,right_light_camera,LINEAR_NAME_FULL_1,LINEAR_NAME_FULL_2,ACTIVATION_DATE
296685,2020,00:00.0,1355,13,BATHURST ST,STORMONT AVE,2 m  of,1,North York,NULL,NULL,Intersection,At Intersection,No Control,Clear,Daylight,Dry,Non-Fatal Injury,Pedestrian Collisions,D53,39,Bedford Park-Nortown (39),-79.4295,43.7183,NULL,NULL,N,NULL,NULL,NULL
1264189,2011,00:00.0,2122,21,BATHURST St,HERRICK St,NULL,1,Toronto and East York,11,14,Intersection,NULL,No Control,Clear,Dark,Dry,Non-Fatal Injury,Turning Movement,D14,79,University (79),-79.4101,43.6626,NULL,NULL,N,NULL,NULL,NULL
1262837,2011,00:00.0,1450,14,DANFORTH Aven,CHISHOLM Aven,NULL,1,Toronto and East York,19,NULL,Mid-Block,At Intersection,No Control,Clear,Daylight,Dry,Non-Fatal Injury,Pedestrian Collisions,D54,62,East End-Danforth (62),-79.3033,43.6878,NULL,NULL,N,NULL,NULL,NULL
8000879182,2018,00:00.0,2237,22,LAKE SHORE BLVD W,THIRTEENTH ST,NULL,1,Etobicoke York,3,22,Intersection,Intersection Related,No Control,NULL,Dark,NULL,Fatal,Sideswipe,D22,18,New Toronto (18),-79.5128,43.599,NULL,NULL,N,NULL,NULL,NULL
1255438,2011,00:00.0,243,2,DIXON Rd,CARLINGVIEW Dr,NULL,1,Etobicoke York,1,23,Mid-Block,NULL,No Control,Clear,"Dark, artificial",Dry,Non-Fatal Injury,SMV Other,D23,1,West Humber-Clairville (1),-79.5969,43.6866,NULL,NULL,N,NULL,NULL,NULL
1270884,2011,00:00.0,706,7,JANE ST,DRIFTWOOD AVE,NULL,1,Etobicoke York,7,31,Intersection,At Intersection,Traffic Signal,Rain,"Dark, artificial",Wet,Fatal,Pedestrian Collisions,D31,24,Black Creek (24),-79.5196,43.7658,NULL,NULL,N,NULL,NULL,NULL
1289541,2012,00:00.0,305,3,ST DENNIS Dr,LINKWOOD LANE,NULL,3,North York,16,54,Mid-Block,NULL,No Control,Snow,"Dark, artificial",Loose Snow,Non-Fatal Injury,Approaching,D54,44,Flemingdon Park (44),-79.3267,43.7226,NULL,NULL,N,NULL,NULL,NULL
1288937,2012,00:00.0,1542,15,FINCH AVE E,BRIMLEY RD,NULL,1,Scarborough,23,42,Intersection,At Intersection,Traffic Signal,Clear,Daylight,Dry,Non-Fatal Injury,Pedestrian Collisions,D42,129,Agincourt North (129),-79.2773,43.8057,-79.2773,43.8057,Y,Finch Ave E,Brimley Rd,2017-03-10
1290852,2012,00:00.0,2023,20,HUMBERLINE DR,HUMBER COLLEGE BLVD,NULL,3,Etobicoke York,1,23,Intersection,At Intersection,Traffic Signal,Rain,Dark,Wet,Non-Fatal Injury,Pedestrian Collisions,D23,1,West Humber-Clairville (1),-79.609,43.7321,NULL,NULL,N,NULL,NULL,NULL
1291534,2012,00:00.0,1812,18,PARLIAMENT ST,SPRUCE ST,NULL,3,Toronto and East York,13,51,Intersection,NULL,No Control,Clear,Daylight,Dry,Non-Fatal Injury,Pedestrian Collisions,D51,71,Cabbagetown-South St.James Town (71),-79.3675,43.6632,NULL,NULL,N,NULL,NULL,NULL
1289501,2012,00:00.0,1415,14,COXWELL AVE,QUEEN ST E,NULL,3,Toronto and East York,NULL,55,Intersection,At Intersection,Traffic Signal,Clear,Daylight,Wet,Non-Fatal Injury,Other,D55,65,Greenwood-Coxwell (65),-79.3165,43.6663,NULL,NULL,N,NULL,NULL,NULL
1306980,2012,00:00.0,1315,13,SHEPPARD AVE W,JANE ST,NULL,1,Etobicoke York,NULL,31,Mid-Block,At Intersection,No Control,Clear,Daylight,Dry,Non-Fatal Injury,Pedestrian Collisions,D31,25,Glenfield-Jane Heights (25),-79.5124,43.7395,NULL,NULL,N,NULL,NULL,NULL
1316338,2012,00:00.0,1845,18,264 ATTWELL DR,NULL,NULL,2,Etobicoke York,1,23,Mid-Block,NULL,No Control,Clear,Daylight,Dry,Fatal,Pedestrian Collisions,D23,1,West Humber-Clairville (1),-79.5895,43.6955,NULL,NULL,N,NULL,NULL,NULL
1322840,2012,00:00.0,858,8,BLOOR ST W,CLENDENAN AVE,NULL,1,Toronto and East York,4,11,Intersection,At Intersection,Traffic Signal,Clear,Daylight,Dry,Non-Fatal Injury,Pedestrian Collisions,D11,88,High Park North (88),-79.4699,43.6525,NULL,NULL,N,NULL,NULL,NULL
1281688,2011,00:00.0,1740,17,DUFFERIN ST,ROSECLIFFE AVE,NULL,1,Toronto and East York,9,13,Mid-Block,NULL,No Control,Clear,"Dark, artificial",Dry,Non-Fatal Injury,SMV Unattended Vehicle,D13,92,Corso Italia-Davenport (92),-79.445,43.6829,NULL,NULL,N,NULL,NULL,NULL
1326699,2012,00:00.0,104,1,DUNDAS ST E,RIVER ST,NULL,1,Toronto and East York,13,51,Intersection,At Intersection,Traffic Controller,Clear,"Dark, artificial",Dry,Non-Fatal Injury,Pedestrian Collisions,D51,72,Regent Park (72),-79.3581,43.6611,NULL,NULL,N,NULL,NULL,NULL
1258447,2011,00:00.0,1530,15,BISHOP Aven,KENNETH Aven,NULL,2,North York,18,32,Intersection,At Intersection,No Control,Clear,Daylight,Dry,Non-Fatal Injury,Pedestrian Collisions,D32,50,Newtonbrook East (50),-79.413,43.7823,NULL,NULL,N,NULL,NULL,NULL
1302395,2012,00:00.0,1910,19,TIPPET RD,WILSON AVE,NULL,1,North York,6,32,Intersection,At Intersection,Traffic Signal,Clear,Daylight,Dry,Non-Fatal Injury,Cyclist Collisions,D32,33,Clanton Park (33),-79.4472,43.7345,NULL,NULL,N,NULL,NULL,NULL
1325976,2012,00:00.0,1529,15,PATINA DR,SIROCCO DR,NULL,4,North York,17,33,Intersection,NULL,No Control,Clear,Daylight,Dry,Non-Fatal Injury,Pedestrian Collisions,D33,48,Hillcrest Village (48),-79.3701,43.8032,NULL,NULL,N,NULL,NULL,NULL
1305179,2012,00:00.0,1915,19,KINGSTON RD,MEADOWVALE RD,NULL,3,Scarborough,25,43,Intersection,At Intersection,No Control,Clear,Daylight,Dry,Non-Fatal Injury,Turning Movement,D43,133,Centennial Scarborough (133),-79.1621,43.7887,NULL,NULL,N,NULL,NULL,NULL
1301640,2012,00:00.0,1030,10,DUFFERIN ST,CLOVERLAWN AVE,NULL,1,Toronto and East York,9,13,Intersection,NULL,No Control,Clear,Daylight,Dry,Non-Fatal Injury,Pedestrian Collisions,D13,92,Corso Italia-Davenport (92),-79.4443,43.6812,NULL,NULL,N,NULL,NULL,NULL
1313717,2012,00:00.0,1215,12,DANFORTH AVE,EATON AVE,NULL,1,Toronto and East York,14,NULL,Mid-Block,NULL,No Control,Clear,Daylight,Dry,Non-Fatal Injury,Pedestrian Collisions,D54,66,Danforth (66),-79.3424,43.6794,NULL,NULL,N,NULL,NULL,NULL
1321409,2012,00:00.0,138,1,DUFFERIN St,SPRINGHURST Ave,NULL,4,Toronto and East York,NULL,14,Mid-Block,NULL,Traffic Signal,Clear,"Dark, artificial",Dry,Non-Fatal Injury,SMV Other,D14,82,Niagara (82),-79.4255,43.634,NULL,NULL,N,NULL,NULL,NULL
1326460,2012,00:00.0,850,8,BAYVIEW AVE,ROSEDALE VALLEY RD,NULL,1,Toronto and East York,11,51,Mid-Block,NULL,No Control,Other,Other,Other,Non-Fatal Injury,Other,D51,71,Cabbagetown-South St.James Town (71),-79.3617,43.6714,NULL,NULL,N,NULL,NULL,NULL
1333463,2012,00:00.0,2240,22,BLOOR ST E,PARK RD,NULL,1,Toronto and East York,11,NULL,Mid-Block,NULL,No Control,Clear,Dark,Dry,Non-Fatal Injury,Turning Movement,D51,75,Church-Yonge Corridor (75),-79.3848,43.6706,NULL,NULL,N,NULL,NULL,NULL
1292881,2012,00:00.0,534,5,MCCOWAN Rd,ELLESMERE Rd,NULL,1,Scarborough,NULL,43,Mid-Block,NULL,No Control,Clear,"Dark, artificial",Dry,Non-Fatal Injury,Cyclist Collisions,D43,137,Woburn (137),-79.2512,43.7715,NULL,NULL,N,NULL,NULL,NULL
1311099,2012,00:00.0,2008,20,LAPPIN AVE,DUFFERIN ST,NULL,1,Toronto and East York,9,NULL,Mid-Block,NULL,No Control,Clear,"Dark, artificial",Dry,Non-Fatal Injury,Pedestrian Collisions,D11,93,Dovercourt-Wallace Emerson-Junction (93),-79.4382,43.6663,NULL,NULL,N,NULL,NULL,NULL
1305685,2012,00:00.0,2231,22,YONGE ST,CARLTON ST,NULL,1,Toronto and East York,NULL,NULL,Mid-Block,NULL,No Control,Clear,"Dark, artificial",Dry,Non-Fatal Injury,Pedestrian Collisions,D52,75,Church-Yonge Corridor (75),-79.3828,43.6607,NULL,NULL,N,NULL,NULL,NULL
1309317,2012,00:00.0,1442,14,STEELES Aven E,LAURELEAF Road S,NULL,1,North York,17,33,Intersection,At Intersection,Traffic Signal,Clear,Daylight,Dry,Non-Fatal Injury,Angle,D33,49,Bayview Woods-Steeles (49),-79.3857,43.8055,NULL,NULL,N,NULL,NULL,NULL
1306710,2012,00:00.0,1623,16,DUFFERIN ST,GEARY AVE,NULL,1,Toronto and East York,9,13,Intersection,NULL,No Control,Clear,Daylight,Dry,Non-Fatal Injury,Turning Movement,D13,93,Dovercourt-Wallace Emerson-Junction (93),-79.4394,43.6695,NULL,NULL,N,NULL,NULL,NULL
1263449,2011,00:00.0,1950,19,SPADINA AVE,BULWER ST,NULL,1,Toronto and East York,10,NULL,Intersection,NULL,No Control,Clear,"Dark, artificial",Dry,Non-Fatal Injury,Pedestrian Collisions,D52,78,Kensington-Chinatown (78),-79.3965,43.6494,NULL,NULL,N,NULL,NULL,NULL
1311542,2012,00:00.0,2318,23,SHEPPARD AVE E,AMETHYST RD,NULL,1,Scarborough,22,42,Intersection,NULL,No Control,Clear,"Dark, artificial",Dry,Non-Fatal Injury,Pedestrian Collisions,D42,118,Tam O'Shanter-Sullivan (118),-79.3004,43.7804,NULL,NULL,N,NULL,NULL,NULL
1304816,2012,00:00.0,900,9,VICTORIA PARK AVE,SUNRISE AVE,NULL,1,North York,NULL,NULL,Intersection,At Intersection,Traffic Signal,Clear,Daylight,Dry,Non-Fatal Injury,Pedestrian Collisions,D54,120,Clairlea-Birchmount (120),-79.3005,43.7197,NULL,NULL,N,NULL,NULL,NULL
1284316,2012,00:00.0,51,0,59 BARFORD RD,NULL,NULL,4,Etobicoke York,1,23,Mid-Block,NULL,No Control,Clear,Dark,Dry,Non-Fatal Injury,Pedestrian Collisions,D23,4,Rexdale-Kipling (4),-79.5705,43.7315,NULL,NULL,N,NULL,NULL,NULL
1307456,2012,00:00.0,1224,12,HIGHWAY 27  N,HARNESS RD,NULL,1,Etobicoke York,1,23,Intersection,NULL,No Control,Clear,Daylight,Dry,Fatal,Pedestrian Collisions,D23,1,West Humber-Clairville (1),-79.5967,43.72,NULL,NULL,N,NULL,NULL,NULL
1307860,2012,00:00.0,1736,17,DUFFERIN ST,QUEEN ST W,NULL,1,Toronto and East York,NULL,NULL,Intersection,NULL,Traffic Signal,Clear,Daylight,Dry,Non-Fatal Injury,Pedestrian Collisions,D14,86,Roncesvalles (86),-79.4285,43.6422,NULL,NULL,N,NULL,NULL,NULL
1265520,2011,00:00.0,2057,20,STONG CRT,JANE ST,NULL,2,Etobicoke York,7,31,Mid-Block,NULL,No Control,Rain,"Dark, artificial",Wet,Non-Fatal Injury,SMV Other,D31,24,Black Creek (24),-79.518,43.762,NULL,NULL,N,NULL,NULL,NULL
1302130,2012,00:00.0,1015,10,DUNDAS ST W,GORE VALE AVE,NULL,1,Toronto and East York,NULL,14,Intersection,NULL,No Control,Clear,Daylight,Dry,Non-Fatal Injury,Cyclist Collisions,D14,81,Trinity-Bellwoods (81),-79.4133,43.6508,NULL,NULL,N,NULL,NULL,NULL
1298136,2012,00:00.0,1025,10,STEELES AVE W,FOUNDERS RD,NULL,1,Etobicoke York,7,31,Intersection,At Intersection,No Control,Rain,Daylight,Wet,Non-Fatal Injury,Pedestrian Collisions,D31,27,York University Heights (27),-79.5041,43.7792,NULL,NULL,N,NULL,NULL,NULL
1298554,2012,00:00.0,2032,20,DAVENPORT RD,OSSINGTON AVE,NULL,3,Toronto and East York,NULL,13,Intersection,At Intersection,Traffic Signal,Clear,"Dark, artificial",Dry,Non-Fatal Injury,Pedestrian Collisions,D13,94,Wychwood (94),-79.4309,43.6747,NULL,NULL,N,NULL,NULL,NULL
1284881,2012,00:00.0,1604,16,RATHBURN Road,WEST DEANE PARK Driv,NULL,3,Etobicoke York,2,22,Intersection,At Intersection,No Control,Clear,Daylight,Dry,Non-Fatal Injury,Turning Movement,D22,11,Eringate-Centennial-West Deane (11),-79.5575,43.6565,NULL,NULL,N,NULL,NULL,NULL
1293779,2012,00:00.0,921,9,DUNDAS ST W,BLOOR ST W,NULL,1,Toronto and East York,4,11,Intersection,At Intersection,Traffic Signal,Clear,Daylight,Dry,Non-Fatal Injury,Turning Movement,D11,86,Roncesvalles (86),-79.4524,43.6563,-79.4524,43.6563,Y,Dundas St W,Bloor St W,2009-08-11
1295588,2012,00:00.0,510,5,MCCOWAN RD,FINCH AVE E,NULL,1,Scarborough,23,42,Mid-Block,NULL,No Control,Drifting Snow,"Dark, artificial",Wet,Non-Fatal Injury,Approaching,D42,129,Agincourt North (129),-79.2689,43.8112,NULL,NULL,N,NULL,NULL,NULL
1295639,2012,00:00.0,829,8,LANSDOWNE Ave,PATON RD,NULL,3,Toronto and East York,9,11,Intersection,At Intersection,Pedestrian Crossover,Clear,Daylight,Wet,Non-Fatal Injury,Angle,D11,93,Dovercourt-Wallace Emerson-Junction (93),-79.4435,43.6606,NULL,NULL,N,NULL,NULL,NULL
1316760,2012,00:00.0,1250,12,STEELES AVE W,MURRAY ROSS PKWY,NULL,1,Etobicoke York,7,31,Intersection,At Intersection,Traffic Signal,Clear,Daylight,Dry,Non-Fatal Injury,Rear End,D31,27,York University Heights (27),-79.5169,43.7763,NULL,NULL,N,NULL,NULL,NULL
1319472,2012,00:00.0,2150,21,BLOOR ST W,DUNDAS ST W,NULL,1,Toronto and East York,4,11,Intersection,At Intersection,Traffic Signal,Rain,Dark,Wet,Non-Fatal Injury,Pedestrian Collisions,D11,86,Roncesvalles (86),-79.4524,43.6563,-79.4524,43.6563,Y,Dundas St W,Bloor St W,2009-08-11
1321792,2012,00:00.0,1937,19,DIXON RD,CELESTINE DR,NULL,1,Etobicoke York,NULL,23,Intersection,At Intersection,Traffic Signal,Clear,"Dark, artificial",Dry,Non-Fatal Injury,Pedestrian Collisions,D23,7,Willowridge-Martingrove-Richview (7),-79.5624,43.6933,NULL,NULL,N,NULL,NULL,NULL
1322361,2012,00:00.0,835,8,BOGERT AVE,BEECROFT RD,NULL,4,North York,18,32,Mid-Block,NULL,No Control,Clear,Daylight,Dry,Non-Fatal Injury,Pedestrian Collisions,D32,38,Lansing-Westgate (38),-79.4113,43.7605,NULL,NULL,N,NULL,NULL,NULL
1317043,2012,00:00.0,2252,22,QUEEN ST W,LANSDOWNE AVE,NULL,1,Toronto and East York,4,NULL,Intersection,NULL,Traffic Signal,Clear,"Dark, artificial",Dry,Non-Fatal Injury,Pedestrian Collisions,D14,85,South Parkdale (85),-79.4369,43.6404,NULL,NULL,N,NULL,NULL,NULL
1369861,2013,00:00.0,255,2,DUNDAS St W,JANE St,NULL,1,Toronto and East York,4,11,Intersection,At Intersection,Traffic Signal,Clear,"Dark, artificial",Dry,Non-Fatal Injury,Pedestrian Collisions,D11,89,Runnymede-Bloor West Village (89),-79.4911,43.6657,NULL,NULL,N,NULL,NULL,NULL
1293387,2012,00:00.0,1025,10,LAKE SHORE BLVD W,PALACE PIER CRT,NULL,1,Etobicoke York,NULL,NULL,Mid-Block,NULL,No Control,"Fog, Mist, Smoke, Dust",Daylight,Dry,Non-Fatal Injury,Rear End,D22,85,South Parkdale (85),-79.4731,43.6329,NULL,NULL,N,NULL,NULL,NULL
1379687,2013,00:00.0,1830,18,EGLINTON AVE E,MASON RD,NULL,1,Scarborough,NULL,43,Intersection,NULL,Traffic Signal,Clear,Daylight,Dry,Non-Fatal Injury,Other,D43,139,Scarborough Village (139),-79.2251,43.7417,NULL,NULL,N,NULL,NULL,NULL
1363450,2013,00:00.0,1258,12,WARDEN AVE,DANFORTH RD,NULL,3,Scarborough,20,41,Intersection,At Intersection,Traffic Signal,Rain,Daylight,Wet,Non-Fatal Injury,Approaching,D41,121,Oakridge (121),-79.2748,43.6971,NULL,NULL,N,NULL,NULL,NULL
1319184,2012,00:00.0,840,8,STEELES AVE E,KELVIN GROVE AVE,NULL,1,Scarborough,22,42,Intersection,At Intersection,Traffic Signal,Clear,Daylight,Dry,Non-Fatal Injury,Pedestrian Collisions,D42,116,Steeles (116),-79.3122,43.8224,NULL,NULL,N,NULL,NULL,NULL
1293192,2012,00:00.0,1733,17,BLOOR Stre W,MARKLAND Driv,NULL,1,Etobicoke York,2,22,Intersection,At Intersection,Traffic Signal,Clear,Daylight,Dry,Non-Fatal Injury,Turning Movement,D22,12,Markland Wood (12),-79.5707,43.6335,NULL,NULL,N,NULL,NULL,NULL
1314089,2012,00:00.0,943,9,3133 BAYVIEW AVE,BYNG AVE,NULL,1,North York,NULL,NULL,Intersection,NULL,No Control,Clear,Daylight,Dry,Fatal,Pedestrian Collisions,D33,52,Bayview Village (52),-79.3914,43.782,NULL,NULL,N,NULL,NULL,NULL
1289974,2012,00:00.0,1203,12,MORNINGSIDE AVE,MILNER AVE,NULL,1,Scarborough,25,42,Mid-Block,NULL,No Control,Clear,Daylight,Dry,Fatal,SMV Other,D42,131,Rouge (131),-79.1992,43.8007,NULL,NULL,N,NULL,NULL,NULL
1363580,2013,00:00.0,1305,13,LESLIE ST,LESMILL RD,NULL,1,North York,NULL,33,Mid-Block,NULL,No Control,Clear,Daylight,Dry,Non-Fatal Injury,SMV Other,D33,40,St.Andrew-Windfields (40),-79.3618,43.7626,NULL,NULL,N,NULL,NULL,NULL
1379733,2013,00:00.0,657,6,DANFORTH Ave,THORA Ave,NULL,1,Scarborough,20,41,Intersection,NULL,No Control,Clear,Daylight,Dry,Non-Fatal Injury,Cyclist Collisions,D41,121,Oakridge (121),-79.2871,43.6914,NULL,NULL,N,NULL,NULL,NULL
1365622,2013,00:00.0,1815,18,KEELE ST,401 C E KEELE ST RAMP E,NULL,1,Etobicoke York,5,12,Intersection,At Intersection,Traffic Signal,Clear,Daylight,Dry,Non-Fatal Injury,Pedestrian Collisions,D12,29,Maple Leaf (29),-79.4808,43.7211,NULL,NULL,N,NULL,NULL,NULL
1363758,2013,00:00.0,956,9,TECUMSETH ST,RICHMOND ST W,NULL,4,Toronto and East York,10,14,Intersection,At Intersection,Stop Sign,Clear,Daylight,Dry,Non-Fatal Injury,SMV Unattended Vehicle,D14,82,Niagara (82),-79.4062,43.6459,NULL,NULL,N,NULL,NULL,NULL
1356299,2013,00:00.0,314,3,YONGE ST,GLENGROVE AVE E,NULL,1,North York,NULL,53,Intersection,At Intersection,Traffic Signal,Clear,"Dark, artificial",Dry,Non-Fatal Injury,Pedestrian Collisions,D53,103,Lawrence Park South (103),-79.4011,43.7195,NULL,NULL,N,NULL,NULL,NULL
1315100,2012,00:00.0,102,1,F G GARDINER XY  E,SOUTH KINGSWAY,NULL,NULL,Toronto and East York,4,11,Mid-Block,NULL,No Control,Clear,"Dark, artificial",Dry,Fatal,SMV Other,D11,85,South Parkdale (85),-79.4702,43.6347,NULL,NULL,N,NULL,NULL,NULL
1358953,2013,00:00.0,847,8,ROYAL YORK RD,FRANKWOOD RD,NULL,3,Etobicoke York,3,22,Intersection,NULL,No Control,Clear,Daylight,Dry,Non-Fatal Injury,Pedestrian Collisions,D22,16,Stonegate-Queensway (16),-79.5036,43.6288,NULL,NULL,N,NULL,NULL,NULL
1368204,2013,00:00.0,257,2,HIGHWAY 27  N,STEELES AVE W,NULL,1,Etobicoke York,1,23,Intersection,NULL,Traffic Signal,Clear,Dark,Dry,Non-Fatal Injury,Angle,D23,1,West Humber-Clairville (1),-79.614,43.7554,-79.614,43.7554,Y,NULL,NULL,2019-03-01
1351718,2013,00:00.0,2054,20,BLOOR St W,MARKLAND Dr,NULL,1,Etobicoke York,2,22,Intersection,At Intersection,Traffic Signal,Rain,"Dark, artificial",Wet,Non-Fatal Injury,Pedestrian Collisions,D22,12,Markland Wood (12),-79.5707,43.6335,NULL,NULL,N,NULL,NULL,NULL
1319386,2012,00:00.0,1640,16,ST CLAIR AVE E,WARDEN AVE,NULL,1,Scarborough,20,41,Intersection,At Intersection,Traffic Signal,Clear,Daylight,Dry,Non-Fatal Injury,Turning Movement,D41,120,Clairlea-Birchmount (120),-79.2809,43.712,NULL,NULL,N,NULL,NULL,NULL
1331648,2012,00:00.0,701,7,CARLTON ST,PARLIAMENT ST,NULL,3,Toronto and East York,13,51,Intersection,At Intersection,NULL,Other,Dark,Other,Non-Fatal Injury,Pedestrian Collisions,D51,71,Cabbagetown-South St.James Town (71),-79.368,43.6644,NULL,NULL,N,NULL,NULL,NULL
1266995,2011,00:00.0,1945,19,GRACEDALE Boul,DUNCANWOODS Driv,NULL,2,Etobicoke York,7,31,Intersection,At Intersection,Stop Sign,Clear,Dark,Dry,Non-Fatal Injury,Cyclist Collisions,D31,21,Humber Summit (21),-79.5603,43.751,NULL,NULL,N,NULL,NULL,NULL
1301507,2012,00:00.0,1610,16,COLLEGE St,SHAW St,NULL,1,Toronto and East York,11,14,Intersection,At Intersection,Stop Sign,Clear,Daylight,Dry,Non-Fatal Injury,Cyclist Collisions,D14,80,Palmerston-Little Italy (80),-79.4202,43.6549,NULL,NULL,N,NULL,NULL,NULL
1297829,2012,00:00.0,1850,18,ELMHURST DR,ISLINGTON AVE,NULL,1,Etobicoke York,1,23,Intersection,At Intersection,Traffic Signal,Clear,Daylight,Dry,Non-Fatal Injury,Pedestrian Collisions,D23,5,Elms-Old Rexdale (5),-79.5588,43.7231,NULL,NULL,N,NULL,NULL,NULL
1388642,2013,00:00.0,2010,20,BRIMLEY Rd,EAGLEDANCE Dr,NULL,1,Scarborough,23,42,Intersection,NULL,Traffic Signal,Clear,"Dark, artificial",Dry,Non-Fatal Injury,Angle,D42,130,Milliken (130),-79.286,43.8249,NULL,NULL,N,NULL,NULL,NULL
1366293,2013,00:00.0,1017,10,FINCH AVE E,SKYMARK DR,NULL,1,North York,17,33,Intersection,At Intersection,Traffic Signal,Clear,Daylight,Dry,Non-Fatal Injury,Pedestrian Collisions,D33,47,Don Valley Village (47),-79.3522,43.793,NULL,NULL,N,NULL,NULL,NULL
1373040,2013,00:00.0,1545,15,DANFORTH RD,BARDSEA CRT,NULL,1,Scarborough,21,43,Intersection,At Intersection,Stop Sign,Clear,Daylight,Dry,Fatal,Turning Movement,D43,127,Bendale (127),-79.2444,43.7485,NULL,NULL,N,NULL,NULL,NULL
1342114,2012,00:00.0,2053,20,659 ST CLAIR AVE W,PINEWOOD AVE,NULL,1,Toronto and East York,12,13,Intersection,NULL,No Control,Clear,"Dark, artificial",Dry,Non-Fatal Injury,SMV Other,D13,94,Wychwood (94),-79.4244,43.6819,NULL,NULL,N,NULL,NULL,NULL
1333336,2012,00:00.0,1414,14,ST CLAIR AVE W,DUFFERIN ST,NULL,1,Toronto and East York,9,13,Mid-Block,NULL,No Control,Clear,"Dark, artificial",Dry,Non-Fatal Injury,Pedestrian Collisions,D13,92,Corso Italia-Davenport (92),-79.444,43.6777,NULL,NULL,N,NULL,NULL,NULL
1364079,2013,00:00.0,2248,22,MCCOWAN RD,LAWRENCE AVE E,NULL,1,Scarborough,NULL,43,Intersection,At Intersection,Traffic Signal,Clear,"Dark, artificial",Dry,Fatal,Pedestrian Collisions,D43,137,Woburn (137),-79.2453,43.7555,NULL,NULL,N,NULL,NULL,NULL
1364208,2013,00:00.0,2023,20,DUNDAS ST E,POULETT ST,NULL,1,Toronto and East York,13,51,Intersection,NULL,No Control,Clear,Daylight,Dry,Non-Fatal Injury,Pedestrian Collisions,D51,73,Moss Park (73),-79.3666,43.6592,NULL,NULL,N,NULL,NULL,NULL
1382722,2013,00:00.0,1915,19,TWYN RIVERS Dr,SHEPPARD Ave E,NULL,2,Scarborough,25,42,Mid-Block,NULL,No Control,Clear,Dark,Dry,Non-Fatal Injury,SMV Other,D42,131,Rouge (131),-79.1569,43.8145,NULL,NULL,N,NULL,NULL,NULL
1345604,2013,00:00.0,10,0,FINCH AVE W,OAKDALE RD,NULL,1,Etobicoke York,7,31,Mid-Block,At Intersection,No Control,Clear,"Dark, artificial",Dry,Non-Fatal Injury,Pedestrian Collisions,D31,25,Glenfield-Jane Heights (25),-79.5249,43.7557,NULL,NULL,N,NULL,NULL,NULL
1364430,2013,00:00.0,1715,17,MCCOWAN RD,KENHATCH BLVD,NULL,1,Scarborough,23,42,Intersection,NULL,Traffic Signal,Rain,Daylight,Wet,Fatal,Pedestrian Collisions,D42,129,Agincourt North (129),-79.2637,43.8014,NULL,NULL,N,NULL,NULL,NULL
1346509,2013,00:00.0,2032,20,CARLAW AVE,DUNDAS ST E,NULL,3,Toronto and East York,14,55,Mid-Block,At Intersection,No Control,Clear,"Dark, artificial",Dry,Non-Fatal Injury,Pedestrian Collisions,D55,70,South Riverdale (70),-79.341,43.6633,NULL,NULL,N,NULL,NULL,NULL
1353658,2013,00:00.0,1232,12,78 EAGLEVIEW CRES,NULL,NULL,4,Scarborough,22,42,Mid-Block,NULL,No Control,Clear,Daylight,Dry,Non-Fatal Injury,Pedestrian Collisions,D42,116,Steeles (116),-79.3233,43.8192,NULL,NULL,N,NULL,NULL,NULL
1384088,2013,00:00.0,1340,13,KING St W,SHAW St,NULL,1,Toronto and East York,10,14,Intersection,NULL,Traffic Signal,Clear,Daylight,Dry,Non-Fatal Injury,Approaching,D14,82,Niagara (82),-79.415,43.6414,NULL,NULL,N,NULL,NULL,NULL
1331761,2012,00:00.0,700,7,CARLTON ST,PARLIAMENT ST,NULL,3,Toronto and East York,13,51,Intersection,At Intersection,Traffic Signal,Clear,Dark,Dry,Non-Fatal Injury,Pedestrian Collisions,D51,71,Cabbagetown-South St.James Town (71),-79.368,43.6644,NULL,NULL,N,NULL,NULL,NULL
1381722,2013,00:00.0,2329,23,GERRARD ST E,HIGHFIELD RD,NULL,3,Toronto and East York,14,55,Intersection,NULL,No Control,Clear,Dark,Dry,Non-Fatal Injury,Pedestrian Collisions,D55,65,Greenwood-Coxwell (65),-79.3249,43.6715,NULL,NULL,N,NULL,NULL,NULL
1344369,2013,00:00.0,520,5,MARKHAM RD,GREENBRAE CRCT Circ,NULL,1,Scarborough,24,43,Intersection,At Intersection,Traffic Signal,Clear,"Dark, artificial",Wet,Non-Fatal Injury,Pedestrian Collisions,D43,137,Woburn (137),-79.2262,43.7621,NULL,NULL,N,NULL,NULL,NULL
1353734,2013,00:00.0,2000,20,QUEEN St W,SPADINA Ave,NULL,1,Toronto and East York,10,52,Mid-Block,NULL,No Control,Clear,"Dusk, artificial",Dry,Non-Fatal Injury,Approaching,D52,78,Kensington-Chinatown (78),-79.3955,43.6489,NULL,NULL,N,NULL,NULL,NULL
1344985,2013,00:00.0,626,6,VICTORIA PARK AVE,FINCH AVE E,NULL,1,North York,NULL,NULL,Intersection,At Intersection,Traffic Signal,Rain,Dark,Wet,Non-Fatal Injury,Pedestrian Collisions,D42,117,L'Amoreaux (117),-79.3313,43.7931,NULL,NULL,N,NULL,NULL,NULL